0 0 0 0 0 0 0 0 0 0 0 0 0 0 0 0 0 0 0 0 0 0 0 0 0 0 0 0 0 0 0 0 0 0 0 0 0 0 0 0 0 0 0 0 0 0 0 0 0 0 0 0 0 0 0 0 0 0 0 0 0 0 0 0 0 0 0 0 0 0 0 0 0 0 0 0 0 0 0 0 0 0 0 0 0 0 0 0 0 0 0 0 0 0 0 0 0 0 0 0 0 0 0 0 0 0 0 0 0 0 0 0 0 0 0 0 0 0 0 0 0 0 0 0 0 0 0 0 0 0 0 65 95 42 0 0 0 0 0 0 0 0 0 0 0 0 0 0 0 0 0 0 0 0 0 0 0 0 0 0 0 0 0 0 0 0 0 0 0 0 0 0 0 0 0 0 0 0 0 0 0 0 0 0 0 0 0 0 0 0 0 0 0 0 0 0 0 0 0 0 0 0 0 0 0 0 0 0 0 0 0 0 0 0 0 0 0 0 0 0 0 0 0 0 0 0 0 0 0 0 0 0 0 0 0 0 0 0 0 0 0 0 0 0 0 0 0 0 0 0 0 0 0 0 0 0 0 0 0 0 0 0 0 0 0 0 0 0 0 0 0 0 0 0 0 0 0 0 0 0 0 0 0 0 0 0 0 0 0 0 0 0 0 0 0 0 0 0 0 0 0 0 0 0 0 0 0 0 0 0 0 0 0 0 0 0 0 0 0 0 0 0 0 0 0 0 0 0 0 0 0 0 0 0 0 0 0 0 0 0 0 0 0 0 0 0 0 0 0 0 0 0 0 0 0 0 0 0 0 0 0 0 0 0 0 0 0 0 0 0 0 0 0 0 0 0 0 0 0 0 0 0 0 0 0 0 0 0 0 0 0 0 0 0 0 0 0 0 0 0 0 0 0 0 0 0 0 0 0 0 0 0 0 0 0 0 0 0 0 0 0 0 0 0 0 0 0 0 0 0 0 0 0 0 0 0 0 0 0 0 0 0 0 0 0 0 0 0 0 0 0 0 0 0 0 0 0 0 0 0 0 0 0 0 0 0 0 0 0 0 0 0 0 0 0 0 0 0 0 0 0 0 0 0 0 0 0 0 0 0 0 0 0 0 0 0 0 0 0 0 0 0 0 0 0 0 0 0 0 0 0 0 0 0 0 0 0 0 0 0 0 0 0 0 0 0 0 0 0 0 0 0 0 0 0 0 0 
0 0 0 0 0 0 0 0 0 0 0 0 0 0 0 0 0 0 0 0 0 0 0 0 0 0 0 0 0 0 0 0 0 0 0 0 0 0 0 0 0 0 0 0 0 0 0 0 0 0 0 0 0 0 0 0 0 0 0 0 0 0 0 0 0 0 0 0 0 0 0 0 0 0 0 0 0 0 0 0 0 0 0 0 0 0 0 0 0 0 0 0 0 0 0 0 0 0 0 0 0 0 0 0 0 0 0 0 0 0 0 0 0 0 0 0 0 0 0 0 0 0 0 0 0 0 0 0 0 0 12 122 123 121 98 45 0 0 0 0 0 0 0 0 0 0 0 0 0 0 0 0 0 0 0 0 0 0 0 0 0 0 0 0 0 0 0 0 0 0 0 0 0 0 0 0 0 0 0 0 0 0 0 0 0 0 0 0 0 0 0 0 0 0 0 0 0 0 0 0 0 0 0 0 0 0 0 0 0 0 0 0 0 0 0 0 0 0 0 0 0 0 0 0 0 0 0 0 0 0 0 0 0 0 0 0 0 0 0 0 0 0 0 0 0 0 0 0 0 0 0 0 0 0 0 0 0 0 0 0 0 0 0 0 0 0 0 0 0 0 0 0 0 0 0 0 0 0 0 0 0 0 0 0 0 0 0 0 0 0 0 0 0 0 0 0 0 0 0 0 0 0 0 0 0 0 0 0 0 0 0 0 0 0 0 0 0 0 0 0 0 0 0 0 0 0 0 0 0 0 0 0 0 0 0 0 0 0 0 0 0 0 0 0 0 0 0 0 0 0 0 0 0 0 0 0 0 0 0 0 0 0 0 0 0 0 0 0 0 0 0 0 0 0 0 0 0 0 0 0 0 0 0 0 0 0 0 0 0 0 0 0 0 0 0 0 0 0 0 0 0 0 0 0 0 0 0 0 0 0 0 0 0 0 0 0 0 0 0 0 0 0 0 0 0 0 0 0 0 0 0 0 0 0 0 0 0 0 0 0 0 0 0 0 0 0 0 0 0 0 0 0 0 0 0 0 0 0 0 0 0 0 0 0 0 0 0 0 0 0 0 0 0 0 0 0 0 0 0 0 0 0 0 0 0 0 0 0 0 0 0 0 0 0 0 0 0 0 0 0 0 0 0 0 0 0 0 0 0 0 0 0 0 0 0 0 0 0 0 0 0 0 0 0 0 0 0 0 0 0 0 0 0 0 0 0 0 
0 0 0 0 0 0 0 0 0 0 0 0 0 0 0 0 0 0 0 0 0 0 0 0 0 0 0 0 0 0 0 0 0 0 0 0 0 0 0 0 0 0 0 0 0 0 0 0 0 0 0 0 0 0 0 0 0 0 0 0 0 0 0 0 0 0 0 0 0 0 0 0 0 0 0 0 0 0 0 0 0 0 0 0 0 0 0 0 0 0 0 0 0 0 0 0 0 0 0 0 0 0 0 0 0 0 0 0 0 0 0 0 0 0 0 0 0 0 0 0 0 0 0 0 0 0 0 0 0 0 69 128 125 122 121 120 101 48 0 0 0 0 0 0 0 0 0 0 0 0 0 0 0 0 0 0 0 0 0 0 0 0 0 0 0 0 0 0 0 0 0 0 0 0 0 0 0 0 0 0 0 0 0 0 0 0 0 0 0 0 0 0 0 0 0 0 0 0 0 0 0 0 0 0 0 0 0 0 0 0 0 0 0 0 0 0 0 0 0 0 0 0 0 0 0 0 0 0 0 0 0 0 0 0 0 0 0 0 0 0 0 0 0 0 0 0 0 0 0 0 0 0 0 0 0 0 0 0 0 0 0 0 0 0 0 0 0 0 0 0 0 0 0 0 0 0 0 0 0 0 0 0 0 0 0 0 0 0 0 0 0 0 0 0 0 0 0 0 0 0 0 0 0 0 0 0 0 0 0 0 0 0 0 0 0 0 0 0 0 0 0 0 0 0 0 0 0 0 0 0 0 0 0 0 0 0 0 0 0 0 0 0 0 0 0 0 0 0 0 0 0 0 0 0 0 0 0 0 0 0 0 0 0 0 0 0 0 0 0 0 0 0 0 0 0 0 0 0 0 0 0 0 0 0 0 0 0 0 0 0 0 0 0 0 0 0 0 0 0 0 0 0 0 0 0 0 0 0 0 0 0 0 0 0 0 0 0 0 0 0 0 0 0 0 0 0 0 0 0 0 0 0 0 0 0 0 0 0 0 0 0 0 0 0 0 0 0 0 0 0 0 0 0 0 0 0 0 0 0 0 0 0 0 0 0 0 0 0 0 0 0 0 0 0 0 0 0 0 0 0 0 0 0 0 0 0 0 0 0 0 0 0 0 0 0 0 0 0 0 0 0 0 0 0 0 0 0 0 0 0 0 0 0 0 0 0 0 0 0 0 0 0 0 0 0 0 0 0 0 0 0 0 0 0 0 0 0 
0 0 0 0 0 0 0 0 0 0 0 0 0 0 0 0 0 0 0 0 0 0 0 0 0 0 0 0 0 0 0 0 0 0 0 0 0 0 0 0 0 0 0 0 0 0 0 0 0 0 0 0 0 0 0 0 0 0 0 0 0 0 0 0 0 0 0 0 0 0 0 0 0 0 0 0 0 0 0 0 0 0 0 0 0 0 0 0 0 0 0 0 0 0 0 0 0 0 0 0 0 0 0 0 0 0 0 0 0 0 0 0 0 0 0 0 0 0 0 0 0 0 0 0 0 0 0 0 0 8 129 130 127 124 123 121 121 121 103 50 0 0 0 0 0 0 0 0 0 0 0 0 0 0 0 0 0 0 0 0 0 0 0 0 0 0 0 0 0 0 0 0 0 0 0 0 0 0 0 0 0 0 0 0 0 0 0 0 0 0 0 0 0 0 0 0 0 0 0 0 0 0 0 0 0 0 0 0 0 0 0 0 0 0 0 0 0 0 0 0 0 0 0 0 0 0 0 0 0 0 0 0 0 0 0 0 0 0 0 0 0 0 0 0 0 0 0 0 0 0 0 0 0 0 0 0 0 0 0 0 0 0 0 0 0 0 0 0 0 0 0 0 0 0 0 0 0 0 0 0 0 0 0 0 0 0 0 0 0 0 0 0 0 0 0 0 0 0 0 0 0 0 0 0 0 0 0 0 0 0 0 0 0 0 0 0 0 0 0 0 0 0 0 0 0 0 0 0 0 0 0 0 0 0 0 0 0 0 0 0 0 0 0 0 0 0 0 0 0 0 0 0 0 0 0 0 0 0 0 0 0 0 0 0 0 0 0 0 0 0 0 0 0 0 0 0 0 0 0 0 0 0 0 0 0 0 0 0 0 0 0 0 0 0 0 0 0 0 0 0 0 0 0 0 0 0 0 0 0 0 0 0 0 0 0 0 0 0 0 0 0 0 0 0 0 0 0 0 0 0 0 0 0 0 0 0 0 0 0 0 0 0 0 0 0 0 0 0 0 0 0 0 0 0 0 0 0 0 0 0 0 0 0 0 0 0 0 0 0 0 0 0 0 0 0 0 0 0 0 0 0 0 0 0 0 0 0 0 0 0 0 0 0 0 0 0 0 0 0 0 0 0 0 0 0 0 0 0 0 0 0 0 0 0 0 0 0 0 0 0 0 0 0 0 0 0 0 0 0 0 0 0 0 0 0 0 0 
0 0 0 0 0 0 0 0 0 0 0 0 0 0 0 0 0 0 0 0 0 0 0 0 0 0 0 0 0 0 0 0 0 0 0 0 0 0 0 0 0 0 0 0 0 0 0 0 0 0 0 0 0 0 0 0 0 0 0 0 0 0 0 0 0 0 0 0 0 0 0 0 0 0 0 0 0 0 0 0 0 0 0 0 0 0 0 0 0 0 0 0 0 0 0 0 0 0 0 0 0 0 0 0 0 0 0 0 0 0 0 0 0 0 0 0 0 0 0 0 0 0 0 0 0 0 0 0 0 68 134 131 129 128 125 123 122 121 122 124 108 54 0 0 0 0 0 0 0 0 0 0 0 0 0 0 0 0 0 0 0 0 0 0 0 0 0 0 0 0 0 0 0 0 0 0 0 0 0 0 0 0 0 0 0 0 0 0 0 0 0 0 0 0 0 0 0 0 0 0 0 0 0 0 0 0 0 0 0 0 0 0 0 0 0 0 0 0 0 0 0 0 0 0 0 0 0 0 0 0 0 0 0 0 0 0 0 0 0 0 0 0 0 0 0 0 0 0 0 0 0 0 0 0 0 0 0 0 0 0 0 0 0 0 0 0 0 0 0 0 0 0 0 0 0 0 0 0 0 0 0 0 0 0 0 0 0 0 0 0 0 0 0 0 0 0 0 0 0 0 0 0 0 0 0 0 0 0 0 0 0 0 0 0 0 0 0 0 0 0 0 0 0 0 0 0 0 0 0 0 0 0 0 0 0 0 0 0 0 0 0 0 0 0 0 0 0 0 0 0 0 0 0 0 0 0 0 0 0 0 0 0 0 0 0 0 0 0 0 0 0 0 0 0 0 0 0 0 0 0 0 0 0 0 0 0 0 0 0 0 0 0 0 0 0 0 0 0 0 0 0 0 0 0 0 0 0 0 0 0 0 0 0 0 0 0 0 0 0 0 0 0 0 0 0 0 0 0 0 0 0 0 0 0 0 0 0 0 0 0 0 0 0 0 0 0 0 0 0 0 0 0 0 0 0 0 0 0 0 0 0 0 0 0 0 0 0 0 0 0 0 0 0 0 0 0 0 0 0 0 0 0 0 0 0 0 0 0 0 0 0 0 0 0 0 0 0 0 0 0 0 0 0 0 0 0 0 0 0 0 0 0 0 0 0 0 0 0 0 0 0 0 0 0 0 0 0 0 0 0 0 0 0 0 0 0 0 
0 0 0 0 0 0 0 0 0 0 0 0 0 0 0 0 0 0 0 0 0 0 0 0 0 0 0 0 0 0 0 0 0 0 0 0 0 0 0 0 0 0 0 0 0 0 0 0 0 0 0 0 0 0 0 0 0 0 0 0 0 0 0 0 0 0 0 0 0 0 0 0 0 0 0 0 0 0 0 0 0 0 0 0 0 0 0 0 0 0 0 0 0 0 0 0 0 0 0 0 0 0 0 0 0 0 0 0 0 0 0 0 0 0 0 0 0 0 0 0 0 0 0 0 0 0 0 0 4 131 137 133 131 129 126 125 123 122 123 124 124 124 114 59 4 0 0 0 0 0 0 0 0 0 0 0 0 0 0 0 0 0 0 0 0 0 0 0 0 0 0 0 0 0 0 0 0 0 0 0 0 0 0 0 0 0 0 0 0 0 0 0 0 0 0 0 0 0 0 0 0 0 0 0 0 0 0 0 0 0 0 0 0 0 0 0 0 0 0 0 0 0 0 0 0 0 0 0 0 0 0 0 0 0 0 0 0 0 0 0 0 0 0 0 0 0 0 0 0 0 0 0 0 0 0 0 0 0 0 0 0 0 0 0 0 0 0 0 0 0 0 0 0 0 0 0 0 0 0 0 0 0 0 0 0 0 0 0 0 0 0 0 0 0 0 0 0 0 0 0 0 0 0 0 0 0 0 0 0 0 0 0 0 0 0 0 0 0 0 0 0 0 0 0 0 0 0 0 0 0 0 0 0 0 0 0 0 0 0 0 0 0 0 0 0 0 0 0 0 0 0 0 0 0 0 0 0 0 0 0 0 0 0 0 0 0 0 0 0 0 0 0 0 0 0 0 0 0 0 0 0 0 0 0 0 0 0 0 0 0 0 0 0 0 0 0 0 0 0 0 0 0 0 0 0 0 0 0 0 0 0 0 0 0 0 0 0 0 0 0 0 0 0 0 0 0 0 0 0 0 0 0 0 0 0 0 0 0 0 0 0 0 0 0 0 0 0 0 0 0 0 0 0 0 0 0 0 0 0 0 0 0 0 0 0 0 0 0 0 0 0 0 0 0 0 0 0 0 0 0 0 0 0 0 0 0 0 0 0 0 0 0 0 0 0 0 0 0 0 0 0 0 0 0 0 0 0 0 0 0 0 0 0 0 0 0 0 0 0 0 0 0 0 0 0 0 0 0 0 0 0 0 0 0 0 0 0 
0 0 0 0 0 0 0 0 0 0 0 0 0 0 0 0 0 0 0 0 0 0 0 0 0 0 0 0 0 0 0 0 0 0 0 0 0 0 0 0 0 0 0 0 0 0 0 0 0 0 0 0 0 0 0 0 0 0 0 0 0 0 0 0 0 0 0 0 0 0 0 0 0 0 0 0 0 0 0 0 0 0 0 0 0 0 0 0 0 0 0 0 0 0 0 0 0 0 0 0 0 0 0 0 0 0 0 0 0 0 0 0 0 0 0 0 0 0 0 0 0 0 0 0 0 0 0 0 68 142 138 136 134 131 128 126 125 123 123 124 125 124 125 127 116 60 4 0 0 0 0 0 0 0 0 0 0 0 0 0 0 0 0 0 0 0 0 0 0 0 0 0 0 0 0 0 0 0 0 0 0 0 0 0 0 0 0 0 0 0 0 0 0 0 0 0 0 0 0 0 0 0 0 0 0 0 0 0 0 0 0 0 0 0 0 0 0 0 0 0 0 0 0 0 0 0 0 0 0 0 0 0 0 0 0 0 0 0 0 0 0 0 0 0 0 0 0 0 0 0 0 0 0 0 0 0 0 0 0 0 0 0 0 0 0 0 0 0 0 0 0 0 0 0 0 0 0 0 0 0 0 0 0 0 0 0 0 0 0 0 0 0 0 0 0 0 0 0 0 0 0 0 0 0 0 0 0 0 0 0 0 0 0 0 0 0 0 0 0 0 0 0 0 0 0 0 0 0 0 0 0 0 0 0 0 0 0 0 0 0 0 0 0 0 0 0 0 0 0 0 0 0 0 0 0 0 0 0 0 0 0 0 0 0 0 0 0 0 0 0 0 0 0 0 0 0 0 0 0 0 0 0 0 0 0 0 0 0 0 0 0 0 0 0 0 0 0 0 0 0 0 0 0 0 0 0 0 0 0 0 0 0 0 0 0 0 0 0 0 0 0 0 0 0 0 0 0 0 0 0 0 0 0 0 0 0 0 0 0 0 0 0 0 0 0 0 0 0 0 0 0 0 0 0 0 0 0 0 0 0 0 0 0 0 0 0 0 0 0 0 0 0 0 0 0 0 0 0 0 0 0 0 0 0 0 0 0 0 0 0 0 0 0 0 0 0 0 0 0 0 0 0 0 0 0 0 0 0 0 0 0 0 0 0 0 0 0 0 0 0 0 0 0 0 0 0 0 0 0 0 0 0 0 0 0 0 0 
0 0 0 0 0 0 0 0 0 0 0 0 0 0 0 0 0 0 0 0 0 0 0 0 0 0 0 0 0 0 0 0 0 0 0 0 0 0 0 0 0 0 0 0 0 0 0 0 0 0 0 0 0 0 0 0 0 0 0 0 0 0 0 0 0 0 0 0 0 0 0 0 0 0 0 0 0 0 0 0 0 0 0 0 0 0 0 0 0 0 0 0 0 0 0 0 0 0 0 0 0 0 0 0 0 0 0 0 0 0 0 0 0 0 0 0 0 0 0 0 0 0 0 0 0 0 0 0 133 143 142 139 136 133 130 128 126 126 124 125 125 126 127 128 128 129 123 66 8 0 0 0 0 0 0 0 0 0 0 0 0 0 0 0 0 0 0 0 0 0 0 0 0 0 0 0 0 0 0 0 0 0 0 0 0 0 0 0 0 0 0 0 0 0 0 0 0 0 0 0 0 0 0 0 0 0 0 0 0 0 0 0 0 0 0 0 0 0 0 0 0 0 0 0 0 0 0 0 0 0 0 0 0 0 0 0 0 0 0 0 0 0 0 0 0 0 0 0 0 0 0 0 0 0 0 0 0 0 0 0 0 0 0 0 0 0 0 0 0 0 0 0 0 0 0 0 0 0 0 0 0 0 0 0 0 0 0 0 0 0 0 0 0 0 0 0 0 0 0 0 0 0 0 0 0 0 0 0 0 0 0 0 0 0 0 0 0 0 0 0 0 0 0 0 0 0 0 0 0 0 0 0 0 0 0 0 0 0 0 0 0 0 0 0 0 0 0 0 0 0 0 0 0 0 0 0 0 0 0 0 0 0 0 0 0 0 0 0 0 0 0 0 0 0 0 0 0 0 0 0 0 0 0 0 0 0 0 0 0 0 0 0 0 0 0 0 0 0 0 0 0 0 0 0 0 0 0 0 0 0 0 0 0 0 0 0 0 0 0 0 0 0 0 0 0 0 0 0 0 0 0 0 0 0 0 0 0 0 0 0 0 0 0 0 0 0 0 0 0 0 0 0 0 0 0 0 0 0 0 0 0 0 0 0 0 0 0 0 0 0 0 0 0 0 0 0 0 0 0 0 0 0 0 0 0 0 0 0 0 0 0 0 0 0 0 0 0 0 0 0 0 0 0 0 0 0 0 0 0 0 0 0 0 0 0 0 0 0 0 0 0 0 0 0 0 0 0 0 0 0 0 0 0 0 0 0 0 
0 0 0 0 0 0 0 0 0 0 0 0 0 0 0 0 0 0 0 0 0 0 0 0 0 0 0 0 0 0 0 0 0 0 0 0 0 0 0 0 0 0 0 0 0 0 0 0 0 0 0 0 0 0 0 0 0 0 0 0 0 0 0 0 0 0 0 0 0 0 0 0 0 0 0 0 0 0 0 0 0 0 0 0 0 0 0 0 0 0 0 0 0 0 0 0 0 0 0 0 0 0 0 0 0 0 0 0 0 0 0 0 0 0 0 0 0 0 0 0 0 0 0 0 0 0 0 66 149 145 143 142 137 134 133 130 128 127 126 125 126 126 128 130 130 130 131 132 129 71 12 0 0 0 0 0 0 0 0 0 0 0 0 0 0 0 0 0 0 0 0 0 0 0 0 0 0 0 0 0 0 0 0 0 0 0 0 0 0 0 0 0 0 0 0 0 0 0 0 0 0 0 0 0 0 0 0 0 0 0 0 0 0 0 0 0 0 0 0 0 0 0 0 0 0 0 0 0 0 0 0 0 0 0 0 0 0 0 0 0 0 0 0 0 0 0 0 0 0 0 0 0 0 0 0 0 0 0 0 0 0 0 0 0 0 0 0 0 0 0 0 0 0 0 0 0 0 0 0 0 0 0 0 0 0 0 0 0 0 0 0 0 0 0 0 0 0 0 0 0 0 0 0 0 0 0 0 0 0 0 0 0 0 0 0 0 0 0 0 0 0 0 0 0 0 0 0 0 0 0 0 0 0 0 0 0 0 0 0 0 0 0 0 0 0 0 0 0 0 0 0 0 0 0 0 0 0 0 0 0 0 0 0 0 0 0 0 0 0 0 0 0 0 0 0 0 0 0 0 0 0 0 0 0 0 0 0 0 0 0 0 0 0 0 0 0 0 0 0 0 0 0 0 0 0 0 0 0 0 0 0 0 0 0 0 0 0 0 0 0 0 0 0 0 0 0 0 0 0 0 0 0 0 0 0 0 0 0 0 0 0 0 0 0 0 0 0 0 0 0 0 0 0 0 0 0 0 0 0 0 0 0 0 0 0 0 0 0 0 0 0 0 0 0 0 0 0 0 0 0 0 0 0 0 0 0 0 0 0 0 0 0 0 0 0 0 0 0 0 0 0 0 0 0 0 0 0 0 0 0 0 0 0 0 0 0 0 0 0 0 0 0 0 0 0 0 0 0 0 0 0 0 0 0 0 0 0 
0 0 0 0 0 0 0 0 0 0 0 0 0 0 0 0 0 0 0 0 0 0 0 0 0 0 0 0 0 0 0 0 0 0 0 0 0 0 0 0 0 0 0 0 0 0 0 0 0 0 0 0 0 0 0 0 0 0 0 0 0 0 0 0 0 0 0 0 0 0 0 0 0 0 0 0 0 0 0 0 0 0 0 0 0 0 0 0 0 0 0 0 0 0 0 0 0 0 0 0 0 0 0 0 0 0 0 0 0 0 0 0 0 0 0 0 0 0 0 0 0 0 0 0 0 0 0 139 151 149 146 142 139 136 135 132 129 128 127 127 127 127 128 129 130 131 132 133 132 134 134 72 12 0 0 0 0 0 0 0 0 0 0 0 0 0 0 0 0 0 0 0 0 0 0 0 0 0 0 0 0 0 0 0 0 0 0 0 0 0 0 0 0 0 0 0 0 0 0 0 0 0 0 0 0 0 0 0 0 0 0 0 0 0 0 0 0 0 0 0 0 0 0 0 0 0 0 0 0 0 0 0 0 0 0 0 0 0 0 0 0 0 0 0 0 0 0 0 0 0 0 0 0 0 0 0 0 0 0 0 0 0 0 0 0 0 0 0 0 0 0 0 0 0 0 0 0 0 0 0 0 0 0 0 0 0 0 0 0 0 0 0 0 0 0 0 0 0 0 0 0 0 0 0 0 0 0 0 0 0 0 0 0 0 0 0 0 0 0 0 0 0 0 0 0 0 0 0 0 0 0 0 0 0 0 0 0 0 0 0 0 0 0 0 0 0 0 0 0 0 0 0 0 0 0 0 0 0 0 0 0 0 0 0 0 0 0 0 0 0 0 0 0 0 0 0 0 0 0 0 0 0 0 0 0 0 0 0 0 0 0 0 0 0 0 0 0 0 0 0 0 0 0 0 0 0 0 0 0 0 0 0 0 0 0 0 0 0 0 0 0 0 0 0 0 0 0 0 0 0 0 0 0 0 0 0 0 0 0 0 0 0 0 0 0 0 0 0 0 0 0 0 0 0 0 0 0 0 0 0 0 0 0 0 0 0 0 0 0 0 0 0 0 0 0 0 0 0 0 0 0 0 0 0 0 0 0 0 0 0 0 0 0 0 0 0 0 0 0 0 0 0 0 0 0 0 0 0 0 0 0 0 0 0 0 0 0 0 0 0 0 0 0 0 0 0 0 0 0 0 0 0 0 0 0 0 0 
0 0 0 0 0 0 0 0 0 0 0 0 0 0 0 0 0 0 0 0 0 0 0 0 0 0 0 0 0 0 0 0 0 0 0 0 0 0 0 0 0 0 0 0 0 0 0 0 0 0 0 0 0 0 0 0 0 0 0 0 0 0 0 0 0 0 0 0 0 0 0 0 0 0 0 0 0 0 0 0 0 0 0 0 0 0 0 0 0 0 0 0 0 0 0 0 0 0 0 0 0 0 0 0 0 0 0 0 0 0 0 0 0 0 0 0 0 0 0 0 0 0 0 0 0 0 68 155 153 151 148 145 141 138 135 133 131 130 129 128 128 128 129 130 131 131 132 133 133 134 135 136 137 77 17 0 0 0 0 0 0 0 0 0 0 0 0 0 0 0 0 0 0 0 0 0 0 0 0 0 0 0 0 0 0 0 0 0 0 0 0 0 0 0 0 0 0 0 0 0 0 0 0 0 0 0 0 0 0 0 0 0 0 0 0 0 0 0 0 0 0 0 0 0 0 0 0 0 0 0 0 0 0 0 0 0 0 0 0 0 0 0 0 0 0 0 0 0 0 0 0 0 0 0 0 0 0 0 0 0 0 0 0 0 0 0 0 0 0 0 0 0 0 0 0 0 0 0 0 0 0 0 0 0 0 0 0 0 0 0 0 0 0 0 0 0 0 0 0 0 0 0 0 0 0 0 0 0 0 0 0 0 0 0 0 0 0 0 0 0 0 0 0 0 0 0 0 0 0 0 0 0 0 0 0 0 0 0 0 0 0 0 0 0 0 0 0 0 0 0 0 0 0 0 0 0 0 0 0 0 0 0 0 0 0 0 0 0 0 0 0 0 0 0 0 0 0 0 0 0 0 0 0 0 0 0 0 0 0 0 0 0 0 0 0 0 0 0 0 0 0 0 0 0 0 0 0 0 0 0 0 0 0 0 0 0 0 0 0 0 0 0 0 0 0 0 0 0 0 0 0 0 0 0 0 0 0 0 0 0 0 0 0 0 0 0 0 0 0 0 0 0 0 0 0 0 0 0 0 0 0 0 0 0 0 0 0 0 0 0 0 0 0 0 0 0 0 0 0 0 0 0 0 0 0 0 0 0 0 0 0 0 0 0 0 0 0 0 0 0 0 0 0 0 0 0 0 0 0 0 0 0 0 0 0 0 0 0 0 0 0 0 0 0 0 0 0 0 0 0 0 0 0 0 0 0 0 
0 0 0 0 0 0 0 0 0 0 0 0 0 0 0 0 0 0 0 0 0 0 0 0 0 0 0 0 0 0 0 0 0 0 0 0 0 0 0 0 0 0 0 0 0 0 0 0 0 0 0 0 0 0 0 0 0 0 0 0 0 0 0 0 0 0 0 0 0 0 0 0 0 0 0 0 0 0 0 0 0 0 0 0 0 0 0 0 0 0 0 0 0 0 0 0 0 0 0 0 0 0 0 0 0 0 0 0 0 0 0 0 0 0 0 0 0 0 0 0 0 0 0 0 0 0 139 157 155 152 149 146 144 140 138 135 133 131 130 129 128 128 129 130 131 131 132 134 135 135 136 136 136 138 138 82 21 0 0 0 0 0 0 0 0 0 0 0 0 0 0 0 0 0 0 0 0 0 0 0 0 0 0 0 0 0 0 0 0 0 0 0 0 0 0 0 0 0 0 0 0 0 0 0 0 0 0 0 0 0 0 0 0 0 0 0 0 0 0 0 0 0 0 0 0 0 0 0 0 0 0 0 0 0 0 0 0 0 0 0 0 0 0 0 0 0 0 0 0 0 0 0 0 0 0 0 0 0 0 0 0 0 0 0 0 0 0 0 0 0 0 0 0 0 0 0 0 0 0 0 0 0 0 0 0 0 0 0 0 0 0 0 0 0 0 0 0 0 0 0 0 0 0 0 0 0 0 0 0 0 0 0 0 0 0 0 0 0 0 0 0 0 0 0 0 0 0 0 0 0 0 0 0 0 0 0 0 0 0 0 0 0 0 0 0 0 0 0 0 0 0 0 0 0 0 0 0 0 0 0 0 0 0 0 0 0 0 0 0 0 0 0 0 0 0 0 0 0 0 0 0 0 0 0 0 0 0 0 0 0 0 0 0 0 0 0 0 0 0 0 0 0 0 0 0 0 0 0 0 0 0 0 0 0 0 0 0 0 0 0 0 0 0 0 0 0 0 0 0 0 0 0 0 0 0 0 0 0 0 0 0 0 0 0 0 0 0 0 0 0 0 0 0 0 0 0 0 0 0 0 0 0 0 0 0 0 0 0 0 0 0 0 0 0 0 0 0 0 0 0 0 0 0 0 0 0 0 0 0 0 0 0 0 0 0 0 0 0 0 0 0 0 0 0 0 0 0 0 0 0 0 0 0 0 0 0 0 0 0 0 0 0 0 0 0 0 0 0 0 0 0 0 0 0 0 0 0 
0 0 0 0 0 0 0 0 0 0 0 0 0 0 0 0 0 0 0 0 0 0 0 0 0 0 0 0 0 0 0 0 0 0 0 0 0 0 0 0 0 0 0 0 0 0 0 0 0 0 0 0 0 0 0 0 0 0 0 0 0 0 0 0 0 0 0 0 0 0 0 0 0 0 0 0 0 0 0 0 0 0 0 0 0 0 0 0 0 0 0 0 0 0 0 0 0 0 0 0 0 0 0 0 0 0 0 0 0 0 0 0 0 0 0 0 0 0 0 0 0 0 0 0 0 66 161 158 156 154 151 148 146 144 141 137 135 133 131 130 129 129 129 129 130 131 132 134 135 135 136 136 136 137 138 139 138 86 26 0 0 0 0 0 0 0 0 0 0 0 0 0 0 0 0 0 0 0 0 0 0 0 0 0 0 0 0 0 0 0 0 0 0 0 0 0 0 0 0 0 0 0 0 0 0 0 0 0 0 0 0 0 0 0 0 0 0 0 0 0 0 0 0 0 0 0 0 0 0 0 0 0 0 0 0 0 0 0 0 0 0 0 0 0 0 0 0 0 0 0 0 0 0 0 0 0 0 0 0 0 0 0 0 0 0 0 0 0 0 0 0 0 0 0 0 0 0 0 0 0 0 0 0 0 0 0 0 0 0 0 0 0 0 0 0 0 0 0 0 0 0 0 0 0 0 0 0 0 0 0 0 0 0 0 0 0 0 0 0 0 0 0 0 0 0 0 0 0 0 0 0 0 0 0 0 0 0 0 0 0 0 0 0 0 0 0 0 0 0 0 0 0 0 0 0 0 0 0 0 0 0 0 0 0 0 0 0 0 0 0 0 0 0 0 0 0 0 0 0 0 0 0 0 0 0 0 0 0 0 0 0 0 0 0 0 0 0 0 0 0 0 0 0 0 0 0 0 0 0 0 0 0 0 0 0 0 0 0 0 0 0 0 0 0 0 0 0 0 0 0 0 0 0 0 0 0 0 0 0 0 0 0 0 0 0 0 0 0 0 0 0 0 0 0 0 0 0 0 0 0 0 0 0 0 0 0 0 0 0 0 0 0 0 0 0 0 0 0 0 0 0 0 0 0 0 0 0 0 0 0 0 0 0 0 0 0 0 0 0 0 0 0 0 0 0 0 0 0 0 0 0 0 0 0 0 0 0 0 0 0 0 0 0 0 0 0 0 0 0 0 0 0 0 0 0 0 0 
0 0 0 0 0 0 0 0 0 0 0 0 0 0 0 0 0 0 0 0 0 0 0 0 0 0 0 0 0 0 0 0 0 0 0 0 0 0 0 0 0 0 0 0 0 0 0 0 0 0 0 0 0 0 0 0 0 0 0 0 0 0 0 0 0 0 0 0 0 0 0 0 0 0 0 0 0 0 0 0 0 0 0 0 0 0 0 0 0 0 0 0 0 0 0 0 0 0 0 0 0 0 0 0 0 0 0 0 0 0 0 0 0 0 0 0 0 0 0 0 0 0 0 0 0 141 163 160 158 155 152 150 148 145 142 140 137 135 133 132 131 130 129 130 131 132 133 134 135 135 135 136 136 137 138 138 139 139 139 87 26 0 0 0 0 0 0 0 0 0 0 0 0 0 0 0 0 0 0 0 0 0 0 0 0 0 0 0 0 0 0 0 0 0 0 0 0 0 0 0 0 0 0 0 0 0 0 0 0 0 0 0 0 0 0 0 0 0 0 0 0 0 0 0 0 0 0 0 0 0 0 0 0 0 0 0 0 0 0 0 0 0 0 0 0 0 0 0 0 0 0 0 0 0 0 0 0 0 0 0 0 0 0 0 0 0 0 0 0 0 0 0 0 0 0 0 0 0 0 0 0 0 0 0 0 0 0 0 0 0 0 0 0 0 0 0 0 0 0 0 0 0 0 0 0 0 0 0 0 0 0 0 0 0 0 0 0 0 0 0 0 0 0 0 0 0 0 0 0 0 0 0 0 0 0 0 0 0 0 0 0 0 0 0 0 0 0 0 0 0 0 0 0 0 0 0 0 0 0 0 0 0 0 0 0 0 0 0 0 0 0 0 0 0 0 0 0 0 0 0 0 0 0 0 0 0 0 0 0 0 0 0 0 0 0 0 0 0 0 0 0 0 0 0 0 0 0 0 0 0 0 0 0 0 0 0 0 0 0 0 0 0 0 0 0 0 0 0 0 0 0 0 0 0 0 0 0 0 0 0 0 0 0 0 0 0 0 0 0 0 0 0 0 0 0 0 0 0 0 0 0 0 0 0 0 0 0 0 0 0 0 0 0 0 0 0 0 0 0 0 0 0 0 0 0 0 0 0 0 0 0 0 0 0 0 0 0 0 0 0 0 0 0 0 0 0 0 0 0 0 0 0 0 0 0 0 0 0 0 0 0 0 0 0 0 0 0 0 0 0 0 0 0 0 0 0 0 
0 0 0 0 0 0 0 0 0 0 0 0 0 0 0 0 0 0 0 0 0 0 0 0 0 0 0 0 0 0 0 0 0 0 0 0 0 0 0 0 0 0 0 0 0 0 0 0 0 0 0 0 0 0 0 0 0 0 0 0 0 0 0 0 0 0 0 0 0 0 0 0 0 0 0 0 0 0 0 0 0 0 0 0 0 0 0 0 0 0 0 0 0 0 0 0 0 0 0 0 0 0 0 0 0 0 0 0 0 0 0 0 0 0 0 0 0 0 0 0 0 0 0 0 63 167 164 161 159 156 153 151 149 145 143 141 138 136 135 133 131 130 130 130 131 132 133 133 135 135 135 135 136 136 136 137 138 139 139 139 137 89 29 0 0 0 0 0 0 0 0 0 0 0 0 0 0 0 0 0 0 0 0 0 0 0 0 0 0 0 0 0 0 0 0 0 0 0 0 0 0 0 0 0 0 0 0 0 0 0 0 0 0 0 0 0 0 0 0 0 0 0 0 0 0 0 0 0 0 0 0 0 0 0 0 0 0 0 0 0 0 0 0 0 0 0 0 0 0 0 0 0 0 0 0 0 0 0 0 0 0 0 0 0 0 0 0 0 0 0 0 0 0 0 0 0 0 0 0 0 0 0 0 0 0 0 0 0 0 0 0 0 0 0 0 0 0 0 0 0 0 0 0 0 0 0 0 0 0 0 0 0 0 0 0 0 0 0 0 0 0 0 0 0 0 0 0 0 0 0 0 0 0 0 0 0 0 0 0 0 0 0 0 0 0 0 0 0 0 0 0 0 0 0 0 0 0 0 0 0 0 0 0 0 0 0 0 0 0 0 0 0 0 0 0 0 0 0 0 0 0 0 0 0 0 0 0 0 0 0 0 0 0 0 0 0 0 0 0 0 0 0 0 0 0 0 0 0 0 0 0 0 0 0 0 0 0 0 0 0 0 0 0 0 0 0 0 0 0 0 0 0 0 0 0 0 0 0 0 0 0 0 0 0 0 0 0 0 0 0 0 0 0 0 0 0 0 0 0 0 0 0 0 0 0 0 0 0 0 0 0 0 0 0 0 0 0 0 0 0 0 0 0 0 0 0 0 0 0 0 0 0 0 0 0 0 0 0 0 0 0 0 0 0 0 0 0 0 0 0 0 0 0 0 0 0 0 0 0 0 0 0 0 0 0 0 0 0 0 0 0 0 0 0 0 0 0 
0 0 0 0 0 0 0 0 0 0 0 0 0 0 0 0 0 0 0 0 0 0 0 0 0 0 0 0 0 0 0 0 0 0 0 0 0 0 0 0 0 0 0 0 0 0 0 0 0 0 0 0 0 0 0 0 0 0 0 0 0 0 0 0 0 0 0 0 0 0 0 0 0 0 0 0 0 0 0 0 0 0 0 0 0 0 0 0 0 0 0 0 0 0 0 0 0 0 0 0 0 0 0 0 0 0 0 0 0 0 0 0 0 0 0 0 0 0 0 0 0 0 0 0 138 167 165 162 161 158 155 153 150 147 144 142 140 138 137 135 133 132 132 131 131 132 133 134 135 135 135 136 136 135 135 136 137 137 138 138 137 135 134 92 34 0 0 0 0 0 0 0 0 0 0 0 0 0 0 0 0 0 0 0 0 0 0 0 0 0 0 0 0 0 0 0 0 0 0 0 0 0 0 0 0 0 0 0 0 0 0 0 0 0 0 0 0 0 0 0 0 0 0 0 0 0 0 0 0 0 0 0 0 0 0 0 0 0 0 0 0 0 0 0 0 0 0 0 0 0 0 0 0 0 0 0 0 0 0 0 0 0 0 0 0 0 0 0 0 0 0 0 0 0 0 0 0 0 0 0 0 0 0 0 0 0 0 0 0 0 0 0 0 0 0 0 0 0 0 0 0 0 0 0 0 0 0 0 0 0 0 0 0 0 0 0 0 0 0 0 0 0 0 0 0 0 0 0 0 0 0 0 0 0 0 0 0 0 0 0 0 0 0 0 0 0 0 0 0 0 0 0 0 0 0 0 0 0 0 0 0 0 0 0 0 0 0 0 0 0 0 0 0 0 0 0 0 0 0 0 0 0 0 0 0 0 0 0 0 0 0 0 0 0 0 0 0 0 0 0 0 0 0 0 0 0 0 0 0 0 0 0 0 0 0 0 0 0 0 0 0 0 0 0 0 0 0 0 0 0 0 0 0 0 0 0 0 0 0 0 0 0 0 0 0 0 0 0 0 0 0 0 0 0 0 0 0 0 0 0 0 0 0 0 0 0 0 0 0 0 0 0 0 0 0 0 0 0 0 0 0 0 0 0 0 0 0 0 0 0 0 0 0 0 0 0 0 0 0 0 0 0 0 0 0 0 0 0 0 0 0 0 0 0 0 0 0 0 0 0 0 0 0 0 0 0 0 0 0 0 0 0 0 0 0 0 0 
0 0 0 0 0 0 0 0 0 0 0 0 0 0 0 0 0 0 0 0 0 0 0 0 0 0 0 0 0 0 0 0 0 0 0 0 0 0 0 0 0 0 0 0 0 0 0 0 0 0 0 0 0 0 0 0 0 0 0 0 0 0 0 0 0 0 0 0 0 0 0 0 0 0 0 0 0 0 0 0 0 0 0 0 0 0 0 0 0 0 0 0 0 0 0 0 0 0 0 0 0 0 0 0 0 0 0 0 0 0 0 0 0 0 0 0 0 0 0 0 0 0 0 65 171 168 166 164 162 159 156 153 151 148 146 144 142 141 139 136 135 134 133 132 131 132 133 135 135 136 136 136 137 137 136 135 136 136 136 136 135 135 133 133 133 90 32 0 0 0 0 0 0 0 0 0 0 0 0 0 0 0 0 0 0 0 0 0 0 0 0 0 0 0 0 0 0 0 0 0 0 0 0 0 0 0 0 0 0 0 0 0 0 0 0 0 0 0 0 0 0 0 0 0 0 0 0 0 0 0 0 0 0 0 0 0 0 0 0 0 0 0 0 0 0 0 0 0 0 0 0 0 0 0 0 0 0 0 0 0 0 0 0 0 0 0 0 0 0 0 0 0 0 0 0 0 0 0 0 0 0 0 0 0 0 0 0 0 0 0 0 0 0 0 0 0 0 0 0 0 0 0 0 0 0 0 0 0 0 0 0 0 0 0 0 0 0 0 0 0 0 0 0 0 0 0 0 0 0 0 0 0 0 0 0 0 0 0 0 0 0 0 0 0 0 0 0 0 0 0 0 0 0 0 0 0 0 0 0 0 0 0 0 0 0 0 0 0 0 0 0 0 0 0 0 0 0 0 0 0 0 0 0 0 0 0 0 0 0 0 0 0 0 0 0 0 0 0 0 0 0 0 0 0 0 0 0 0 0 0 0 0 0 0 0 0 0 0 0 0 0 0 0 0 0 0 0 0 0 0 0 0 0 0 0 0 0 0 0 0 0 0 0 0 0 0 0 0 0 0 0 0 0 0 0 0 0 0 0 0 0 0 0 0 0 0 0 0 0 0 0 0 0 0 0 0 0 0 0 0 0 0 0 0 0 0 0 0 0 0 0 0 0 0 0 0 0 0 0 0 0 0 0 0 0 0 0 0 0 0 0 0 0 0 0 0 0 0 0 0 0 0 0 0 0 0 0 0 0 0 0 0 0 0 0 0 0 
0 0 0 0 0 0 0 0 0 0 0 0 0 0 0 0 0 0 0 0 0 0 0 0 0 0 0 0 0 0 0 0 0 0 0 0 0 0 0 0 0 0 0 0 0 0 0 0 0 0 0 0 0 0 0 0 0 0 0 0 0 0 0 0 0 0 0 0 0 0 0 0 0 0 0 0 0 0 0 0 0 0 0 0 0 0 0 0 0 0 0 0 0 0 0 0 0 0 0 0 0 0 0 0 0 0 0 0 0 0 0 0 0 0 0 0 0 0 0 0 0 0 0 141 173 170 168 166 163 160 156 155 152 150 147 145 143 142 140 138 136 134 133 132 132 132 133 134 135 136 137 137 138 138 137 135 135 135 135 136 136 136 133 131 129 127 126 91 36 0 0 0 0 0 0 0 0 0 0 0 0 0 0 0 0 0 0 0 0 0 0 0 0 0 0 0 0 0 0 0 0 0 0 0 0 0 0 0 0 0 0 0 0 0 0 0 0 0 0 0 0 0 0 0 0 0 0 0 0 0 0 0 0 0 0 0 0 0 0 0 0 0 0 0 0 0 0 0 0 0 0 0 0 0 0 0 0 0 0 0 0 0 0 0 0 0 0 0 0 0 0 0 0 0 0 0 0 0 0 0 0 0 0 0 0 0 0 0 0 0 0 0 0 0 0 0 0 0 0 0 0 0 0 0 0 0 0 0 0 0 0 0 0 0 0 0 0 0 0 0 0 0 0 0 0 0 0 0 0 0 0 0 0 0 0 0 0 0 0 0 0 0 0 0 0 0 0 0 0 0 0 0 0 0 0 0 0 0 0 0 0 0 0 0 0 0 0 0 0 0 0 0 0 0 0 0 0 0 0 0 0 0 0 0 0 0 0 0 0 0 0 0 0 0 0 0 0 0 0 0 0 0 0 0 0 0 0 0 0 0 0 0 0 0 0 0 0 0 0 0 0 0 0 0 0 0 0 0 0 0 0 0 0 0 0 0 0 0 0 0 0 0 0 0 0 0 0 0 0 0 0 0 0 0 0 0 0 0 0 0 0 0 0 0 0 0 0 0 0 0 0 0 0 0 0 0 0 0 0 0 0 0 0 0 0 0 0 0 0 0 0 0 0 0 0 0 0 0 0 0 0 0 0 0 0 0 0 0 0 0 0 0 0 0 0 0 0 0 0 0 0 0 0 0 0 0 0 0 0 0 0 0 0 0 0 0 0 
0 0 0 0 0 0 0 0 0 0 0 0 0 0 0 0 0 0 0 0 0 0 0 0 0 0 0 0 0 0 0 0 0 0 0 0 0 0 0 0 0 0 0 0 0 0 0 0 0 0 0 0 0 0 0 0 0 0 0 0 0 0 0 0 0 0 0 0 0 0 0 0 0 0 0 0 0 0 0 0 0 0 0 0 0 0 0 0 0 0 0 0 0 0 0 0 0 0 0 0 0 0 0 0 0 0 0 0 0 0 0 0 0 0 0 0 0 0 0 0 0 0 60 175 173 171 170 167 164 161 159 157 154 152 149 147 145 143 141 139 137 136 134 134 133 131 133 134 136 136 136 136 138 138 137 136 136 135 134 135 136 136 134 130 126 123 120 124 131 102 43 0 0 0 0 0 0 0 0 0 0 0 0 0 0 0 0 0 0 0 0 0 0 0 0 0 0 0 0 0 0 0 0 0 0 0 0 0 0 0 0 0 0 0 0 0 0 0 0 0 0 0 0 0 0 0 0 0 0 0 0 0 0 0 0 0 0 0 0 0 0 0 0 0 0 0 0 0 0 0 0 0 0 0 0 0 0 0 0 0 0 0 0 0 0 0 0 0 0 0 0 0 0 0 0 0 0 0 0 0 0 0 0 0 0 0 0 0 0 0 0 0 0 0 0 0 0 0 0 0 0 0 0 0 0 0 0 0 0 0 0 0 0 0 0 0 0 0 0 0 0 0 0 0 0 0 0 0 0 0 0 0 0 0 0 0 0 0 0 0 0 0 0 0 0 0 0 0 0 0 0 0 0 0 0 0 0 0 0 0 0 0 0 0 0 0 0 0 0 0 0 0 0 0 0 0 0 0 0 0 0 0 0 0 0 0 0 0 0 0 0 0 0 0 0 0 0 0 0 0 0 0 0 0 0 0 0 0 0 0 0 0 0 0 0 0 0 0 0 0 0 0 0 0 0 0 0 0 0 0 0 0 0 0 0 0 0 0 0 0 0 0 0 0 0 0 0 0 0 0 0 0 0 0 0 0 0 0 0 0 0 0 0 0 0 0 0 0 0 0 0 0 0 0 0 0 0 0 0 0 0 0 0 0 0 0 0 0 0 0 0 0 0 0 0 0 0 0 0 0 0 0 0 0 0 0 0 0 0 0 0 0 0 0 0 0 0 0 0 0 0 0 0 0 0 0 0 0 0 0 0 0 0 0 0 0 0 
0 0 0 0 0 0 0 0 0 0 0 0 0 0 0 0 0 0 0 0 0 0 0 0 0 0 0 0 0 0 0 0 0 0 0 0 0 0 0 0 0 0 0 0 0 0 0 0 0 0 0 0 0 0 0 0 0 0 0 0 0 0 0 0 0 0 0 0 0 0 0 0 0 0 0 0 0 0 0 0 0 0 0 0 0 0 0 0 0 0 0 0 0 0 0 0 0 0 0 0 0 0 0 0 0 0 0 0 0 0 0 0 0 0 0 0 0 0 0 0 0 0 138 176 174 173 172 170 165 162 161 158 156 153 151 149 147 144 143 141 139 137 136 134 133 132 133 134 135 135 135 135 136 137 136 136 136 135 133 133 135 136 135 131 126 121 119 123 132 138 140 108 46 0 0 0 0 0 0 0 0 0 0 0 0 0 0 0 0 0 0 0 0 0 0 0 0 0 0 0 0 0 0 0 0 0 0 0 0 0 0 0 0 0 0 0 0 0 0 0 0 0 0 0 0 0 0 0 0 0 0 0 0 0 0 0 0 0 0 0 0 0 0 0 0 0 0 0 0 0 0 0 0 0 0 0 0 0 0 0 0 0 0 0 0 0 0 0 0 0 0 0 0 0 0 0 0 0 0 0 0 0 0 0 0 0 0 0 0 0 0 0 0 0 0 0 0 0 0 0 0 0 0 0 0 0 0 0 0 0 0 0 0 0 0 0 0 0 0 0 0 0 0 0 0 0 0 0 0 0 0 0 0 0 0 0 0 0 0 0 0 0 0 0 0 0 0 0 0 0 0 0 0 0 0 0 0 0 0 0 0 0 0 0 0 0 0 0 0 0 0 0 0 0 0 0 0 0 0 0 0 0 0 0 0 0 0 0 0 0 0 0 0 0 0 0 0 0 0 0 0 0 0 0 0 0 0 0 0 0 0 0 0 0 0 0 0 0 0 0 0 0 0 0 0 0 0 0 0 0 0 0 0 0 0 0 0 0 0 0 0 0 0 0 0 0 0 0 0 0 0 0 0 0 0 0 0 0 0 0 0 0 0 0 0 0 0 0 0 0 0 0 0 0 0 0 0 0 0 0 0 0 0 0 0 0 0 0 0 0 0 0 0 0 0 0 0 0 0 0 0 0 0 0 0 0 0 0 0 0 0 0 0 0 0 0 0 0 0 0 0 0 0 0 0 0 0 0 0 0 0 0 0 0 0 0 0 
0 0 0 0 0 0 0 0 0 0 0 0 0 0 0 0 0 0 0 0 0 0 0 0 0 0 0 0 0 0 0 0 0 0 0 0 0 0 0 0 0 0 0 0 0 0 0 0 0 0 0 0 0 0 0 0 0 0 0 0 0 0 0 0 0 0 0 0 0 0 0 0 0 0 0 0 0 0 0 0 0 0 0 0 0 0 0 0 0 0 0 0 0 0 0 0 0 0 0 0 0 0 0 0 0 0 0 0 0 0 0 0 0 0 0 0 0 0 0 0 0 55 177 176 175 174 173 171 166 164 162 160 157 154 152 151 149 147 145 142 141 138 137 135 133 132 133 133 134 135 136 136 136 135 136 137 137 135 133 132 132 134 135 133 127 122 120 125 131 135 138 137 133 100 42 0 0 0 0 0 0 0 0 0 0 0 0 0 0 0 0 0 0 0 0 0 0 0 0 0 0 0 0 0 0 0 0 0 0 0 0 0 0 0 0 0 0 0 0 0 0 0 0 0 0 0 0 0 0 0 0 0 0 0 0 0 0 0 0 0 0 0 0 0 0 0 0 0 0 0 0 0 0 0 0 0 0 0 0 0 0 0 0 0 0 0 0 0 0 0 0 0 0 0 0 0 0 0 0 0 0 0 0 0 0 0 0 0 0 0 0 0 0 0 0 0 0 0 0 0 0 0 0 0 0 0 0 0 0 0 0 0 0 0 0 0 0 0 0 0 0 0 0 0 0 0 0 0 0 0 0 0 0 0 0 0 0 0 0 0 0 0 0 0 0 0 0 0 0 0 0 0 0 0 0 0 0 0 0 0 0 0 0 0 0 0 0 0 0 0 0 0 0 0 0 0 0 0 0 0 0 0 0 0 0 0 0 0 0 0 0 0 0 0 0 0 0 0 0 0 0 0 0 0 0 0 0 0 0 0 0 0 0 0 0 0 0 0 0 0 0 0 0 0 0 0 0 0 0 0 0 0 0 0 0 0 0 0 0 0 0 0 0 0 0 0 0 0 0 0 0 0 0 0 0 0 0 0 0 0 0 0 0 0 0 0 0 0 0 0 0 0 0 0 0 0 0 0 0 0 0 0 0 0 0 0 0 0 0 0 0 0 0 0 0 0 0 0 0 0 0 0 0 0 0 0 0 0 0 0 0 0 0 0 0 0 0 0 0 0 0 0 0 0 0 0 0 0 0 0 0 0 0 0 0 0 0 
0 0 0 0 0 0 0 0 0 0 0 0 0 0 0 0 0 0 0 0 0 0 0 0 0 0 0 0 0 0 0 0 0 0 0 0 0 0 0 0 0 0 0 0 0 0 0 0 0 0 0 0 0 0 0 0 0 0 0 0 0 0 0 0 0 0 0 0 0 0 0 0 0 0 0 0 0 0 0 0 0 0 0 0 0 0 0 0 0 0 0 0 0 0 0 0 0 0 0 0 0 0 0 0 0 0 0 0 0 0 0 0 0 0 0 0 0 0 0 0 0 133 177 177 176 174 173 170 167 165 163 161 159 157 155 152 150 149 146 144 142 140 138 137 134 132 133 133 132 134 136 137 137 136 135 136 136 134 133 130 128 129 132 132 128 123 119 123 129 133 134 133 129 125 124 100 45 0 0 0 0 0 0 0 0 0 0 0 0 0 0 0 0 0 0 0 0 0 0 0 0 0 0 0 0 0 0 0 0 0 0 0 0 0 0 0 0 0 0 0 0 0 0 0 0 0 0 0 0 0 0 0 0 0 0 0 0 0 0 0 0 0 0 0 0 0 0 0 0 0 0 0 0 0 0 0 0 0 0 0 0 0 0 0 0 0 0 0 0 0 0 0 0 0 0 0 0 0 0 0 0 0 0 0 0 0 0 0 0 0 0 0 0 0 0 0 0 0 0 0 0 0 0 0 0 0 0 0 0 0 0 0 0 0 0 0 0 0 0 0 0 0 0 0 0 0 0 0 0 0 0 0 0 0 0 0 0 0 0 0 0 0 0 0 0 0 0 0 0 0 0 0 0 0 0 0 0 0 0 0 0 0 0 0 0 0 0 0 0 0 0 0 0 0 0 0 0 0 0 0 0 0 0 0 0 0 0 0 0 0 0 0 0 0 0 0 0 0 0 0 0 0 0 0 0 0 0 0 0 0 0 0 0 0 0 0 0 0 0 0 0 0 0 0 0 0 0 0 0 0 0 0 0 0 0 0 0 0 0 0 0 0 0 0 0 0 0 0 0 0 0 0 0 0 0 0 0 0 0 0 0 0 0 0 0 0 0 0 0 0 0 0 0 0 0 0 0 0 0 0 0 0 0 0 0 0 0 0 0 0 0 0 0 0 0 0 0 0 0 0 0 0 0 0 0 0 0 0 0 0 0 0 0 0 0 0 0 0 0 0 0 0 0 0 0 0 0 0 0 0 0 0 0 0 0 0 0 
0 0 0 0 0 0 0 0 0 0 0 0 0 0 0 0 0 0 0 0 0 0 0 0 0 0 0 0 0 0 0 0 0 0 0 0 0 0 0 0 0 0 0 0 0 0 0 0 0 0 0 0 0 0 0 0 0 0 0 0 0 0 0 0 0 0 0 0 0 0 0 0 0 0 0 0 0 0 0 0 0 0 0 0 0 0 0 0 0 0 0 0 0 0 0 0 0 0 0 0 0 0 0 0 0 0 0 0 0 0 0 0 0 0 0 0 0 0 0 0 55 176 177 177 176 175 173 170 167 165 164 162 160 158 156 154 152 150 147 145 143 142 139 138 136 134 133 132 132 134 135 136 136 137 137 136 135 134 132 128 124 123 126 126 123 119 117 122 127 131 132 130 124 122 119 120 119 100 47 0 0 0 0 0 0 0 0 0 0 0 0 0 0 0 0 0 0 0 0 0 0 0 0 0 0 0 0 0 0 0 0 0 0 0 0 0 0 0 0 0 0 0 0 0 0 0 0 0 0 0 0 0 0 0 0 0 0 0 0 0 0 0 0 0 0 0 0 0 0 0 0 0 0 0 0 0 0 0 0 0 0 0 0 0 0 0 0 0 0 0 0 0 0 0 0 0 0 0 0 0 0 0 0 0 0 0 0 0 0 0 0 0 0 0 0 0 0 0 0 0 0 0 0 0 0 0 0 0 0 0 0 0 0 0 0 0 0 0 0 0 0 0 0 0 0 0 0 0 0 0 0 0 0 0 0 0 0 0 0 0 0 0 0 0 0 0 0 0 0 0 0 0 0 0 0 0 0 0 0 0 0 0 0 0 0 0 0 0 0 0 0 0 0 0 0 0 0 0 0 0 0 0 0 0 0 0 0 0 0 0 0 0 0 0 0 0 0 0 0 0 0 0 0 0 0 0 0 0 0 0 0 0 0 0 0 0 0 0 0 0 0 0 0 0 0 0 0 0 0 0 0 0 0 0 0 0 0 0 0 0 0 0 0 0 0 0 0 0 0 0 0 0 0 0 0 0 0 0 0 0 0 0 0 0 0 0 0 0 0 0 0 0 0 0 0 0 0 0 0 0 0 0 0 0 0 0 0 0 0 0 0 0 0 0 0 0 0 0 0 0 0 0 0 0 0 0 0 0 0 0 0 0 0 0 0 0 0 0 0 0 0 0 0 0 0 0 0 0 0 0 0 0 0 0 0 0 0 
0 0 0 0 0 0 0 0 0 0 0 0 0 0 0 0 0 0 0 0 0 0 0 0 0 0 0 0 0 0 0 0 0 0 0 0 0 0 0 0 0 0 0 0 0 0 0 0 0 0 0 0 0 0 0 0 0 0 0 0 0 0 0 0 0 0 0 0 0 0 0 0 0 0 0 0 0 0 0 0 0 0 0 0 0 0 0 0 0 0 0 0 0 0 0 0 0 0 0 0 0 0 0 0 0 0 0 0 0 0 0 0 0 0 0 0 0 0 0 0 131 175 176 177 177 176 174 171 170 168 165 163 161 159 157 155 153 151 148 145 144 143 141 139 137 135 134 133 133 135 135 135 136 137 137 137 134 134 131 128 123 119 118 118 115 113 114 121 127 131 131 129 124 118 113 114 114 114 114 96 45 0 0 0 0 0 0 0 0 0 0 0 0 0 0 0 0 0 0 0 0 0 0 0 0 0 0 0 0 0 0 0 0 0 0 0 0 0 0 0 0 0 0 0 0 0 0 0 0 0 0 0 0 0 0 0 0 0 0 0 0 0 0 0 0 0 0 0 0 0 0 0 0 0 0 0 0 0 0 0 0 0 0 0 0 0 0 0 0 0 0 0 0 0 0 0 0 0 0 0 0 0 0 0 0 0 0 0 0 0 0 0 0 0 0 0 0 0 0 0 0 0 0 0 0 0 0 0 0 0 0 0 0 0 0 0 0 0 0 0 0 0 0 0 0 0 0 0 0 0 0 0 0 0 0 0 0 0 0 0 0 0 0 0 0 0 0 0 0 0 0 0 0 0 0 0 0 0 0 0 0 0 0 0 0 0 0 0 0 0 0 0 0 0 0 0 0 0 0 0 0 0 0 0 0 0 0 0 0 0 0 0 0 0 0 0 0 0 0 0 0 0 0 0 0 0 0 0 0 0 0 0 0 0 0 0 0 0 0 0 0 0 0 0 0 0 0 0 0 0 0 0 0 0 0 0 0 0 0 0 0 0 0 0 0 0 0 0 0 0 0 0 0 0 0 0 0 0 0 0 0 0 0 0 0 0 0 0 0 0 0 0 0 0 0 0 0 0 0 0 0 0 0 0 0 0 0 0 0 0 0 0 0 0 0 0 0 0 0 0 0 0 0 0 0 0 0 0 0 0 0 0 0 0 0 0 0 0 0 0 0 0 0 0 0 0 0 0 0 0 0 0 0 0 0 0 0 
0 0 0 0 0 0 0 0 0 0 0 0 0 0 0 0 0 0 0 0 0 0 0 0 0 0 0 0 0 0 0 0 0 0 0 0 0 0 0 0 0 0 0 0 0 0 0 0 0 0 0 0 0 0 0 0 0 0 0 0 0 0 0 0 0 0 0 0 0 0 0 0 0 0 0 0 0 0 0 0 0 0 0 0 0 0 0 0 0 0 0 0 0 0 0 0 0 0 0 0 0 0 0 0 0 0 0 0 0 0 0 0 0 0 0 0 0 0 0 49 174 175 175 177 177 176 174 173 172 170 167 165 163 160 158 157 155 153 149 147 147 145 141 140 138 136 135 134 134 134 135 135 135 137 137 136 135 133 130 127 123 118 113 110 105 106 112 120 127 130 131 129 123 115 111 109 107 109 112 114 112 95 46 0 0 0 0 0 0 0 0 0 0 0 0 0 0 0 0 0 0 0 0 0 0 0 0 0 0 0 0 0 0 0 0 0 0 0 0 0 0 0 0 0 0 0 0 0 0 0 0 0 0 0 0 0 0 0 0 0 0 0 0 0 0 0 0 0 0 0 0 0 0 0 0 0 0 0 0 0 0 0 0 0 0 0 0 0 0 0 0 0 0 0 0 0 0 0 0 0 0 0 0 0 0 0 0 0 0 0 0 0 0 0 0 0 0 0 0 0 0 0 0 0 0 0 0 0 0 0 0 0 0 0 0 0 0 0 0 0 0 0 0 0 0 0 0 0 0 0 0 0 0 0 0 0 0 0 0 0 0 0 0 0 0 0 0 0 0 0 0 0 0 0 0 0 0 0 0 0 0 0 0 0 0 0 0 0 0 0 0 0 0 0 0 0 0 0 0 0 0 0 0 0 0 0 0 0 0 0 0 0 0 0 0 0 0 0 0 0 0 0 0 0 0 0 0 0 0 0 0 0 0 0 0 0 0 0 0 0 0 0 0 0 0 0 0 0 0 0 0 0 0 0 0 0 0 0 0 0 0 0 0 0 0 0 0 0 0 0 0 0 0 0 0 0 0 0 0 0 0 0 0 0 0 0 0 0 0 0 0 0 0 0 0 0 0 0 0 0 0 0 0 0 0 0 0 0 0 0 0 0 0 0 0 0 0 0 0 0 0 0 0 0 0 0 0 0 0 0 0 0 0 0 0 0 0 0 0 0 0 0 0 0 0 0 0 0 0 0 0 0 0 0 0 0 0 
0 0 0 0 0 0 0 0 0 0 0 0 0 0 0 0 0 0 0 0 0 0 0 0 0 0 0 0 0 0 0 0 0 0 0 0 0 0 0 0 0 0 0 0 0 0 0 0 0 0 0 0 0 0 0 0 0 0 0 0 0 0 0 0 0 0 0 0 0 0 0 0 0 0 0 0 0 0 0 0 0 0 0 0 0 0 0 0 0 0 0 0 0 0 0 0 0 0 0 0 0 0 0 0 0 0 0 0 0 0 0 0 0 0 0 0 0 0 0 123 174 175 175 176 177 176 176 173 172 171 169 167 165 162 160 158 157 153 151 149 147 145 142 140 138 136 135 134 133 134 135 135 135 137 137 135 135 133 129 125 122 115 108 103 99 103 113 121 128 129 130 127 121 115 111 106 105 107 113 115 112 107 104 94 48 3 0 0 0 0 0 0 0 0 0 0 0 0 0 0 0 0 0 0 0 0 0 0 0 0 0 0 0 0 0 0 0 0 0 0 0 0 0 0 0 0 0 0 0 0 0 0 0 0 0 0 0 0 0 0 0 0 0 0 0 0 0 0 0 0 0 0 0 0 0 0 0 0 0 0 0 0 0 0 0 0 0 0 0 0 0 0 0 0 0 0 0 0 0 0 0 0 0 0 0 0 0 0 0 0 0 0 0 0 0 0 0 0 0 0 0 0 0 0 0 0 0 0 0 0 0 0 0 0 0 0 0 0 0 0 0 0 0 0 0 0 0 0 0 0 0 0 0 0 0 0 0 0 0 0 0 0 0 0 0 0 0 0 0 0 0 0 0 0 0 0 0 0 0 0 0 0 0 0 0 0 0 0 0 0 0 0 0 0 0 0 0 0 0 0 0 0 0 0 0 0 0 0 0 0 0 0 0 0 0 0 0 0 0 0 0 0 0 0 0 0 0 0 0 0 0 0 0 0 0 0 0 0 0 0 0 0 0 0 0 0 0 0 0 0 0 0 0 0 0 0 0 0 0 0 0 0 0 0 0 0 0 0 0 0 0 0 0 0 0 0 0 0 0 0 0 0 0 0 0 0 0 0 0 0 0 0 0 0 0 0 0 0 0 0 0 0 0 0 0 0 0 0 0 0 0 0 0 0 0 0 0 0 0 0 0 0 0 0 0 0 0 0 0 0 0 0 0 0 0 0 0 0 0 0 0 0 0 0 0 0 0 0 0 0 0 0 0 0 0 0 0 
0 0 0 0 0 0 0 0 0 0 0 0 0 0 0 0 0 0 0 0 0 0 0 0 0 0 0 0 0 0 0 0 0 0 0 0 0 0 0 0 0 0 0 0 0 0 0 0 0 0 0 0 0 0 0 0 0 0 0 0 0 0 0 0 0 0 0 0 0 0 0 0 0 0 0 0 0 0 0 0 0 0 0 0 0 0 0 0 0 0 0 0 0 0 0 0 0 0 0 0 0 0 0 0 0 0 0 0 0 0 0 0 0 0 0 0 0 0 42 170 172 173 175 176 177 177 176 174 174 172 169 168 166 164 161 159 157 155 154 151 148 145 144 141 139 137 137 135 134 134 134 135 135 136 136 135 134 132 128 123 117 109 103 96 95 103 114 122 128 128 129 126 119 114 109 105 104 106 111 112 111 107 105 104 101 91 49 3 0 0 0 0 0 0 0 0 0 0 0 0 0 0 0 0 0 0 0 0 0 0 0 0 0 0 0 0 0 0 0 0 0 0 0 0 0 0 0 0 0 0 0 0 0 0 0 0 0 0 0 0 0 0 0 0 0 0 0 0 0 0 0 0 0 0 0 0 0 0 0 0 0 0 0 0 0 0 0 0 0 0 0 0 0 0 0 0 0 0 0 0 0 0 0 0 0 0 0 0 0 0 0 0 0 0 0 0 0 0 0 0 0 0 0 0 0 0 0 0 0 0 0 0 0 0 0 0 0 0 0 0 0 0 0 0 0 0 0 0 0 0 0 0 0 0 0 0 0 0 0 0 0 0 0 0 0 0 0 0 0 0 0 0 0 0 0 0 0 0 0 0 0 0 0 0 0 0 0 0 0 0 0 0 0 0 0 0 0 0 0 0 0 0 0 0 0 0 0 0 0 0 0 0 0 0 0 0 0 0 0 0 0 0 0 0 0 0 0 0 0 0 0 0 0 0 0 0 0 0 0 0 0 0 0 0 0 0 0 0 0 0 0 0 0 0 0 0 0 0 0 0 0 0 0 0 0 0 0 0 0 0 0 0 0 0 0 0 0 0 0 0 0 0 0 0 0 0 0 0 0 0 0 0 0 0 0 0 0 0 0 0 0 0 0 0 0 0 0 0 0 0 0 0 0 0 0 0 0 0 0 0 0 0 0 0 0 0 0 0 0 0 0 0 0 0 0 0 0 0 0 0 0 0 0 0 0 0 0 0 0 0 0 0 0 0 0 0 0 
0 0 0 0 0 0 0 0 0 0 0 0 0 0 0 0 0 0 0 0 0 0 0 0 0 0 0 0 0 0 0 0 0 0 0 0 0 0 0 0 0 0 0 0 0 0 0 0 0 0 0 0 0 0 0 0 0 0 0 0 0 0 0 0 0 0 0 0 0 0 0 0 0 0 0 0 0 0 0 0 0 0 0 0 0 0 0 0 0 0 0 0 0 0 0 0 0 0 0 0 0 0 0 0 0 0 0 0 0 0 0 0 0 0 0 0 0 0 117 170 171 173 174 175 177 177 176 175 174 173 171 169 167 164 162 161 159 157 155 153 149 148 146 144 141 138 136 136 135 134 133 134 135 135 137 136 133 131 128 122 113 103 95 88 90 103 115 121 126 127 126 125 119 112 105 101 101 102 103 105 107 108 107 104 100 103 106 103 53 6 0 0 0 0 0 0 0 0 0 0 0 0 0 0 0 0 0 0 0 0 0 0 0 0 0 0 0 0 0 0 0 0 0 0 0 0 0 0 0 0 0 0 0 0 0 0 0 0 0 0 0 0 0 0 0 0 0 0 0 0 0 0 0 0 0 0 0 0 0 0 0 0 0 0 0 0 0 0 0 0 0 0 0 0 0 0 0 0 0 0 0 0 0 0 0 0 0 0 0 0 0 0 0 0 0 0 0 0 0 0 0 0 0 0 0 0 0 0 0 0 0 0 0 0 0 0 0 0 0 0 0 0 0 0 0 0 0 0 0 0 0 0 0 0 0 0 0 0 0 0 0 0 0 0 0 0 0 0 0 0 0 0 0 0 0 0 0 0 0 0 0 0 0 0 0 0 0 0 0 0 0 0 0 0 0 0 0 0 0 0 0 0 0 0 0 0 0 0 0 0 0 0 0 0 0 0 0 0 0 0 0 0 0 0 0 0 0 0 0 0 0 0 0 0 0 0 0 0 0 0 0 0 0 0 0 0 0 0 0 0 0 0 0 0 0 0 0 0 0 0 0 0 0 0 0 0 0 0 0 0 0 0 0 0 0 0 0 0 0 0 0 0 0 0 0 0 0 0 0 0 0 0 0 0 0 0 0 0 0 0 0 0 0 0 0 0 0 0 0 0 0 0 0 0 0 0 0 0 0 0 0 0 0 0 0 0 0 0 0 0 0 0 0 0 0 0 0 0 0 0 0 0 0 0 0 0 0 0 0 0 0 0 0 0 0 0 0 
0 0 0 0 0 0 0 0 0 0 0 0 0 0 0 0 0 0 0 0 0 0 0 0 0 0 0 0 0 0 0 0 0 0 0 0 0 0 0 0 0 0 0 0 0 0 0 0 0 0 0 0 0 0 0 0 0 0 0 0 0 0 0 0 0 0 0 0 0 0 0 0 0 0 0 0 0 0 0 0 0 0 0 0 0 0 0 0 0 0 0 0 0 0 0 0 0 0 0 0 0 0 0 0 0 0 0 0 0 0 0 0 0 0 0 0 0 37 170 169 171 172 173 175 177 177 176 175 174 173 172 171 168 165 164 162 160 157 156 154 150 148 147 145 142 139 136 136 135 134 133 134 135 135 135 135 131 130 127 121 110 96 85 83 90 103 113 119 123 123 124 124 121 112 103 96 96 99 101 101 104 107 106 104 101 101 104 105 103 93 51 9 0 0 0 0 0 0 0 0 0 0 0 0 0 0 0 0 0 0 0 0 0 0 0 0 0 0 0 0 0 0 0 0 0 0 0 0 0 0 0 0 0 0 0 0 0 0 0 0 0 0 0 0 0 0 0 0 0 0 0 0 0 0 0 0 0 0 0 0 0 0 0 0 0 0 0 0 0 0 0 0 0 0 0 0 0 0 0 0 0 0 0 0 0 0 0 0 0 0 0 0 0 0 0 0 0 0 0 0 0 0 0 0 0 0 0 0 0 0 0 0 0 0 0 0 0 0 0 0 0 0 0 0 0 0 0 0 0 0 0 0 0 0 0 0 0 0 0 0 0 0 0 0 0 0 0 0 0 0 0 0 0 0 0 0 0 0 0 0 0 0 0 0 0 0 0 0 0 0 0 0 0 0 0 0 0 0 0 0 0 0 0 0 0 0 0 0 0 0 0 0 0 0 0 0 0 0 0 0 0 0 0 0 0 0 0 0 0 0 0 0 0 0 0 0 0 0 0 0 0 0 0 0 0 0 0 0 0 0 0 0 0 0 0 0 0 0 0 0 0 0 0 0 0 0 0 0 0 0 0 0 0 0 0 0 0 0 0 0 0 0 0 0 0 0 0 0 0 0 0 0 0 0 0 0 0 0 0 0 0 0 0 0 0 0 0 0 0 0 0 0 0 0 0 0 0 0 0 0 0 0 0 0 0 0 0 0 0 0 0 0 0 0 0 0 0 0 0 0 0 0 0 0 0 0 0 0 0 0 0 0 0 0 0 0 0 
0 0 0 0 0 0 0 0 0 0 0 0 0 0 0 0 0 0 0 0 0 0 0 0 0 0 0 0 0 0 0 0 0 0 0 0 0 0 0 0 0 0 0 0 0 0 0 0 0 0 0 0 0 0 0 0 0 0 0 0 0 0 0 0 0 0 0 0 0 0 0 0 0 0 0 0 0 0 0 0 0 0 0 0 0 0 0 0 0 0 0 0 0 0 0 0 0 0 0 0 0 0 0 0 0 0 0 0 0 0 0 0 0 0 0 0 0 111 170 170 171 171 173 174 175 176 176 175 173 172 171 170 168 165 164 162 160 157 156 154 151 150 148 146 143 140 137 136 135 134 134 134 134 133 134 132 130 128 124 117 104 89 78 79 91 104 111 115 119 121 122 122 121 114 103 95 97 100 102 102 104 104 105 101 94 98 101 101 99 94 94 94 55 12 0 0 0 0 0 0 0 0 0 0 0 0 0 0 0 0 0 0 0 0 0 0 0 0 0 0 0 0 0 0 0 0 0 0 0 0 0 0 0 0 0 0 0 0 0 0 0 0 0 0 0 0 0 0 0 0 0 0 0 0 0 0 0 0 0 0 0 0 0 0 0 0 0 0 0 0 0 0 0 0 0 0 0 0 0 0 0 0 0 0 0 0 0 0 0 0 0 0 0 0 0 0 0 0 0 0 0 0 0 0 0 0 0 0 0 0 0 0 0 0 0 0 0 0 0 0 0 0 0 0 0 0 0 0 0 0 0 0 0 0 0 0 0 0 0 0 0 0 0 0 0 0 0 0 0 0 0 0 0 0 0 0 0 0 0 0 0 0 0 0 0 0 0 0 0 0 0 0 0 0 0 0 0 0 0 0 0 0 0 0 0 0 0 0 0 0 0 0 0 0 0 0 0 0 0 0 0 0 0 0 0 0 0 0 0 0 0 0 0 0 0 0 0 0 0 0 0 0 0 0 0 0 0 0 0 0 0 0 0 0 0 0 0 0 0 0 0 0 0 0 0 0 0 0 0 0 0 0 0 0 0 0 0 0 0 0 0 0 0 0 0 0 0 0 0 0 0 0 0 0 0 0 0 0 0 0 0 0 0 0 0 0 0 0 0 0 0 0 0 0 0 0 0 0 0 0 0 0 0 0 0 0 0 0 0 0 0 0 0 0 0 0 0 0 0 0 0 0 0 0 0 0 0 0 0 0 0 0 0 0 0 0 0 
0 0 0 0 0 0 0 0 0 0 0 0 0 0 0 0 0 0 0 0 0 0 0 0 0 0 0 0 0 0 0 0 0 0 0 0 0 0 0 0 0 0 0 0 0 0 0 0 0 0 0 0 0 0 0 0 0 0 0 0 0 0 0 0 0 0 0 0 0 0 0 0 0 0 0 0 0 0 0 0 0 0 0 0 0 0 0 0 0 0 0 0 0 0 0 0 0 0 0 0 0 0 0 0 0 0 0 0 0 0 0 0 0 0 0 0 37 170 170 170 170 170 171 172 173 174 174 174 173 171 170 169 168 166 164 162 160 158 156 155 153 151 149 147 145 143 139 137 134 135 134 133 133 133 133 130 127 123 119 109 95 81 78 84 95 105 110 112 116 119 118 118 117 113 105 98 99 101 100 101 103 105 104 98 92 94 101 100 95 91 92 95 99 100 56 12 0 0 0 0 0 0 0 0 0 0 0 0 0 0 0 0 0 0 0 0 0 0 0 0 0 0 0 0 0 0 0 0 0 0 0 0 0 0 0 0 0 0 0 0 0 0 0 0 0 0 0 0 0 0 0 0 0 0 0 0 0 0 0 0 0 0 0 0 0 0 0 0 0 0 0 0 0 0 0 0 0 0 0 0 0 0 0 0 0 0 0 0 0 0 0 0 0 0 0 0 0 0 0 0 0 0 0 0 0 0 0 0 0 0 0 0 0 0 0 0 0 0 0 0 0 0 0 0 0 0 0 0 0 0 0 0 0 0 0 0 0 0 0 0 0 0 0 0 0 0 0 0 0 0 0 0 0 0 0 0 0 0 0 0 0 0 0 0 0 0 0 0 0 0 0 0 0 0 0 0 0 0 0 0 0 0 0 0 0 0 0 0 0 0 0 0 0 0 0 0 0 0 0 0 0 0 0 0 0 0 0 0 0 0 0 0 0 0 0 0 0 0 0 0 0 0 0 0 0 0 0 0 0 0 0 0 0 0 0 0 0 0 0 0 0 0 0 0 0 0 0 0 0 0 0 0 0 0 0 0 0 0 0 0 0 0 0 0 0 0 0 0 0 0 0 0 0 0 0 0 0 0 0 0 0 0 0 0 0 0 0 0 0 0 0 0 0 0 0 0 0 0 0 0 0 0 0 0 0 0 0 0 0 0 0 0 0 0 0 0 0 0 0 0 0 0 0 0 0 0 0 0 0 0 0 0 0 0 0 0 0 
0 0 0 0 0 0 0 0 0 0 0 0 0 0 0 0 0 0 0 0 0 0 0 0 0 0 0 0 0 0 0 0 0 0 0 0 0 0 0 0 0 0 0 0 0 0 0 0 0 0 0 0 0 0 0 0 0 0 0 0 0 0 0 0 0 0 0 0 0 0 0 0 0 0 0 0 0 0 0 0 0 0 0 0 0 0 0 0 0 0 0 0 0 0 0 0 0 0 0 0 0 0 0 0 0 0 0 0 0 0 0 0 0 0 0 0 112 170 170 169 169 169 169 170 172 172 173 173 172 172 170 169 168 166 164 162 160 159 157 155 154 151 149 148 146 144 141 137 134 134 133 131 131 131 130 127 122 116 109 99 87 76 80 87 98 107 110 112 115 116 114 112 112 109 102 97 95 96 96 99 104 108 105 95 89 93 97 97 92 91 92 97 102 102 101 100 59 15 0 0 0 0 0 0 0 0 0 0 0 0 0 0 0 0 0 0 0 0 0 0 0 0 0 0 0 0 0 0 0 0 0 0 0 0 0 0 0 0 0 0 0 0 0 0 0 0 0 0 0 0 0 0 0 0 0 0 0 0 0 0 0 0 0 0 0 0 0 0 0 0 0 0 0 0 0 0 0 0 0 0 0 0 0 0 0 0 0 0 0 0 0 0 0 0 0 0 0 0 0 0 0 0 0 0 0 0 0 0 0 0 0 0 0 0 0 0 0 0 0 0 0 0 0 0 0 0 0 0 0 0 0 0 0 0 0 0 0 0 0 0 0 0 0 0 0 0 0 0 0 0 0 0 0 0 0 0 0 0 0 0 0 0 0 0 0 0 0 0 0 0 0 0 0 0 0 0 0 0 0 0 0 0 0 0 0 0 0 0 0 0 0 0 0 0 0 0 0 0 0 0 0 0 0 0 0 0 0 0 0 0 0 0 0 0 0 0 0 0 0 0 0 0 0 0 0 0 0 0 0 0 0 0 0 0 0 0 0 0 0 0 0 0 0 0 0 0 0 0 0 0 0 0 0 0 0 0 0 0 0 0 0 0 0 0 0 0 0 0 0 0 0 0 0 0 0 0 0 0 0 0 0 0 0 0 0 0 0 0 0 0 0 0 0 0 0 0 0 0 0 0 0 0 0 0 0 0 0 0 0 0 0 0 0 0 0 0 0 0 0 0 0 0 0 0 0 0 0 0 0 0 0 0 0 0 0 0 0 
0 0 0 0 0 0 0 0 0 0 0 0 0 0 0 0 0 0 0 0 0 0 0 0 0 0 0 0 0 0 0 0 0 0 0 0 0 0 0 0 0 0 0 0 0 0 0 0 0 0 0 0 0 0 0 0 0 0 0 0 0 0 0 0 0 0 0 0 0 0 0 0 0 0 0 0 0 0 0 0 0 0 0 0 0 0 0 0 0 0 0 0 0 0 0 0 0 0 0 0 0 0 0 0 0 0 0 0 0 0 0 0 0 0 0 32 170 170 169 169 168 167 168 169 170 171 172 172 172 171 170 169 168 167 164 162 161 159 157 155 154 152 149 148 146 144 142 137 134 133 132 131 129 128 126 123 117 109 100 92 84 79 83 91 101 109 112 114 115 114 112 109 106 104 100 95 91 91 94 100 104 105 101 94 91 95 99 94 90 91 95 99 99 99 101 104 103 98 55 15 0 0 0 0 0 0 0 0 0 0 0 0 0 0 0 0 0 0 0 0 0 0 0 0 0 0 0 0 0 0 0 0 0 0 0 0 0 0 0 0 0 0 0 0 0 0 0 0 0 0 0 0 0 0 0 0 0 0 0 0 0 0 0 0 0 0 0 0 0 0 0 0 0 0 0 0 0 0 0 0 0 0 0 0 0 0 0 0 0 0 0 0 0 0 0 0 0 0 0 0 0 0 0 0 0 0 0 0 0 0 0 0 0 0 0 0 0 0 0 0 0 0 0 0 0 0 0 0 0 0 0 0 0 0 0 0 0 0 0 0 0 0 0 0 0 0 0 0 0 0 0 0 0 0 0 0 0 0 0 0 0 0 0 0 0 0 0 0 0 0 0 0 0 0 0 0 0 0 0 0 0 0 0 0 0 0 0 0 0 0 0 0 0 0 0 0 0 0 0 0 0 0 0 0 0 0 0 0 0 0 0 0 0 0 0 0 0 0 0 0 0 0 0 0 0 0 0 0 0 0 0 0 0 0 0 0 0 0 0 0 0 0 0 0 0 0 0 0 0 0 0 0 0 0 0 0 0 0 0 0 0 0 0 0 0 0 0 0 0 0 0 0 0 0 0 0 0 0 0 0 0 0 0 0 0 0 0 0 0 0 0 0 0 0 0 0 0 0 0 0 0 0 0 0 0 0 0 0 0 0 0 0 0 0 0 0 0 0 0 0 0 0 0 0 0 0 0 0 0 0 0 0 0 0 0 0 0 
0 0 0 0 0 0 0 0 0 0 0 0 0 0 0 0 0 0 0 0 0 0 0 0 0 0 0 0 0 0 0 0 0 0 0 0 0 0 0 0 0 0 0 0 0 0 0 0 0 0 0 0 0 0 0 0 0 0 0 0 0 0 0 0 0 0 0 0 0 0 0 0 0 0 0 0 0 0 0 0 0 0 0 0 0 0 0 0 0 0 0 0 0 0 0 0 0 0 0 0 0 0 0 0 0 0 0 0 0 0 0 0 0 0 0 105 169 168 167 167 167 166 167 168 169 170 171 172 172 172 170 169 168 166 164 162 161 159 157 155 154 153 150 148 147 145 142 139 135 133 131 130 128 125 123 118 110 101 93 89 85 83 86 95 103 110 113 115 114 111 110 108 105 101 99 95 94 95 95 97 98 98 97 96 95 98 98 93 89 90 97 98 97 100 105 108 104 96 86 78 48 15 0 0 0 0 0 0 0 0 0 0 0 0 0 0 0 0 0 0 0 0 0 0 0 0 0 0 0 0 0 0 0 0 0 0 0 0 0 0 0 0 0 0 0 0 0 0 0 0 0 0 0 0 0 0 0 0 0 0 0 0 0 0 0 0 0 0 0 0 0 0 0 0 0 0 0 0 0 0 0 0 0 0 0 0 0 0 0 0 0 0 0 0 0 0 0 0 0 0 0 0 0 0 0 0 0 0 0 0 0 0 0 0 0 0 0 0 0 0 0 0 0 0 0 0 0 0 0 0 0 0 0 0 0 0 0 0 0 0 0 0 0 0 0 0 0 0 0 0 0 0 0 0 0 0 0 0 0 0 0 0 0 0 0 0 0 0 0 0 0 0 0 0 0 0 0 0 0 0 0 0 0 0 0 0 0 0 0 0 0 0 0 0 0 0 0 0 0 0 0 0 0 0 0 0 0 0 0 0 0 0 0 0 0 0 0 0 0 0 0 0 0 0 0 0 0 0 0 0 0 0 0 0 0 0 0 0 0 0 0 0 0 0 0 0 0 0 0 0 0 0 0 0 0 0 0 0 0 0 0 0 0 0 0 0 0 0 0 0 0 0 0 0 0 0 0 0 0 0 0 0 0 0 0 0 0 0 0 0 0 0 0 0 0 0 0 0 0 0 0 0 0 0 0 0 0 0 0 0 0 0 0 0 0 0 0 0 0 0 0 0 0 0 0 0 0 0 0 0 0 0 0 0 0 0 0 
0 0 0 0 0 0 0 0 0 0 0 0 0 0 0 0 0 0 0 0 0 0 0 0 0 0 0 0 0 0 0 0 0 0 0 0 0 0 0 0 0 0 0 0 0 0 0 0 0 0 0 0 0 0 0 0 0 0 0 0 0 0 0 0 0 0 0 0 0 0 0 0 0 0 0 0 0 0 0 0 0 0 0 0 0 0 0 0 0 0 0 0 0 0 0 0 0 0 0 0 0 0 0 0 0 0 0 0 0 0 0 0 0 0 26 168 167 166 166 166 166 166 166 168 168 169 170 171 171 171 170 168 167 165 163 162 162 159 158 156 154 153 152 150 147 145 142 140 135 131 128 126 124 122 119 114 104 95 91 89 89 88 92 100 106 111 115 115 112 108 107 104 100 97 97 96 100 99 97 93 90 91 92 90 95 98 95 91 89 90 93 96 98 103 109 111 105 94 86 81 80 84 55 18 0 0 0 0 0 0 0 0 0 0 0 0 0 0 0 0 0 0 0 0 0 0 0 0 0 0 0 0 0 0 0 0 0 0 0 0 0 0 0 0 0 0 0 0 0 0 0 0 0 0 0 0 0 0 0 0 0 0 0 0 0 0 0 0 0 0 0 0 0 0 0 0 0 0 0 0 0 0 0 0 0 0 0 0 0 0 0 0 0 0 0 0 0 0 0 0 0 0 0 0 0 0 0 0 0 0 0 0 0 0 0 0 0 0 0 0 0 0 0 0 0 0 0 0 0 0 0 0 0 0 0 0 0 0 0 0 0 0 0 0 0 0 0 0 0 0 0 0 0 0 0 0 0 0 0 0 0 0 0 0 0 0 0 0 0 0 0 0 0 0 0 0 0 0 0 0 0 0 0 0 0 0 0 0 0 0 0 0 0 0 0 0 0 0 0 0 0 0 0 0 0 0 0 0 0 0 0 0 0 0 0 0 0 0 0 0 0 0 0 0 0 0 0 0 0 0 0 0 0 0 0 0 0 0 0 0 0 0 0 0 0 0 0 0 0 0 0 0 0 0 0 0 0 0 0 0 0 0 0 0 0 0 0 0 0 0 0 0 0 0 0 0 0 0 0 0 0 0 0 0 0 0 0 0 0 0 0 0 0 0 0 0 0 0 0 0 0 0 0 0 0 0 0 0 0 0 0 0 0 0 0 0 0 0 0 0 0 0 0 0 0 0 0 0 0 0 0 0 0 0 0 0 0 
0 0 0 0 0 0 0 0 0 0 0 0 0 0 0 0 0 0 0 0 0 0 0 0 0 0 0 0 0 0 0 0 0 0 0 0 0 0 0 0 0 0 0 0 0 0 0 0 0 0 0 0 0 0 0 0 0 0 0 0 0 0 0 0 0 0 0 0 0 0 0 0 0 0 0 0 0 0 0 0 0 0 0 0 0 0 0 0 0 0 0 0 0 0 0 0 0 0 0 0 0 0 0 0 0 0 0 0 0 0 0 0 0 0 99 166 166 166 165 165 166 166 166 167 167 168 168 169 169 169 167 166 166 165 164 163 162 161 159 158 156 153 152 150 148 145 142 140 136 130 125 123 121 118 113 106 99 93 91 91 93 92 97 103 107 111 113 112 109 107 105 99 96 95 96 96 96 97 94 89 86 85 87 91 94 95 93 90 87 89 93 97 100 104 110 112 105 94 86 80 80 84 85 84 64 27 0 0 0 0 0 0 0 0 0 0 0 0 0 0 0 0 0 0 0 0 0 0 0 0 0 0 0 0 0 0 0 0 0 0 0 0 0 0 0 0 0 0 0 0 0 0 0 0 0 0 0 0 0 0 0 0 0 0 0 0 0 0 0 0 0 0 0 0 0 0 0 0 0 0 0 0 0 0 0 0 0 0 0 0 0 0 0 0 0 0 0 0 0 0 0 0 0 0 0 0 0 0 0 0 0 0 0 0 0 0 0 0 0 0 0 0 0 0 0 0 0 0 0 0 0 0 0 0 0 0 0 0 0 0 0 0 0 0 0 0 0 0 0 0 0 0 0 0 0 0 0 0 0 0 0 0 0 0 0 0 0 0 0 0 0 0 0 0 0 0 0 0 0 0 0 0 0 0 0 0 0 0 0 0 0 0 0 0 0 0 0 0 0 0 0 0 0 0 0 0 0 0 0 0 0 0 0 0 0 0 0 0 0 0 0 0 0 0 0 0 0 0 0 0 0 0 0 0 0 0 0 0 0 0 0 0 0 0 0 0 0 0 0 0 0 0 0 0 0 0 0 0 0 0 0 0 0 0 0 0 0 0 0 0 0 0 0 0 0 0 0 0 0 0 0 0 0 0 0 0 0 0 0 0 0 0 0 0 0 0 0 0 0 0 0 0 0 0 0 0 0 0 0 0 0 0 0 0 0 0 0 0 0 0 0 0 0 0 0 0 0 0 0 0 0 0 0 0 0 0 0 
0 0 0 0 0 0 0 0 0 0 0 0 0 0 0 0 0 0 0 0 0 0 0 0 0 0 0 0 0 0 0 0 0 0 0 0 0 0 0 0 0 0 0 0 0 0 0 0 0 0 0 0 0 0 0 0 0 0 0 0 0 0 0 0 0 0 0 0 0 0 0 0 0 0 0 0 0 0 0 0 0 0 0 0 0 0 0 0 0 0 0 0 0 0 0 0 0 0 0 0 0 0 0 0 0 0 0 0 0 0 0 0 0 26 168 166 166 166 165 165 165 165 165 166 167 167 167 167 167 167 167 166 166 165 164 164 162 161 159 158 156 154 152 150 149 146 143 139 134 130 124 120 118 115 107 101 96 94 93 93 93 94 98 103 109 110 110 108 108 105 102 97 95 95 97 93 93 94 94 91 87 85 85 90 92 94 92 88 87 89 94 97 99 104 111 115 107 95 85 80 82 89 92 81 91 120 94 34 0 0 0 0 0 0 0 0 0 0 0 0 0 0 0 0 0 0 0 0 0 0 0 0 0 0 0 0 0 0 0 0 0 0 0 0 0 0 0 0 0 0 0 0 0 0 0 0 0 0 0 0 0 0 0 0 0 0 0 0 0 0 0 0 0 0 0 0 0 0 0 0 0 0 0 0 0 0 0 0 0 0 0 0 0 0 0 0 0 0 0 0 0 0 0 0 0 0 0 0 0 0 0 0 0 0 0 0 0 0 0 0 0 0 0 0 0 0 0 0 0 0 0 0 0 0 0 0 0 0 0 0 0 0 0 0 0 0 0 0 0 0 0 0 0 0 0 0 0 0 0 0 0 0 0 0 0 0 0 0 0 0 0 0 0 0 0 0 0 0 0 0 0 0 0 0 0 0 0 0 0 0 0 0 0 0 0 0 0 0 0 0 0 0 0 0 0 0 0 0 0 0 0 0 0 0 0 0 0 0 0 0 0 0 0 0 0 0 0 0 0 0 0 0 0 0 0 0 0 0 0 0 0 0 0 0 0 0 0 0 0 0 0 0 0 0 0 0 0 0 0 0 0 0 0 0 0 0 0 0 0 0 0 0 0 0 0 0 0 0 0 0 0 0 0 0 0 0 0 0 0 0 0 0 0 0 0 0 0 0 0 0 0 0 0 0 0 0 0 0 0 0 0 0 0 0 0 0 0 0 0 0 0 0 0 0 0 0 0 0 0 0 0 0 0 0 0 0 0 
0 0 0 0 0 0 0 0 0 0 0 0 0 0 0 0 0 0 0 0 0 0 0 0 0 0 0 0 0 0 0 0 0 0 0 0 0 0 0 0 0 0 0 0 0 0 0 0 0 0 0 0 0 0 0 0 0 0 0 0 0 0 0 0 0 0 0 0 0 0 0 0 0 0 0 0 0 0 0 0 0 0 0 0 0 0 0 0 0 0 0 0 0 0 0 0 0 0 0 0 0 0 0 0 0 0 0 0 0 0 0 0 0 100 168 167 166 165 165 165 164 164 165 165 165 166 166 166 165 166 166 165 165 164 164 163 161 161 159 157 155 154 152 150 148 145 142 137 134 130 123 117 112 108 103 99 97 94 93 94 92 92 97 103 108 108 106 106 108 106 101 97 96 96 95 91 88 90 94 93 90 87 89 93 95 94 90 87 87 89 92 96 99 104 111 116 111 96 85 80 86 95 94 84 91 116 129 139 100 40 0 0 0 0 0 0 0 0 0 0 0 0 0 0 0 0 0 0 0 0 0 0 0 0 0 0 0 0 0 0 0 0 0 0 0 0 0 0 0 0 0 0 0 0 0 0 0 0 0 0 0 0 0 0 0 0 0 0 0 0 0 0 0 0 0 0 0 0 0 0 0 0 0 0 0 0 0 0 0 0 0 0 0 0 0 0 0 0 0 0 0 0 0 0 0 0 0 0 0 0 0 0 0 0 0 0 0 0 0 0 0 0 0 0 0 0 0 0 0 0 0 0 0 0 0 0 0 0 0 0 0 0 0 0 0 0 0 0 0 0 0 0 0 0 0 0 0 0 0 0 0 0 0 0 0 0 0 0 0 0 0 0 0 0 0 0 0 0 0 0 0 0 0 0 0 0 0 0 0 0 0 0 0 0 0 0 0 0 0 0 0 0 0 0 0 0 0 0 0 0 0 0 0 0 0 0 0 0 0 0 0 0 0 0 0 0 0 0 0 0 0 0 0 0 0 0 0 0 0 0 0 0 0 0 0 0 0 0 0 0 0 0 0 0 0 0 0 0 0 0 0 0 0 0 0 0 0 0 0 0 0 0 0 0 0 0 0 0 0 0 0 0 0 0 0 0 0 0 0 0 0 0 0 0 0 0 0 0 0 0 0 0 0 0 0 0 0 0 0 0 0 0 0 0 0 0 0 0 0 0 0 0 0 0 0 0 0 0 0 0 0 0 0 0 0 0 0 
0 0 0 0 0 0 0 0 0 0 0 0 0 0 0 0 0 0 0 0 0 0 0 0 0 0 0 0 0 0 0 0 0 0 0 0 0 0 0 0 0 0 0 0 0 0 0 0 0 0 0 0 0 0 0 0 0 0 0 0 0 0 0 0 0 0 0 0 0 0 0 0 0 0 0 0 0 0 0 0 0 0 0 0 0 0 0 0 0 0 0 0 0 0 0 0 0 0 0 0 0 0 0 0 0 0 0 0 0 0 0 0 21 171 169 167 166 165 165 165 164 164 163 163 163 164 164 164 164 165 165 165 165 164 163 162 161 160 158 156 154 154 151 149 147 144 140 136 132 129 122 113 106 103 102 98 98 96 95 94 90 89 93 99 102 104 103 102 103 103 99 95 91 93 92 88 84 86 90 92 90 89 92 97 95 92 90 88 87 90 93 98 99 102 109 116 111 97 86 83 90 101 101 87 91 113 125 135 141 142 103 42 0 0 0 0 0 0 0 0 0 0 0 0 0 0 0 0 0 0 0 0 0 0 0 0 0 0 0 0 0 0 0 0 0 0 0 0 0 0 0 0 0 0 0 0 0 0 0 0 0 0 0 0 0 0 0 0 0 0 0 0 0 0 0 0 0 0 0 0 0 0 0 0 0 0 0 0 0 0 0 0 0 0 0 0 0 0 0 0 0 0 0 0 0 0 0 0 0 0 0 0 0 0 0 0 0 0 0 0 0 0 0 0 0 0 0 0 0 0 0 0 0 0 0 0 0 0 0 0 0 0 0 0 0 0 0 0 0 0 0 0 0 0 0 0 0 0 0 0 0 0 0 0 0 0 0 0 0 0 0 0 0 0 0 0 0 0 0 0 0 0 0 0 0 0 0 0 0 0 0 0 0 0 0 0 0 0 0 0 0 0 0 0 0 0 0 0 0 0 0 0 0 0 0 0 0 0 0 0 0 0 0 0 0 0 0 0 0 0 0 0 0 0 0 0 0 0 0 0 0 0 0 0 0 0 0 0 0 0 0 0 0 0 0 0 0 0 0 0 0 0 0 0 0 0 0 0 0 0 0 0 0 0 0 0 0 0 0 0 0 0 0 0 0 0 0 0 0 0 0 0 0 0 0 0 0 0 0 0 0 0 0 0 0 0 0 0 0 0 0 0 0 0 0 0 0 0 0 0 0 0 0 0 0 0 0 0 0 0 0 0 0 0 0 0 0 
0 0 0 0 0 0 0 0 0 0 0 0 0 0 0 0 0 0 0 0 0 0 0 0 0 0 0 0 0 0 0 0 0 0 0 0 0 0 0 0 0 0 0 0 0 0 0 0 0 0 0 0 0 0 0 0 0 0 0 0 0 0 0 0 0 0 0 0 0 0 0 0 0 0 0 0 0 0 0 0 0 0 0 0 0 0 0 0 0 0 0 0 0 0 0 0 0 0 0 0 0 0 0 0 0 0 0 0 0 0 0 0 97 171 170 168 166 165 164 164 163 161 161 161 161 162 162 162 163 164 163 163 164 164 162 161 161 159 157 155 154 153 150 148 146 143 139 135 130 125 118 108 102 100 100 98 99 98 95 90 87 86 90 94 97 98 95 96 97 97 95 91 87 88 90 89 88 89 93 93 93 93 94 95 93 91 90 88 88 91 94 96 99 101 107 115 114 100 90 89 99 106 104 91 90 111 122 133 142 147 141 135 103 45 0 0 0 0 0 0 0 0 0 0 0 0 0 0 0 0 0 0 0 0 0 0 0 0 0 0 0 0 0 0 0 0 0 0 0 0 0 0 0 0 0 0 0 0 0 0 0 0 0 0 0 0 0 0 0 0 0 0 0 0 0 0 0 0 0 0 0 0 0 0 0 0 0 0 0 0 0 0 0 0 0 0 0 0 0 0 0 0 0 0 0 0 0 0 0 0 0 0 0 0 0 0 0 0 0 0 0 0 0 0 0 0 0 0 0 0 0 0 0 0 0 0 0 0 0 0 0 0 0 0 0 0 0 0 0 0 0 0 0 0 0 0 0 0 0 0 0 0 0 0 0 0 0 0 0 0 0 0 0 0 0 0 0 0 0 0 0 0 0 0 0 0 0 0 0 0 0 0 0 0 0 0 0 0 0 0 0 0 0 0 0 0 0 0 0 0 0 0 0 0 0 0 0 0 0 0 0 0 0 0 0 0 0 0 0 0 0 0 0 0 0 0 0 0 0 0 0 0 0 0 0 0 0 0 0 0 0 0 0 0 0 0 0 0 0 0 0 0 0 0 0 0 0 0 0 0 0 0 0 0 0 0 0 0 0 0 0 0 0 0 0 0 0 0 0 0 0 0 0 0 0 0 0 0 0 0 0 0 0 0 0 0 0 0 0 0 0 0 0 0 0 0 0 0 0 0 0 0 0 0 0 0 0 0 0 0 0 0 0 0 0 0 0 
0 0 0 0 0 0 0 0 0 0 0 0 0 0 0 0 0 0 0 0 0 0 0 0 0 0 0 0 0 0 0 0 0 0 0 0 0 0 0 0 0 0 0 0 0 0 0 0 0 0 0 0 0 0 0 0 0 0 0 0 0 0 0 0 0 0 0 0 0 0 0 0 0 0 0 0 0 0 0 0 0 0 0 0 0 0 0 0 0 0 0 0 0 0 0 0 0 0 0 0 0 0 0 0 0 0 0 0 0 0 0 16 173 171 170 168 167 165 164 164 162 160 159 159 159 160 160 160 162 162 162 163 163 163 162 161 159 158 156 154 152 150 148 146 145 141 137 133 127 121 112 102 98 99 99 98 97 95 91 87 85 84 87 89 89 90 93 94 94 92 89 85 83 88 92 94 93 93 94 95 95 96 96 95 92 89 88 88 90 93 94 95 98 98 104 115 115 104 95 97 107 113 109 93 91 107 122 133 144 151 147 142 137 132 104 47 0 0 0 0 0 0 0 0 0 0 0 0 0 0 0 0 0 0 0 0 0 0 0 0 0 0 0 0 0 0 0 0 0 0 0 0 0 0 0 0 0 0 0 0 0 0 0 0 0 0 0 0 0 0 0 0 0 0 0 0 0 0 0 0 0 0 0 0 0 0 0 0 0 0 0 0 0 0 0 0 0 0 0 0 0 0 0 0 0 0 0 0 0 0 0 0 0 0 0 0 0 0 0 0 0 0 0 0 0 0 0 0 0 0 0 0 0 0 0 0 0 0 0 0 0 0 0 0 0 0 0 0 0 0 0 0 0 0 0 0 0 0 0 0 0 0 0 0 0 0 0 0 0 0 0 0 0 0 0 0 0 0 0 0 0 0 0 0 0 0 0 0 0 0 0 0 0 0 0 0 0 0 0 0 0 0 0 0 0 0 0 0 0 0 0 0 0 0 0 0 0 0 0 0 0 0 0 0 0 0 0 0 0 0 0 0 0 0 0 0 0 0 0 0 0 0 0 0 0 0 0 0 0 0 0 0 0 0 0 0 0 0 0 0 0 0 0 0 0 0 0 0 0 0 0 0 0 0 0 0 0 0 0 0 0 0 0 0 0 0 0 0 0 0 0 0 0 0 0 0 0 0 0 0 0 0 0 0 0 0 0 0 0 0 0 0 0 0 0 0 0 0 0 0 0 0 0 0 0 0 0 0 0 0 0 0 0 0 0 0 0 
0 0 0 0 0 0 0 0 0 0 0 0 0 0 0 0 0 0 0 0 0 0 0 0 0 0 0 0 0 0 0 0 0 0 0 0 0 0 0 0 0 0 0 0 0 0 0 0 0 0 0 0 0 0 0 0 0 0 0 0 0 0 0 0 0 0 0 0 0 0 0 0 0 0 0 0 0 0 0 0 0 0 0 0 0 0 0 0 0 0 0 0 0 0 0 0 0 0 0 0 0 0 0 0 0 0 0 0 0 0 0 93 174 173 170 168 166 164 164 163 160 159 159 158 158 157 157 159 161 161 162 162 162 161 161 160 159 158 156 153 150 148 146 146 144 139 135 128 123 117 107 99 98 100 98 97 94 91 86 86 85 84 84 83 83 86 93 93 89 85 81 79 81 86 90 93 93 92 93 94 94 96 96 94 90 89 88 89 91 93 93 92 95 97 101 114 120 110 101 103 114 118 112 98 88 106 121 135 146 152 153 152 145 137 136 139 117 55 0 0 0 0 0 0 0 0 0 0 0 0 0 0 0 0 0 0 0 0 0 0 0 0 0 0 0 0 0 0 0 0 0 0 0 0 0 0 0 0 0 0 0 0 0 0 0 0 0 0 0 0 0 0 0 0 0 0 0 0 0 0 0 0 0 0 0 0 0 0 0 0 0 0 0 0 0 0 0 0 0 0 0 0 0 0 0 0 0 0 0 0 0 0 0 0 0 0 0 0 0 0 0 0 0 0 0 0 0 0 0 0 0 0 0 0 0 0 0 0 0 0 0 0 0 0 0 0 0 0 0 0 0 0 0 0 0 0 0 0 0 0 0 0 0 0 0 0 0 0 0 0 0 0 0 0 0 0 0 0 0 0 0 0 0 0 0 0 0 0 0 0 0 0 0 0 0 0 0 0 0 0 0 0 0 0 0 0 0 0 0 0 0 0 0 0 0 0 0 0 0 0 0 0 0 0 0 0 0 0 0 0 0 0 0 0 0 0 0 0 0 0 0 0 0 0 0 0 0 0 0 0 0 0 0 0 0 0 0 0 0 0 0 0 0 0 0 0 0 0 0 0 0 0 0 0 0 0 0 0 0 0 0 0 0 0 0 0 0 0 0 0 0 0 0 0 0 0 0 0 0 0 0 0 0 0 0 0 0 0 0 0 0 0 0 0 0 0 0 0 0 0 0 0 0 0 0 0 0 0 0 0 0 0 0 0 0 0 0 
0 0 0 0 0 0 0 0 0 0 0 0 0 0 0 0 0 0 0 0 0 0 0 0 0 0 0 0 0 0 0 0 0 0 0 0 0 0 0 0 0 0 0 0 0 0 0 0 0 0 0 0 0 0 0 0 0 0 0 0 0 0 0 0 0 0 0 0 0 0 0 0 0 0 0 0 0 0 0 0 0 0 0 0 0 0 0 0 0 0 0 0 0 0 0 0 0 0 0 0 0 0 0 0 0 0 0 0 0 0 11 172 175 173 170 168 166 165 163 161 159 159 157 158 158 156 157 158 159 159 160 161 161 159 158 158 157 156 155 153 150 146 144 143 140 136 130 123 118 113 104 99 101 102 99 94 91 86 85 87 87 83 79 77 80 84 87 87 83 80 79 75 77 81 85 87 87 86 88 89 90 93 91 91 91 90 90 90 90 93 91 90 93 96 102 114 122 116 105 106 120 125 119 104 95 106 121 135 146 151 153 155 150 143 139 142 146 147 123 58 0 0 0 0 0 0 0 0 0 0 0 0 0 0 0 0 0 0 0 0 0 0 0 0 0 0 0 0 0 0 0 0 0 0 0 0 0 0 0 0 0 0 0 0 0 0 0 0 0 0 0 0 0 0 0 0 0 0 0 0 0 0 0 0 0 0 0 0 0 0 0 0 0 0 0 0 0 0 0 0 0 0 0 0 0 0 0 0 0 0 0 0 0 0 0 0 0 0 0 0 0 0 0 0 0 0 0 0 0 0 0 0 0 0 0 0 0 0 0 0 0 0 0 0 0 0 0 0 0 0 0 0 0 0 0 0 0 0 0 0 0 0 0 0 0 0 0 0 0 0 0 0 0 0 0 0 0 0 0 0 0 0 0 0 0 0 0 0 0 0 0 0 0 0 0 0 0 0 0 0 0 0 0 0 0 0 0 0 0 0 0 0 0 0 0 0 0 0 0 0 0 0 0 0 0 0 0 0 0 0 0 0 0 0 0 0 0 0 0 0 0 0 0 0 0 0 0 0 0 0 0 0 0 0 0 0 0 0 0 0 0 0 0 0 0 0 0 0 0 0 0 0 0 0 0 0 0 0 0 0 0 0 0 0 0 0 0 0 0 0 0 0 0 0 0 0 0 0 0 0 0 0 0 0 0 0 0 0 0 0 0 0 0 0 0 0 0 0 0 0 0 0 0 0 0 0 0 0 0 0 0 0 0 0 0 0 0 
0 0 0 0 0 0 0 0 0 0 0 0 0 0 0 0 0 0 0 0 0 0 0 0 0 0 0 0 0 0 0 0 0 0 0 0 0 0 0 0 0 0 0 0 0 0 0 0 0 0 0 0 0 0 0 0 0 0 0 0 0 0 0 0 0 0 0 0 0 0 0 0 0 0 0 0 0 0 0 0 0 0 0 0 0 0 0 0 0 0 0 0 0 0 0 0 0 0 0 0 0 0 0 0 0 0 0 0 0 0 95 178 177 175 171 169 167 165 164 161 160 158 158 157 157 156 156 157 157 158 159 158 159 159 158 157 156 155 153 150 148 145 142 140 137 132 126 119 115 109 102 100 102 104 98 90 83 83 82 82 80 75 74 76 79 80 81 82 79 78 76 74 75 76 79 80 78 79 82 85 86 86 87 89 90 91 91 91 91 92 91 91 92 97 103 112 125 123 111 112 123 130 123 109 94 110 123 136 145 148 150 153 154 148 142 146 150 150 146 140 116 55 0 0 0 0 0 0 0 0 0 0 0 0 0 0 0 0 0 0 0 0 0 0 0 0 0 0 0 0 0 0 0 0 0 0 0 0 0 0 0 0 0 0 0 0 0 0 0 0 0 0 0 0 0 0 0 0 0 0 0 0 0 0 0 0 0 0 0 0 0 0 0 0 0 0 0 0 0 0 0 0 0 0 0 0 0 0 0 0 0 0 0 0 0 0 0 0 0 0 0 0 0 0 0 0 0 0 0 0 0 0 0 0 0 0 0 0 0 0 0 0 0 0 0 0 0 0 0 0 0 0 0 0 0 0 0 0 0 0 0 0 0 0 0 0 0 0 0 0 0 0 0 0 0 0 0 0 0 0 0 0 0 0 0 0 0 0 0 0 0 0 0 0 0 0 0 0 0 0 0 0 0 0 0 0 0 0 0 0 0 0 0 0 0 0 0 0 0 0 0 0 0 0 0 0 0 0 0 0 0 0 0 0 0 0 0 0 0 0 0 0 0 0 0 0 0 0 0 0 0 0 0 0 0 0 0 0 0 0 0 0 0 0 0 0 0 0 0 0 0 0 0 0 0 0 0 0 0 0 0 0 0 0 0 0 0 0 0 0 0 0 0 0 0 0 0 0 0 0 0 0 0 0 0 0 0 0 0 0 0 0 0 0 0 0 0 0 0 0 0 0 0 0 0 0 0 0 0 0 0 0 0 0 0 0 0 
0 0 0 0 0 0 0 0 0 0 0 0 0 0 0 0 0 0 0 0 0 0 0 0 0 0 0 0 0 0 0 0 0 0 0 0 0 0 0 0 0 0 0 0 0 0 0 0 0 0 0 0 0 0 0 0 0 0 0 0 0 0 0 0 0 0 0 0 0 0 0 0 0 0 0 0 0 0 0 0 0 0 0 0 0 0 0 0 0 0 0 0 0 0 0 0 0 0 0 0 0 0 0 0 0 0 0 0 0 11 175 179 175 174 172 169 167 166 164 161 161 159 159 157 156 155 155 155 156 158 159 159 158 159 158 156 155 153 153 150 147 144 140 137 134 127 121 116 111 105 100 97 100 99 93 84 79 77 74 75 74 72 75 79 79 76 74 73 70 71 73 73 71 70 69 71 73 77 79 81 82 83 85 87 88 89 91 91 90 90 92 92 93 100 105 110 123 126 114 111 123 131 124 108 101 110 123 136 146 148 149 153 156 152 147 148 151 149 144 140 137 136 117 58 0 0 0 0 0 0 0 0 0 0 0 0 0 0 0 0 0 0 0 0 0 0 0 0 0 0 0 0 0 0 0 0 0 0 0 0 0 0 0 0 0 0 0 0 0 0 0 0 0 0 0 0 0 0 0 0 0 0 0 0 0 0 0 0 0 0 0 0 0 0 0 0 0 0 0 0 0 0 0 0 0 0 0 0 0 0 0 0 0 0 0 0 0 0 0 0 0 0 0 0 0 0 0 0 0 0 0 0 0 0 0 0 0 0 0 0 0 0 0 0 0 0 0 0 0 0 0 0 0 0 0 0 0 0 0 0 0 0 0 0 0 0 0 0 0 0 0 0 0 0 0 0 0 0 0 0 0 0 0 0 0 0 0 0 0 0 0 0 0 0 0 0 0 0 0 0 0 0 0 0 0 0 0 0 0 0 0 0 0 0 0 0 0 0 0 0 0 0 0 0 0 0 0 0 0 0 0 0 0 0 0 0 0 0 0 0 0 0 0 0 0 0 0 0 0 0 0 0 0 0 0 0 0 0 0 0 0 0 0 0 0 0 0 0 0 0 0 0 0 0 0 0 0 0 0 0 0 0 0 0 0 0 0 0 0 0 0 0 0 0 0 0 0 0 0 0 0 0 0 0 0 0 0 0 0 0 0 0 0 0 0 0 0 0 0 0 0 0 0 0 0 0 0 0 0 0 0 0 0 0 0 0 0 
0 0 0 0 0 0 0 0 0 0 0 0 0 0 0 0 0 0 0 0 0 0 0 0 0 0 0 0 0 0 0 0 0 0 0 0 0 0 0 0 0 0 0 0 0 0 0 0 0 0 0 0 0 0 0 0 0 0 0 0 0 0 0 0 0 0 0 0 0 0 0 0 0 0 0 0 0 0 0 0 0 0 0 0 0 0 0 0 0 0 0 0 0 0 0 0 0 0 0 0 0 0 0 0 0 0 0 0 0 91 181 180 177 175 172 170 168 167 164 162 161 160 159 157 156 155 155 155 157 158 159 159 159 160 158 156 154 152 151 149 146 143 138 133 128 121 116 111 106 102 98 95 96 95 87 79 72 68 66 69 72 72 75 78 74 69 66 65 65 67 71 71 67 65 65 69 76 81 81 81 82 83 83 86 89 91 91 91 90 89 91 94 98 105 108 110 120 125 118 114 121 129 120 101 99 111 124 136 145 149 150 154 158 154 151 151 150 146 142 140 138 138 136 135 121 62 4 0 0 0 0 0 0 0 0 0 0 0 0 0 0 0 0 0 0 0 0 0 0 0 0 0 0 0 0 0 0 0 0 0 0 0 0 0 0 0 0 0 0 0 0 0 0 0 0 0 0 0 0 0 0 0 0 0 0 0 0 0 0 0 0 0 0 0 0 0 0 0 0 0 0 0 0 0 0 0 0 0 0 0 0 0 0 0 0 0 0 0 0 0 0 0 0 0 0 0 0 0 0 0 0 0 0 0 0 0 0 0 0 0 0 0 0 0 0 0 0 0 0 0 0 0 0 0 0 0 0 0 0 0 0 0 0 0 0 0 0 0 0 0 0 0 0 0 0 0 0 0 0 0 0 0 0 0 0 0 0 0 0 0 0 0 0 0 0 0 0 0 0 0 0 0 0 0 0 0 0 0 0 0 0 0 0 0 0 0 0 0 0 0 0 0 0 0 0 0 0 0 0 0 0 0 0 0 0 0 0 0 0 0 0 0 0 0 0 0 0 0 0 0 0 0 0 0 0 0 0 0 0 0 0 0 0 0 0 0 0 0 0 0 0 0 0 0 0 0 0 0 0 0 0 0 0 0 0 0 0 0 0 0 0 0 0 0 0 0 0 0 0 0 0 0 0 0 0 0 0 0 0 0 0 0 0 0 0 0 0 0 0 0 0 0 0 0 0 0 0 0 0 0 0 0 0 0 0 0 0 
0 0 0 0 0 0 0 0 0 0 0 0 0 0 0 0 0 0 0 0 0 0 0 0 0 0 0 0 0 0 0 0 0 0 0 0 0 0 0 0 0 0 0 0 0 0 0 0 0 0 0 0 0 0 0 0 0 0 0 0 0 0 0 0 0 0 0 0 0 0 0 0 0 0 0 0 0 0 0 0 0 0 0 0 0 0 0 0 0 0 0 0 0 0 0 0 0 0 0 0 0 0 0 0 0 0 0 0 6 172 182 180 178 175 173 172 170 168 166 164 162 161 160 158 156 156 156 155 157 157 158 159 160 160 160 158 156 153 150 146 144 140 136 130 122 114 109 105 100 96 95 93 93 91 84 76 68 63 64 67 68 70 70 69 65 63 61 61 63 65 70 67 64 64 66 73 81 84 82 83 86 87 88 89 90 90 90 89 89 88 93 100 104 108 110 112 120 130 124 117 122 122 112 99 99 111 124 138 145 149 151 155 157 156 155 154 150 145 142 143 141 141 140 138 135 131 122 67 8 0 0 0 0 0 0 0 0 0 0 0 0 0 0 0 0 0 0 0 0 0 0 0 0 0 0 0 0 0 0 0 0 0 0 0 0 0 0 0 0 0 0 0 0 0 0 0 0 0 0 0 0 0 0 0 0 0 0 0 0 0 0 0 0 0 0 0 0 0 0 0 0 0 0 0 0 0 0 0 0 0 0 0 0 0 0 0 0 0 0 0 0 0 0 0 0 0 0 0 0 0 0 0 0 0 0 0 0 0 0 0 0 0 0 0 0 0 0 0 0 0 0 0 0 0 0 0 0 0 0 0 0 0 0 0 0 0 0 0 0 0 0 0 0 0 0 0 0 0 0 0 0 0 0 0 0 0 0 0 0 0 0 0 0 0 0 0 0 0 0 0 0 0 0 0 0 0 0 0 0 0 0 0 0 0 0 0 0 0 0 0 0 0 0 0 0 0 0 0 0 0 0 0 0 0 0 0 0 0 0 0 0 0 0 0 0 0 0 0 0 0 0 0 0 0 0 0 0 0 0 0 0 0 0 0 0 0 0 0 0 0 0 0 0 0 0 0 0 0 0 0 0 0 0 0 0 0 0 0 0 0 0 0 0 0 0 0 0 0 0 0 0 0 0 0 0 0 0 0 0 0 0 0 0 0 0 0 0 0 0 0 0 0 0 0 0 0 0 0 0 0 0 0 0 0 0 0 0 
0 0 0 0 0 0 0 0 0 0 0 0 0 0 0 0 0 0 0 0 0 0 0 0 0 0 0 0 0 0 0 0 0 0 0 0 0 0 0 0 0 0 0 0 0 0 0 0 0 0 0 0 0 0 0 0 0 0 0 0 0 0 0 0 0 0 0 0 0 0 0 0 0 0 0 0 0 0 0 0 0 0 0 0 0 0 0 0 0 0 0 0 0 0 0 0 0 0 0 0 0 0 0 0 0 0 0 0 87 185 183 181 179 176 174 172 171 169 167 165 164 163 160 159 157 157 156 155 156 157 157 159 160 161 160 159 156 153 149 145 141 135 131 126 118 108 101 96 94 93 93 94 93 91 84 78 72 67 67 69 69 70 68 64 61 62 60 60 64 67 69 65 62 65 68 76 82 83 82 86 92 93 92 92 91 91 91 90 89 91 97 106 109 112 115 118 125 134 132 124 123 121 111 101 105 115 124 135 143 149 150 154 156 155 156 154 148 143 143 144 144 145 143 142 136 131 132 135 126 65 7 0 0 0 0 0 0 0 0 0 0 0 0 0 0 0 0 0 0 0 0 0 0 0 0 0 0 0 0 0 0 0 0 0 0 0 0 0 0 0 0 0 0 0 0 0 0 0 0 0 0 0 0 0 0 0 0 0 0 0 0 0 0 0 0 0 0 0 0 0 0 0 0 0 0 0 0 0 0 0 0 0 0 0 0 0 0 0 0 0 0 0 0 0 0 0 0 0 0 0 0 0 0 0 0 0 0 0 0 0 0 0 0 0 0 0 0 0 0 0 0 0 0 0 0 0 0 0 0 0 0 0 0 0 0 0 0 0 0 0 0 0 0 0 0 0 0 0 0 0 0 0 0 0 0 0 0 0 0 0 0 0 0 0 0 0 0 0 0 0 0 0 0 0 0 0 0 0 0 0 0 0 0 0 0 0 0 0 0 0 0 0 0 0 0 0 0 0 0 0 0 0 0 0 0 0 0 0 0 0 0 0 0 0 0 0 0 0 0 0 0 0 0 0 0 0 0 0 0 0 0 0 0 0 0 0 0 0 0 0 0 0 0 0 0 0 0 0 0 0 0 0 0 0 0 0 0 0 0 0 0 0 0 0 0 0 0 0 0 0 0 0 0 0 0 0 0 0 0 0 0 0 0 0 0 0 0 0 0 0 0 0 0 0 0 0 0 0 0 0 0 0 0 0 0 0 0 
0 0 0 0 0 0 0 0 0 0 0 0 0 0 0 0 0 0 0 0 0 0 0 0 0 0 0 0 0 0 0 0 0 0 0 0 0 0 0 0 0 0 0 0 0 0 0 0 0 0 0 0 0 0 0 0 0 0 0 0 0 0 0 0 0 0 0 0 0 0 0 0 0 0 0 0 0 0 0 0 0 0 0 0 0 0 0 0 0 0 0 0 0 0 0 0 0 0 0 0 0 0 0 0 0 0 0 0 169 185 183 182 180 177 175 174 173 170 168 167 165 164 161 160 159 158 157 156 157 158 158 159 160 161 161 159 157 154 150 144 138 131 125 120 112 103 93 87 88 88 91 93 93 90 88 84 79 74 74 73 74 73 71 68 66 66 62 61 66 70 69 65 63 65 69 76 83 82 82 88 93 95 95 94 95 95 94 93 92 92 99 109 116 118 121 123 128 137 136 130 128 125 120 114 115 120 124 133 143 149 151 152 153 155 155 154 147 142 143 142 143 147 147 145 139 133 134 139 138 129 120 68 12 0 0 0 0 0 0 0 0 0 0 0 0 0 0 0 0 0 0 0 0 0 0 0 0 0 0 0 0 0 0 0 0 0 0 0 0 0 0 0 0 0 0 0 0 0 0 0 0 0 0 0 0 0 0 0 0 0 0 0 0 0 0 0 0 0 0 0 0 0 0 0 0 0 0 0 0 0 0 0 0 0 0 0 0 0 0 0 0 0 0 0 0 0 0 0 0 0 0 0 0 0 0 0 0 0 0 0 0 0 0 0 0 0 0 0 0 0 0 0 0 0 0 0 0 0 0 0 0 0 0 0 0 0 0 0 0 0 0 0 0 0 0 0 0 0 0 0 0 0 0 0 0 0 0 0 0 0 0 0 0 0 0 0 0 0 0 0 0 0 0 0 0 0 0 0 0 0 0 0 0 0 0 0 0 0 0 0 0 0 0 0 0 0 0 0 0 0 0 0 0 0 0 0 0 0 0 0 0 0 0 0 0 0 0 0 0 0 0 0 0 0 0 0 0 0 0 0 0 0 0 0 0 0 0 0 0 0 0 0 0 0 0 0 0 0 0 0 0 0 0 0 0 0 0 0 0 0 0 0 0 0 0 0 0 0 0 0 0 0 0 0 0 0 0 0 0 0 0 0 0 0 0 0 0 0 0 0 0 0 0 0 0 0 0 0 0 0 0 0 0 0 0 0 0 
0 0 0 0 0 0 0 0 0 0 0 0 0 0 0 0 0 0 0 0 0 0 0 0 0 0 0 0 0 0 0 0 0 0 0 0 0 0 0 0 0 0 0 0 0 0 0 0 0 0 0 0 0 0 0 0 0 0 0 0 0 0 0 0 0 0 0 0 0 0 0 0 0 0 0 0 0 0 0 0 0 0 0 0 0 0 0 0 0 0 0 0 0 0 0 0 0 0 0 0 0 0 0 0 0 0 0 82 188 187 184 182 181 178 177 176 174 171 169 168 167 165 164 162 161 160 159 159 158 158 158 160 162 162 161 159 158 155 151 144 136 126 120 116 108 99 92 85 84 85 88 92 89 90 93 92 87 83 81 78 79 79 78 76 74 72 67 65 70 73 70 65 65 66 70 75 80 84 85 87 90 94 94 96 100 100 97 96 97 96 101 110 122 130 128 126 130 139 141 134 131 131 128 125 125 123 125 135 145 152 152 151 152 155 155 153 148 144 142 141 141 147 149 146 139 137 138 142 142 134 125 127 137 81 17 0 0 0 0 0 0 0 0 0 0 0 0 0 0 0 0 0 0 0 0 0 0 0 0 0 0 0 0 0 0 0 0 0 0 0 0 0 0 0 0 0 0 0 0 0 0 0 0 0 0 0 0 0 0 0 0 0 0 0 0 0 0 0 0 0 0 0 0 0 0 0 0 0 0 0 0 0 0 0 0 0 0 0 0 0 0 0 0 0 0 0 0 0 0 0 0 0 0 0 0 0 0 0 0 0 0 0 0 0 0 0 0 0 0 0 0 0 0 0 0 0 0 0 0 0 0 0 0 0 0 0 0 0 0 0 0 0 0 0 0 0 0 0 0 0 0 0 0 0 0 0 0 0 0 0 0 0 0 0 0 0 0 0 0 0 0 0 0 0 0 0 0 0 0 0 0 0 0 0 0 0 0 0 0 0 0 0 0 0 0 0 0 0 0 0 0 0 0 0 0 0 0 0 0 0 0 0 0 0 0 0 0 0 0 0 0 0 0 0 0 0 0 0 0 0 0 0 0 0 0 0 0 0 0 0 0 0 0 0 0 0 0 0 0 0 0 0 0 0 0 0 0 0 0 0 0 0 0 0 0 0 0 0 0 0 0 0 0 0 0 0 0 0 0 0 0 0 0 0 0 0 0 0 0 0 0 0 0 0 0 0 0 0 0 0 0 0 0 0 0 0 0 
0 0 0 0 0 0 0 0 0 0 0 0 0 0 0 0 0 0 0 0 0 0 0 0 0 0 0 0 0 0 0 0 0 0 0 0 0 0 0 0 0 0 0 0 0 0 0 0 0 0 0 0 0 0 0 0 0 0 0 0 0 0 0 0 0 0 0 0 0 0 0 0 0 0 0 0 0 0 0 0 0 0 0 0 0 0 0 0 0 0 0 0 0 0 0 0 0 0 0 0 0 0 0 0 0 0 0 166 188 187 185 183 181 180 179 178 175 173 172 170 168 167 165 164 163 163 162 162 162 160 160 161 162 162 161 160 159 156 152 144 134 123 114 109 104 98 93 89 86 86 90 91 89 91 95 96 91 88 84 83 82 83 83 83 82 78 74 71 75 77 74 70 68 68 70 73 77 82 87 89 88 90 92 95 102 105 102 100 99 100 104 113 127 137 135 129 131 141 144 137 134 134 135 135 133 129 127 137 147 152 151 150 151 154 155 153 150 146 143 141 139 144 149 145 138 143 142 142 145 139 129 128 137 143 128 57 11 0 0 0 0 0 0 0 0 0 0 0 0 0 0 0 0 0 0 0 0 0 0 0 0 0 0 0 0 0 0 0 0 0 0 0 0 0 0 0 0 0 0 0 0 0 0 0 0 0 0 0 0 0 0 0 0 0 0 0 0 0 0 0 0 0 0 0 0 0 0 0 0 0 0 0 0 0 0 0 0 0 0 0 0 0 0 0 0 0 0 0 0 0 0 0 0 0 0 0 0 0 0 0 0 0 0 0 0 0 0 0 0 0 0 0 0 0 0 0 0 0 0 0 0 0 0 0 0 0 0 0 0 0 0 0 0 0 0 0 0 0 0 0 0 0 0 0 0 0 0 0 0 0 0 0 0 0 0 0 0 0 0 0 0 0 0 0 0 0 0 0 0 0 0 0 0 0 0 0 0 0 0 0 0 0 0 0 0 0 0 0 0 0 0 0 0 0 0 0 0 0 0 0 0 0 0 0 0 0 0 0 0 0 0 0 0 0 0 0 0 0 0 0 0 0 0 0 0 0 0 0 0 0 0 0 0 0 0 0 0 0 0 0 0 0 0 0 0 0 0 0 0 0 0 0 0 0 0 0 0 0 0 0 0 0 0 0 0 0 0 0 0 0 0 0 0 0 0 0 0 0 0 0 0 0 0 0 0 0 0 0 0 0 0 0 0 0 0 0 0 
0 0 0 0 0 0 0 0 0 0 0 0 0 0 0 0 0 0 0 0 0 0 0 0 0 0 0 0 0 0 0 0 0 0 0 0 0 0 0 0 0 0 0 0 0 0 0 0 0 0 0 0 0 0 0 0 0 0 0 0 0 0 0 0 0 0 0 0 0 0 0 0 0 0 0 0 0 0 0 0 0 0 0 0 0 0 0 0 0 0 0 0 0 0 0 0 0 0 0 0 0 0 0 0 0 0 83 191 190 187 186 184 182 181 180 178 176 175 173 172 170 168 167 167 166 166 165 164 164 164 164 164 164 162 162 161 159 157 150 143 132 120 108 103 100 97 93 91 86 86 90 92 90 91 95 95 92 88 85 84 85 87 87 88 87 85 82 80 82 84 80 75 72 71 71 72 78 87 93 93 90 88 90 95 102 108 107 103 101 103 106 115 130 140 140 133 132 140 146 140 138 137 139 141 141 136 132 138 148 152 149 148 150 154 155 153 152 151 148 143 136 142 147 143 140 143 143 142 146 143 134 130 135 141 134 107 88 59 18 0 0 0 0 0 0 0 0 0 0 0 0 0 0 0 0 0 0 0 0 0 0 0 0 0 0 0 0 0 0 0 0 0 0 0 0 0 0 0 0 0 0 0 0 0 0 0 0 0 0 0 0 0 0 0 0 0 0 0 0 0 0 0 0 0 0 0 0 0 0 0 0 0 0 0 0 0 0 0 0 0 0 0 0 0 0 0 0 0 0 0 0 0 0 0 0 0 0 0 0 0 0 0 0 0 0 0 0 0 0 0 0 0 0 0 0 0 0 0 0 0 0 0 0 0 0 0 0 0 0 0 0 0 0 0 0 0 0 0 0 0 0 0 0 0 0 0 0 0 0 0 0 0 0 0 0 0 0 0 0 0 0 0 0 0 0 0 0 0 0 0 0 0 0 0 0 0 0 0 0 0 0 0 0 0 0 0 0 0 0 0 0 0 0 0 0 0 0 0 0 0 0 0 0 0 0 0 0 0 0 0 0 0 0 0 0 0 0 0 0 0 0 0 0 0 0 0 0 0 0 0 0 0 0 0 0 0 0 0 0 0 0 0 0 0 0 0 0 0 0 0 0 0 0 0 0 0 0 0 0 0 0 0 0 0 0 0 0 0 0 0 0 0 0 0 0 0 0 0 0 0 0 0 0 0 0 0 0 0 0 0 0 0 0 0 0 0 0 
0 0 0 0 0 0 0 0 0 0 0 0 0 0 0 0 0 0 0 0 0 0 0 0 0 0 0 0 0 0 0 0 0 0 0 0 0 0 0 0 0 0 0 0 0 0 0 0 0 0 0 0 0 0 0 0 0 0 0 0 0 0 0 0 0 0 0 0 0 0 0 0 0 0 0 0 0 0 0 0 0 0 0 0 0 0 0 0 0 0 0 0 0 0 0 0 0 0 0 0 0 0 0 0 0 0 168 191 189 188 187 185 183 183 182 179 178 177 175 173 171 170 170 169 169 168 167 166 166 166 165 165 165 164 163 162 161 157 151 142 130 116 102 97 95 94 91 87 85 85 88 90 90 90 93 93 91 90 88 87 88 88 88 88 91 92 89 88 88 88 84 78 75 75 74 77 86 95 101 102 97 92 92 96 101 110 113 108 104 105 110 117 128 140 145 138 132 140 146 144 140 139 142 144 146 141 136 139 147 150 147 146 147 151 154 151 151 151 150 145 139 143 150 146 142 144 144 144 145 144 138 130 132 139 136 120 102 108 121 80 24 0 0 0 0 0 0 0 0 0 0 0 0 0 0 0 0 0 0 0 0 0 0 0 0 0 0 0 0 0 0 0 0 0 0 0 0 0 0 0 0 0 0 0 0 0 0 0 0 0 0 0 0 0 0 0 0 0 0 0 0 0 0 0 0 0 0 0 0 0 0 0 0 0 0 0 0 0 0 0 0 0 0 0 0 0 0 0 0 0 0 0 0 0 0 0 0 0 0 0 0 0 0 0 0 0 0 0 0 0 0 0 0 0 0 0 0 0 0 0 0 0 0 0 0 0 0 0 0 0 0 0 0 0 0 0 0 0 0 0 0 0 0 0 0 0 0 0 0 0 0 0 0 0 0 0 0 0 0 0 0 0 0 0 0 0 0 0 0 0 0 0 0 0 0 0 0 0 0 0 0 0 0 0 0 0 0 0 0 0 0 0 0 0 0 0 0 0 0 0 0 0 0 0 0 0 0 0 0 0 0 0 0 0 0 0 0 0 0 0 0 0 0 0 0 0 0 0 0 0 0 0 0 0 0 0 0 0 0 0 0 0 0 0 0 0 0 0 0 0 0 0 0 0 0 0 0 0 0 0 0 0 0 0 0 0 0 0 0 0 0 0 0 0 0 0 0 0 0 0 0 0 0 0 0 0 0 0 0 0 0 0 0 0 0 0 0 
0 0 0 0 0 0 0 0 0 0 0 0 0 0 0 0 0 0 0 0 0 0 0 0 0 0 0 0 0 0 0 0 0 0 0 0 0 0 0 0 0 0 0 0 0 0 0 0 0 0 0 0 0 0 0 0 0 0 0 0 0 0 0 0 0 0 0 0 0 0 0 0 0 0 0 0 0 0 0 0 0 0 0 0 0 0 0 0 0 0 0 0 0 0 0 0 0 0 0 0 0 0 0 0 0 77 191 190 190 188 187 186 185 184 182 180 179 178 177 175 173 173 173 171 171 170 169 168 167 167 166 166 165 165 165 163 162 157 152 142 130 113 98 91 89 89 87 84 84 83 85 87 87 89 92 91 91 91 92 91 91 90 88 89 92 95 93 91 91 92 87 82 80 79 78 81 90 100 108 111 105 99 98 100 104 110 115 114 108 108 110 116 126 138 145 141 133 138 148 147 143 141 143 144 146 143 139 140 146 147 145 145 145 148 151 150 148 147 150 148 145 145 149 148 144 144 144 144 143 144 141 133 131 135 139 134 118 112 125 130 130 85 26 0 0 0 0 0 0 0 0 0 0 0 0 0 0 0 0 0 0 0 0 0 0 0 0 0 0 0 0 0 0 0 0 0 0 0 0 0 0 0 0 0 0 0 0 0 0 0 0 0 0 0 0 0 0 0 0 0 0 0 0 0 0 0 0 0 0 0 0 0 0 0 0 0 0 0 0 0 0 0 0 0 0 0 0 0 0 0 0 0 0 0 0 0 0 0 0 0 0 0 0 0 0 0 0 0 0 0 0 0 0 0 0 0 0 0 0 0 0 0 0 0 0 0 0 0 0 0 0 0 0 0 0 0 0 0 0 0 0 0 0 0 0 0 0 0 0 0 0 0 0 0 0 0 0 0 0 0 0 0 0 0 0 0 0 0 0 0 0 0 0 0 0 0 0 0 0 0 0 0 0 0 0 0 0 0 0 0 0 0 0 0 0 0 0 0 0 0 0 0 0 0 0 0 0 0 0 0 0 0 0 0 0 0 0 0 0 0 0 0 0 0 0 0 0 0 0 0 0 0 0 0 0 0 0 0 0 0 0 0 0 0 0 0 0 0 0 0 0 0 0 0 0 0 0 0 0 0 0 0 0 0 0 0 0 0 0 0 0 0 0 0 0 0 0 0 0 0 0 0 0 0 0 0 0 0 0 0 0 0 0 0 0 0 0 
0 0 0 0 0 0 0 0 0 0 0 0 0 0 0 0 0 0 0 0 0 0 0 0 0 0 0 0 0 0 0 0 0 0 0 0 0 0 0 0 0 0 0 0 0 0 0 0 0 0 0 0 0 0 0 0 0 0 0 0 0 0 0 0 0 0 0 0 0 0 0 0 0 0 0 0 0 0 0 0 0 0 0 0 0 0 0 0 0 0 0 0 0 0 0 0 0 0 0 0 0 0 0 0 0 161 191 191 190 189 188 187 186 185 184 182 181 180 179 178 176 176 175 173 172 171 171 170 169 168 167 166 166 166 166 167 163 157 151 141 129 114 98 88 82 81 83 84 84 81 80 79 84 87 90 89 89 90 91 92 93 90 89 89 93 96 96 95 96 93 91 89 89 84 83 83 88 99 109 115 113 110 107 107 110 114 120 120 116 113 115 117 122 134 145 143 137 138 146 151 148 145 145 145 146 144 141 141 145 145 143 143 143 145 150 149 145 145 149 150 146 144 149 150 147 143 141 142 143 146 144 137 132 137 143 140 124 116 123 130 133 136 143 93 30 0 0 0 0 0 0 0 0 0 0 0 0 0 0 0 0 0 0 0 0 0 0 0 0 0 0 0 0 0 0 0 0 0 0 0 0 0 0 0 0 0 0 0 0 0 0 0 0 0 0 0 0 0 0 0 0 0 0 0 0 0 0 0 0 0 0 0 0 0 0 0 0 0 0 0 0 0 0 0 0 0 0 0 0 0 0 0 0 0 0 0 0 0 0 0 0 0 0 0 0 0 0 0 0 0 0 0 0 0 0 0 0 0 0 0 0 0 0 0 0 0 0 0 0 0 0 0 0 0 0 0 0 0 0 0 0 0 0 0 0 0 0 0 0 0 0 0 0 0 0 0 0 0 0 0 0 0 0 0 0 0 0 0 0 0 0 0 0 0 0 0 0 0 0 0 0 0 0 0 0 0 0 0 0 0 0 0 0 0 0 0 0 0 0 0 0 0 0 0 0 0 0 0 0 0 0 0 0 0 0 0 0 0 0 0 0 0 0 0 0 0 0 0 0 0 0 0 0 0 0 0 0 0 0 0 0 0 0 0 0 0 0 0 0 0 0 0 0 0 0 0 0 0 0 0 0 0 0 0 0 0 0 0 0 0 0 0 0 0 0 0 0 0 0 0 0 0 0 0 0 0 0 0 0 0 0 0 0 0 0 0 0 
0 0 0 0 0 0 0 0 0 0 0 0 0 0 0 0 0 0 0 0 0 0 0 0 0 0 0 0 0 0 0 0 0 0 0 0 0 0 0 0 0 0 0 0 0 0 0 0 0 0 0 0 0 0 0 0 0 0 0 0 0 0 0 0 0 0 0 0 0 0 0 0 0 0 0 0 0 0 0 0 0 0 0 0 0 0 0 0 0 0 0 0 0 0 0 0 0 0 0 0 0 0 0 0 72 193 192 191 191 190 189 188 187 186 185 183 183 182 181 180 179 178 176 174 173 173 172 171 171 170 169 168 167 166 165 165 162 157 149 137 125 114 98 85 76 75 78 82 83 79 77 78 82 84 86 87 87 88 89 91 93 90 89 90 94 98 100 100 100 99 97 98 98 94 90 85 86 96 109 117 119 120 120 120 121 123 126 126 122 117 119 120 121 130 141 145 140 139 144 149 149 149 148 147 146 146 142 141 144 144 143 143 144 146 148 148 142 143 148 150 143 139 144 148 147 143 138 140 146 148 146 142 138 138 142 145 130 121 126 130 133 137 139 138 137 91 31 0 0 0 0 0 0 0 0 0 0 0 0 0 0 0 0 0 0 0 0 0 0 0 0 0 0 0 0 0 0 0 0 0 0 0 0 0 0 0 0 0 0 0 0 0 0 0 0 0 0 0 0 0 0 0 0 0 0 0 0 0 0 0 0 0 0 0 0 0 0 0 0 0 0 0 0 0 0 0 0 0 0 0 0 0 0 0 0 0 0 0 0 0 0 0 0 0 0 0 0 0 0 0 0 0 0 0 0 0 0 0 0 0 0 0 0 0 0 0 0 0 0 0 0 0 0 0 0 0 0 0 0 0 0 0 0 0 0 0 0 0 0 0 0 0 0 0 0 0 0 0 0 0 0 0 0 0 0 0 0 0 0 0 0 0 0 0 0 0 0 0 0 0 0 0 0 0 0 0 0 0 0 0 0 0 0 0 0 0 0 0 0 0 0 0 0 0 0 0 0 0 0 0 0 0 0 0 0 0 0 0 0 0 0 0 0 0 0 0 0 0 0 0 0 0 0 0 0 0 0 0 0 0 0 0 0 0 0 0 0 0 0 0 0 0 0 0 0 0 0 0 0 0 0 0 0 0 0 0 0 0 0 0 0 0 0 0 0 0 0 0 0 0 0 0 0 0 0 0 0 0 0 0 0 0 0 0 0 0 0 
0 0 0 0 0 0 0 0 0 0 0 0 0 0 0 0 0 0 0 0 0 0 0 0 0 0 0 0 0 0 0 0 0 0 0 0 0 0 0 0 0 0 0 0 0 0 0 0 0 0 0 0 0 0 0 0 0 0 0 0 0 0 0 0 0 0 0 0 0 0 0 0 0 0 0 0 0 0 0 0 0 0 0 0 0 0 0 0 0 0 0 0 0 0 0 0 0 0 0 0 0 0 0 0 157 193 192 191 191 191 190 188 188 186 185 184 185 184 183 181 180 180 177 176 175 174 174 173 172 171 170 169 168 167 166 165 161 155 144 131 121 111 96 81 72 71 74 77 80 78 77 77 80 81 83 85 86 86 88 90 90 91 89 91 96 99 100 101 103 103 103 106 107 105 98 91 88 94 105 116 120 125 128 129 130 130 130 129 125 120 122 125 124 126 137 144 144 140 140 145 148 148 150 148 147 146 142 141 143 143 141 141 144 143 146 146 141 139 144 148 142 135 140 146 146 144 141 142 146 146 143 143 138 135 139 143 136 129 129 128 132 141 137 134 137 129 124 90 36 0 0 0 0 0 0 0 0 0 0 0 0 0 0 0 0 0 0 0 0 0 0 0 0 0 0 0 0 0 0 0 0 0 0 0 0 0 0 0 0 0 0 0 0 0 0 0 0 0 0 0 0 0 0 0 0 0 0 0 0 0 0 0 0 0 0 0 0 0 0 0 0 0 0 0 0 0 0 0 0 0 0 0 0 0 0 0 0 0 0 0 0 0 0 0 0 0 0 0 0 0 0 0 0 0 0 0 0 0 0 0 0 0 0 0 0 0 0 0 0 0 0 0 0 0 0 0 0 0 0 0 0 0 0 0 0 0 0 0 0 0 0 0 0 0 0 0 0 0 0 0 0 0 0 0 0 0 0 0 0 0 0 0 0 0 0 0 0 0 0 0 0 0 0 0 0 0 0 0 0 0 0 0 0 0 0 0 0 0 0 0 0 0 0 0 0 0 0 0 0 0 0 0 0 0 0 0 0 0 0 0 0 0 0 0 0 0 0 0 0 0 0 0 0 0 0 0 0 0 0 0 0 0 0 0 0 0 0 0 0 0 0 0 0 0 0 0 0 0 0 0 0 0 0 0 0 0 0 0 0 0 0 0 0 0 0 0 0 0 0 0 0 0 0 0 0 0 0 0 0 0 0 0 0 0 0 0 0 
0 0 0 0 0 0 0 0 0 0 0 0 0 0 0 0 0 0 0 0 0 0 0 0 0 0 0 0 0 0 0 0 0 0 0 0 0 0 0 0 0 0 0 0 0 0 0 0 0 0 0 0 0 0 0 0 0 0 0 0 0 0 0 0 0 0 0 0 0 0 0 0 0 0 0 0 0 0 0 0 0 0 0 0 0 0 0 0 0 0 0 0 0 0 0 0 0 0 0 0 0 0 0 72 193 193 192 191 191 191 190 190 189 188 187 185 185 185 184 183 182 181 179 178 176 175 175 174 174 173 171 170 168 167 165 164 160 152 142 129 119 108 94 80 70 66 67 72 77 78 78 78 78 80 81 81 84 86 90 92 93 93 93 95 98 101 102 106 108 109 107 108 111 108 104 98 92 93 102 112 118 125 131 135 134 135 135 131 127 124 124 128 128 126 134 144 149 142 137 140 143 145 148 150 149 146 139 140 142 141 137 136 137 140 144 145 138 135 140 145 141 136 139 143 144 142 140 142 145 143 141 142 137 132 136 141 141 136 132 126 131 139 137 129 134 122 120 128 129 93 37 0 0 0 0 0 0 0 0 0 0 0 0 0 0 0 0 0 0 0 0 0 0 0 0 0 0 0 0 0 0 0 0 0 0 0 0 0 0 0 0 0 0 0 0 0 0 0 0 0 0 0 0 0 0 0 0 0 0 0 0 0 0 0 0 0 0 0 0 0 0 0 0 0 0 0 0 0 0 0 0 0 0 0 0 0 0 0 0 0 0 0 0 0 0 0 0 0 0 0 0 0 0 0 0 0 0 0 0 0 0 0 0 0 0 0 0 0 0 0 0 0 0 0 0 0 0 0 0 0 0 0 0 0 0 0 0 0 0 0 0 0 0 0 0 0 0 0 0 0 0 0 0 0 0 0 0 0 0 0 0 0 0 0 0 0 0 0 0 0 0 0 0 0 0 0 0 0 0 0 0 0 0 0 0 0 0 0 0 0 0 0 0 0 0 0 0 0 0 0 0 0 0 0 0 0 0 0 0 0 0 0 0 0 0 0 0 0 0 0 0 0 0 0 0 0 0 0 0 0 0 0 0 0 0 0 0 0 0 0 0 0 0 0 0 0 0 0 0 0 0 0 0 0 0 0 0 0 0 0 0 0 0 0 0 0 0 0 0 0 0 0 0 0 0 0 0 0 0 0 0 0 0 0 0 0 0 
0 0 0 0 0 0 0 0 0 0 0 0 0 0 0 0 0 0 0 0 0 0 0 0 0 0 0 0 0 0 0 0 0 0 0 0 0 0 0 0 0 0 0 0 0 0 0 0 0 0 0 0 0 0 0 0 0 0 0 0 0 0 0 0 0 0 0 0 0 0 0 0 0 0 0 0 0 0 0 0 0 0 0 0 0 0 0 0 0 0 0 0 0 0 0 0 0 0 0 0 0 0 0 157 194 193 192 192 191 191 191 190 190 189 188 187 186 186 185 184 184 182 182 180 178 176 176 175 175 174 173 171 168 166 164 162 158 151 140 128 116 104 92 81 71 64 63 69 75 79 79 80 80 80 77 78 82 86 92 96 98 99 101 103 103 104 106 108 110 113 110 110 111 113 110 105 99 98 104 111 115 122 132 136 138 139 138 133 129 127 127 132 132 131 134 141 146 144 137 135 137 139 143 149 150 143 136 135 138 141 133 127 128 135 141 141 136 133 138 144 139 138 139 138 139 139 139 140 146 145 140 140 135 132 134 137 140 139 132 119 126 136 133 125 121 115 117 126 126 127 134 100 41 0 0 0 0 0 0 0 0 0 0 0 0 0 0 0 0 0 0 0 0 0 0 0 0 0 0 0 0 0 0 0 0 0 0 0 0 0 0 0 0 0 0 0 0 0 0 0 0 0 0 0 0 0 0 0 0 0 0 0 0 0 0 0 0 0 0 0 0 0 0 0 0 0 0 0 0 0 0 0 0 0 0 0 0 0 0 0 0 0 0 0 0 0 0 0 0 0 0 0 0 0 0 0 0 0 0 0 0 0 0 0 0 0 0 0 0 0 0 0 0 0 0 0 0 0 0 0 0 0 0 0 0 0 0 0 0 0 0 0 0 0 0 0 0 0 0 0 0 0 0 0 0 0 0 0 0 0 0 0 0 0 0 0 0 0 0 0 0 0 0 0 0 0 0 0 0 0 0 0 0 0 0 0 0 0 0 0 0 0 0 0 0 0 0 0 0 0 0 0 0 0 0 0 0 0 0 0 0 0 0 0 0 0 0 0 0 0 0 0 0 0 0 0 0 0 0 0 0 0 0 0 0 0 0 0 0 0 0 0 0 0 0 0 0 0 0 0 0 0 0 0 0 0 0 0 0 0 0 0 0 0 0 0 0 0 0 0 0 0 0 0 0 0 0 0 0 0 0 0 0 0 0 0 0 
0 0 0 0 0 0 0 0 0 0 0 0 0 0 0 0 0 0 0 0 0 0 0 0 0 0 0 0 0 0 0 0 0 0 0 0 0 0 0 0 0 0 0 0 0 0 0 0 0 0 0 0 0 0 0 0 0 0 0 0 0 0 0 0 0 0 0 0 0 0 0 0 0 0 0 0 0 0 0 0 0 0 0 0 0 0 0 0 0 0 0 0 0 0 0 0 0 0 0 0 0 0 66 193 194 192 192 192 192 191 191 191 191 190 189 188 188 187 187 186 185 184 183 182 180 178 176 175 175 174 173 171 168 165 162 160 157 151 140 126 112 101 93 86 76 68 68 72 76 78 79 81 81 79 78 79 82 88 94 100 104 106 107 109 109 107 106 104 108 112 112 110 110 110 111 107 104 106 110 114 117 121 126 133 141 143 144 139 133 130 131 134 134 133 135 138 141 141 137 131 129 130 136 145 149 140 132 129 129 134 129 122 122 131 138 138 133 130 134 140 139 139 141 134 135 134 136 140 147 144 137 135 134 133 133 131 135 134 127 118 122 131 130 118 115 101 111 123 124 127 130 130 129 101 46 0 0 0 0 0 0 0 0 0 0 0 0 0 0 0 0 0 0 0 0 0 0 0 0 0 0 0 0 0 0 0 0 0 0 0 0 0 0 0 0 0 0 0 0 0 0 0 0 0 0 0 0 0 0 0 0 0 0 0 0 0 0 0 0 0 0 0 0 0 0 0 0 0 0 0 0 0 0 0 0 0 0 0 0 0 0 0 0 0 0 0 0 0 0 0 0 0 0 0 0 0 0 0 0 0 0 0 0 0 0 0 0 0 0 0 0 0 0 0 0 0 0 0 0 0 0 0 0 0 0 0 0 0 0 0 0 0 0 0 0 0 0 0 0 0 0 0 0 0 0 0 0 0 0 0 0 0 0 0 0 0 0 0 0 0 0 0 0 0 0 0 0 0 0 0 0 0 0 0 0 0 0 0 0 0 0 0 0 0 0 0 0 0 0 0 0 0 0 0 0 0 0 0 0 0 0 0 0 0 0 0 0 0 0 0 0 0 0 0 0 0 0 0 0 0 0 0 0 0 0 0 0 0 0 0 0 0 0 0 0 0 0 0 0 0 0 0 0 0 0 0 0 0 0 0 0 0 0 0 0 0 0 0 0 0 0 0 0 0 0 0 0 0 0 0 0 0 0 0 0 0 0 
0 0 0 0 0 0 0 0 0 0 0 0 0 0 0 0 0 0 0 0 0 0 0 0 0 0 0 0 0 0 0 0 0 0 0 0 0 0 0 0 0 0 0 0 0 0 0 0 0 0 0 0 0 0 0 0 0 0 0 0 0 0 0 0 0 0 0 0 0 0 0 0 0 0 0 0 0 0 0 0 0 0 0 0 0 0 0 0 0 0 0 0 0 0 0 0 0 0 0 0 0 0 151 193 192 192 193 192 191 192 191 191 191 190 189 188 188 188 188 187 186 186 184 183 181 179 176 175 175 174 174 171 169 164 160 156 153 148 138 124 109 99 95 89 80 74 74 77 80 78 80 80 80 82 83 82 85 90 96 107 110 114 113 112 112 111 106 100 102 106 110 113 112 111 108 105 106 110 113 119 122 123 123 129 137 144 147 144 138 133 134 137 136 134 134 135 134 135 135 127 119 121 129 139 144 140 130 120 115 128 127 118 120 126 134 136 132 126 130 140 136 140 141 134 126 125 133 137 145 142 132 127 128 133 131 126 129 132 127 114 122 132 127 120 109 99 113 127 123 125 128 128 129 131 133 104 47 0 0 0 0 0 0 0 0 0 0 0 0 0 0 0 0 0 0 0 0 0 0 0 0 0 0 0 0 0 0 0 0 0 0 0 0 0 0 0 0 0 0 0 0 0 0 0 0 0 0 0 0 0 0 0 0 0 0 0 0 0 0 0 0 0 0 0 0 0 0 0 0 0 0 0 0 0 0 0 0 0 0 0 0 0 0 0 0 0 0 0 0 0 0 0 0 0 0 0 0 0 0 0 0 0 0 0 0 0 0 0 0 0 0 0 0 0 0 0 0 0 0 0 0 0 0 0 0 0 0 0 0 0 0 0 0 0 0 0 0 0 0 0 0 0 0 0 0 0 0 0 0 0 0 0 0 0 0 0 0 0 0 0 0 0 0 0 0 0 0 0 0 0 0 0 0 0 0 0 0 0 0 0 0 0 0 0 0 0 0 0 0 0 0 0 0 0 0 0 0 0 0 0 0 0 0 0 0 0 0 0 0 0 0 0 0 0 0 0 0 0 0 0 0 0 0 0 0 0 0 0 0 0 0 0 0 0 0 0 0 0 0 0 0 0 0 0 0 0 0 0 0 0 0 0 0 0 0 0 0 0 0 0 0 0 0 0 0 0 0 0 0 0 0 0 0 0 0 0 0 
0 0 0 0 0 0 0 0 0 0 0 0 0 0 0 0 0 0 0 0 0 0 0 0 0 0 0 0 0 0 0 0 0 0 0 0 0 0 0 0 0 0 0 0 0 0 0 0 0 0 0 0 0 0 0 0 0 0 0 0 0 0 0 0 0 0 0 0 0 0 0 0 0 0 0 0 0 0 0 0 0 0 0 0 0 0 0 0 0 0 0 0 0 0 0 0 0 0 0 0 0 60 193 193 192 192 192 192 192 192 191 191 191 191 190 190 190 189 189 188 188 186 184 184 182 180 178 176 175 174 173 172 169 164 158 152 148 143 135 120 107 97 93 90 84 80 79 82 81 81 82 82 81 84 86 86 88 91 98 107 114 119 116 114 114 113 106 97 94 99 107 114 117 115 111 107 106 107 111 118 123 125 124 128 134 143 149 149 149 142 137 137 139 136 133 132 128 125 126 121 115 114 120 131 138 139 132 117 109 118 124 117 117 120 131 134 130 125 129 136 135 138 143 137 117 118 129 136 140 136 125 118 122 136 128 120 128 129 119 109 117 128 122 118 109 106 117 125 124 126 128 128 127 129 131 133 137 110 49 0 0 0 0 0 0 0 0 0 0 0 0 0 0 0 0 0 0 0 0 0 0 0 0 0 0 0 0 0 0 0 0 0 0 0 0 0 0 0 0 0 0 0 0 0 0 0 0 0 0 0 0 0 0 0 0 0 0 0 0 0 0 0 0 0 0 0 0 0 0 0 0 0 0 0 0 0 0 0 0 0 0 0 0 0 0 0 0 0 0 0 0 0 0 0 0 0 0 0 0 0 0 0 0 0 0 0 0 0 0 0 0 0 0 0 0 0 0 0 0 0 0 0 0 0 0 0 0 0 0 0 0 0 0 0 0 0 0 0 0 0 0 0 0 0 0 0 0 0 0 0 0 0 0 0 0 0 0 0 0 0 0 0 0 0 0 0 0 0 0 0 0 0 0 0 0 0 0 0 0 0 0 0 0 0 0 0 0 0 0 0 0 0 0 0 0 0 0 0 0 0 0 0 0 0 0 0 0 0 0 0 0 0 0 0 0 0 0 0 0 0 0 0 0 0 0 0 0 0 0 0 0 0 0 0 0 0 0 0 0 0 0 0 0 0 0 0 0 0 0 0 0 0 0 0 0 0 0 0 0 0 0 0 0 0 0 0 0 0 0 0 0 0 0 0 0 0 0 
0 0 0 0 0 0 0 0 0 0 0 0 0 0 0 0 0 0 0 0 0 0 0 0 0 0 0 0 0 0 0 0 0 0 0 0 0 0 0 0 0 0 0 0 0 0 0 0 0 0 0 0 0 0 0 0 0 0 0 0 0 0 0 0 0 0 0 0 0 0 0 0 0 0 0 0 0 0 0 0 0 0 0 0 0 0 0 0 0 0 0 0 0 0 0 0 0 0 0 0 0 145 193 193 192 192 192 192 192 191 191 191 190 190 190 190 190 190 190 189 189 187 185 184 182 180 179 177 174 172 171 170 168 163 156 149 142 136 128 114 101 95 91 89 86 82 81 80 80 79 81 83 82 83 84 87 92 92 96 105 114 117 116 116 118 119 113 101 95 96 102 110 118 121 120 115 110 107 107 112 119 124 127 130 133 139 147 152 154 148 139 137 139 137 130 125 123 114 115 114 109 110 115 124 131 133 132 114 103 114 122 118 113 117 128 133 131 124 127 132 131 136 142 133 113 109 124 133 134 131 122 113 120 130 122 112 121 125 109 104 113 118 114 112 111 108 116 127 122 127 128 124 120 122 125 126 136 135 128 112 54 0 0 0 0 0 0 0 0 0 0 0 0 0 0 0 0 0 0 0 0 0 0 0 0 0 0 0 0 0 0 0 0 0 0 0 0 0 0 0 0 0 0 0 0 0 0 0 0 0 0 0 0 0 0 0 0 0 0 0 0 0 0 0 0 0 0 0 0 0 0 0 0 0 0 0 0 0 0 0 0 0 0 0 0 0 0 0 0 0 0 0 0 0 0 0 0 0 0 0 0 0 0 0 0 0 0 0 0 0 0 0 0 0 0 0 0 0 0 0 0 0 0 0 0 0 0 0 0 0 0 0 0 0 0 0 0 0 0 0 0 0 0 0 0 0 0 0 0 0 0 0 0 0 0 0 0 0 0 0 0 0 0 0 0 0 0 0 0 0 0 0 0 0 0 0 0 0 0 0 0 0 0 0 0 0 0 0 0 0 0 0 0 0 0 0 0 0 0 0 0 0 0 0 0 0 0 0 0 0 0 0 0 0 0 0 0 0 0 0 0 0 0 0 0 0 0 0 0 0 0 0 0 0 0 0 0 0 0 0 0 0 0 0 0 0 0 0 0 0 0 0 0 0 0 0 0 0 0 0 0 0 0 0 0 0 0 0 0 0 0 0 0 0 0 0 0 
0 0 0 0 0 0 0 0 0 0 0 0 0 0 0 0 0 0 0 0 0 0 0 0 0 0 0 0 0 0 0 0 0 0 0 0 0 0 0 0 0 0 0 0 0 0 0 0 0 0 0 0 0 0 0 0 0 0 0 0 0 0 0 0 0 0 0 0 0 0 0 0 0 0 0 0 0 0 0 0 0 0 0 0 0 0 0 0 0 0 0 0 0 0 0 0 0 0 0 0 54 193 192 193 192 192 193 192 191 191 191 191 191 191 191 191 191 190 189 189 189 188 187 184 182 181 179 177 174 171 168 167 164 159 153 145 138 129 121 109 99 92 90 91 88 84 83 81 79 79 80 83 83 83 85 88 91 93 96 104 110 114 113 115 119 123 119 111 101 97 98 107 117 123 127 125 120 112 105 107 113 120 127 130 132 137 145 151 154 152 145 138 140 139 128 122 119 110 106 107 105 104 111 121 125 120 115 107 102 109 119 119 111 114 126 132 132 124 122 129 131 134 143 132 103 103 118 127 128 126 121 107 114 125 109 103 115 118 108 102 106 114 104 107 107 101 112 125 124 126 127 121 115 116 114 124 132 132 129 132 132 102 42 0 0 0 0 0 0 0 0 0 0 0 0 0 0 0 0 0 0 0 0 0 0 0 0 0 0 0 0 0 0 0 0 0 0 0 0 0 0 0 0 0 0 0 0 0 0 0 0 0 0 0 0 0 0 0 0 0 0 0 0 0 0 0 0 0 0 0 0 0 0 0 0 0 0 0 0 0 0 0 0 0 0 0 0 0 0 0 0 0 0 0 0 0 0 0 0 0 0 0 0 0 0 0 0 0 0 0 0 0 0 0 0 0 0 0 0 0 0 0 0 0 0 0 0 0 0 0 0 0 0 0 0 0 0 0 0 0 0 0 0 0 0 0 0 0 0 0 0 0 0 0 0 0 0 0 0 0 0 0 0 0 0 0 0 0 0 0 0 0 0 0 0 0 0 0 0 0 0 0 0 0 0 0 0 0 0 0 0 0 0 0 0 0 0 0 0 0 0 0 0 0 0 0 0 0 0 0 0 0 0 0 0 0 0 0 0 0 0 0 0 0 0 0 0 0 0 0 0 0 0 0 0 0 0 0 0 0 0 0 0 0 0 0 0 0 0 0 0 0 0 0 0 0 0 0 0 0 0 0 0 0 0 0 0 0 0 0 0 0 0 0 0 0 0 
0 0 0 0 0 0 0 0 0 0 0 0 0 0 0 0 0 0 0 0 0 0 0 0 0 0 0 0 0 0 0 0 0 0 0 0 0 0 0 0 0 0 0 0 0 0 0 0 0 0 0 0 0 0 0 0 0 0 0 0 0 0 0 0 0 0 0 0 0 0 0 0 0 0 0 0 0 0 0 0 0 0 0 0 0 0 0 0 0 0 0 0 0 0 0 0 0 0 0 0 144 193 193 193 192 192 193 192 192 192 191 191 191 191 191 191 191 191 189 190 189 188 187 184 183 181 179 176 173 170 167 164 161 156 150 141 133 121 112 102 94 90 90 93 93 90 87 84 81 79 80 83 85 86 88 90 91 96 99 104 109 113 113 113 116 120 121 112 106 101 103 107 113 122 130 132 130 120 109 108 106 109 120 128 130 134 142 148 152 153 147 142 142 140 130 121 117 112 105 105 101 100 107 119 124 111 95 94 96 105 117 119 112 112 121 128 130 119 114 125 129 131 136 128 101 97 111 119 120 120 116 106 109 115 99 95 113 109 103 101 106 105 101 106 106 90 104 119 124 127 124 118 113 113 113 122 130 127 129 130 122 108 102 96 54 0 0 0 0 0 0 0 0 0 0 0 0 0 0 0 0 0 0 0 0 0 0 0 0 0 0 0 0 0 0 0 0 0 0 0 0 0 0 0 0 0 0 0 0 0 0 0 0 0 0 0 0 0 0 0 0 0 0 0 0 0 0 0 0 0 0 0 0 0 0 0 0 0 0 0 0 0 0 0 0 0 0 0 0 0 0 0 0 0 0 0 0 0 0 0 0 0 0 0 0 0 0 0 0 0 0 0 0 0 0 0 0 0 0 0 0 0 0 0 0 0 0 0 0 0 0 0 0 0 0 0 0 0 0 0 0 0 0 0 0 0 0 0 0 0 0 0 0 0 0 0 0 0 0 0 0 0 0 0 0 0 0 0 0 0 0 0 0 0 0 0 0 0 0 0 0 0 0 0 0 0 0 0 0 0 0 0 0 0 0 0 0 0 0 0 0 0 0 0 0 0 0 0 0 0 0 0 0 0 0 0 0 0 0 0 0 0 0 0 0 0 0 0 0 0 0 0 0 0 0 0 0 0 0 0 0 0 0 0 0 0 0 0 0 0 0 0 0 0 0 0 0 0 0 0 0 0 0 0 0 0 0 0 0 0 0 0 0 0 0 0 0 
0 0 0 0 0 0 0 0 0 0 0 0 0 0 0 0 0 0 0 0 0 0 0 0 0 0 0 0 0 0 0 0 0 0 0 0 0 0 0 0 0 0 0 0 0 0 0 0 0 0 0 0 0 0 0 0 0 0 0 0 0 0 0 0 0 0 0 0 0 0 0 0 0 0 0 0 0 0 0 0 0 0 0 0 0 0 0 0 0 0 0 0 0 0 0 0 0 0 0 54 192 192 193 192 192 192 192 192 192 193 192 191 191 191 191 191 191 190 189 190 189 189 187 184 183 181 178 176 174 170 166 160 156 152 145 137 127 115 104 97 91 90 94 95 93 91 91 89 86 84 84 85 88 90 93 97 98 98 100 106 115 118 117 115 115 120 122 119 113 108 109 112 114 119 127 134 135 129 117 109 101 101 112 121 127 133 139 142 145 150 149 143 137 137 133 123 116 114 108 104 99 97 100 111 119 110 92 85 88 101 113 118 111 113 118 122 123 111 102 116 125 124 129 128 113 95 96 106 110 115 113 101 112 111 98 98 108 107 101 99 103 96 100 105 100 87 95 111 122 123 118 111 115 119 113 112 117 120 123 122 116 104 97 114 121 106 54 3 0 0 0 0 0 0 0 0 0 0 0 0 0 0 0 0 0 0 0 0 0 0 0 0 0 0 0 0 0 0 0 0 0 0 0 0 0 0 0 0 0 0 0 0 0 0 0 0 0 0 0 0 0 0 0 0 0 0 0 0 0 0 0 0 0 0 0 0 0 0 0 0 0 0 0 0 0 0 0 0 0 0 0 0 0 0 0 0 0 0 0 0 0 0 0 0 0 0 0 0 0 0 0 0 0 0 0 0 0 0 0 0 0 0 0 0 0 0 0 0 0 0 0 0 0 0 0 0 0 0 0 0 0 0 0 0 0 0 0 0 0 0 0 0 0 0 0 0 0 0 0 0 0 0 0 0 0 0 0 0 0 0 0 0 0 0 0 0 0 0 0 0 0 0 0 0 0 0 0 0 0 0 0 0 0 0 0 0 0 0 0 0 0 0 0 0 0 0 0 0 0 0 0 0 0 0 0 0 0 0 0 0 0 0 0 0 0 0 0 0 0 0 0 0 0 0 0 0 0 0 0 0 0 0 0 0 0 0 0 0 0 0 0 0 0 0 0 0 0 0 0 0 0 0 0 0 0 0 0 0 0 0 0 0 0 0 0 0 0 
0 0 0 0 0 0 0 0 0 0 0 0 0 0 0 0 0 0 0 0 0 0 0 0 0 0 0 0 0 0 0 0 0 0 0 0 0 0 0 0 0 0 0 0 0 0 0 0 0 0 0 0 0 0 0 0 0 0 0 0 0 0 0 0 0 0 0 0 0 0 0 0 0 0 0 0 0 0 0 0 0 0 0 0 0 0 0 0 0 0 0 0 0 0 0 0 0 0 0 139 192 192 192 192 192 193 191 192 191 192 191 191 191 191 191 191 191 190 189 190 189 189 187 185 183 181 179 175 173 169 164 157 151 146 140 131 121 109 100 93 91 94 98 97 94 93 93 92 92 90 90 91 93 94 97 101 102 99 99 106 113 119 120 117 115 121 126 124 119 114 113 115 116 121 129 135 137 133 125 113 103 101 107 115 120 126 133 136 136 137 139 138 135 133 132 126 113 111 112 108 100 93 93 102 115 116 100 87 89 102 112 113 112 114 116 117 124 112 100 105 120 125 124 127 116 92 87 92 106 115 110 105 111 115 102 105 108 112 100 94 95 95 100 101 97 81 92 112 120 116 109 108 117 122 104 92 105 112 108 113 114 103 99 114 118 109 115 108 58 7 0 0 0 0 0 0 0 0 0 0 0 0 0 0 0 0 0 0 0 0 0 0 0 0 0 0 0 0 0 0 0 0 0 0 0 0 0 0 0 0 0 0 0 0 0 0 0 0 0 0 0 0 0 0 0 0 0 0 0 0 0 0 0 0 0 0 0 0 0 0 0 0 0 0 0 0 0 0 0 0 0 0 0 0 0 0 0 0 0 0 0 0 0 0 0 0 0 0 0 0 0 0 0 0 0 0 0 0 0 0 0 0 0 0 0 0 0 0 0 0 0 0 0 0 0 0 0 0 0 0 0 0 0 0 0 0 0 0 0 0 0 0 0 0 0 0 0 0 0 0 0 0 0 0 0 0 0 0 0 0 0 0 0 0 0 0 0 0 0 0 0 0 0 0 0 0 0 0 0 0 0 0 0 0 0 0 0 0 0 0 0 0 0 0 0 0 0 0 0 0 0 0 0 0 0 0 0 0 0 0 0 0 0 0 0 0 0 0 0 0 0 0 0 0 0 0 0 0 0 0 0 0 0 0 0 0 0 0 0 0 0 0 0 0 0 0 0 0 0 0 0 0 0 0 0 0 0 0 0 0 0 0 0 0 0 0 0 
0 0 0 0 0 0 0 0 0 0 0 0 0 0 0 0 0 0 0 0 0 0 0 0 0 0 0 0 0 0 0 0 0 0 0 0 0 0 0 0 0 0 0 0 0 0 0 0 0 0 0 0 0 0 0 0 0 0 0 0 0 0 0 0 0 0 0 0 0 0 0 0 0 0 0 0 0 0 0 0 0 0 0 0 0 0 0 0 0 0 0 0 0 0 0 0 0 0 48 192 192 191 192 191 191 191 191 192 191 191 191 191 191 191 191 191 191 191 190 190 189 189 187 185 183 180 177 174 171 168 163 155 146 139 133 125 115 105 97 93 93 96 100 99 97 95 92 91 93 93 92 95 97 98 99 99 100 99 99 107 114 117 119 116 119 124 128 130 127 120 115 117 121 125 130 134 135 134 129 118 110 104 104 108 112 115 121 127 127 124 126 129 129 130 130 128 117 107 109 112 106 95 89 95 111 119 111 100 92 101 112 109 108 114 118 119 124 120 103 99 117 122 118 122 113 94 86 88 103 120 107 100 111 117 111 107 108 111 97 88 96 99 97 101 95 90 104 121 123 108 106 108 117 112 90 84 101 106 96 104 107 100 101 115 113 104 108 111 116 100 48 5 0 0 0 0 0 0 0 0 0 0 0 0 0 0 0 0 0 0 0 0 0 0 0 0 0 0 0 0 0 0 0 0 0 0 0 0 0 0 0 0 0 0 0 0 0 0 0 0 0 0 0 0 0 0 0 0 0 0 0 0 0 0 0 0 0 0 0 0 0 0 0 0 0 0 0 0 0 0 0 0 0 0 0 0 0 0 0 0 0 0 0 0 0 0 0 0 0 0 0 0 0 0 0 0 0 0 0 0 0 0 0 0 0 0 0 0 0 0 0 0 0 0 0 0 0 0 0 0 0 0 0 0 0 0 0 0 0 0 0 0 0 0 0 0 0 0 0 0 0 0 0 0 0 0 0 0 0 0 0 0 0 0 0 0 0 0 0 0 0 0 0 0 0 0 0 0 0 0 0 0 0 0 0 0 0 0 0 0 0 0 0 0 0 0 0 0 0 0 0 0 0 0 0 0 0 0 0 0 0 0 0 0 0 0 0 0 0 0 0 0 0 0 0 0 0 0 0 0 0 0 0 0 0 0 0 0 0 0 0 0 0 0 0 0 0 0 0 0 0 0 0 0 0 0 0 0 0 0 0 0 0 0 0 0 0 
0 0 0 0 0 0 0 0 0 0 0 0 0 0 0 0 0 0 0 0 0 0 0 0 0 0 0 0 0 0 0 0 0 0 0 0 0 0 0 0 0 0 0 0 0 0 0 0 0 0 0 0 0 0 0 0 0 0 0 0 0 0 0 0 0 0 0 0 0 0 0 0 0 0 0 0 0 0 0 0 0 0 0 0 0 0 0 0 0 0 0 0 0 0 0 0 0 0 132 192 192 191 191 191 191 191 191 190 191 191 191 191 191 191 190 190 191 190 189 188 188 188 187 185 183 179 175 171 168 164 159 152 142 132 125 118 110 103 97 96 96 98 99 99 98 96 92 91 95 94 94 95 99 101 99 98 99 98 102 108 112 113 113 115 120 128 136 136 135 129 122 123 126 129 129 131 133 134 131 126 119 109 102 105 103 103 112 118 120 117 116 122 124 124 124 129 124 108 103 111 113 103 93 95 110 122 119 110 100 95 102 107 107 112 120 122 127 122 105 99 110 114 108 117 110 97 91 90 107 118 106 98 111 121 115 103 110 108 96 97 107 107 97 102 92 99 118 126 119 107 107 109 112 104 77 87 100 99 92 97 101 97 102 120 105 94 99 108 107 100 93 81 45 7 0 0 0 0 0 0 0 0 0 0 0 0 0 0 0 0 0 0 0 0 0 0 0 0 0 0 0 0 0 0 0 0 0 0 0 0 0 0 0 0 0 0 0 0 0 0 0 0 0 0 0 0 0 0 0 0 0 0 0 0 0 0 0 0 0 0 0 0 0 0 0 0 0 0 0 0 0 0 0 0 0 0 0 0 0 0 0 0 0 0 0 0 0 0 0 0 0 0 0 0 0 0 0 0 0 0 0 0 0 0 0 0 0 0 0 0 0 0 0 0 0 0 0 0 0 0 0 0 0 0 0 0 0 0 0 0 0 0 0 0 0 0 0 0 0 0 0 0 0 0 0 0 0 0 0 0 0 0 0 0 0 0 0 0 0 0 0 0 0 0 0 0 0 0 0 0 0 0 0 0 0 0 0 0 0 0 0 0 0 0 0 0 0 0 0 0 0 0 0 0 0 0 0 0 0 0 0 0 0 0 0 0 0 0 0 0 0 0 0 0 0 0 0 0 0 0 0 0 0 0 0 0 0 0 0 0 0 0 0 0 0 0 0 0 0 0 0 0 0 0 0 0 0 0 0 0 0 0 0 0 0 0 0 
0 0 0 0 0 0 0 0 0 0 0 0 0 0 0 0 0 0 0 0 0 0 0 0 0 0 0 0 0 0 0 0 0 0 0 0 0 0 0 0 0 0 0 0 0 0 0 0 0 0 0 0 0 0 0 0 0 0 0 0 0 0 0 0 0 0 0 0 0 0 0 0 0 0 0 0 0 0 0 0 0 0 0 0 0 0 0 0 0 0 0 0 0 0 0 0 0 42 191 192 191 191 191 191 191 191 190 190 190 191 191 190 190 191 190 190 190 189 188 188 187 187 187 185 182 178 172 167 164 158 153 146 137 126 116 111 107 102 98 99 100 99 98 97 97 96 95 94 98 96 93 94 97 99 98 98 99 100 103 107 108 108 108 113 121 128 133 137 140 138 133 131 131 130 129 129 130 131 130 131 128 117 108 106 104 102 104 111 114 110 109 116 116 113 118 127 128 110 101 106 114 106 100 101 111 123 127 123 113 101 99 104 107 109 119 127 130 123 103 99 104 108 107 109 108 103 97 90 116 122 107 103 115 120 111 103 114 116 99 111 117 108 101 100 100 110 130 130 111 101 109 110 110 97 79 87 98 91 84 99 98 95 105 108 97 89 97 110 103 97 90 80 82 79 41 9 0 0 0 0 0 0 0 0 0 0 0 0 0 0 0 0 0 0 0 0 0 0 0 0 0 0 0 0 0 0 0 0 0 0 0 0 0 0 0 0 0 0 0 0 0 0 0 0 0 0 0 0 0 0 0 0 0 0 0 0 0 0 0 0 0 0 0 0 0 0 0 0 0 0 0 0 0 0 0 0 0 0 0 0 0 0 0 0 0 0 0 0 0 0 0 0 0 0 0 0 0 0 0 0 0 0 0 0 0 0 0 0 0 0 0 0 0 0 0 0 0 0 0 0 0 0 0 0 0 0 0 0 0 0 0 0 0 0 0 0 0 0 0 0 0 0 0 0 0 0 0 0 0 0 0 0 0 0 0 0 0 0 0 0 0 0 0 0 0 0 0 0 0 0 0 0 0 0 0 0 0 0 0 0 0 0 0 0 0 0 0 0 0 0 0 0 0 0 0 0 0 0 0 0 0 0 0 0 0 0 0 0 0 0 0 0 0 0 0 0 0 0 0 0 0 0 0 0 0 0 0 0 0 0 0 0 0 0 0 0 0 0 0 0 0 0 0 0 0 0 0 0 0 0 0 0 0 0 0 0 0 
0 0 0 0 0 0 0 0 0 0 0 0 0 0 0 0 0 0 0 0 0 0 0 0 0 0 0 0 0 0 0 0 0 0 0 0 0 0 0 0 0 0 0 0 0 0 0 0 0 0 0 0 0 0 0 0 0 0 0 0 0 0 0 0 0 0 0 0 0 0 0 0 0 0 0 0 0 0 0 0 0 0 0 0 0 0 0 0 0 0 0 0 0 0 0 0 0 125 191 191 191 191 190 191 190 190 190 190 190 191 191 191 190 191 191 190 190 189 188 187 186 186 186 184 181 177 172 167 162 155 147 139 130 118 108 103 101 99 100 102 104 102 97 93 94 94 96 97 98 98 96 94 94 96 97 96 100 103 105 107 108 107 106 113 121 129 132 133 136 139 141 136 134 132 134 135 131 125 127 130 132 127 116 109 104 103 103 102 103 105 106 111 111 101 110 123 128 115 100 97 102 101 99 102 109 124 131 133 126 114 104 104 107 105 116 130 131 123 109 103 103 109 108 107 108 110 104 107 122 126 116 109 119 116 106 106 120 119 112 118 122 115 104 101 107 124 129 122 105 100 113 114 117 93 80 91 96 90 90 100 99 98 113 102 94 93 103 108 101 93 85 71 80 73 71 80 57 14 0 0 0 0 0 0 0 0 0 0 0 0 0 0 0 0 0 0 0 0 0 0 0 0 0 0 0 0 0 0 0 0 0 0 0 0 0 0 0 0 0 0 0 0 0 0 0 0 0 0 0 0 0 0 0 0 0 0 0 0 0 0 0 0 0 0 0 0 0 0 0 0 0 0 0 0 0 0 0 0 0 0 0 0 0 0 0 0 0 0 0 0 0 0 0 0 0 0 0 0 0 0 0 0 0 0 0 0 0 0 0 0 0 0 0 0 0 0 0 0 0 0 0 0 0 0 0 0 0 0 0 0 0 0 0 0 0 0 0 0 0 0 0 0 0 0 0 0 0 0 0 0 0 0 0 0 0 0 0 0 0 0 0 0 0 0 0 0 0 0 0 0 0 0 0 0 0 0 0 0 0 0 0 0 0 0 0 0 0 0 0 0 0 0 0 0 0 0 0 0 0 0 0 0 0 0 0 0 0 0 0 0 0 0 0 0 0 0 0 0 0 0 0 0 0 0 0 0 0 0 0 0 0 0 0 0 0 0 0 0 0 0 0 0 0 0 0 0 0 0 0 0 0 0 0 0 0 0 0 
0 0 0 0 0 0 0 0 0 0 0 0 0 0 0 0 0 0 0 0 0 0 0 0 0 0 0 0 0 0 0 0 0 0 0 0 0 0 0 0 0 0 0 0 0 0 0 0 0 0 0 0 0 0 0 0 0 0 0 0 0 0 0 0 0 0 0 0 0 0 0 0 0 0 0 0 0 0 0 0 0 0 0 0 0 0 0 0 0 0 0 0 0 0 0 0 42 191 191 191 190 190 190 189 189 190 190 190 190 190 190 190 190 190 190 189 190 188 187 186 185 185 184 182 180 176 171 167 160 152 141 132 123 112 102 97 95 95 98 103 106 105 100 96 94 92 95 99 101 102 98 94 91 91 92 93 98 103 105 106 110 109 110 115 122 130 131 129 131 135 134 134 135 134 136 139 136 130 128 127 129 128 120 111 105 103 102 95 93 102 107 109 107 99 102 114 124 118 100 91 92 96 95 98 107 120 130 137 134 126 112 103 102 103 113 129 133 126 112 109 108 109 110 112 111 113 111 114 130 127 120 120 121 116 109 109 125 125 116 120 124 116 110 110 116 131 126 111 98 109 119 118 108 89 81 95 99 97 100 103 107 111 114 105 96 97 111 106 97 91 81 78 79 75 75 90 122 114 58 17 0 0 0 0 0 0 0 0 0 0 0 0 0 0 0 0 0 0 0 0 0 0 0 0 0 0 0 0 0 0 0 0 0 0 0 0 0 0 0 0 0 0 0 0 0 0 0 0 0 0 0 0 0 0 0 0 0 0 0 0 0 0 0 0 0 0 0 0 0 0 0 0 0 0 0 0 0 0 0 0 0 0 0 0 0 0 0 0 0 0 0 0 0 0 0 0 0 0 0 0 0 0 0 0 0 0 0 0 0 0 0 0 0 0 0 0 0 0 0 0 0 0 0 0 0 0 0 0 0 0 0 0 0 0 0 0 0 0 0 0 0 0 0 0 0 0 0 0 0 0 0 0 0 0 0 0 0 0 0 0 0 0 0 0 0 0 0 0 0 0 0 0 0 0 0 0 0 0 0 0 0 0 0 0 0 0 0 0 0 0 0 0 0 0 0 0 0 0 0 0 0 0 0 0 0 0 0 0 0 0 0 0 0 0 0 0 0 0 0 0 0 0 0 0 0 0 0 0 0 0 0 0 0 0 0 0 0 0 0 0 0 0 0 0 0 0 0 0 0 0 0 0 0 0 0 0 0 
0 0 0 0 0 0 0 0 0 0 0 0 0 0 0 0 0 0 0 0 0 0 0 0 0 0 0 0 0 0 0 0 0 0 0 0 0 0 0 0 0 0 0 0 0 0 0 0 0 0 0 0 0 0 0 0 0 0 0 0 0 0 0 0 0 0 0 0 0 0 0 0 0 0 0 0 0 0 0 0 0 0 0 0 0 0 0 0 0 0 0 0 0 0 0 0 124 190 191 191 190 190 189 189 189 189 190 190 190 189 189 189 190 189 189 189 188 187 187 186 185 184 183 181 179 175 170 165 157 148 137 127 117 104 97 96 95 95 99 104 106 108 106 101 98 95 96 101 104 103 98 94 90 87 86 90 96 102 106 109 114 115 117 117 119 123 129 130 132 134 131 131 131 133 136 138 140 139 133 127 124 121 117 110 103 101 101 95 94 105 114 112 108 98 92 100 108 111 100 89 89 94 100 95 103 117 129 136 140 137 119 102 99 102 115 127 134 128 118 114 119 114 110 115 114 115 118 121 129 126 123 131 128 120 113 116 128 127 115 117 125 113 118 120 128 128 115 104 101 118 127 116 102 90 96 101 101 105 113 117 115 118 116 102 94 100 108 105 99 95 87 85 78 78 88 109 119 109 101 113 63 20 0 0 0 0 0 0 0 0 0 0 0 0 0 0 0 0 0 0 0 0 0 0 0 0 0 0 0 0 0 0 0 0 0 0 0 0 0 0 0 0 0 0 0 0 0 0 0 0 0 0 0 0 0 0 0 0 0 0 0 0 0 0 0 0 0 0 0 0 0 0 0 0 0 0 0 0 0 0 0 0 0 0 0 0 0 0 0 0 0 0 0 0 0 0 0 0 0 0 0 0 0 0 0 0 0 0 0 0 0 0 0 0 0 0 0 0 0 0 0 0 0 0 0 0 0 0 0 0 0 0 0 0 0 0 0 0 0 0 0 0 0 0 0 0 0 0 0 0 0 0 0 0 0 0 0 0 0 0 0 0 0 0 0 0 0 0 0 0 0 0 0 0 0 0 0 0 0 0 0 0 0 0 0 0 0 0 0 0 0 0 0 0 0 0 0 0 0 0 0 0 0 0 0 0 0 0 0 0 0 0 0 0 0 0 0 0 0 0 0 0 0 0 0 0 0 0 0 0 0 0 0 0 0 0 0 0 0 0 0 0 0 0 0 0 0 0 0 0 0 0 0 0 0 0 0 
0 0 0 0 0 0 0 0 0 0 0 0 0 0 0 0 0 0 0 0 0 0 0 0 0 0 0 0 0 0 0 0 0 0 0 0 0 0 0 0 0 0 0 0 0 0 0 0 0 0 0 0 0 0 0 0 0 0 0 0 0 0 0 0 0 0 0 0 0 0 0 0 0 0 0 0 0 0 0 0 0 0 0 0 0 0 0 0 0 0 0 0 0 0 0 35 190 190 190 190 190 189 189 189 189 188 189 190 190 189 189 189 189 189 189 189 188 187 186 185 184 183 182 180 178 175 170 163 155 145 135 125 114 102 96 97 97 100 105 107 109 110 108 106 105 102 101 104 105 105 102 98 92 86 84 88 95 101 108 112 116 118 119 117 116 118 129 132 136 138 135 132 129 129 132 135 140 142 138 131 125 117 110 105 99 100 101 97 97 110 123 121 112 98 83 82 90 92 98 95 93 96 102 101 103 113 121 131 143 143 129 113 106 108 119 126 138 133 123 118 121 119 116 115 113 115 120 122 128 125 125 131 127 118 115 121 131 128 112 119 120 115 122 126 134 121 100 104 113 124 119 108 104 104 110 107 108 115 123 120 120 120 111 94 95 107 109 104 104 102 94 86 81 84 98 115 105 102 108 112 106 98 50 13 0 0 0 0 0 0 0 0 0 0 0 0 0 0 0 0 0 0 0 0 0 0 0 0 0 0 0 0 0 0 0 0 0 0 0 0 0 0 0 0 0 0 0 0 0 0 0 0 0 0 0 0 0 0 0 0 0 0 0 0 0 0 0 0 0 0 0 0 0 0 0 0 0 0 0 0 0 0 0 0 0 0 0 0 0 0 0 0 0 0 0 0 0 0 0 0 0 0 0 0 0 0 0 0 0 0 0 0 0 0 0 0 0 0 0 0 0 0 0 0 0 0 0 0 0 0 0 0 0 0 0 0 0 0 0 0 0 0 0 0 0 0 0 0 0 0 0 0 0 0 0 0 0 0 0 0 0 0 0 0 0 0 0 0 0 0 0 0 0 0 0 0 0 0 0 0 0 0 0 0 0 0 0 0 0 0 0 0 0 0 0 0 0 0 0 0 0 0 0 0 0 0 0 0 0 0 0 0 0 0 0 0 0 0 0 0 0 0 0 0 0 0 0 0 0 0 0 0 0 0 0 0 0 0 0 0 0 0 0 0 0 0 0 0 0 0 0 0 0 0 0 0 0 
0 0 0 0 0 0 0 0 0 0 0 0 0 0 0 0 0 0 0 0 0 0 0 0 0 0 0 0 0 0 0 0 0 0 0 0 0 0 0 0 0 0 0 0 0 0 0 0 0 0 0 0 0 0 0 0 0 0 0 0 0 0 0 0 0 0 0 0 0 0 0 0 0 0 0 0 0 0 0 0 0 0 0 0 0 0 0 0 0 0 0 0 0 0 0 119 190 190 190 190 189 190 189 189 189 188 189 189 189 189 189 189 189 189 189 188 188 186 185 183 181 182 181 179 177 174 170 162 151 142 133 121 113 105 101 100 102 106 110 112 114 115 111 109 109 106 102 101 104 108 103 101 97 92 91 93 98 102 108 113 115 117 119 115 115 120 129 134 138 140 139 133 125 123 124 128 135 139 138 132 127 117 103 92 93 98 102 102 100 109 125 126 123 103 84 76 77 85 97 99 97 100 106 106 108 109 111 123 138 146 140 124 115 112 125 138 140 133 125 121 124 123 116 110 105 110 117 123 130 124 123 131 120 112 116 125 133 128 113 123 120 110 125 130 128 111 98 109 121 127 105 97 113 117 116 113 114 119 125 112 118 117 104 99 110 115 111 106 110 105 89 87 87 93 95 93 93 100 103 105 102 72 62 59 40 14 0 0 0 0 0 0 0 0 0 0 0 0 0 0 0 0 0 0 0 0 0 0 0 0 0 0 0 0 0 0 0 0 0 0 0 0 0 0 0 0 0 0 0 0 0 0 0 0 0 0 0 0 0 0 0 0 0 0 0 0 0 0 0 0 0 0 0 0 0 0 0 0 0 0 0 0 0 0 0 0 0 0 0 0 0 0 0 0 0 0 0 0 0 0 0 0 0 0 0 0 0 0 0 0 0 0 0 0 0 0 0 0 0 0 0 0 0 0 0 0 0 0 0 0 0 0 0 0 0 0 0 0 0 0 0 0 0 0 0 0 0 0 0 0 0 0 0 0 0 0 0 0 0 0 0 0 0 0 0 0 0 0 0 0 0 0 0 0 0 0 0 0 0 0 0 0 0 0 0 0 0 0 0 0 0 0 0 0 0 0 0 0 0 0 0 0 0 0 0 0 0 0 0 0 0 0 0 0 0 0 0 0 0 0 0 0 0 0 0 0 0 0 0 0 0 0 0 0 0 0 0 0 0 0 0 0 0 0 0 0 0 0 0 0 0 0 0 0 0 0 0 
0 0 0 0 0 0 0 0 0 0 0 0 0 0 0 0 0 0 0 0 0 0 0 0 0 0 0 0 0 0 0 0 0 0 0 0 0 0 0 0 0 0 0 0 0 0 0 0 0 0 0 0 0 0 0 0 0 0 0 0 0 0 0 0 0 0 0 0 0 0 0 0 0 0 0 0 0 0 0 0 0 0 0 0 0 0 0 0 0 0 0 0 0 0 29 190 190 189 189 189 189 189 189 189 189 188 188 188 188 188 188 188 189 189 188 188 187 185 183 181 179 178 178 177 175 173 169 162 151 141 130 120 114 110 108 107 107 109 112 116 117 116 113 110 108 105 99 99 103 107 107 107 105 104 102 101 105 108 111 114 115 116 115 112 114 122 134 140 138 137 136 132 124 117 114 116 120 129 135 131 130 125 108 92 87 94 104 106 100 104 117 124 123 110 89 84 80 86 95 102 103 107 110 113 118 112 106 114 130 142 145 133 118 115 126 139 142 135 125 124 124 121 112 106 100 103 115 123 131 127 127 129 114 101 113 129 136 124 117 121 115 105 123 125 125 102 99 114 126 122 97 95 120 123 118 114 114 118 110 108 113 112 103 108 127 123 113 113 107 94 90 95 92 93 81 76 88 90 93 93 79 55 54 57 56 69 49 22 0 0 0 0 0 0 0 0 0 0 0 0 0 0 0 0 0 0 0 0 0 0 0 0 0 0 0 0 0 0 0 0 0 0 0 0 0 0 0 0 0 0 0 0 0 0 0 0 0 0 0 0 0 0 0 0 0 0 0 0 0 0 0 0 0 0 0 0 0 0 0 0 0 0 0 0 0 0 0 0 0 0 0 0 0 0 0 0 0 0 0 0 0 0 0 0 0 0 0 0 0 0 0 0 0 0 0 0 0 0 0 0 0 0 0 0 0 0 0 0 0 0 0 0 0 0 0 0 0 0 0 0 0 0 0 0 0 0 0 0 0 0 0 0 0 0 0 0 0 0 0 0 0 0 0 0 0 0 0 0 0 0 0 0 0 0 0 0 0 0 0 0 0 0 0 0 0 0 0 0 0 0 0 0 0 0 0 0 0 0 0 0 0 0 0 0 0 0 0 0 0 0 0 0 0 0 0 0 0 0 0 0 0 0 0 0 0 0 0 0 0 0 0 0 0 0 0 0 0 0 0 0 0 0 0 0 0 0 0 0 0 0 0 0 0 0 0 0 0 
0 0 0 0 0 0 0 0 0 0 0 0 0 0 0 0 0 0 0 0 0 0 0 0 0 0 0 0 0 0 0 0 0 0 0 0 0 0 0 0 0 0 0 0 0 0 0 0 0 0 0 0 0 0 0 0 0 0 0 0 0 0 0 0 0 0 0 0 0 0 0 0 0 0 0 0 0 0 0 0 0 0 0 0 0 0 0 0 0 0 0 0 0 0 112 190 190 189 189 189 189 189 188 189 189 189 188 188 187 187 188 187 188 188 186 186 186 184 182 179 177 176 175 174 172 170 167 161 151 140 128 120 116 114 114 114 111 110 111 115 118 118 116 113 109 105 103 105 104 109 112 113 110 111 112 113 113 113 114 116 117 117 114 113 117 125 135 140 137 135 133 131 129 126 120 111 106 114 123 125 129 130 123 108 93 93 102 106 102 101 112 123 126 120 105 96 92 94 94 101 105 111 117 123 126 120 110 111 124 136 144 138 124 122 129 141 145 140 120 116 121 118 109 104 101 102 116 127 135 129 129 130 111 100 110 125 130 121 116 122 111 99 103 109 107 96 101 118 129 121 87 106 122 121 115 111 111 113 100 112 113 100 104 120 127 119 113 115 101 82 103 102 91 84 74 72 83 82 87 77 54 46 46 45 56 76 80 96 72 26 0 0 0 0 0 0 0 0 0 0 0 0 0 0 0 0 0 0 0 0 0 0 0 0 0 0 0 0 0 0 0 0 0 0 0 0 0 0 0 0 0 0 0 0 0 0 0 0 0 0 0 0 0 0 0 0 0 0 0 0 0 0 0 0 0 0 0 0 0 0 0 0 0 0 0 0 0 0 0 0 0 0 0 0 0 0 0 0 0 0 0 0 0 0 0 0 0 0 0 0 0 0 0 0 0 0 0 0 0 0 0 0 0 0 0 0 0 0 0 0 0 0 0 0 0 0 0 0 0 0 0 0 0 0 0 0 0 0 0 0 0 0 0 0 0 0 0 0 0 0 0 0 0 0 0 0 0 0 0 0 0 0 0 0 0 0 0 0 0 0 0 0 0 0 0 0 0 0 0 0 0 0 0 0 0 0 0 0 0 0 0 0 0 0 0 0 0 0 0 0 0 0 0 0 0 0 0 0 0 0 0 0 0 0 0 0 0 0 0 0 0 0 0 0 0 0 0 0 0 0 0 0 0 0 0 0 0 0 0 0 0 0 0 0 0 0 0 
0 0 0 0 0 0 0 0 0 0 0 0 0 0 0 0 0 0 0 0 0 0 0 0 0 0 0 0 0 0 0 0 0 0 0 0 0 0 0 0 0 0 0 0 0 0 0 0 0 0 0 0 0 0 0 0 0 0 0 0 0 0 0 0 0 0 0 0 0 0 0 0 0 0 0 0 0 0 0 0 0 0 0 0 0 0 0 0 0 0 0 0 0 29 189 189 189 189 189 189 189 189 189 189 189 189 188 188 187 187 186 186 186 186 185 185 184 183 180 178 175 174 172 171 169 166 165 160 151 139 128 121 118 115 116 114 114 113 111 110 114 118 121 117 113 111 115 116 117 116 114 116 116 117 119 116 116 117 116 117 120 120 118 117 121 126 134 136 133 129 129 130 133 137 130 119 110 104 107 116 123 126 128 124 111 103 101 104 105 103 108 123 131 131 115 104 104 104 102 106 111 117 124 126 130 129 117 111 119 131 138 140 132 130 134 143 149 142 118 108 115 109 101 105 101 102 115 134 141 132 126 127 111 100 105 117 123 122 121 124 113 86 78 88 85 93 106 119 122 106 86 113 126 121 111 104 109 110 112 116 107 92 110 127 121 114 118 117 103 99 113 99 78 78 67 68 75 82 73 59 48 48 44 46 69 88 91 92 93 88 60 26 0 0 0 0 0 0 0 0 0 0 0 0 0 0 0 0 0 0 0 0 0 0 0 0 0 0 0 0 0 0 0 0 0 0 0 0 0 0 0 0 0 0 0 0 0 0 0 0 0 0 0 0 0 0 0 0 0 0 0 0 0 0 0 0 0 0 0 0 0 0 0 0 0 0 0 0 0 0 0 0 0 0 0 0 0 0 0 0 0 0 0 0 0 0 0 0 0 0 0 0 0 0 0 0 0 0 0 0 0 0 0 0 0 0 0 0 0 0 0 0 0 0 0 0 0 0 0 0 0 0 0 0 0 0 0 0 0 0 0 0 0 0 0 0 0 0 0 0 0 0 0 0 0 0 0 0 0 0 0 0 0 0 0 0 0 0 0 0 0 0 0 0 0 0 0 0 0 0 0 0 0 0 0 0 0 0 0 0 0 0 0 0 0 0 0 0 0 0 0 0 0 0 0 0 0 0 0 0 0 0 0 0 0 0 0 0 0 0 0 0 0 0 0 0 0 0 0 0 0 0 0 0 0 0 0 0 0 0 0 0 0 0 0 0 0 
0 0 0 0 0 0 0 0 0 0 0 0 0 0 0 0 0 0 0 0 0 0 0 0 0 0 0 0 0 0 0 0 0 0 0 0 0 0 0 0 0 0 0 0 0 0 0 0 0 0 0 0 0 0 0 0 0 0 0 0 0 0 0 0 0 0 0 0 0 0 0 0 0 0 0 0 0 0 0 0 0 0 0 0 0 0 0 0 0 0 0 0 0 111 187 188 189 189 189 189 188 188 188 188 188 188 188 187 187 186 185 185 185 184 184 184 184 182 178 176 174 171 169 167 164 161 158 155 147 137 128 123 119 116 113 112 113 113 113 112 116 122 126 124 118 116 119 124 130 125 123 122 120 121 124 121 119 118 118 119 123 124 124 122 122 126 133 136 131 125 125 130 135 138 137 132 121 108 103 105 110 114 125 131 131 119 109 105 108 101 107 118 127 131 124 112 105 110 107 112 119 124 128 131 132 134 124 110 116 127 133 133 133 133 136 143 150 148 124 107 111 101 95 99 99 99 116 138 145 132 117 117 106 95 103 114 114 114 121 128 113 80 66 70 81 99 112 122 120 89 90 113 125 119 106 103 111 114 120 114 101 105 119 121 112 108 118 119 119 115 104 85 71 72 67 72 88 90 66 65 56 59 59 66 81 94 93 85 86 88 91 94 67 26 0 0 0 0 0 0 0 0 0 0 0 0 0 0 0 0 0 0 0 0 0 0 0 0 0 0 0 0 0 0 0 0 0 0 0 0 0 0 0 0 0 0 0 0 0 0 0 0 0 0 0 0 0 0 0 0 0 0 0 0 0 0 0 0 0 0 0 0 0 0 0 0 0 0 0 0 0 0 0 0 0 0 0 0 0 0 0 0 0 0 0 0 0 0 0 0 0 0 0 0 0 0 0 0 0 0 0 0 0 0 0 0 0 0 0 0 0 0 0 0 0 0 0 0 0 0 0 0 0 0 0 0 0 0 0 0 0 0 0 0 0 0 0 0 0 0 0 0 0 0 0 0 0 0 0 0 0 0 0 0 0 0 0 0 0 0 0 0 0 0 0 0 0 0 0 0 0 0 0 0 0 0 0 0 0 0 0 0 0 0 0 0 0 0 0 0 0 0 0 0 0 0 0 0 0 0 0 0 0 0 0 0 0 0 0 0 0 0 0 0 0 0 0 0 0 0 0 0 0 0 0 0 0 0 0 0 0 0 0 0 0 0 0 
0 0 0 0 0 0 0 0 0 0 0 0 0 0 0 0 0 0 0 0 0 0 0 0 0 0 0 0 0 0 0 0 0 0 0 0 0 0 0 0 0 0 0 0 0 0 0 0 0 0 0 0 0 0 0 0 0 0 0 0 0 0 0 0 0 0 0 0 0 0 0 0 0 0 0 0 0 0 0 0 0 0 0 0 0 0 0 0 0 0 0 0 23 186 187 187 187 188 188 188 187 187 188 188 188 188 187 186 186 186 185 184 183 182 183 183 182 180 177 174 171 168 164 162 159 155 150 146 140 133 126 123 121 119 117 114 110 114 118 120 123 129 132 129 124 121 122 126 131 131 129 128 124 123 128 127 124 123 123 123 126 126 127 128 128 130 134 137 134 126 125 132 138 139 141 137 128 115 105 102 102 101 109 122 130 128 121 112 108 108 110 113 123 123 127 121 111 113 111 113 126 131 129 132 132 134 128 117 115 121 124 121 126 127 133 138 144 145 132 110 107 101 93 100 97 101 115 133 141 130 110 104 94 86 98 106 102 106 115 122 110 71 59 59 86 102 114 125 113 82 85 117 120 108 106 112 115 118 119 111 105 116 124 111 96 107 122 129 128 110 87 67 63 71 78 90 98 95 86 83 69 74 70 81 86 83 79 81 89 98 87 74 75 94 81 31 0 0 0 0 0 0 0 0 0 0 0 0 0 0 0 0 0 0 0 0 0 0 0 0 0 0 0 0 0 0 0 0 0 0 0 0 0 0 0 0 0 0 0 0 0 0 0 0 0 0 0 0 0 0 0 0 0 0 0 0 0 0 0 0 0 0 0 0 0 0 0 0 0 0 0 0 0 0 0 0 0 0 0 0 0 0 0 0 0 0 0 0 0 0 0 0 0 0 0 0 0 0 0 0 0 0 0 0 0 0 0 0 0 0 0 0 0 0 0 0 0 0 0 0 0 0 0 0 0 0 0 0 0 0 0 0 0 0 0 0 0 0 0 0 0 0 0 0 0 0 0 0 0 0 0 0 0 0 0 0 0 0 0 0 0 0 0 0 0 0 0 0 0 0 0 0 0 0 0 0 0 0 0 0 0 0 0 0 0 0 0 0 0 0 0 0 0 0 0 0 0 0 0 0 0 0 0 0 0 0 0 0 0 0 0 0 0 0 0 0 0 0 0 0 0 0 0 0 0 0 0 0 0 0 0 0 0 0 0 0 0 
0 0 0 0 0 0 0 0 0 0 0 0 0 0 0 0 0 0 0 0 0 0 0 0 0 0 0 0 0 0 0 0 0 0 0 0 0 0 0 0 0 0 0 0 0 0 0 0 0 0 0 0 0 0 0 0 0 0 0 0 0 0 0 0 0 0 0 0 0 0 0 0 0 0 0 0 0 0 0 0 0 0 0 0 0 0 0 0 0 0 0 0 105 186 186 187 187 187 186 187 187 187 188 188 188 188 187 186 186 185 184 182 181 181 181 182 181 179 176 172 168 164 160 157 153 147 140 136 131 127 122 120 120 123 125 121 116 117 124 128 132 136 136 133 129 125 124 127 129 131 132 131 129 128 130 130 128 127 129 131 130 128 128 132 135 133 133 132 129 125 123 128 135 137 140 139 133 121 109 104 103 98 97 110 124 130 130 118 110 110 113 114 121 128 133 134 120 120 112 112 122 133 139 136 131 130 129 120 116 120 115 109 110 112 122 133 138 138 136 112 105 102 96 102 100 102 111 129 133 122 100 94 91 86 98 108 95 105 108 115 103 74 60 67 92 103 118 130 102 78 87 108 108 98 99 114 123 121 116 111 111 117 113 93 83 111 131 137 122 93 73 65 69 80 87 100 110 109 97 86 77 77 78 84 84 70 69 92 90 79 71 71 88 102 96 84 75 33 0 0 0 0 0 0 0 0 0 0 0 0 0 0 0 0 0 0 0 0 0 0 0 0 0 0 0 0 0 0 0 0 0 0 0 0 0 0 0 0 0 0 0 0 0 0 0 0 0 0 0 0 0 0 0 0 0 0 0 0 0 0 0 0 0 0 0 0 0 0 0 0 0 0 0 0 0 0 0 0 0 0 0 0 0 0 0 0 0 0 0 0 0 0 0 0 0 0 0 0 0 0 0 0 0 0 0 0 0 0 0 0 0 0 0 0 0 0 0 0 0 0 0 0 0 0 0 0 0 0 0 0 0 0 0 0 0 0 0 0 0 0 0 0 0 0 0 0 0 0 0 0 0 0 0 0 0 0 0 0 0 0 0 0 0 0 0 0 0 0 0 0 0 0 0 0 0 0 0 0 0 0 0 0 0 0 0 0 0 0 0 0 0 0 0 0 0 0 0 0 0 0 0 0 0 0 0 0 0 0 0 0 0 0 0 0 0 0 0 0 0 0 0 0 0 0 0 0 0 0 0 0 0 0 0 0 0 0 0 
0 0 0 0 0 0 0 0 0 0 0 0 0 0 0 0 0 0 0 0 0 0 0 0 0 0 0 0 0 0 0 0 0 0 0 0 0 0 0 0 0 0 0 0 0 0 0 0 0 0 0 0 0 0 0 0 0 0 0 0 0 0 0 0 0 0 0 0 0 0 0 0 0 0 0 0 0 0 0 0 0 0 0 0 0 0 0 0 0 0 0 17 186 186 186 187 187 187 187 186 187 187 187 187 187 187 186 186 185 184 183 182 180 179 179 179 179 178 175 171 166 162 156 152 145 137 129 124 122 120 116 116 117 124 127 127 124 125 130 134 139 141 138 137 133 130 129 128 128 129 131 132 130 131 131 128 127 128 132 135 134 131 129 132 137 137 133 126 122 123 117 120 123 127 135 139 137 129 117 110 108 106 100 103 119 131 132 125 113 110 115 113 120 129 135 137 130 123 117 113 119 132 144 144 131 124 122 116 113 116 109 98 102 98 108 121 122 125 124 111 104 105 99 108 105 103 106 112 118 108 87 85 84 85 106 113 106 103 102 109 103 73 67 85 97 110 125 126 101 78 87 98 100 87 101 117 117 107 107 112 107 112 92 76 90 116 135 133 111 82 65 69 75 89 100 108 111 105 89 79 77 81 81 85 75 65 74 87 74 77 85 94 95 94 100 103 100 97 74 32 0 0 0 0 0 0 0 0 0 0 0 0 0 0 0 0 0 0 0 0 0 0 0 0 0 0 0 0 0 0 0 0 0 0 0 0 0 0 0 0 0 0 0 0 0 0 0 0 0 0 0 0 0 0 0 0 0 0 0 0 0 0 0 0 0 0 0 0 0 0 0 0 0 0 0 0 0 0 0 0 0 0 0 0 0 0 0 0 0 0 0 0 0 0 0 0 0 0 0 0 0 0 0 0 0 0 0 0 0 0 0 0 0 0 0 0 0 0 0 0 0 0 0 0 0 0 0 0 0 0 0 0 0 0 0 0 0 0 0 0 0 0 0 0 0 0 0 0 0 0 0 0 0 0 0 0 0 0 0 0 0 0 0 0 0 0 0 0 0 0 0 0 0 0 0 0 0 0 0 0 0 0 0 0 0 0 0 0 0 0 0 0 0 0 0 0 0 0 0 0 0 0 0 0 0 0 0 0 0 0 0 0 0 0 0 0 0 0 0 0 0 0 0 0 0 0 0 0 0 0 0 0 0 0 0 0 0 
0 0 0 0 0 0 0 0 0 0 0 0 0 0 0 0 0 0 0 0 0 0 0 0 0 0 0 0 0 0 0 0 0 0 0 0 0 0 0 0 0 0 0 0 0 0 0 0 0 0 0 0 0 0 0 0 0 0 0 0 0 0 0 0 0 0 0 0 0 0 0 0 0 0 0 0 0 0 0 0 0 0 0 0 0 0 0 0 0 0 0 98 186 186 186 186 187 186 187 187 187 187 187 186 186 187 186 185 184 183 182 181 180 178 176 175 175 175 173 169 163 157 151 146 138 128 119 114 114 114 116 116 118 122 128 131 130 132 134 137 140 139 137 136 135 134 133 129 126 127 129 130 129 127 125 123 123 125 130 135 135 134 133 134 138 141 135 124 124 122 116 116 119 121 125 134 139 135 122 111 108 110 107 107 117 132 138 134 121 115 116 118 121 126 130 130 133 138 129 121 121 125 133 142 136 119 110 105 109 109 104 97 96 91 96 112 106 113 109 102 104 110 110 114 110 107 99 100 98 91 78 69 76 85 109 118 110 100 100 109 97 75 75 97 107 114 128 123 95 79 80 93 99 88 116 103 85 87 98 99 98 91 73 70 97 113 135 127 106 82 73 78 87 100 107 101 102 88 87 92 96 89 85 76 51 62 70 77 88 99 103 97 93 96 113 118 103 97 94 85 65 32 0 0 0 0 0 0 0 0 0 0 0 0 0 0 0 0 0 0 0 0 0 0 0 0 0 0 0 0 0 0 0 0 0 0 0 0 0 0 0 0 0 0 0 0 0 0 0 0 0 0 0 0 0 0 0 0 0 0 0 0 0 0 0 0 0 0 0 0 0 0 0 0 0 0 0 0 0 0 0 0 0 0 0 0 0 0 0 0 0 0 0 0 0 0 0 0 0 0 0 0 0 0 0 0 0 0 0 0 0 0 0 0 0 0 0 0 0 0 0 0 0 0 0 0 0 0 0 0 0 0 0 0 0 0 0 0 0 0 0 0 0 0 0 0 0 0 0 0 0 0 0 0 0 0 0 0 0 0 0 0 0 0 0 0 0 0 0 0 0 0 0 0 0 0 0 0 0 0 0 0 0 0 0 0 0 0 0 0 0 0 0 0 0 0 0 0 0 0 0 0 0 0 0 0 0 0 0 0 0 0 0 0 0 0 0 0 0 0 0 0 0 0 0 0 0 0 0 0 0 0 0 0 0 0 0 
0 0 0 0 0 0 0 0 0 0 0 0 0 0 0 0 0 0 0 0 0 0 0 0 0 0 0 0 0 0 0 0 0 0 0 0 0 0 0 0 0 0 0 0 0 0 0 0 0 0 0 0 0 0 0 0 0 0 0 0 0 0 0 0 0 0 0 0 0 0 0 0 0 0 0 0 0 0 0 0 0 0 0 0 0 0 0 0 0 0 11 179 185 186 186 186 186 186 187 187 187 185 186 186 186 186 186 186 186 184 181 180 178 177 176 174 173 171 170 166 159 152 147 142 133 124 117 112 110 113 118 118 120 127 131 133 133 134 133 135 138 132 131 132 134 134 131 127 123 118 122 124 124 120 118 116 117 123 130 136 138 138 138 137 139 139 135 128 127 125 121 119 121 121 122 127 135 136 127 113 101 95 102 108 112 124 134 137 130 121 115 121 126 126 124 123 124 133 136 133 123 119 126 138 140 119 102 102 106 107 95 93 94 92 90 94 96 102 102 90 90 112 120 120 115 107 98 90 85 77 71 63 78 89 106 112 108 102 99 115 93 70 83 108 109 112 123 112 79 65 74 95 101 105 101 78 66 79 91 83 95 77 63 70 92 113 133 123 98 74 77 86 97 100 100 95 94 90 111 123 108 90 69 55 52 66 78 91 93 104 102 97 97 102 107 106 100 101 90 83 76 86 81 39 0 0 0 0 0 0 0 0 0 0 0 0 0 0 0 0 0 0 0 0 0 0 0 0 0 0 0 0 0 0 0 0 0 0 0 0 0 0 0 0 0 0 0 0 0 0 0 0 0 0 0 0 0 0 0 0 0 0 0 0 0 0 0 0 0 0 0 0 0 0 0 0 0 0 0 0 0 0 0 0 0 0 0 0 0 0 0 0 0 0 0 0 0 0 0 0 0 0 0 0 0 0 0 0 0 0 0 0 0 0 0 0 0 0 0 0 0 0 0 0 0 0 0 0 0 0 0 0 0 0 0 0 0 0 0 0 0 0 0 0 0 0 0 0 0 0 0 0 0 0 0 0 0 0 0 0 0 0 0 0 0 0 0 0 0 0 0 0 0 0 0 0 0 0 0 0 0 0 0 0 0 0 0 0 0 0 0 0 0 0 0 0 0 0 0 0 0 0 0 0 0 0 0 0 0 0 0 0 0 0 0 0 0 0 0 0 0 0 0 0 0 0 0 0 0 0 0 0 0 0 0 0 0 
0 0 0 0 0 0 0 0 0 0 0 0 0 0 0 0 0 0 0 0 0 0 0 0 0 0 0 0 0 0 0 0 0 0 0 0 0 0 0 0 0 0 0 0 0 0 0 0 0 0 0 0 0 0 0 0 0 0 0 0 0 0 0 0 0 0 0 0 0 0 0 0 0 0 0 0 0 0 0 0 0 0 0 0 0 0 0 0 0 0 92 184 184 185 186 186 185 185 186 187 187 186 185 185 185 185 185 186 186 184 182 180 177 176 175 173 171 167 165 160 155 149 143 137 128 122 118 113 111 114 115 117 123 131 134 135 133 132 129 127 123 121 121 125 129 130 128 122 117 115 114 114 116 116 116 114 115 123 133 138 138 136 135 134 134 135 134 131 126 125 124 125 124 120 121 122 130 134 127 113 100 93 95 100 105 112 126 132 130 126 124 123 122 119 117 115 106 112 130 135 124 111 119 136 143 128 111 106 111 108 95 88 91 91 87 90 88 95 97 78 76 104 121 121 123 109 92 86 81 72 66 65 82 86 104 94 100 99 100 109 92 71 85 120 99 104 117 102 78 69 78 101 110 106 93 68 68 76 76 84 89 68 58 69 98 122 126 102 80 72 77 85 94 85 90 90 99 117 128 122 104 78 67 63 74 88 96 98 95 101 98 96 94 84 94 99 92 90 90 89 89 93 99 94 73 30 0 0 0 0 0 0 0 0 0 0 0 0 0 0 0 0 0 0 0 0 0 0 0 0 0 0 0 0 0 0 0 0 0 0 0 0 0 0 0 0 0 0 0 0 0 0 0 0 0 0 0 0 0 0 0 0 0 0 0 0 0 0 0 0 0 0 0 0 0 0 0 0 0 0 0 0 0 0 0 0 0 0 0 0 0 0 0 0 0 0 0 0 0 0 0 0 0 0 0 0 0 0 0 0 0 0 0 0 0 0 0 0 0 0 0 0 0 0 0 0 0 0 0 0 0 0 0 0 0 0 0 0 0 0 0 0 0 0 0 0 0 0 0 0 0 0 0 0 0 0 0 0 0 0 0 0 0 0 0 0 0 0 0 0 0 0 0 0 0 0 0 0 0 0 0 0 0 0 0 0 0 0 0 0 0 0 0 0 0 0 0 0 0 0 0 0 0 0 0 0 0 0 0 0 0 0 0 0 0 0 0 0 0 0 0 0 0 0 0 0 0 0 0 0 0 0 0 0 0 0 0 
0 0 0 0 0 0 0 0 0 0 0 0 0 0 0 0 0 0 0 0 0 0 0 0 0 0 0 0 0 0 0 0 0 0 0 0 0 0 0 0 0 0 0 0 0 0 0 0 0 0 0 0 0 0 0 0 0 0 0 0 0 0 0 0 0 0 0 0 0 0 0 0 0 0 0 0 0 0 0 0 0 0 0 0 0 0 0 0 0 11 171 183 183 184 185 185 185 184 185 185 186 185 185 185 185 185 185 185 185 184 182 180 177 174 172 171 168 164 161 154 150 144 136 131 124 119 118 116 114 115 111 116 123 129 131 131 130 129 126 121 114 112 115 118 121 123 123 115 113 112 109 108 108 109 112 115 117 123 133 139 138 131 126 127 129 130 130 129 125 118 119 126 123 116 113 116 123 128 127 114 103 97 98 100 105 111 121 125 125 127 124 127 126 116 109 111 101 97 113 130 126 110 115 133 140 136 127 113 117 115 112 95 90 91 87 85 84 83 98 82 74 97 116 117 120 105 84 88 84 70 68 71 83 91 94 83 86 94 98 117 94 78 100 109 95 102 117 100 76 70 86 107 101 94 83 70 73 75 70 85 80 70 70 84 108 122 113 78 69 72 75 78 76 82 96 104 118 130 129 116 103 91 77 78 86 94 102 108 108 103 99 84 75 81 91 94 83 100 99 99 106 116 108 95 80 74 84 48 3 0 0 0 0 0 0 0 0 0 0 0 0 0 0 0 0 0 0 0 0 0 0 0 0 0 0 0 0 0 0 0 0 0 0 0 0 0 0 0 0 0 0 0 0 0 0 0 0 0 0 0 0 0 0 0 0 0 0 0 0 0 0 0 0 0 0 0 0 0 0 0 0 0 0 0 0 0 0 0 0 0 0 0 0 0 0 0 0 0 0 0 0 0 0 0 0 0 0 0 0 0 0 0 0 0 0 0 0 0 0 0 0 0 0 0 0 0 0 0 0 0 0 0 0 0 0 0 0 0 0 0 0 0 0 0 0 0 0 0 0 0 0 0 0 0 0 0 0 0 0 0 0 0 0 0 0 0 0 0 0 0 0 0 0 0 0 0 0 0 0 0 0 0 0 0 0 0 0 0 0 0 0 0 0 0 0 0 0 0 0 0 0 0 0 0 0 0 0 0 0 0 0 0 0 0 0 0 0 0 0 0 0 0 0 0 0 0 0 0 0 0 0 0 0 0 0 0 0 
0 0 0 0 0 0 0 0 0 0 0 0 0 0 0 0 0 0 0 0 0 0 0 0 0 0 0 0 0 0 0 0 0 0 0 0 0 0 0 0 0 0 0 0 0 0 0 0 0 0 0 0 0 0 0 0 0 0 0 0 0 0 0 0 0 0 0 0 0 0 0 0 0 0 0 0 0 0 0 0 0 0 0 0 0 0 0 0 0 91 182 182 182 183 184 183 183 184 183 184 184 184 185 185 185 184 184 182 183 184 182 180 177 174 171 168 164 161 157 150 142 133 126 120 116 113 116 118 118 117 116 119 122 124 127 126 125 125 123 118 115 114 115 114 115 116 111 107 106 107 107 106 105 104 106 112 121 123 126 132 135 129 122 123 126 125 127 129 125 117 113 119 120 116 111 106 109 118 121 113 102 98 102 103 110 119 120 115 118 122 123 124 122 118 109 110 110 95 94 111 123 112 109 126 133 132 127 114 111 117 118 105 96 97 88 89 82 79 86 86 79 87 114 104 116 101 89 96 88 71 71 75 90 96 90 74 75 78 88 113 105 88 118 99 95 108 114 94 76 76 90 100 79 78 72 74 83 79 69 72 78 86 85 82 109 114 97 76 72 72 71 84 84 97 118 120 118 122 122 116 103 78 64 71 94 104 116 121 112 96 80 66 80 93 94 91 91 92 93 102 121 114 97 83 83 91 100 102 89 47 6 0 0 0 0 0 0 0 0 0 0 0 0 0 0 0 0 0 0 0 0 0 0 0 0 0 0 0 0 0 0 0 0 0 0 0 0 0 0 0 0 0 0 0 0 0 0 0 0 0 0 0 0 0 0 0 0 0 0 0 0 0 0 0 0 0 0 0 0 0 0 0 0 0 0 0 0 0 0 0 0 0 0 0 0 0 0 0 0 0 0 0 0 0 0 0 0 0 0 0 0 0 0 0 0 0 0 0 0 0 0 0 0 0 0 0 0 0 0 0 0 0 0 0 0 0 0 0 0 0 0 0 0 0 0 0 0 0 0 0 0 0 0 0 0 0 0 0 0 0 0 0 0 0 0 0 0 0 0 0 0 0 0 0 0 0 0 0 0 0 0 0 0 0 0 0 0 0 0 0 0 0 0 0 0 0 0 0 0 0 0 0 0 0 0 0 0 0 0 0 0 0 0 0 0 0 0 0 0 0 0 0 0 0 0 0 0 0 0 0 0 0 0 0 0 0 0 
0 0 0 0 0 0 0 0 0 0 0 0 0 0 0 0 0 0 0 0 0 0 0 0 0 0 0 0 0 0 0 0 0 0 0 0 0 0 0 0 0 0 0 0 0 0 0 0 0 0 0 0 0 0 0 0 0 0 0 0 0 0 0 0 0 0 0 0 0 0 0 0 0 0 0 0 0 0 0 0 0 0 0 0 0 0 0 0 5 170 183 183 183 183 183 183 183 182 181 182 183 183 184 184 184 183 183 182 182 182 181 180 178 174 169 165 161 158 155 145 134 123 114 109 108 110 114 120 120 122 123 120 120 121 122 121 118 118 121 121 120 118 115 112 111 109 106 104 101 103 103 107 109 108 107 112 122 125 120 121 124 126 125 123 123 123 125 127 126 120 110 111 119 119 116 108 105 109 110 110 106 105 107 109 114 119 121 114 111 117 122 123 118 109 100 100 103 93 79 96 115 110 104 116 130 131 123 99 98 115 122 113 105 103 95 88 82 76 74 79 85 92 106 105 109 109 94 106 85 69 68 73 93 100 87 76 74 62 71 111 106 101 102 93 96 109 108 86 79 82 99 93 79 74 71 80 99 82 61 63 86 87 71 77 105 111 98 86 71 67 88 95 98 115 125 119 109 128 126 107 85 65 69 86 112 122 129 112 91 79 72 78 85 78 71 70 78 97 111 111 104 97 94 95 104 111 108 104 111 104 94 49 5 0 0 0 0 0 0 0 0 0 0 0 0 0 0 0 0 0 0 0 0 0 0 0 0 0 0 0 0 0 0 0 0 0 0 0 0 0 0 0 0 0 0 0 0 0 0 0 0 0 0 0 0 0 0 0 0 0 0 0 0 0 0 0 0 0 0 0 0 0 0 0 0 0 0 0 0 0 0 0 0 0 0 0 0 0 0 0 0 0 0 0 0 0 0 0 0 0 0 0 0 0 0 0 0 0 0 0 0 0 0 0 0 0 0 0 0 0 0 0 0 0 0 0 0 0 0 0 0 0 0 0 0 0 0 0 0 0 0 0 0 0 0 0 0 0 0 0 0 0 0 0 0 0 0 0 0 0 0 0 0 0 0 0 0 0 0 0 0 0 0 0 0 0 0 0 0 0 0 0 0 0 0 0 0 0 0 0 0 0 0 0 0 0 0 0 0 0 0 0 0 0 0 0 0 0 0 0 0 0 0 0 0 0 0 0 0 0 0 0 0 0 0 0 0 
0 0 0 0 0 0 0 0 0 0 0 0 0 0 0 0 0 0 0 0 0 0 0 0 0 0 0 0 0 0 0 0 0 0 0 0 0 0 0 0 0 0 0 0 0 0 0 0 0 0 0 0 0 0 0 0 0 0 0 0 0 0 0 0 0 0 0 0 0 0 0 0 0 0 0 0 0 0 0 0 0 0 0 0 0 0 0 0 84 182 182 182 183 183 183 182 182 181 181 181 181 183 183 183 183 182 182 182 181 180 179 179 177 174 169 164 159 155 151 141 129 116 105 99 101 106 113 120 121 123 122 119 119 120 119 118 116 116 118 121 124 125 118 109 106 105 107 107 105 104 103 106 112 112 110 110 117 123 121 119 121 123 124 122 121 122 121 122 121 120 115 117 124 128 129 124 118 112 109 109 110 113 117 115 113 115 115 110 108 113 120 125 120 107 99 95 93 93 85 88 108 111 101 105 125 133 121 99 90 108 122 117 110 110 106 90 83 81 78 82 92 98 102 99 107 110 101 104 94 72 72 65 96 98 82 83 78 67 75 116 111 104 93 88 101 105 98 87 82 92 116 96 89 71 81 101 105 80 60 73 104 79 59 82 112 113 98 84 80 92 101 92 115 119 120 121 124 127 114 87 64 61 101 121 126 118 101 82 81 83 76 83 60 42 38 55 79 100 102 90 72 90 105 116 109 93 93 108 124 118 110 93 83 40 8 0 0 0 0 0 0 0 0 0 0 0 0 0 0 0 0 0 0 0 0 0 0 0 0 0 0 0 0 0 0 0 0 0 0 0 0 0 0 0 0 0 0 0 0 0 0 0 0 0 0 0 0 0 0 0 0 0 0 0 0 0 0 0 0 0 0 0 0 0 0 0 0 0 0 0 0 0 0 0 0 0 0 0 0 0 0 0 0 0 0 0 0 0 0 0 0 0 0 0 0 0 0 0 0 0 0 0 0 0 0 0 0 0 0 0 0 0 0 0 0 0 0 0 0 0 0 0 0 0 0 0 0 0 0 0 0 0 0 0 0 0 0 0 0 0 0 0 0 0 0 0 0 0 0 0 0 0 0 0 0 0 0 0 0 0 0 0 0 0 0 0 0 0 0 0 0 0 0 0 0 0 0 0 0 0 0 0 0 0 0 0 0 0 0 0 0 0 0 0 0 0 0 0 0 0 0 0 0 0 0 0 0 0 0 0 0 0 0 0 0 0 0 
0 0 0 0 0 0 0 0 0 0 0 0 0 0 0 0 0 0 0 0 0 0 0 0 0 0 0 0 0 0 0 0 0 0 0 0 0 0 0 0 0 0 0 0 0 0 0 0 0 0 0 0 0 0 0 0 0 0 0 0 0 0 0 0 0 0 0 0 0 0 0 0 0 0 0 0 0 0 0 0 0 0 0 0 0 0 0 0 163 181 182 182 182 182 183 183 183 181 181 181 181 181 182 182 182 182 181 181 180 179 179 178 175 172 168 163 158 152 147 137 123 109 98 94 99 105 111 117 121 121 119 117 118 118 118 118 118 115 116 117 124 128 123 116 107 102 107 109 106 107 107 107 109 110 108 105 110 116 122 127 128 127 124 122 124 126 124 117 118 122 122 121 125 130 136 134 131 126 116 115 117 118 118 119 120 115 112 107 105 111 119 120 124 124 109 91 82 89 93 87 87 101 108 105 117 136 123 111 95 99 116 119 114 114 111 98 83 86 85 86 91 95 92 85 98 109 94 114 97 84 79 75 91 98 82 92 82 80 92 109 108 101 93 91 108 107 96 86 91 107 116 104 88 75 101 122 107 73 71 100 105 77 63 87 125 117 82 85 97 94 95 104 123 121 119 128 127 113 96 76 70 86 117 126 116 97 77 82 83 73 71 69 54 37 40 60 81 94 92 90 93 107 114 109 79 61 103 125 123 112 97 82 69 71 99 58 15 0 0 0 0 0 0 0 0 0 0 0 0 0 0 0 0 0 0 0 0 0 0 0 0 0 0 0 0 0 0 0 0 0 0 0 0 0 0 0 0 0 0 0 0 0 0 0 0 0 0 0 0 0 0 0 0 0 0 0 0 0 0 0 0 0 0 0 0 0 0 0 0 0 0 0 0 0 0 0 0 0 0 0 0 0 0 0 0 0 0 0 0 0 0 0 0 0 0 0 0 0 0 0 0 0 0 0 0 0 0 0 0 0 0 0 0 0 0 0 0 0 0 0 0 0 0 0 0 0 0 0 0 0 0 0 0 0 0 0 0 0 0 0 0 0 0 0 0 0 0 0 0 0 0 0 0 0 0 0 0 0 0 0 0 0 0 0 0 0 0 0 0 0 0 0 0 0 0 0 0 0 0 0 0 0 0 0 0 0 0 0 0 0 0 0 0 0 0 0 0 0 0 0 0 0 0 0 0 0 0 0 0 0 0 0 0 0 0 0 0 
0 0 0 0 0 0 0 0 0 0 0 0 0 0 0 0 0 0 0 0 0 0 0 0 0 0 0 0 0 0 0 0 0 0 0 0 0 0 0 0 0 0 0 0 0 0 0 0 0 0 0 0 0 0 0 0 0 0 0 0 0 0 0 0 0 0 0 0 0 0 0 0 0 0 0 0 0 0 0 0 0 0 0 0 0 0 0 78 178 180 182 182 182 182 183 183 182 182 181 180 180 180 180 180 181 181 180 179 179 178 178 177 174 171 167 162 157 150 143 133 121 108 97 93 97 103 109 115 118 118 118 116 116 116 115 116 116 115 114 113 119 121 124 121 112 107 108 108 107 106 105 110 109 106 104 104 105 108 117 127 132 131 126 120 125 130 127 119 119 125 127 124 124 127 131 133 131 126 117 117 120 120 119 124 123 117 111 109 106 111 126 131 128 125 118 104 90 83 92 90 80 90 117 120 119 128 122 115 105 87 105 113 114 116 117 111 94 84 80 86 86 91 89 82 89 93 95 108 100 89 91 84 103 100 92 95 91 89 95 106 99 100 96 102 110 109 98 91 100 114 120 101 78 97 116 116 99 79 87 116 112 74 65 100 118 104 88 102 105 86 106 120 120 112 119 125 118 98 86 71 81 105 111 107 88 80 84 89 79 59 71 69 76 76 78 85 96 97 96 103 101 107 100 82 77 95 123 125 113 99 92 76 74 93 117 119 117 61 10 0 0 0 0 0 0 0 0 0 0 0 0 0 0 0 0 0 0 0 0 0 0 0 0 0 0 0 0 0 0 0 0 0 0 0 0 0 0 0 0 0 0 0 0 0 0 0 0 0 0 0 0 0 0 0 0 0 0 0 0 0 0 0 0 0 0 0 0 0 0 0 0 0 0 0 0 0 0 0 0 0 0 0 0 0 0 0 0 0 0 0 0 0 0 0 0 0 0 0 0 0 0 0 0 0 0 0 0 0 0 0 0 0 0 0 0 0 0 0 0 0 0 0 0 0 0 0 0 0 0 0 0 0 0 0 0 0 0 0 0 0 0 0 0 0 0 0 0 0 0 0 0 0 0 0 0 0 0 0 0 0 0 0 0 0 0 0 0 0 0 0 0 0 0 0 0 0 0 0 0 0 0 0 0 0 0 0 0 0 0 0 0 0 0 0 0 0 0 0 0 0 0 0 0 0 0 0 0 0 0 0 0 0 0 0 0 0 0 
0 0 0 0 0 0 0 0 0 0 0 0 0 0 0 0 0 0 0 0 0 0 0 0 0 0 0 0 0 0 0 0 0 0 0 0 0 0 0 0 0 0 0 0 0 0 0 0 0 0 0 0 0 0 0 0 0 0 0 0 0 0 0 0 0 0 0 0 0 0 0 0 0 0 0 0 0 0 0 0 0 0 0 0 0 0 0 156 179 179 181 181 182 182 182 182 182 181 181 181 180 179 179 179 179 180 180 178 177 177 177 175 173 170 166 162 156 150 140 132 123 112 103 97 94 98 107 112 115 117 116 114 112 109 107 107 108 113 114 112 112 115 118 120 117 115 111 113 113 109 106 106 104 100 100 102 100 99 107 117 127 132 128 118 123 129 127 121 119 125 127 127 127 124 123 127 127 125 120 117 120 122 124 128 128 123 119 115 111 111 119 125 130 133 128 119 105 90 89 95 92 90 103 124 138 134 118 114 105 88 90 95 106 112 113 122 109 87 82 88 91 90 94 88 86 86 95 99 93 98 101 96 106 111 108 105 100 88 98 104 95 99 103 108 101 107 98 90 99 107 109 96 84 117 119 105 98 94 104 118 101 68 77 118 107 90 98 112 103 104 121 115 98 102 125 122 108 89 73 68 83 99 91 86 74 94 98 90 79 75 85 98 102 97 86 85 94 103 111 111 106 90 75 76 109 122 118 113 110 106 98 94 111 130 137 116 94 81 89 62 18 0 0 0 0 0 0 0 0 0 0 0 0 0 0 0 0 0 0 0 0 0 0 0 0 0 0 0 0 0 0 0 0 0 0 0 0 0 0 0 0 0 0 0 0 0 0 0 0 0 0 0 0 0 0 0 0 0 0 0 0 0 0 0 0 0 0 0 0 0 0 0 0 0 0 0 0 0 0 0 0 0 0 0 0 0 0 0 0 0 0 0 0 0 0 0 0 0 0 0 0 0 0 0 0 0 0 0 0 0 0 0 0 0 0 0 0 0 0 0 0 0 0 0 0 0 0 0 0 0 0 0 0 0 0 0 0 0 0 0 0 0 0 0 0 0 0 0 0 0 0 0 0 0 0 0 0 0 0 0 0 0 0 0 0 0 0 0 0 0 0 0 0 0 0 0 0 0 0 0 0 0 0 0 0 0 0 0 0 0 0 0 0 0 0 0 0 0 0 0 0 0 0 0 0 0 0 0 0 0 0 0 0 0 0 0 0 
0 0 0 0 0 0 0 0 0 0 0 0 0 0 0 0 0 0 0 0 0 0 0 0 0 0 0 0 0 0 0 0 0 0 0 0 0 0 0 0 0 0 0 0 0 0 0 0 0 0 0 0 0 0 0 0 0 0 0 0 0 0 0 0 0 0 0 0 0 0 0 0 0 0 0 0 0 0 0 0 0 0 0 0 0 0 78 178 179 180 180 181 181 182 182 182 182 181 181 181 179 179 178 178 178 179 178 178 177 177 176 173 171 168 165 161 155 149 140 133 125 118 109 102 97 99 104 109 110 113 113 109 107 103 99 99 101 105 109 111 113 112 113 115 116 114 113 113 114 112 105 102 101 96 94 95 94 96 98 109 122 133 132 126 123 121 122 120 119 125 124 129 130 126 115 113 118 123 126 128 126 127 128 131 131 129 126 121 115 108 104 109 117 127 132 127 117 96 84 92 100 97 99 106 120 128 125 117 116 105 92 82 96 107 109 120 121 101 89 92 96 92 95 93 93 95 96 102 85 90 106 105 109 110 108 111 104 91 98 114 94 91 107 95 83 94 101 91 104 97 113 97 111 118 106 102 106 107 117 134 81 78 104 106 88 84 107 121 109 113 116 92 87 102 115 113 101 72 63 75 85 77 77 88 96 107 106 98 94 96 107 109 97 82 84 94 113 119 118 96 70 59 69 100 120 112 98 103 107 108 110 121 122 132 117 87 69 66 93 117 122 77 24 0 0 0 0 0 0 0 0 0 0 0 0 0 0 0 0 0 0 0 0 0 0 0 0 0 0 0 0 0 0 0 0 0 0 0 0 0 0 0 0 0 0 0 0 0 0 0 0 0 0 0 0 0 0 0 0 0 0 0 0 0 0 0 0 0 0 0 0 0 0 0 0 0 0 0 0 0 0 0 0 0 0 0 0 0 0 0 0 0 0 0 0 0 0 0 0 0 0 0 0 0 0 0 0 0 0 0 0 0 0 0 0 0 0 0 0 0 0 0 0 0 0 0 0 0 0 0 0 0 0 0 0 0 0 0 0 0 0 0 0 0 0 0 0 0 0 0 0 0 0 0 0 0 0 0 0 0 0 0 0 0 0 0 0 0 0 0 0 0 0 0 0 0 0 0 0 0 0 0 0 0 0 0 0 0 0 0 0 0 0 0 0 0 0 0 0 0 0 0 0 0 0 0 0 0 0 0 0 0 0 0 0 0 0 
0 0 0 0 0 0 0 0 0 0 0 0 0 0 0 0 0 0 0 0 0 0 0 0 0 0 0 0 0 0 0 0 0 0 0 0 0 0 0 0 0 0 0 0 0 0 0 0 0 0 0 0 0 0 0 0 0 0 0 0 0 0 0 0 0 0 0 0 0 0 0 0 0 0 0 0 0 0 0 0 0 0 0 0 0 0 155 178 178 179 180 181 181 181 182 182 182 182 181 180 179 179 178 177 175 176 177 178 177 177 175 173 170 165 163 159 154 148 141 134 126 120 114 108 107 106 104 107 108 113 114 110 104 101 98 96 96 100 107 112 116 113 105 104 104 107 107 104 106 108 104 98 97 95 91 90 93 99 109 116 123 132 134 129 125 125 123 119 124 130 132 132 133 130 124 114 109 116 123 126 130 131 129 128 129 136 134 126 115 110 112 109 106 115 125 129 124 104 84 85 99 103 100 90 90 114 132 122 118 115 107 97 93 101 104 112 121 105 90 93 97 93 93 94 106 108 98 95 89 93 106 109 106 103 104 118 114 95 101 116 102 100 115 80 67 105 111 113 112 112 121 110 122 114 101 111 113 115 130 127 89 93 119 101 88 107 119 116 108 108 100 79 95 108 123 114 92 67 68 76 79 59 87 117 114 111 109 104 99 97 101 103 87 95 107 113 111 107 96 71 61 60 96 113 106 100 93 97 101 103 106 100 95 113 105 90 88 98 117 124 120 121 138 87 27 0 0 0 0 0 0 0 0 0 0 0 0 0 0 0 0 0 0 0 0 0 0 0 0 0 0 0 0 0 0 0 0 0 0 0 0 0 0 0 0 0 0 0 0 0 0 0 0 0 0 0 0 0 0 0 0 0 0 0 0 0 0 0 0 0 0 0 0 0 0 0 0 0 0 0 0 0 0 0 0 0 0 0 0 0 0 0 0 0 0 0 0 0 0 0 0 0 0 0 0 0 0 0 0 0 0 0 0 0 0 0 0 0 0 0 0 0 0 0 0 0 0 0 0 0 0 0 0 0 0 0 0 0 0 0 0 0 0 0 0 0 0 0 0 0 0 0 0 0 0 0 0 0 0 0 0 0 0 0 0 0 0 0 0 0 0 0 0 0 0 0 0 0 0 0 0 0 0 0 0 0 0 0 0 0 0 0 0 0 0 0 0 0 0 0 0 0 0 0 0 0 0 0 0 0 0 0 0 0 0 0 0 
0 0 0 0 0 0 0 0 0 0 0 0 0 0 0 0 0 0 0 0 0 0 0 0 0 0 0 0 0 0 0 0 0 0 0 0 0 0 0 0 0 0 0 0 0 0 0 0 0 0 0 0 0 0 0 0 0 0 0 0 0 0 0 0 0 0 0 0 0 0 0 0 0 0 0 0 0 0 0 0 0 0 0 0 0 71 176 177 178 179 180 181 181 181 182 182 182 182 181 180 179 179 178 175 174 174 175 177 177 177 175 174 169 163 159 155 150 144 138 130 124 117 111 110 110 109 106 108 110 117 120 115 109 105 102 98 98 102 109 115 119 118 110 101 95 99 100 97 98 104 105 99 96 92 89 86 89 100 113 123 130 132 130 128 128 128 127 126 127 130 131 134 133 131 132 130 126 119 116 119 122 126 124 121 122 130 134 138 129 116 109 116 117 111 106 111 123 122 95 83 93 96 100 97 88 97 116 114 118 121 116 112 95 88 96 105 114 96 84 97 101 96 97 98 107 116 104 95 91 103 107 107 100 93 102 120 121 99 105 118 99 118 114 79 74 109 124 128 122 124 124 122 120 112 109 118 115 114 127 119 94 110 125 109 99 114 119 112 103 100 85 90 107 121 125 100 73 56 84 86 81 89 114 126 118 108 111 103 99 92 94 89 93 98 101 92 102 106 87 73 72 86 99 104 97 89 78 87 98 100 97 98 104 119 118 103 108 120 128 126 127 132 138 131 125 83 25 0 0 0 0 0 0 0 0 0 0 0 0 0 0 0 0 0 0 0 0 0 0 0 0 0 0 0 0 0 0 0 0 0 0 0 0 0 0 0 0 0 0 0 0 0 0 0 0 0 0 0 0 0 0 0 0 0 0 0 0 0 0 0 0 0 0 0 0 0 0 0 0 0 0 0 0 0 0 0 0 0 0 0 0 0 0 0 0 0 0 0 0 0 0 0 0 0 0 0 0 0 0 0 0 0 0 0 0 0 0 0 0 0 0 0 0 0 0 0 0 0 0 0 0 0 0 0 0 0 0 0 0 0 0 0 0 0 0 0 0 0 0 0 0 0 0 0 0 0 0 0 0 0 0 0 0 0 0 0 0 0 0 0 0 0 0 0 0 0 0 0 0 0 0 0 0 0 0 0 0 0 0 0 0 0 0 0 0 0 0 0 0 0 0 0 0 0 0 0 0 0 0 0 0 0 0 0 0 0 0 
0 0 0 0 0 0 0 0 0 0 0 0 0 0 0 0 0 0 0 0 0 0 0 0 0 0 0 0 0 0 0 0 0 0 0 0 0 0 0 0 0 0 0 0 0 0 0 0 0 0 0 0 0 0 0 0 0 0 0 0 0 0 0 0 0 0 0 0 0 0 0 0 0 0 0 0 0 0 0 0 0 0 0 0 0 148 176 177 179 179 180 181 181 181 182 182 183 183 181 180 180 180 178 176 174 174 175 175 175 176 174 173 168 162 157 152 145 137 130 123 117 110 105 106 109 111 111 109 112 117 122 121 116 112 108 104 104 107 111 115 116 117 115 108 101 101 97 94 95 101 106 104 99 95 87 86 88 93 104 118 128 131 131 129 126 124 123 122 122 120 122 130 130 127 131 136 135 127 121 117 113 116 113 107 107 118 131 138 137 134 126 121 118 115 110 99 97 111 113 100 90 85 96 106 101 94 103 103 115 124 112 112 104 84 82 94 106 101 91 96 104 96 98 101 106 119 117 101 98 105 109 106 101 80 100 120 118 116 118 119 99 120 116 83 82 109 127 131 127 122 122 114 125 117 118 118 118 109 115 120 107 131 129 99 103 117 121 111 101 95 86 99 118 130 105 74 61 77 99 95 105 117 121 121 111 109 111 106 99 87 65 64 83 93 99 112 118 108 85 68 92 103 102 94 81 77 83 90 93 99 108 120 127 133 128 128 130 134 129 123 123 142 139 134 135 128 117 82 31 0 0 0 0 0 0 0 0 0 0 0 0 0 0 0 0 0 0 0 0 0 0 0 0 0 0 0 0 0 0 0 0 0 0 0 0 0 0 0 0 0 0 0 0 0 0 0 0 0 0 0 0 0 0 0 0 0 0 0 0 0 0 0 0 0 0 0 0 0 0 0 0 0 0 0 0 0 0 0 0 0 0 0 0 0 0 0 0 0 0 0 0 0 0 0 0 0 0 0 0 0 0 0 0 0 0 0 0 0 0 0 0 0 0 0 0 0 0 0 0 0 0 0 0 0 0 0 0 0 0 0 0 0 0 0 0 0 0 0 0 0 0 0 0 0 0 0 0 0 0 0 0 0 0 0 0 0 0 0 0 0 0 0 0 0 0 0 0 0 0 0 0 0 0 0 0 0 0 0 0 0 0 0 0 0 0 0 0 0 0 0 0 0 0 0 0 0 0 0 0 0 0 0 0 0 0 0 0 
0 0 0 0 0 0 0 0 0 0 0 0 0 0 0 0 0 0 0 0 0 0 0 0 0 0 0 0 0 0 0 0 0 0 0 0 0 0 0 0 0 0 0 0 0 0 0 0 0 0 0 0 0 0 0 0 0 0 0 0 0 0 0 0 0 0 0 0 0 0 0 0 0 0 0 0 0 0 0 0 0 0 0 0 66 177 177 178 179 180 180 181 181 181 182 182 183 183 181 180 180 179 179 177 175 174 173 173 173 174 173 171 166 161 155 148 141 132 123 116 111 106 104 102 105 110 111 111 113 113 115 118 119 116 115 112 108 111 114 113 112 111 113 114 111 107 103 96 90 95 103 105 102 96 87 83 88 87 94 104 113 122 129 128 120 115 115 116 116 113 114 116 117 119 128 138 137 131 123 122 119 114 107 106 105 113 128 128 130 127 123 126 124 114 106 96 89 97 113 115 99 87 90 97 102 97 96 96 110 121 119 113 117 97 78 85 102 109 102 101 101 97 99 107 105 114 116 105 96 104 112 111 106 92 100 117 114 116 127 124 109 118 129 103 86 107 119 120 124 123 115 114 123 118 114 113 125 98 120 128 124 125 110 90 100 110 128 120 106 93 95 109 126 124 87 62 73 100 95 99 103 106 109 108 111 117 111 110 95 69 58 78 101 112 127 138 126 115 106 106 111 113 106 94 78 88 96 91 99 106 118 118 129 132 130 136 129 131 123 124 132 142 138 137 143 134 133 127 117 76 27 0 0 0 0 0 0 0 0 0 0 0 0 0 0 0 0 0 0 0 0 0 0 0 0 0 0 0 0 0 0 0 0 0 0 0 0 0 0 0 0 0 0 0 0 0 0 0 0 0 0 0 0 0 0 0 0 0 0 0 0 0 0 0 0 0 0 0 0 0 0 0 0 0 0 0 0 0 0 0 0 0 0 0 0 0 0 0 0 0 0 0 0 0 0 0 0 0 0 0 0 0 0 0 0 0 0 0 0 0 0 0 0 0 0 0 0 0 0 0 0 0 0 0 0 0 0 0 0 0 0 0 0 0 0 0 0 0 0 0 0 0 0 0 0 0 0 0 0 0 0 0 0 0 0 0 0 0 0 0 0 0 0 0 0 0 0 0 0 0 0 0 0 0 0 0 0 0 0 0 0 0 0 0 0 0 0 0 0 0 0 0 0 0 0 0 0 0 0 0 0 0 0 0 0 0 0 
0 0 0 0 0 0 0 0 0 0 0 0 0 0 0 0 0 0 0 0 0 0 0 0 0 0 0 0 0 0 0 0 0 0 0 0 0 0 0 0 0 0 0 0 0 0 0 0 0 0 0 0 0 0 0 0 0 0 0 0 0 0 0 0 0 0 0 0 0 0 0 0 0 0 0 0 0 0 0 0 0 0 0 0 144 177 178 179 180 181 181 181 182 182 182 182 183 183 181 180 180 179 179 177 176 174 172 171 170 170 170 168 163 158 152 144 137 129 120 112 107 106 103 100 100 103 107 111 111 108 105 108 109 112 118 116 114 115 114 113 111 109 110 112 115 112 107 100 91 89 90 94 98 90 85 87 89 88 90 93 101 108 123 124 119 112 105 105 108 110 112 114 108 101 122 133 130 123 115 117 122 122 127 125 128 133 127 119 122 123 118 105 104 106 99 94 89 92 102 119 121 103 88 89 90 84 88 94 99 106 117 114 114 112 98 90 96 107 112 109 101 88 97 112 110 113 115 109 100 105 117 120 117 104 101 110 115 115 131 138 110 120 131 121 104 107 102 108 130 120 108 105 122 123 103 111 117 100 121 135 116 111 87 95 104 112 127 119 94 75 102 118 129 109 80 86 100 104 101 105 107 101 99 118 123 117 108 98 77 63 90 115 123 129 134 129 122 117 119 121 125 114 94 89 85 86 83 87 87 98 101 95 118 104 100 98 103 108 116 117 143 150 144 137 131 133 131 119 105 96 90 63 22 0 0 0 0 0 0 0 0 0 0 0 0 0 0 0 0 0 0 0 0 0 0 0 0 0 0 0 0 0 0 0 0 0 0 0 0 0 0 0 0 0 0 0 0 0 0 0 0 0 0 0 0 0 0 0 0 0 0 0 0 0 0 0 0 0 0 0 0 0 0 0 0 0 0 0 0 0 0 0 0 0 0 0 0 0 0 0 0 0 0 0 0 0 0 0 0 0 0 0 0 0 0 0 0 0 0 0 0 0 0 0 0 0 0 0 0 0 0 0 0 0 0 0 0 0 0 0 0 0 0 0 0 0 0 0 0 0 0 0 0 0 0 0 0 0 0 0 0 0 0 0 0 0 0 0 0 0 0 0 0 0 0 0 0 0 0 0 0 0 0 0 0 0 0 0 0 0 0 0 0 0 0 0 0 0 0 0 0 0 0 0 0 0 0 0 0 0 0 0 0 0 0 0 0 
0 0 0 0 0 0 0 0 0 0 0 0 0 0 0 0 0 0 0 0 0 0 0 0 0 0 0 0 0 0 0 0 0 0 0 0 0 0 0 0 0 0 0 0 0 0 0 0 0 0 0 0 0 0 0 0 0 0 0 0 0 0 0 0 0 0 0 0 0 0 0 0 0 0 0 0 0 0 0 0 0 0 0 60 176 177 178 179 180 181 182 182 182 183 182 183 183 182 182 180 179 179 179 178 177 175 172 169 167 167 166 164 159 153 146 138 132 124 117 109 107 107 104 100 97 95 102 105 107 105 101 99 100 104 111 115 117 113 111 109 109 109 107 111 115 112 107 103 93 86 82 89 94 94 90 91 94 89 88 91 96 104 115 119 119 115 107 102 97 101 114 122 120 121 128 129 123 104 95 97 103 113 119 123 134 139 141 136 128 124 121 114 108 95 91 97 99 101 101 114 131 117 90 84 86 78 87 100 100 93 105 116 114 119 113 99 99 106 111 112 104 94 97 111 114 106 112 113 112 109 114 124 124 115 114 113 120 116 127 130 115 114 126 129 123 116 83 102 131 112 94 101 123 122 98 130 119 98 125 126 101 89 87 102 100 96 121 113 84 85 103 111 119 106 80 116 111 109 111 107 100 100 118 132 127 125 102 73 77 104 122 128 126 123 108 107 122 126 130 124 112 96 88 85 72 70 80 90 99 94 82 83 104 69 59 85 107 119 121 135 143 139 131 126 122 127 120 106 91 91 94 91 75 45 14 0 0 0 0 0 0 0 0 0 0 0 0 0 0 0 0 0 0 0 0 0 0 0 0 0 0 0 0 0 0 0 0 0 0 0 0 0 0 0 0 0 0 0 0 0 0 0 0 0 0 0 0 0 0 0 0 0 0 0 0 0 0 0 0 0 0 0 0 0 0 0 0 0 0 0 0 0 0 0 0 0 0 0 0 0 0 0 0 0 0 0 0 0 0 0 0 0 0 0 0 0 0 0 0 0 0 0 0 0 0 0 0 0 0 0 0 0 0 0 0 0 0 0 0 0 0 0 0 0 0 0 0 0 0 0 0 0 0 0 0 0 0 0 0 0 0 0 0 0 0 0 0 0 0 0 0 0 0 0 0 0 0 0 0 0 0 0 0 0 0 0 0 0 0 0 0 0 0 0 0 0 0 0 0 0 0 0 0 0 0 0 0 0 0 0 0 0 0 0 0 0 0 
0 0 0 0 0 0 0 0 0 0 0 0 0 0 0 0 0 0 0 0 0 0 0 0 0 0 0 0 0 0 0 0 0 0 0 0 0 0 0 0 0 0 0 0 0 0 0 0 0 0 0 0 0 0 0 0 0 0 0 0 0 0 0 0 0 0 0 0 0 0 0 0 0 0 0 0 0 0 0 0 0 0 0 143 177 178 179 180 181 182 182 182 182 182 182 182 182 181 181 179 178 179 178 178 177 174 171 166 162 160 160 159 155 149 141 132 124 118 112 106 109 108 103 100 96 94 95 97 99 100 98 94 92 97 104 109 110 109 108 106 103 104 103 104 108 110 106 103 97 88 90 95 103 104 110 109 99 89 86 87 92 101 110 114 117 120 121 114 104 104 110 124 134 139 139 141 129 111 100 89 86 90 98 109 112 122 133 138 138 133 131 133 126 122 111 107 109 111 107 103 110 116 108 98 90 83 89 102 108 111 112 121 118 120 122 111 105 104 105 113 108 102 102 110 113 105 107 111 115 113 110 123 132 129 125 126 126 118 117 112 117 116 120 120 123 107 80 94 130 106 88 105 117 111 114 129 117 86 121 130 84 73 92 91 83 89 107 108 89 107 102 109 117 109 112 123 114 114 113 97 96 115 129 136 132 116 86 71 97 123 129 126 104 95 98 115 131 129 120 112 104 89 79 83 95 107 101 105 97 83 77 101 92 77 90 113 121 111 108 132 132 118 108 104 107 109 103 95 93 103 103 86 66 51 44 35 17 0 0 0 0 0 0 0 0 0 0 0 0 0 0 0 0 0 0 0 0 0 0 0 0 0 0 0 0 0 0 0 0 0 0 0 0 0 0 0 0 0 0 0 0 0 0 0 0 0 0 0 0 0 0 0 0 0 0 0 0 0 0 0 0 0 0 0 0 0 0 0 0 0 0 0 0 0 0 0 0 0 0 0 0 0 0 0 0 0 0 0 0 0 0 0 0 0 0 0 0 0 0 0 0 0 0 0 0 0 0 0 0 0 0 0 0 0 0 0 0 0 0 0 0 0 0 0 0 0 0 0 0 0 0 0 0 0 0 0 0 0 0 0 0 0 0 0 0 0 0 0 0 0 0 0 0 0 0 0 0 0 0 0 0 0 0 0 0 0 0 0 0 0 0 0 0 0 0 0 0 0 0 0 0 0 0 0 0 0 0 0 0 0 0 0 0 0 0 0 0 
0 0 0 0 0 0 0 0 0 0 0 0 0 0 0 0 0 0 0 0 0 0 0 0 0 0 0 0 0 0 0 0 0 0 0 0 0 0 0 0 0 0 0 0 0 0 0 0 0 0 0 0 0 0 0 0 0 0 0 0 0 0 0 0 0 0 0 0 0 0 0 0 0 0 0 0 0 0 0 0 0 0 60 177 178 179 179 180 182 181 182 181 181 181 181 181 180 179 178 178 177 177 176 175 174 172 167 162 157 155 154 153 150 145 136 126 117 112 107 106 108 107 102 97 92 90 93 93 93 92 92 91 90 92 97 102 105 107 109 109 107 109 107 101 98 97 99 100 98 96 96 97 96 105 118 118 109 95 87 86 87 92 103 108 112 121 125 124 124 118 116 123 127 132 133 135 140 141 127 113 100 90 92 103 109 106 108 119 133 136 134 127 121 127 129 122 111 109 105 98 94 109 122 114 104 98 91 99 108 116 122 128 122 114 115 110 101 101 108 114 114 109 108 112 112 100 105 105 115 116 112 115 127 138 120 132 133 120 110 108 121 123 114 109 107 98 80 92 117 115 104 105 104 104 124 128 110 93 112 116 79 68 92 79 73 90 106 106 111 107 104 118 124 114 128 119 104 93 90 97 117 131 139 137 118 97 98 103 113 113 112 96 85 100 115 122 120 119 116 112 107 99 100 116 128 114 108 104 104 101 108 122 113 109 116 111 103 105 114 129 126 111 100 100 90 83 92 103 108 104 92 75 56 49 41 43 56 64 40 0 0 0 0 0 0 0 0 0 0 0 0 0 0 0 0 0 0 0 0 0 0 0 0 0 0 0 0 0 0 0 0 0 0 0 0 0 0 0 0 0 0 0 0 0 0 0 0 0 0 0 0 0 0 0 0 0 0 0 0 0 0 0 0 0 0 0 0 0 0 0 0 0 0 0 0 0 0 0 0 0 0 0 0 0 0 0 0 0 0 0 0 0 0 0 0 0 0 0 0 0 0 0 0 0 0 0 0 0 0 0 0 0 0 0 0 0 0 0 0 0 0 0 0 0 0 0 0 0 0 0 0 0 0 0 0 0 0 0 0 0 0 0 0 0 0 0 0 0 0 0 0 0 0 0 0 0 0 0 0 0 0 0 0 0 0 0 0 0 0 0 0 0 0 0 0 0 0 0 0 0 0 0 0 0 0 0 0 0 0 0 0 0 0 0 0 0 0 
0 0 0 0 0 0 0 0 0 0 0 0 0 0 0 0 0 0 0 0 0 0 0 0 0 0 0 0 0 0 0 0 0 0 0 0 0 0 0 0 0 0 0 0 0 0 0 0 0 0 0 0 0 0 0 0 0 0 0 0 0 0 0 0 0 0 0 0 0 0 0 0 0 0 0 0 0 0 0 0 0 0 138 177 177 178 178 179 180 180 180 180 180 179 178 178 178 177 176 175 174 174 173 172 171 168 164 159 154 151 148 147 145 140 132 122 112 106 104 105 107 106 101 94 88 89 92 92 92 90 90 88 91 93 95 98 101 106 110 111 113 118 114 104 96 94 97 98 100 101 100 99 98 100 108 112 110 100 95 93 89 90 96 101 107 113 117 123 125 124 120 120 123 127 128 131 137 142 142 141 121 96 89 91 94 100 102 103 104 118 131 121 103 99 118 132 119 106 106 103 97 99 111 113 111 112 106 100 104 107 117 115 115 111 107 102 94 95 100 113 126 118 112 111 108 103 103 101 112 114 111 110 124 138 130 129 136 123 104 104 110 119 111 95 90 90 79 91 113 115 115 100 98 109 118 122 115 88 100 117 82 75 79 72 71 88 106 95 100 95 111 123 113 105 113 103 82 64 72 107 124 129 129 115 97 96 108 113 119 99 92 89 100 112 113 108 104 111 120 112 104 104 111 123 128 125 125 131 119 113 124 137 133 122 107 102 110 123 140 141 129 114 106 96 87 87 104 116 110 101 95 80 62 45 41 45 65 98 120 100 44 0 0 0 0 0 0 0 0 0 0 0 0 0 0 0 0 0 0 0 0 0 0 0 0 0 0 0 0 0 0 0 0 0 0 0 0 0 0 0 0 0 0 0 0 0 0 0 0 0 0 0 0 0 0 0 0 0 0 0 0 0 0 0 0 0 0 0 0 0 0 0 0 0 0 0 0 0 0 0 0 0 0 0 0 0 0 0 0 0 0 0 0 0 0 0 0 0 0 0 0 0 0 0 0 0 0 0 0 0 0 0 0 0 0 0 0 0 0 0 0 0 0 0 0 0 0 0 0 0 0 0 0 0 0 0 0 0 0 0 0 0 0 0 0 0 0 0 0 0 0 0 0 0 0 0 0 0 0 0 0 0 0 0 0 0 0 0 0 0 0 0 0 0 0 0 0 0 0 0 0 0 0 0 0 0 0 0 0 0 0 0 0 0 0 0 0 
0 0 0 0 0 0 0 0 0 0 0 0 0 0 0 0 0 0 0 0 0 0 0 0 0 0 0 0 0 0 0 0 0 0 0 0 0 0 0 0 0 0 0 0 0 0 0 0 0 0 0 0 0 0 0 0 0 0 0 0 0 0 0 0 0 0 0 0 0 0 0 0 0 0 0 0 0 0 0 0 0 54 175 175 175 176 177 177 177 177 177 177 177 175 176 174 174 174 173 171 169 169 169 167 165 164 160 155 151 146 143 141 138 134 127 117 109 103 102 104 106 105 99 92 85 87 91 93 97 98 95 90 94 94 95 100 104 106 108 110 112 116 113 106 102 96 97 99 102 104 103 102 101 101 102 100 101 102 103 101 94 92 95 98 98 101 105 112 120 123 122 121 127 131 135 132 134 136 138 141 131 113 98 92 91 102 113 107 101 103 108 111 102 91 92 110 126 126 115 105 94 89 103 109 98 112 126 114 101 100 109 116 110 95 98 102 99 98 100 107 122 126 118 115 111 110 107 104 107 110 107 106 115 133 138 126 127 123 111 104 94 111 112 96 85 88 82 83 95 108 117 102 101 112 106 118 105 80 85 101 87 80 78 70 65 98 99 86 81 91 113 121 91 95 108 77 61 64 83 104 115 124 120 96 113 109 106 101 99 91 96 96 108 99 91 80 94 104 105 97 104 118 126 123 134 132 126 121 118 123 135 142 122 111 114 121 128 138 146 141 116 109 104 107 107 114 114 110 103 96 81 62 45 37 37 53 81 107 120 115 113 102 56 0 0 0 0 0 0 0 0 0 0 0 0 0 0 0 0 0 0 0 0 0 0 0 0 0 0 0 0 0 0 0 0 0 0 0 0 0 0 0 0 0 0 0 0 0 0 0 0 0 0 0 0 0 0 0 0 0 0 0 0 0 0 0 0 0 0 0 0 0 0 0 0 0 0 0 0 0 0 0 0 0 0 0 0 0 0 0 0 0 0 0 0 0 0 0 0 0 0 0 0 0 0 0 0 0 0 0 0 0 0 0 0 0 0 0 0 0 0 0 0 0 0 0 0 0 0 0 0 0 0 0 0 0 0 0 0 0 0 0 0 0 0 0 0 0 0 0 0 0 0 0 0 0 0 0 0 0 0 0 0 0 0 0 0 0 0 0 0 0 0 0 0 0 0 0 0 0 0 0 0 0 0 0 0 0 0 0 0 0 0 0 0 0 0 
0 0 0 0 0 0 0 0 0 0 0 0 0 0 0 0 0 0 0 0 0 0 0 0 0 0 0 0 0 0 0 0 0 0 0 0 0 0 0 0 0 0 0 0 0 0 0 0 0 0 0 0 0 0 0 0 0 0 0 0 0 0 0 0 0 0 0 0 0 0 0 0 0 0 0 0 0 0 0 0 0 129 173 172 172 173 173 173 173 174 174 173 172 172 171 170 170 168 169 166 165 165 164 163 161 158 154 151 145 142 137 134 132 127 120 112 105 99 101 102 106 105 100 92 87 86 89 94 102 108 104 102 101 99 100 104 107 108 107 108 111 112 110 106 101 96 98 104 106 106 105 107 105 105 102 96 96 97 101 101 97 92 92 93 94 98 100 106 117 126 125 125 129 130 131 129 131 132 131 133 136 128 111 100 90 85 96 111 113 101 88 91 99 92 84 93 116 131 122 112 91 80 89 104 103 102 112 117 117 107 101 106 109 99 93 98 101 105 104 104 116 131 136 126 116 113 111 107 105 107 104 105 103 116 132 122 117 125 117 103 97 102 106 102 82 83 85 80 83 98 113 107 103 108 106 112 103 78 71 72 81 87 79 67 71 104 94 74 72 98 113 106 88 92 88 52 64 89 100 91 110 112 109 105 112 93 88 83 80 104 113 104 95 88 77 86 104 83 74 94 116 123 124 123 130 116 106 125 139 144 140 123 109 118 125 135 129 140 143 132 121 111 109 112 118 114 113 109 97 80 64 49 40 35 39 56 83 99 96 98 111 129 139 121 60 0 0 0 0 0 0 0 0 0 0 0 0 0 0 0 0 0 0 0 0 0 0 0 0 0 0 0 0 0 0 0 0 0 0 0 0 0 0 0 0 0 0 0 0 0 0 0 0 0 0 0 0 0 0 0 0 0 0 0 0 0 0 0 0 0 0 0 0 0 0 0 0 0 0 0 0 0 0 0 0 0 0 0 0 0 0 0 0 0 0 0 0 0 0 0 0 0 0 0 0 0 0 0 0 0 0 0 0 0 0 0 0 0 0 0 0 0 0 0 0 0 0 0 0 0 0 0 0 0 0 0 0 0 0 0 0 0 0 0 0 0 0 0 0 0 0 0 0 0 0 0 0 0 0 0 0 0 0 0 0 0 0 0 0 0 0 0 0 0 0 0 0 0 0 0 0 0 0 0 0 0 0 0 0 0 0 0 0 0 0 0 0 
0 0 0 0 0 0 0 0 0 0 0 0 0 0 0 0 0 0 0 0 0 0 0 0 0 0 0 0 0 0 0 0 0 0 0 0 0 0 0 0 0 0 0 0 0 0 0 0 0 0 0 0 0 0 0 0 0 0 0 0 0 0 0 0 0 0 0 0 0 0 0 0 0 0 0 0 0 0 0 0 47 168 169 169 169 169 168 169 169 170 169 168 167 167 166 166 165 164 162 160 159 159 158 157 155 152 148 145 140 135 131 128 124 120 113 106 101 100 101 102 105 105 101 94 91 87 86 92 103 112 115 113 107 101 102 108 109 105 104 104 109 111 108 105 104 101 103 107 110 110 107 107 105 107 104 102 98 93 96 99 95 88 85 90 100 99 100 104 113 117 119 116 115 120 122 120 119 124 126 126 129 126 110 96 86 73 74 81 90 93 82 77 81 87 79 80 90 102 115 117 102 82 80 99 110 101 98 111 122 117 99 95 106 102 93 93 99 101 103 105 116 125 136 134 129 121 116 111 107 107 99 102 96 104 118 121 117 120 117 104 102 99 89 99 84 76 87 83 83 100 112 110 98 100 102 115 116 87 58 61 79 94 72 67 86 101 88 69 78 101 95 110 92 83 64 70 87 98 97 82 115 100 101 88 83 83 82 80 93 114 106 95 78 76 93 92 76 54 63 97 109 95 98 98 98 107 121 139 146 134 134 99 105 120 125 125 127 140 139 127 108 101 111 115 120 120 116 108 94 78 64 47 39 36 42 53 68 81 87 103 122 135 138 138 136 110 46 0 0 0 0 0 0 0 0 0 0 0 0 0 0 0 0 0 0 0 0 0 0 0 0 0 0 0 0 0 0 0 0 0 0 0 0 0 0 0 0 0 0 0 0 0 0 0 0 0 0 0 0 0 0 0 0 0 0 0 0 0 0 0 0 0 0 0 0 0 0 0 0 0 0 0 0 0 0 0 0 0 0 0 0 0 0 0 0 0 0 0 0 0 0 0 0 0 0 0 0 0 0 0 0 0 0 0 0 0 0 0 0 0 0 0 0 0 0 0 0 0 0 0 0 0 0 0 0 0 0 0 0 0 0 0 0 0 0 0 0 0 0 0 0 0 0 0 0 0 0 0 0 0 0 0 0 0 0 0 0 0 0 0 0 0 0 0 0 0 0 0 0 0 0 0 0 0 0 0 0 0 0 0 0 0 0 0 0 0 0 
0 0 0 0 0 0 0 0 0 0 0 0 0 0 0 0 0 0 0 0 0 0 0 0 0 0 0 0 0 0 0 0 0 0 0 0 0 0 0 0 0 0 0 0 0 0 0 0 0 0 0 0 0 0 0 0 0 0 0 0 0 0 0 0 0 0 0 0 0 0 0 0 0 0 0 0 0 0 0 0 117 163 164 164 164 163 163 164 165 164 163 163 162 161 160 160 159 159 156 154 153 152 152 151 148 145 141 137 133 130 126 120 116 113 108 103 99 101 103 103 104 104 101 97 94 90 88 89 97 111 121 117 108 101 98 103 110 116 108 105 112 117 116 109 104 104 105 107 107 106 107 108 104 100 103 102 98 96 100 99 95 91 92 99 104 100 98 104 116 123 121 116 113 112 114 113 114 123 122 126 123 124 114 98 91 84 80 70 79 81 79 83 90 91 89 85 78 85 96 108 115 111 97 99 117 124 113 109 115 121 113 100 101 106 105 104 102 95 97 105 110 113 119 131 137 128 124 114 112 109 97 91 98 101 102 109 112 112 112 101 99 96 86 89 83 72 89 84 85 103 103 96 92 94 101 116 118 100 72 67 79 86 72 76 95 102 89 69 86 80 88 104 87 75 71 98 83 85 81 94 104 91 77 70 77 74 65 92 108 106 89 85 90 95 105 73 56 64 81 95 88 80 81 78 103 119 128 126 113 121 122 113 123 127 111 99 123 145 134 116 102 105 122 129 133 124 113 106 98 78 56 39 34 32 40 50 60 77 98 115 127 132 133 133 133 115 98 79 42 3 0 0 0 0 0 0 0 0 0 0 0 0 0 0 0 0 0 0 0 0 0 0 0 0 0 0 0 0 0 0 0 0 0 0 0 0 0 0 0 0 0 0 0 0 0 0 0 0 0 0 0 0 0 0 0 0 0 0 0 0 0 0 0 0 0 0 0 0 0 0 0 0 0 0 0 0 0 0 0 0 0 0 0 0 0 0 0 0 0 0 0 0 0 0 0 0 0 0 0 0 0 0 0 0 0 0 0 0 0 0 0 0 0 0 0 0 0 0 0 0 0 0 0 0 0 0 0 0 0 0 0 0 0 0 0 0 0 0 0 0 0 0 0 0 0 0 0 0 0 0 0 0 0 0 0 0 0 0 0 0 0 0 0 0 0 0 0 0 0 0 0 0 0 0 0 0 0 0 0 0 0 0 0 0 0 0 0 
0 0 0 0 0 0 0 0 0 0 0 0 0 0 0 0 0 0 0 0 0 0 0 0 0 0 0 0 0 0 0 0 0 0 0 0 0 0 0 0 0 0 0 0 0 0 0 0 0 0 0 0 0 0 0 0 0 0 0 0 0 0 0 0 0 0 0 0 0 0 0 0 0 0 0 0 0 0 0 44 159 159 158 158 157 157 157 158 158 157 157 156 156 154 153 153 153 152 151 148 146 144 145 144 142 138 134 130 126 124 121 113 109 106 105 101 99 102 106 107 107 108 104 99 95 93 92 91 96 106 116 113 108 101 98 99 105 113 111 108 112 118 119 114 107 105 106 105 104 102 102 106 107 104 100 98 99 105 106 100 95 98 102 110 114 105 105 112 116 116 121 126 121 115 115 117 123 130 132 133 146 144 146 133 115 112 107 96 90 86 82 84 98 102 95 94 99 95 89 98 109 113 114 111 118 132 130 123 122 121 114 111 112 110 109 111 112 105 98 99 107 109 110 120 129 129 127 121 111 111 100 87 91 97 96 99 106 112 108 97 96 96 90 85 77 77 85 81 77 103 95 86 86 91 95 106 115 112 86 73 76 79 69 82 97 103 94 73 81 66 92 106 93 86 84 76 65 78 78 84 77 68 72 76 69 57 77 117 115 92 76 100 118 101 75 69 76 87 93 96 69 87 94 105 112 115 114 107 95 121 120 126 123 114 107 113 132 145 117 97 104 128 138 138 134 122 115 105 101 62 35 26 27 36 46 52 63 89 113 117 117 126 128 129 126 116 109 105 98 79 33 3 0 0 0 0 0 0 0 0 0 0 0 0 0 0 0 0 0 0 0 0 0 0 0 0 0 0 0 0 0 0 0 0 0 0 0 0 0 0 0 0 0 0 0 0 0 0 0 0 0 0 0 0 0 0 0 0 0 0 0 0 0 0 0 0 0 0 0 0 0 0 0 0 0 0 0 0 0 0 0 0 0 0 0 0 0 0 0 0 0 0 0 0 0 0 0 0 0 0 0 0 0 0 0 0 0 0 0 0 0 0 0 0 0 0 0 0 0 0 0 0 0 0 0 0 0 0 0 0 0 0 0 0 0 0 0 0 0 0 0 0 0 0 0 0 0 0 0 0 0 0 0 0 0 0 0 0 0 0 0 0 0 0 0 0 0 0 0 0 0 0 0 0 0 0 0 0 0 0 0 0 0 0 0 0 0 
0 0 0 0 0 0 0 0 0 0 0 0 0 0 0 0 0 0 0 0 0 0 0 0 0 0 0 0 0 0 0 0 0 0 0 0 0 0 0 0 0 0 0 0 0 0 0 0 0 0 0 0 0 0 0 0 0 0 0 0 0 0 0 0 0 0 0 0 0 0 0 0 0 0 0 0 0 0 0 110 153 152 152 151 149 150 150 151 150 150 150 149 148 146 146 146 146 146 145 142 138 136 136 136 135 132 127 123 120 117 114 110 105 101 100 99 98 103 106 108 111 110 106 102 95 94 96 97 98 102 108 107 102 101 98 92 95 103 105 103 104 107 112 113 104 102 102 104 102 101 102 104 106 105 99 96 97 104 103 98 95 100 102 102 99 97 98 105 107 109 112 114 119 124 122 126 130 136 132 126 128 137 147 147 146 144 134 116 98 94 89 90 102 115 114 104 106 108 107 101 101 113 118 114 108 111 123 141 138 134 127 122 125 118 106 112 123 123 114 109 112 115 112 115 122 120 117 121 123 115 103 93 91 98 99 102 98 100 106 101 92 92 94 89 73 74 87 79 78 90 89 84 80 78 82 84 109 108 93 76 69 70 69 89 109 109 99 85 79 82 97 112 98 83 68 55 76 77 69 67 68 75 81 75 59 69 111 120 99 89 103 117 104 88 77 95 94 102 96 83 78 101 100 83 108 122 117 109 112 127 133 136 127 119 117 127 140 122 103 103 121 136 139 136 125 106 96 87 68 41 25 23 27 42 51 58 80 106 119 118 118 124 122 120 122 120 121 114 95 80 64 48 20 2 0 0 0 0 0 0 0 0 0 0 0 0 0 0 0 0 0 0 0 0 0 0 0 0 0 0 0 0 0 0 0 0 0 0 0 0 0 0 0 0 0 0 0 0 0 0 0 0 0 0 0 0 0 0 0 0 0 0 0 0 0 0 0 0 0 0 0 0 0 0 0 0 0 0 0 0 0 0 0 0 0 0 0 0 0 0 0 0 0 0 0 0 0 0 0 0 0 0 0 0 0 0 0 0 0 0 0 0 0 0 0 0 0 0 0 0 0 0 0 0 0 0 0 0 0 0 0 0 0 0 0 0 0 0 0 0 0 0 0 0 0 0 0 0 0 0 0 0 0 0 0 0 0 0 0 0 0 0 0 0 0 0 0 0 0 0 0 0 0 0 0 0 0 0 0 0 0 0 0 0 0 0 0 
0 0 0 0 0 0 0 0 0 0 0 0 0 0 0 0 0 0 0 0 0 0 0 0 0 0 0 0 0 0 0 0 0 0 0 0 0 0 0 0 0 0 0 0 0 0 0 0 0 0 0 0 0 0 0 0 0 0 0 0 0 0 0 0 0 0 0 0 0 0 0 0 0 0 0 0 0 0 36 146 145 145 144 142 142 142 142 142 141 142 141 140 139 138 138 138 138 138 137 136 132 128 126 126 125 124 122 118 114 111 109 106 100 96 97 97 99 102 105 107 110 108 104 98 97 97 97 97 98 101 107 105 104 102 96 90 91 97 99 98 98 102 104 101 100 104 108 107 104 101 101 99 99 101 102 99 94 97 98 90 88 90 89 86 82 85 94 95 100 105 107 103 105 110 116 129 137 145 141 123 116 114 114 132 148 151 145 124 94 84 86 95 97 110 119 126 129 119 107 107 104 112 121 115 104 102 105 114 126 133 123 122 125 124 113 110 119 126 128 123 117 113 113 117 122 117 107 105 117 123 113 104 94 96 96 98 98 90 96 100 85 85 92 92 82 76 91 90 79 94 87 84 84 75 68 76 104 106 98 80 74 68 76 94 108 105 100 81 80 88 90 105 95 75 70 78 92 76 67 61 77 84 68 56 68 98 119 107 93 117 128 112 93 98 104 110 101 107 88 85 101 103 94 100 115 118 107 111 128 148 146 139 129 112 112 127 138 111 110 117 125 133 129 119 109 96 90 62 44 33 22 21 25 36 49 63 87 111 122 123 118 120 115 112 111 115 121 111 88 79 65 45 36 36 22 4 0 0 0 0 0 0 0 0 0 0 0 0 0 0 0 0 0 0 0 0 0 0 0 0 0 0 0 0 0 0 0 0 0 0 0 0 0 0 0 0 0 0 0 0 0 0 0 0 0 0 0 0 0 0 0 0 0 0 0 0 0 0 0 0 0 0 0 0 0 0 0 0 0 0 0 0 0 0 0 0 0 0 0 0 0 0 0 0 0 0 0 0 0 0 0 0 0 0 0 0 0 0 0 0 0 0 0 0 0 0 0 0 0 0 0 0 0 0 0 0 0 0 0 0 0 0 0 0 0 0 0 0 0 0 0 0 0 0 0 0 0 0 0 0 0 0 0 0 0 0 0 0 0 0 0 0 0 0 0 0 0 0 0 0 0 0 0 0 0 0 0 0 0 0 0 0 0 0 0 0 0 
0 0 0 0 0 0 0 0 0 0 0 0 0 0 0 0 0 0 0 0 0 0 0 0 0 0 0 0 0 0 0 0 0 0 0 0 0 0 0 0 0 0 0 0 0 0 0 0 0 0 0 0 0 0 0 0 0 0 0 0 0 0 0 0 0 0 0 0 0 0 0 0 0 0 0 0 0 0 95 139 137 136 136 134 134 133 133 132 133 133 133 132 131 130 130 129 130 129 129 128 125 121 118 117 116 117 117 113 110 107 105 101 96 93 94 94 96 103 105 108 110 108 102 99 99 96 95 94 96 101 105 107 108 105 99 92 89 93 97 100 99 98 97 94 95 100 107 109 106 102 99 95 91 98 101 98 94 95 92 93 87 76 76 74 69 64 75 84 90 96 103 102 96 93 100 118 131 148 150 140 129 119 112 121 131 143 147 131 102 85 80 76 87 108 117 126 131 133 125 115 113 113 117 116 106 101 97 102 109 106 112 120 127 122 107 101 109 113 120 125 116 104 107 114 124 131 114 92 103 122 122 113 102 95 86 93 101 94 78 78 82 87 90 95 88 81 85 86 83 94 90 83 88 75 65 81 104 100 98 89 78 75 77 93 97 100 88 72 72 76 81 97 95 80 83 98 80 66 62 67 80 75 57 51 66 86 98 103 110 122 123 116 100 114 124 124 106 91 85 105 118 113 102 88 92 94 110 130 141 142 130 124 104 92 112 133 123 115 122 123 126 119 116 123 111 95 71 56 51 49 36 28 23 34 46 58 80 104 116 113 108 118 114 113 109 109 110 105 91 78 60 33 28 35 40 43 26 7 0 0 0 0 0 0 0 0 0 0 0 0 0 0 0 0 0 0 0 0 0 0 0 0 0 0 0 0 0 0 0 0 0 0 0 0 0 0 0 0 0 0 0 0 0 0 0 0 0 0 0 0 0 0 0 0 0 0 0 0 0 0 0 0 0 0 0 0 0 0 0 0 0 0 0 0 0 0 0 0 0 0 0 0 0 0 0 0 0 0 0 0 0 0 0 0 0 0 0 0 0 0 0 0 0 0 0 0 0 0 0 0 0 0 0 0 0 0 0 0 0 0 0 0 0 0 0 0 0 0 0 0 0 0 0 0 0 0 0 0 0 0 0 0 0 0 0 0 0 0 0 0 0 0 0 0 0 0 0 0 0 0 0 0 0 0 0 0 0 0 0 0 0 0 0 0 0 0 0 
0 0 0 0 0 0 0 0 0 0 0 0 0 0 0 0 0 0 0 0 0 0 0 0 0 0 0 0 0 0 0 0 0 0 0 0 0 0 0 0 0 0 0 0 0 0 0 0 0 0 0 0 0 0 0 0 0 0 0 0 0 0 0 0 0 0 0 0 0 0 0 0 0 0 0 0 0 28 131 130 129 130 127 126 124 124 123 122 122 123 123 122 121 121 121 121 120 120 120 120 117 114 111 109 109 110 109 108 107 105 103 98 94 90 89 90 96 104 108 111 112 111 106 103 101 97 94 93 95 104 109 109 112 111 105 97 91 92 96 105 103 97 90 86 86 87 93 97 99 102 103 95 92 96 100 98 89 87 82 84 85 82 73 65 61 56 59 68 75 79 86 94 98 91 89 99 109 130 147 148 143 138 130 125 128 133 135 134 120 108 94 81 80 89 105 123 125 129 129 123 118 117 114 116 122 119 105 101 109 110 112 112 118 118 107 100 108 108 103 117 122 112 102 103 116 129 128 117 105 108 119 118 111 98 90 91 93 98 75 69 76 84 94 98 93 84 80 82 83 93 85 80 83 82 76 85 106 96 98 86 80 79 84 90 91 96 87 68 69 66 80 89 88 79 86 92 60 54 63 78 70 58 61 63 56 62 83 97 103 103 120 120 119 122 122 111 93 91 104 117 119 94 71 71 83 96 118 136 139 124 109 102 99 107 134 139 117 119 122 127 123 116 111 110 99 82 78 79 81 74 53 32 29 34 43 57 77 96 99 101 110 119 119 113 104 104 113 105 88 68 46 32 29 33 36 38 46 61 47 11 0 0 0 0 0 0 0 0 0 0 0 0 0 0 0 0 0 0 0 0 0 0 0 0 0 0 0 0 0 0 0 0 0 0 0 0 0 0 0 0 0 0 0 0 0 0 0 0 0 0 0 0 0 0 0 0 0 0 0 0 0 0 0 0 0 0 0 0 0 0 0 0 0 0 0 0 0 0 0 0 0 0 0 0 0 0 0 0 0 0 0 0 0 0 0 0 0 0 0 0 0 0 0 0 0 0 0 0 0 0 0 0 0 0 0 0 0 0 0 0 0 0 0 0 0 0 0 0 0 0 0 0 0 0 0 0 0 0 0 0 0 0 0 0 0 0 0 0 0 0 0 0 0 0 0 0 0 0 0 0 0 0 0 0 0 0 0 0 0 0 0 0 0 0 0 0 0 
0 0 0 0 0 0 0 0 0 0 0 0 0 0 0 0 0 0 0 0 0 0 0 0 0 0 0 0 0 0 0 0 0 0 0 0 0 0 0 0 0 0 0 0 0 0 0 0 0 0 0 0 0 0 0 0 0 0 0 0 0 0 0 0 0 0 0 0 0 0 0 0 0 0 0 0 0 79 121 120 120 119 117 116 113 113 113 112 112 112 111 111 110 110 111 110 111 112 113 111 110 108 105 103 104 105 104 105 104 103 102 99 95 92 86 88 96 104 106 109 112 113 109 107 106 103 97 94 96 101 108 111 114 115 110 102 96 94 97 105 108 101 90 83 80 79 82 87 93 96 97 97 94 97 104 105 102 90 73 65 71 77 72 60 56 53 50 51 60 64 67 74 78 80 86 83 84 103 130 140 140 142 136 132 129 133 139 139 139 134 120 103 88 90 97 103 116 126 132 135 135 128 114 111 118 122 122 117 111 107 115 123 119 117 111 111 120 122 120 115 111 116 118 111 104 114 128 130 116 100 105 113 112 104 96 92 93 95 90 77 74 77 100 104 94 81 76 76 78 84 83 75 76 87 89 92 105 99 94 95 78 83 91 90 90 91 91 86 79 71 90 83 97 84 84 74 65 62 70 80 63 52 69 71 51 52 75 97 105 111 129 124 130 122 105 93 80 80 97 110 92 67 61 76 85 87 103 123 130 109 108 111 101 111 137 129 120 122 120 114 101 87 93 107 106 103 93 80 68 49 32 30 31 34 45 61 72 84 92 107 117 121 113 103 103 113 115 103 83 59 40 33 33 36 37 38 46 64 80 69 34 9 0 0 0 0 0 0 0 0 0 0 0 0 0 0 0 0 0 0 0 0 0 0 0 0 0 0 0 0 0 0 0 0 0 0 0 0 0 0 0 0 0 0 0 0 0 0 0 0 0 0 0 0 0 0 0 0 0 0 0 0 0 0 0 0 0 0 0 0 0 0 0 0 0 0 0 0 0 0 0 0 0 0 0 0 0 0 0 0 0 0 0 0 0 0 0 0 0 0 0 0 0 0 0 0 0 0 0 0 0 0 0 0 0 0 0 0 0 0 0 0 0 0 0 0 0 0 0 0 0 0 0 0 0 0 0 0 0 0 0 0 0 0 0 0 0 0 0 0 0 0 0 0 0 0 0 0 0 0 0 0 0 0 0 0 0 0 0 0 0 0 0 0 0 0 0 
0 0 0 0 0 0 0 0 0 0 0 0 0 0 0 0 0 0 0 0 0 0 0 0 0 0 0 0 0 0 0 0 0 0 0 0 0 0 0 0 0 0 0 0 0 0 0 0 0 0 0 0 0 0 0 0 0 0 0 0 0 0 0 0 0 0 0 0 0 0 0 0 0 0 0 0 24 113 111 109 108 108 107 104 103 103 103 101 102 101 101 100 100 99 100 101 103 103 105 105 104 102 101 99 99 101 101 103 102 101 101 99 97 93 89 89 94 96 100 106 111 113 111 110 109 106 102 100 98 97 101 106 112 114 110 104 98 94 94 105 110 106 99 89 81 76 75 79 87 92 96 94 94 97 101 107 109 98 77 63 55 62 64 56 49 43 45 41 48 56 56 55 57 65 70 69 67 80 114 132 136 139 140 130 123 130 141 141 152 148 146 134 129 124 114 110 112 114 123 134 142 142 125 109 99 104 118 119 127 128 119 120 128 133 125 117 121 134 137 129 123 121 123 119 107 106 116 123 124 113 99 94 97 98 99 93 86 90 96 89 79 77 90 97 94 81 74 68 73 79 84 85 89 88 98 99 110 96 101 97 83 87 96 95 87 88 91 92 82 82 84 86 93 86 87 80 82 86 85 76 63 64 80 77 51 51 91 106 114 121 125 127 129 115 89 91 81 91 104 98 79 66 64 75 69 81 97 130 123 115 96 80 87 112 144 126 129 116 105 99 85 84 92 112 109 96 92 77 48 32 28 29 30 34 53 75 84 84 96 105 108 104 100 100 112 128 117 108 84 55 43 46 47 48 48 45 54 72 79 71 61 60 42 16 0 0 0 0 0 0 0 0 0 0 0 0 0 0 0 0 0 0 0 0 0 0 0 0 0 0 0 0 0 0 0 0 0 0 0 0 0 0 0 0 0 0 0 0 0 0 0 0 0 0 0 0 0 0 0 0 0 0 0 0 0 0 0 0 0 0 0 0 0 0 0 0 0 0 0 0 0 0 0 0 0 0 0 0 0 0 0 0 0 0 0 0 0 0 0 0 0 0 0 0 0 0 0 0 0 0 0 0 0 0 0 0 0 0 0 0 0 0 0 0 0 0 0 0 0 0 0 0 0 0 0 0 0 0 0 0 0 0 0 0 0 0 0 0 0 0 0 0 0 0 0 0 0 0 0 0 0 0 0 0 0 0 0 0 0 0 0 0 0 0 0 0 0 
0 0 0 0 0 0 0 0 0 0 0 0 0 0 0 0 0 0 0 0 0 0 0 0 0 0 0 0 0 0 0 0 0 0 0 0 0 0 0 0 0 0 0 0 0 0 0 0 0 0 0 0 0 0 0 0 0 0 0 0 0 0 0 0 0 0 0 0 0 0 0 0 0 0 0 0 65 101 100 98 97 96 95 93 92 91 91 91 91 91 91 91 91 90 90 92 94 95 97 99 100 100 98 96 97 100 103 103 102 100 98 96 95 93 94 93 93 95 101 105 112 115 114 111 107 103 101 102 99 97 98 103 110 110 108 106 103 97 95 98 99 101 97 87 81 78 82 86 89 95 102 102 99 98 93 95 96 94 88 73 55 50 54 51 46 43 47 43 42 50 53 47 53 59 56 58 60 70 92 113 132 142 145 138 123 112 113 126 136 142 149 145 137 130 127 115 114 121 125 126 135 141 127 114 102 90 94 102 111 130 146 146 135 133 136 136 130 130 135 139 136 131 127 123 115 107 106 112 119 118 107 95 89 85 92 99 92 90 96 92 86 76 87 93 94 89 82 82 80 75 79 88 92 89 90 100 108 100 98 104 91 94 96 92 80 87 85 80 78 75 80 88 89 77 80 85 89 91 95 97 79 87 103 84 56 70 98 112 119 119 116 131 119 86 83 90 87 95 105 103 88 77 65 76 97 98 119 126 106 88 62 75 103 139 142 129 116 106 106 102 95 103 104 101 92 90 80 56 32 23 27 30 31 38 57 74 77 79 83 94 95 92 96 114 127 127 118 109 85 51 62 77 69 66 64 62 70 79 78 68 60 59 76 90 60 18 0 0 0 0 0 0 0 0 0 0 0 0 0 0 0 0 0 0 0 0 0 0 0 0 0 0 0 0 0 0 0 0 0 0 0 0 0 0 0 0 0 0 0 0 0 0 0 0 0 0 0 0 0 0 0 0 0 0 0 0 0 0 0 0 0 0 0 0 0 0 0 0 0 0 0 0 0 0 0 0 0 0 0 0 0 0 0 0 0 0 0 0 0 0 0 0 0 0 0 0 0 0 0 0 0 0 0 0 0 0 0 0 0 0 0 0 0 0 0 0 0 0 0 0 0 0 0 0 0 0 0 0 0 0 0 0 0 0 0 0 0 0 0 0 0 0 0 0 0 0 0 0 0 0 0 0 0 0 0 0 0 0 0 0 0 0 0 0 0 0 0 
0 0 0 0 0 0 0 0 0 0 0 0 0 0 0 0 0 0 0 0 0 0 0 0 0 0 0 0 0 0 0 0 0 0 0 0 0 0 0 0 0 0 0 0 0 0 0 0 0 0 0 0 0 0 0 0 0 0 0 0 0 0 0 0 0 0 0 0 0 0 0 0 0 0 0 16 89 89 88 86 85 84 82 82 83 82 81 80 80 81 82 83 83 82 82 85 87 89 91 95 97 98 96 94 97 100 103 104 102 99 94 91 90 92 95 95 96 103 109 112 113 114 113 111 108 104 106 106 105 104 104 107 108 109 110 113 113 103 95 91 93 94 92 87 85 87 96 97 98 99 99 99 100 100 91 82 81 85 82 77 64 51 48 50 49 45 53 49 42 44 48 45 53 65 64 54 50 56 66 90 116 139 146 144 131 115 112 108 116 122 126 127 114 109 107 108 119 128 136 139 136 139 133 119 108 93 83 89 93 110 127 137 145 142 137 134 132 145 138 133 133 135 126 120 114 107 106 104 112 120 117 106 96 94 93 100 93 87 91 86 76 73 84 92 95 95 89 79 88 89 83 87 96 90 84 92 110 108 106 105 96 93 95 92 72 83 80 76 69 65 79 88 86 69 70 84 79 82 100 105 97 103 115 96 62 95 108 120 116 119 130 129 107 77 86 79 78 103 109 103 90 85 91 88 75 71 107 108 76 57 64 90 124 147 118 103 107 105 111 114 117 122 120 104 86 73 54 35 32 31 31 32 39 47 59 72 75 73 78 90 97 98 102 125 133 121 119 108 80 68 81 92 77 72 64 73 76 76 77 70 62 64 79 88 91 79 40 13 0 0 0 0 0 0 0 0 0 0 0 0 0 0 0 0 0 0 0 0 0 0 0 0 0 0 0 0 0 0 0 0 0 0 0 0 0 0 0 0 0 0 0 0 0 0 0 0 0 0 0 0 0 0 0 0 0 0 0 0 0 0 0 0 0 0 0 0 0 0 0 0 0 0 0 0 0 0 0 0 0 0 0 0 0 0 0 0 0 0 0 0 0 0 0 0 0 0 0 0 0 0 0 0 0 0 0 0 0 0 0 0 0 0 0 0 0 0 0 0 0 0 0 0 0 0 0 0 0 0 0 0 0 0 0 0 0 0 0 0 0 0 0 0 0 0 0 0 0 0 0 0 0 0 0 0 0 0 0 0 0 0 0 0 0 0 0 0 0 
0 0 0 0 0 0 0 0 0 0 0 0 0 0 0 0 0 0 0 0 0 0 0 0 0 0 0 0 0 0 0 0 0 0 0 0 0 0 0 0 0 0 0 0 0 0 0 0 0 0 0 0 0 0 0 0 0 0 0 0 0 0 0 0 0 0 0 0 0 0 0 0 0 0 0 48 78 78 77 75 72 73 71 72 73 74 74 74 73 73 77 77 78 77 78 81 82 85 87 91 94 97 97 97 98 101 103 102 100 97 92 88 86 88 89 93 99 108 116 117 114 112 110 108 106 106 107 108 111 110 113 112 110 110 112 117 115 108 101 99 103 101 98 93 94 96 100 101 100 96 90 92 93 94 89 78 71 74 76 73 63 57 55 55 54 52 55 56 47 44 46 45 49 57 60 53 45 45 50 68 86 109 139 146 142 142 136 130 120 120 122 119 116 103 88 99 113 121 127 133 136 137 136 130 111 103 99 98 101 99 99 113 117 126 132 128 119 116 127 136 135 134 129 115 109 108 102 99 98 107 112 107 101 99 99 96 90 83 89 89 73 66 67 82 91 94 92 84 88 97 88 93 105 106 91 87 102 114 113 104 95 94 90 89 81 81 87 77 70 62 85 88 79 70 75 84 83 88 109 111 96 101 120 119 100 105 106 112 108 128 124 115 98 79 75 83 103 123 107 104 91 96 93 73 69 87 108 84 36 44 70 114 139 132 109 110 119 129 137 139 134 131 118 95 74 61 43 35 60 52 32 38 48 58 65 74 78 76 88 93 111 116 121 124 125 117 114 99 71 74 94 89 77 68 66 73 70 69 81 79 65 63 74 86 89 80 61 62 44 17 0 0 0 0 0 0 0 0 0 0 0 0 0 0 0 0 0 0 0 0 0 0 0 0 0 0 0 0 0 0 0 0 0 0 0 0 0 0 0 0 0 0 0 0 0 0 0 0 0 0 0 0 0 0 0 0 0 0 0 0 0 0 0 0 0 0 0 0 0 0 0 0 0 0 0 0 0 0 0 0 0 0 0 0 0 0 0 0 0 0 0 0 0 0 0 0 0 0 0 0 0 0 0 0 0 0 0 0 0 0 0 0 0 0 0 0 0 0 0 0 0 0 0 0 0 0 0 0 0 0 0 0 0 0 0 0 0 0 0 0 0 0 0 0 0 0 0 0 0 0 0 0 0 0 0 0 0 0 0 0 0 0 0 0 0 0 0 
0 0 0 0 0 0 0 0 0 0 0 0 0 0 0 0 0 0 0 0 0 0 0 0 0 0 0 0 0 0 0 0 0 0 0 0 0 0 0 0 0 0 0 0 0 0 0 0 0 0 0 0 0 0 0 0 0 0 0 0 0 0 0 0 0 0 0 0 0 0 0 0 0 0 10 73 71 68 68 66 64 64 64 66 68 68 68 69 69 71 74 75 77 77 78 79 82 82 84 88 92 94 96 98 99 102 102 100 98 95 91 86 82 82 84 88 96 105 112 113 111 108 104 101 101 105 105 106 109 108 108 108 107 104 107 110 112 110 107 107 109 111 107 101 99 101 98 97 94 91 85 80 78 78 81 84 68 68 70 65 58 58 58 61 57 54 56 65 56 47 45 45 44 44 48 54 49 43 47 57 66 80 107 126 138 140 138 130 121 107 101 114 121 117 115 103 93 105 109 112 119 125 129 131 111 103 112 117 118 116 120 119 115 119 119 119 120 120 117 116 131 148 140 131 122 118 115 107 105 103 97 96 98 104 107 104 93 79 88 96 84 68 60 75 96 98 87 81 78 86 97 101 105 119 100 86 85 99 102 103 103 96 87 90 93 83 97 93 84 77 86 85 70 65 78 87 95 104 112 114 99 101 123 121 115 98 106 109 115 121 116 106 82 74 81 90 120 117 109 98 87 87 96 84 96 110 102 61 47 73 111 135 150 124 114 111 119 133 140 140 132 122 104 94 80 66 57 65 62 43 31 36 53 62 77 84 91 90 91 100 118 125 123 119 122 115 107 92 83 92 101 85 76 70 67 63 62 75 94 91 73 59 68 83 84 77 65 59 65 72 56 24 0 0 0 0 0 0 0 0 0 0 0 0 0 0 0 0 0 0 0 0 0 0 0 0 0 0 0 0 0 0 0 0 0 0 0 0 0 0 0 0 0 0 0 0 0 0 0 0 0 0 0 0 0 0 0 0 0 0 0 0 0 0 0 0 0 0 0 0 0 0 0 0 0 0 0 0 0 0 0 0 0 0 0 0 0 0 0 0 0 0 0 0 0 0 0 0 0 0 0 0 0 0 0 0 0 0 0 0 0 0 0 0 0 0 0 0 0 0 0 0 0 0 0 0 0 0 0 0 0 0 0 0 0 0 0 0 0 0 0 0 0 0 0 0 0 0 0 0 0 0 0 0 0 0 0 0 0 0 0 0 0 0 0 0 0 
0 0 0 0 0 0 0 0 0 0 0 0 0 0 0 0 0 0 0 0 0 0 0 0 0 0 0 0 0 0 0 0 0 0 0 0 0 0 0 0 0 0 0 0 0 0 0 0 0 0 0 0 0 0 0 0 0 0 0 0 0 0 0 0 0 0 0 0 0 0 0 0 0 0 38 65 63 61 61 60 59 58 60 63 66 67 66 67 68 71 75 77 78 79 81 83 84 84 84 87 92 94 98 101 103 104 101 98 95 92 90 84 79 77 79 85 93 99 105 107 106 102 100 95 95 100 103 104 106 106 105 104 100 96 96 98 102 102 100 96 102 107 103 101 99 99 100 97 95 92 85 75 64 61 66 70 63 64 62 61 55 58 64 66 62 56 55 70 66 50 48 45 46 44 45 53 55 48 41 47 61 67 86 105 117 122 127 123 121 104 94 89 104 112 114 117 106 98 90 96 107 117 121 120 115 111 113 116 118 121 126 138 143 134 124 117 109 111 126 132 126 130 139 138 127 121 117 113 114 110 105 93 88 100 109 108 103 90 89 98 88 73 64 70 81 97 94 84 80 83 100 106 99 107 105 91 77 75 91 99 102 97 92 96 97 87 98 96 92 81 90 79 66 70 80 89 99 114 123 124 102 117 124 120 113 105 117 110 108 121 118 99 79 77 81 95 129 119 117 88 89 101 98 100 105 108 100 55 72 103 120 140 129 96 82 79 104 138 136 132 127 118 116 109 100 91 94 81 45 37 41 61 74 82 89 104 118 105 96 104 113 123 125 125 126 115 104 94 101 109 101 86 79 66 52 48 55 86 104 95 78 63 66 73 73 72 68 59 66 68 76 87 68 29 0 0 0 0 0 0 0 0 0 0 0 0 0 0 0 0 0 0 0 0 0 0 0 0 0 0 0 0 0 0 0 0 0 0 0 0 0 0 0 0 0 0 0 0 0 0 0 0 0 0 0 0 0 0 0 0 0 0 0 0 0 0 0 0 0 0 0 0 0 0 0 0 0 0 0 0 0 0 0 0 0 0 0 0 0 0 0 0 0 0 0 0 0 0 0 0 0 0 0 0 0 0 0 0 0 0 0 0 0 0 0 0 0 0 0 0 0 0 0 0 0 0 0 0 0 0 0 0 0 0 0 0 0 0 0 0 0 0 0 0 0 0 0 0 0 0 0 0 0 0 0 0 0 0 0 0 0 0 0 0 0 0 0 
0 0 0 0 0 0 0 0 0 0 0 0 0 0 0 0 0 0 0 0 0 0 0 0 0 0 0 0 0 0 0 0 0 0 0 0 0 0 0 0 0 0 0 0 0 0 0 0 0 0 0 0 0 0 0 0 0 0 0 0 0 0 0 0 0 0 0 0 0 0 0 0 0 7 62 60 57 56 56 57 55 56 59 63 66 67 68 69 70 72 76 81 83 82 85 88 88 86 85 88 92 95 98 102 108 107 103 98 93 88 85 81 75 76 78 85 93 100 103 106 105 104 101 95 92 92 97 101 100 101 100 97 90 84 83 88 91 93 86 82 87 88 87 91 93 92 95 95 93 88 80 72 65 56 49 47 48 50 56 59 55 57 64 70 63 57 57 70 76 62 51 46 52 55 49 46 53 55 44 44 57 61 65 82 112 117 111 116 124 123 116 123 113 111 118 124 124 113 104 104 110 117 113 118 116 123 117 109 111 113 119 128 132 140 148 132 119 115 111 115 126 130 127 128 112 103 107 111 116 117 115 102 87 94 103 100 106 111 98 88 88 84 70 72 78 89 104 94 79 80 84 98 88 92 107 108 82 65 81 94 99 100 100 100 102 91 100 104 91 85 87 65 58 82 85 96 108 114 118 115 102 123 134 117 114 107 120 111 109 125 119 96 74 82 92 120 134 123 106 93 111 120 91 105 93 112 98 87 98 102 104 136 81 56 64 100 120 131 130 133 133 123 122 118 106 109 97 70 47 53 66 88 80 94 115 136 136 120 103 106 118 133 125 127 123 116 111 106 108 106 98 88 81 56 46 45 63 90 102 93 79 64 61 69 70 73 69 59 58 56 70 82 88 100 83 35 0 0 0 0 0 0 0 0 0 0 0 0 0 0 0 0 0 0 0 0 0 0 0 0 0 0 0 0 0 0 0 0 0 0 0 0 0 0 0 0 0 0 0 0 0 0 0 0 0 0 0 0 0 0 0 0 0 0 0 0 0 0 0 0 0 0 0 0 0 0 0 0 0 0 0 0 0 0 0 0 0 0 0 0 0 0 0 0 0 0 0 0 0 0 0 0 0 0 0 0 0 0 0 0 0 0 0 0 0 0 0 0 0 0 0 0 0 0 0 0 0 0 0 0 0 0 0 0 0 0 0 0 0 0 0 0 0 0 0 0 0 0 0 0 0 0 0 0 0 0 0 0 0 0 0 0 0 0 0 0 0 
0 0 0 0 0 0 0 0 0 0 0 0 0 0 0 0 0 0 0 0 0 0 0 0 0 0 0 0 0 0 0 0 0 0 0 0 0 0 0 0 0 0 0 0 0 0 0 0 0 0 0 0 0 0 0 0 0 0 0 0 0 0 0 0 0 0 0 0 0 0 0 0 0 34 60 57 55 53 53 54 53 56 59 64 66 68 70 72 74 76 81 85 87 87 89 91 91 89 88 90 93 95 97 102 105 106 105 100 92 85 81 76 75 74 77 85 96 102 106 111 112 110 108 100 92 87 86 88 91 91 90 87 80 72 68 73 78 83 79 73 75 72 69 75 83 87 90 85 83 81 74 64 56 52 49 42 37 41 50 54 56 57 62 66 62 55 57 67 81 69 60 54 56 60 54 46 52 59 57 49 60 60 60 63 74 95 101 105 116 120 119 118 119 116 117 127 134 135 127 114 107 114 122 123 120 116 124 124 114 105 106 112 114 117 124 134 131 127 128 115 104 102 99 94 95 93 96 98 107 120 120 111 93 92 98 93 85 96 111 105 96 87 74 72 77 76 96 106 88 75 68 75 83 89 109 122 91 71 80 93 102 101 98 93 93 96 107 106 95 81 83 70 68 86 93 100 115 111 107 103 108 121 124 120 123 102 120 107 121 127 123 98 88 99 114 140 142 106 77 111 122 107 92 96 96 130 102 116 82 65 107 112 80 83 118 133 130 132 137 139 136 129 118 107 105 114 92 70 80 86 83 85 94 118 140 152 142 106 96 114 123 126 123 126 123 115 112 112 100 98 95 89 76 61 60 68 71 91 97 97 87 72 71 70 71 77 68 57 48 54 68 82 91 104 113 112 83 34 0 0 0 0 0 0 0 0 0 0 0 0 0 0 0 0 0 0 0 0 0 0 0 0 0 0 0 0 0 0 0 0 0 0 0 0 0 0 0 0 0 0 0 0 0 0 0 0 0 0 0 0 0 0 0 0 0 0 0 0 0 0 0 0 0 0 0 0 0 0 0 0 0 0 0 0 0 0 0 0 0 0 0 0 0 0 0 0 0 0 0 0 0 0 0 0 0 0 0 0 0 0 0 0 0 0 0 0 0 0 0 0 0 0 0 0 0 0 0 0 0 0 0 0 0 0 0 0 0 0 0 0 0 0 0 0 0 0 0 0 0 0 0 0 0 0 0 0 0 0 0 0 0 0 0 0 0 0 0 
0 0 0 0 0 0 0 0 0 0 0 0 0 0 0 0 0 0 0 0 0 0 0 0 0 0 0 0 0 0 0 0 0 0 0 0 0 0 0 0 0 0 0 0 0 0 0 0 0 0 0 0 0 0 0 0 0 0 0 0 0 0 0 0 0 0 0 0 0 0 0 0 7 60 57 54 52 51 51 51 51 53 57 64 66 70 72 75 79 83 86 88 91 92 92 93 92 92 93 93 96 97 97 101 104 104 104 99 93 87 80 75 73 71 72 79 90 100 107 111 111 109 107 100 89 81 79 81 82 79 78 77 74 70 64 60 62 67 65 63 64 61 55 64 72 79 81 81 77 72 63 54 48 48 49 45 47 49 54 59 63 68 71 70 63 50 49 61 77 76 67 61 58 67 65 53 57 69 71 65 67 62 69 59 60 75 92 99 105 113 117 118 119 114 112 106 119 121 119 109 94 107 119 127 131 123 116 117 114 106 104 109 113 112 112 116 122 127 132 129 118 106 92 91 92 88 86 79 94 109 112 118 114 101 108 104 93 94 110 123 112 97 79 62 72 73 84 106 108 82 67 62 67 83 106 120 103 86 84 85 98 98 83 83 87 98 101 102 96 77 84 74 79 92 97 101 108 105 103 101 113 120 126 132 125 115 115 113 126 134 129 90 107 119 127 136 124 87 80 127 118 103 94 91 122 130 118 103 68 66 140 125 114 120 127 126 133 141 138 132 134 128 117 118 117 102 90 94 109 100 87 99 118 137 151 144 120 100 105 125 116 121 115 112 117 121 119 110 96 89 92 81 66 59 66 62 70 89 98 98 79 61 65 66 71 69 51 37 32 42 66 80 91 101 106 105 99 96 81 41 0 0 0 0 0 0 0 0 0 0 0 0 0 0 0 0 0 0 0 0 0 0 0 0 0 0 0 0 0 0 0 0 0 0 0 0 0 0 0 0 0 0 0 0 0 0 0 0 0 0 0 0 0 0 0 0 0 0 0 0 0 0 0 0 0 0 0 0 0 0 0 0 0 0 0 0 0 0 0 0 0 0 0 0 0 0 0 0 0 0 0 0 0 0 0 0 0 0 0 0 0 0 0 0 0 0 0 0 0 0 0 0 0 0 0 0 0 0 0 0 0 0 0 0 0 0 0 0 0 0 0 0 0 0 0 0 0 0 0 0 0 0 0 0 0 0 0 0 0 0 0 0 0 0 0 0 0 
0 0 0 0 0 0 0 0 0 0 0 0 0 0 0 0 0 0 0 0 0 0 0 0 0 0 0 0 0 0 0 0 0 0 0 0 0 0 0 0 0 0 0 0 0 0 0 0 0 0 0 0 0 0 0 0 0 0 0 0 0 0 0 0 0 0 0 0 0 0 0 0 32 56 54 52 50 49 48 48 50 53 57 62 66 72 76 81 83 88 90 92 93 94 94 94 94 93 94 97 100 100 98 99 101 102 102 98 93 89 83 77 71 67 66 71 79 89 97 103 104 102 98 90 82 78 78 80 77 73 69 68 69 70 64 56 54 55 55 54 53 52 51 57 64 70 73 72 69 65 56 48 44 48 52 53 65 61 59 62 69 76 80 78 71 61 56 55 72 81 76 67 60 68 77 68 62 71 75 70 73 69 70 70 59 61 75 96 109 116 123 125 123 125 123 128 127 122 119 115 111 107 111 122 137 131 127 121 118 117 116 119 121 116 111 113 123 120 121 132 140 128 111 103 105 110 101 101 100 100 109 111 112 101 90 106 117 108 106 119 120 104 87 64 69 77 83 87 102 104 89 71 69 78 90 113 115 92 94 86 87 94 79 76 86 101 93 93 93 70 67 74 76 83 98 93 99 96 97 100 107 122 129 125 130 121 116 116 123 133 103 85 116 128 127 131 105 81 111 119 104 95 86 106 141 133 126 106 97 126 139 131 123 119 107 119 141 132 128 125 127 124 117 115 107 81 97 111 112 105 107 118 132 143 148 125 106 118 120 113 113 117 107 103 118 126 117 98 73 67 67 60 50 56 63 61 68 84 93 89 75 63 69 72 78 63 38 25 25 41 63 80 88 93 101 98 91 90 98 106 89 43 0 0 0 0 0 0 0 0 0 0 0 0 0 0 0 0 0 0 0 0 0 0 0 0 0 0 0 0 0 0 0 0 0 0 0 0 0 0 0 0 0 0 0 0 0 0 0 0 0 0 0 0 0 0 0 0 0 0 0 0 0 0 0 0 0 0 0 0 0 0 0 0 0 0 0 0 0 0 0 0 0 0 0 0 0 0 0 0 0 0 0 0 0 0 0 0 0 0 0 0 0 0 0 0 0 0 0 0 0 0 0 0 0 0 0 0 0 0 0 0 0 0 0 0 0 0 0 0 0 0 0 0 0 0 0 0 0 0 0 0 0 0 0 0 0 0 0 0 0 0 0 0 0 0 0 
0 0 0 0 0 0 0 0 0 0 0 0 0 0 0 0 0 0 0 0 0 0 0 0 0 0 0 0 0 0 0 0 0 0 0 0 0 0 0 0 0 0 0 0 0 0 0 0 0 0 0 0 0 0 0 0 0 0 0 0 0 0 0 0 0 0 0 0 0 0 0 5 56 54 53 51 49 49 48 47 50 53 56 61 67 75 81 86 89 92 94 95 95 95 95 95 95 94 97 101 104 104 101 100 100 100 99 97 93 88 83 75 70 63 61 64 69 76 84 88 90 91 84 79 76 78 79 76 72 68 61 58 59 59 55 52 46 46 47 49 52 48 44 48 56 61 62 59 57 62 57 45 42 52 60 65 70 72 75 73 73 79 89 84 81 82 73 61 70 89 87 74 65 63 76 76 63 68 75 70 77 79 70 81 71 55 60 84 109 113 125 130 119 117 122 130 137 142 129 113 113 106 103 112 122 124 123 128 127 125 123 123 126 123 117 111 116 120 121 122 140 141 138 117 114 121 124 127 124 120 115 120 119 104 91 96 104 111 116 118 115 105 95 78 75 84 87 87 100 112 105 86 75 74 71 95 114 103 95 90 78 85 75 73 86 94 85 75 74 62 67 66 77 84 90 82 86 96 94 77 100 124 119 122 121 118 118 119 123 134 81 98 122 131 132 113 93 96 123 102 90 104 109 128 144 140 128 110 116 145 127 132 124 112 105 109 107 106 109 122 124 114 102 97 86 81 92 104 106 105 113 122 133 136 126 118 122 127 121 109 117 117 108 113 116 111 99 76 47 41 47 59 66 64 54 45 55 76 92 87 82 80 75 72 69 57 35 26 26 41 59 78 87 96 98 92 84 80 87 92 106 117 100 47 0 0 0 0 0 0 0 0 0 0 0 0 0 0 0 0 0 0 0 0 0 0 0 0 0 0 0 0 0 0 0 0 0 0 0 0 0 0 0 0 0 0 0 0 0 0 0 0 0 0 0 0 0 0 0 0 0 0 0 0 0 0 0 0 0 0 0 0 0 0 0 0 0 0 0 0 0 0 0 0 0 0 0 0 0 0 0 0 0 0 0 0 0 0 0 0 0 0 0 0 0 0 0 0 0 0 0 0 0 0 0 0 0 0 0 0 0 0 0 0 0 0 0 0 0 0 0 0 0 0 0 0 0 0 0 0 0 0 0 0 0 0 0 0 0 0 0 0 0 0 0 0 0 
0 0 0 0 0 0 0 0 0 0 0 0 0 0 0 0 0 0 0 0 0 0 0 0 0 0 0 0 0 0 0 0 0 0 0 0 0 0 0 0 0 0 0 0 0 0 0 0 0 0 0 0 0 0 0 0 0 0 0 0 0 0 0 0 0 0 0 0 0 0 0 29 54 53 51 50 49 49 46 46 49 51 54 61 69 78 85 93 94 96 98 98 96 97 97 97 96 95 100 103 107 108 107 106 104 103 101 96 91 86 78 72 67 61 57 58 63 72 75 75 75 76 72 68 68 74 79 73 67 60 56 52 48 42 44 43 39 39 43 44 42 44 42 39 42 47 50 48 48 54 57 52 50 56 68 75 69 77 89 86 77 80 87 87 86 85 89 70 77 89 89 80 71 65 76 81 71 76 81 80 81 83 73 81 82 65 51 58 77 93 105 115 109 98 93 97 118 131 131 136 123 125 123 116 120 117 126 132 137 130 125 126 125 116 119 125 114 106 108 110 112 122 123 112 107 117 126 128 136 136 127 121 126 130 116 103 106 101 97 109 120 111 99 91 85 89 95 86 94 103 106 100 88 88 68 79 100 92 93 92 82 80 77 72 82 81 71 59 58 70 81 73 86 98 92 74 75 98 87 80 97 113 117 124 109 115 120 121 132 126 107 114 130 132 139 98 93 120 114 98 100 119 121 138 150 137 101 98 121 134 124 119 100 95 85 78 87 101 116 119 110 103 98 85 69 76 87 94 89 81 91 109 121 116 110 122 124 125 123 121 121 120 110 124 115 97 79 56 43 45 60 69 72 64 43 37 51 78 90 89 87 81 69 59 63 56 47 37 34 42 58 76 87 96 98 89 78 72 70 76 94 112 114 114 108 56 0 0 0 0 0 0 0 0 0 0 0 0 0 0 0 0 0 0 0 0 0 0 0 0 0 0 0 0 0 0 0 0 0 0 0 0 0 0 0 0 0 0 0 0 0 0 0 0 0 0 0 0 0 0 0 0 0 0 0 0 0 0 0 0 0 0 0 0 0 0 0 0 0 0 0 0 0 0 0 0 0 0 0 0 0 0 0 0 0 0 0 0 0 0 0 0 0 0 0 0 0 0 0 0 0 0 0 0 0 0 0 0 0 0 0 0 0 0 0 0 0 0 0 0 0 0 0 0 0 0 0 0 0 0 0 0 0 0 0 0 0 0 0 0 0 0 0 0 0 0 0 
0 0 0 0 0 0 0 0 0 0 0 0 0 0 0 0 0 0 0 0 0 0 0 0 0 0 0 0 0 0 0 0 0 0 0 0 0 0 0 0 0 0 0 0 0 0 0 0 0 0 0 0 0 0 0 0 0 0 0 0 0 0 0 0 0 0 0 0 0 0 3 52 53 52 50 49 48 47 47 46 48 49 54 62 70 79 88 96 98 99 101 99 97 97 99 99 98 99 102 105 111 113 112 112 109 105 101 97 92 84 75 69 64 60 56 56 60 68 69 68 65 62 58 55 55 60 65 64 58 49 51 49 47 48 45 44 43 39 43 50 46 42 37 33 31 35 39 43 46 54 60 65 67 79 83 76 70 80 92 98 84 83 83 86 86 92 95 82 81 91 95 79 76 70 72 82 87 86 87 89 89 88 79 74 81 75 55 43 56 70 87 98 103 90 78 80 87 100 115 122 126 132 133 130 129 118 114 124 126 128 142 139 134 129 120 115 113 109 112 103 101 98 100 104 105 112 120 130 134 140 144 143 136 126 129 125 119 114 106 101 104 107 104 92 103 109 108 96 91 91 101 107 107 107 89 70 74 75 61 84 88 87 81 76 72 68 66 58 61 74 97 83 87 105 90 73 73 101 92 89 90 94 108 105 105 115 121 120 138 125 115 125 131 133 117 87 96 138 110 111 108 120 129 144 138 113 88 100 134 136 112 91 75 78 88 97 112 127 132 112 83 81 74 59 56 74 77 76 69 61 72 93 99 106 113 117 125 131 128 134 121 112 119 125 116 91 65 51 47 47 55 67 79 71 49 41 57 85 82 87 86 74 61 58 66 70 64 44 38 43 57 74 83 91 95 88 75 63 53 60 83 99 105 112 121 127 116 55 0 0 0 0 0 0 0 0 0 0 0 0 0 0 0 0 0 0 0 0 0 0 0 0 0 0 0 0 0 0 0 0 0 0 0 0 0 0 0 0 0 0 0 0 0 0 0 0 0 0 0 0 0 0 0 0 0 0 0 0 0 0 0 0 0 0 0 0 0 0 0 0 0 0 0 0 0 0 0 0 0 0 0 0 0 0 0 0 0 0 0 0 0 0 0 0 0 0 0 0 0 0 0 0 0 0 0 0 0 0 0 0 0 0 0 0 0 0 0 0 0 0 0 0 0 0 0 0 0 0 0 0 0 0 0 0 0 0 0 0 0 0 0 0 0 0 0 0 0 
0 0 0 0 0 0 0 0 0 0 0 0 0 0 0 0 0 0 0 0 0 0 0 0 0 0 0 0 0 0 0 0 0 0 0 0 0 0 0 0 0 0 0 0 0 0 0 0 0 0 0 0 0 0 0 0 0 0 0 0 0 0 0 0 0 0 0 0 0 0 33 61 57 53 51 49 47 46 46 47 49 52 57 65 72 82 91 98 101 102 102 100 98 98 100 101 102 101 103 108 114 116 116 116 112 108 103 98 94 84 74 68 63 58 53 54 56 62 66 67 63 60 56 52 48 50 55 55 48 43 41 43 46 51 56 58 54 48 46 52 53 47 40 33 30 31 38 45 50 58 70 80 82 85 93 91 85 92 96 103 100 89 85 93 88 101 98 90 87 92 92 82 79 78 79 82 96 97 100 98 99 94 86 75 77 85 68 50 52 58 69 85 95 91 100 100 98 102 109 119 123 129 136 140 139 143 133 130 132 132 133 140 144 147 141 135 126 128 129 141 130 118 111 111 114 120 131 139 148 149 147 148 153 150 142 129 124 128 123 115 106 95 81 76 77 96 119 117 103 91 92 97 115 121 115 84 69 69 59 67 78 90 88 86 72 67 68 64 69 82 95 92 79 115 109 72 71 99 105 101 95 78 98 94 106 120 114 122 134 120 107 125 135 138 82 67 106 120 113 110 107 117 135 154 108 96 101 123 137 126 98 83 79 106 116 128 130 123 104 83 66 60 53 42 53 65 60 61 63 61 68 74 94 119 120 118 133 138 139 137 112 103 116 128 111 82 58 44 41 46 58 75 96 81 50 50 63 74 79 84 85 76 62 69 76 79 65 51 43 45 61 78 86 90 94 91 74 55 44 53 75 90 96 111 120 124 127 125 109 53 3 0 0 0 0 0 0 0 0 0 0 0 0 0 0 0 0 0 0 0 0 0 0 0 0 0 0 0 0 0 0 0 0 0 0 0 0 0 0 0 0 0 0 0 0 0 0 0 0 0 0 0 0 0 0 0 0 0 0 0 0 0 0 0 0 0 0 0 0 0 0 0 0 0 0 0 0 0 0 0 0 0 0 0 0 0 0 0 0 0 0 0 0 0 0 0 0 0 0 0 0 0 0 0 0 0 0 0 0 0 0 0 0 0 0 0 0 0 0 0 0 0 0 0 0 0 0 0 0 0 0 0 0 0 0 0 0 0 0 0 0 0 0 0 0 0 0 
0 0 0 0 0 0 0 0 0 0 0 0 0 0 0 0 0 0 0 0 0 0 0 0 0 0 0 0 0 0 0 0 0 0 0 0 0 0 0 0 0 0 0 0 0 0 0 0 0 0 0 0 0 0 0 0 0 0 0 0 0 0 0 0 0 0 0 0 0 5 70 72 67 63 59 53 51 48 48 49 50 56 65 70 77 86 93 101 103 104 101 99 97 99 101 103 104 103 106 111 117 119 119 117 115 111 104 100 96 87 77 69 65 59 53 51 50 53 55 59 62 63 60 53 49 50 54 51 45 40 40 44 48 54 58 60 59 54 48 46 52 53 48 40 35 37 41 49 58 65 70 83 90 92 95 102 102 101 103 103 109 101 96 101 101 105 107 94 91 94 90 82 76 78 78 80 95 100 99 97 108 102 92 85 77 85 84 71 64 60 68 76 87 94 100 111 114 108 107 106 118 125 126 134 140 142 134 144 145 142 142 137 137 144 148 150 141 127 124 120 134 150 138 129 128 130 130 136 149 156 154 149 147 151 155 151 136 129 128 127 122 102 82 75 71 84 112 129 122 104 93 91 107 108 114 111 83 76 62 54 71 90 88 90 86 72 67 75 71 85 94 91 81 109 114 74 67 102 120 118 95 77 92 97 108 124 109 122 129 100 99 122 135 127 85 72 112 107 113 113 120 136 145 124 89 102 116 143 130 107 93 98 104 114 122 125 111 96 93 87 64 48 40 38 49 57 58 60 64 72 77 94 120 137 133 132 143 133 146 136 117 116 127 116 84 48 32 31 44 59 67 86 93 80 59 60 64 58 67 78 85 80 80 86 82 73 55 52 46 54 70 85 91 92 98 96 73 45 38 50 67 80 92 111 121 120 125 121 113 111 102 54 6 0 0 0 0 0 0 0 0 0 0 0 0 0 0 0 0 0 0 0 0 0 0 0 0 0 0 0 0 0 0 0 0 0 0 0 0 0 0 0 0 0 0 0 0 0 0 0 0 0 0 0 0 0 0 0 0 0 0 0 0 0 0 0 0 0 0 0 0 0 0 0 0 0 0 0 0 0 0 0 0 0 0 0 0 0 0 0 0 0 0 0 0 0 0 0 0 0 0 0 0 0 0 0 0 0 0 0 0 0 0 0 0 0 0 0 0 0 0 0 0 0 0 0 0 0 0 0 0 0 0 0 0 0 0 0 0 0 0 0 0 0 0 0 0 
0 0 0 0 0 0 0 0 0 0 0 0 0 0 0 0 0 0 0 0 0 0 0 0 0 0 0 0 0 0 0 0 0 0 0 0 0 0 0 0 0 0 0 0 0 0 0 0 0 0 0 0 0 0 0 0 0 0 0 0 0 0 0 0 0 0 0 0 0 33 72 73 76 77 71 67 63 57 56 56 57 61 70 77 84 92 98 102 103 102 100 98 95 99 102 105 107 108 111 115 120 122 121 119 117 112 106 100 95 88 79 73 70 63 57 51 48 46 46 50 57 62 64 60 54 55 57 57 53 47 46 49 52 59 62 59 51 46 45 44 47 56 59 51 49 50 55 58 65 71 71 80 89 97 97 104 112 111 106 101 110 114 104 104 103 109 113 101 93 94 92 89 76 68 72 87 95 96 92 97 111 112 97 97 89 86 91 79 72 71 75 75 72 92 103 109 116 115 112 108 104 112 110 106 124 134 130 126 136 138 137 136 132 139 147 153 159 149 134 127 124 133 147 157 151 147 141 134 143 156 162 155 145 146 152 151 148 140 127 116 115 117 92 77 81 87 85 113 134 121 107 102 105 114 112 130 111 83 67 51 61 89 92 95 100 78 68 78 76 84 86 79 68 101 107 75 73 104 125 123 107 69 104 106 106 114 113 117 119 105 108 125 130 127 92 92 108 105 113 121 129 131 142 77 86 107 127 134 115 96 100 111 109 119 119 112 106 107 105 92 60 40 33 37 46 49 57 64 71 85 88 103 137 145 143 141 138 135 145 140 127 130 123 79 42 34 36 44 57 69 63 86 91 86 78 61 48 47 58 76 86 85 103 91 84 69 53 52 53 60 80 97 97 92 98 91 64 38 31 41 55 63 86 109 119 123 123 117 109 110 111 108 102 55 9 0 0 0 0 0 0 0 0 0 0 0 0 0 0 0 0 0 0 0 0 0 0 0 0 0 0 0 0 0 0 0 0 0 0 0 0 0 0 0 0 0 0 0 0 0 0 0 0 0 0 0 0 0 0 0 0 0 0 0 0 0 0 0 0 0 0 0 0 0 0 0 0 0 0 0 0 0 0 0 0 0 0 0 0 0 0 0 0 0 0 0 0 0 0 0 0 0 0 0 0 0 0 0 0 0 0 0 0 0 0 0 0 0 0 0 0 0 0 0 0 0 0 0 0 0 0 0 0 0 0 0 0 0 0 0 0 0 0 0 0 0 0 
0 0 0 0 0 0 0 0 0 0 0 0 0 0 0 0 0 0 0 0 0 0 0 0 0 0 0 0 0 0 0 0 0 0 0 0 0 0 0 0 0 0 0 0 0 0 0 0 0 0 0 0 0 0 0 0 0 0 0 0 0 0 0 0 0 0 0 0 2 52 59 63 69 72 76 78 77 77 73 69 69 72 77 83 89 96 100 104 103 101 99 97 95 97 102 107 110 113 115 118 119 123 123 121 117 112 106 100 94 87 81 78 75 71 66 59 53 46 49 49 53 63 66 65 61 56 57 58 59 60 55 51 53 63 69 63 51 44 43 46 49 58 68 73 69 72 77 77 82 84 80 80 86 98 104 103 110 109 110 107 114 121 114 104 106 112 120 109 93 94 91 86 79 76 76 89 95 98 95 94 110 117 104 103 103 88 93 95 77 84 85 92 79 76 92 103 115 126 132 124 114 109 105 104 107 112 125 130 133 137 136 134 133 133 134 141 148 150 158 149 138 132 136 137 147 152 144 137 140 153 159 160 164 154 145 145 142 133 125 118 113 109 105 89 87 98 109 111 133 131 109 103 105 106 111 124 132 114 85 55 56 76 87 92 108 93 66 70 80 84 82 69 70 94 104 69 71 107 125 132 103 83 110 115 105 114 114 129 119 125 126 128 131 126 91 91 110 92 120 128 117 123 108 61 94 119 135 132 101 87 100 117 121 124 116 119 131 112 100 81 58 43 36 36 39 43 68 78 83 73 82 107 133 137 139 138 139 138 135 135 136 130 101 51 31 46 45 65 74 63 70 92 99 98 82 55 45 55 68 78 89 103 111 90 87 69 51 59 64 73 87 98 97 92 93 84 52 30 28 35 41 53 79 106 118 121 122 115 109 111 114 112 110 106 93 50 9 0 0 0 0 0 0 0 0 0 0 0 0 0 0 0 0 0 0 0 0 0 0 0 0 0 0 0 0 0 0 0 0 0 0 0 0 0 0 0 0 0 0 0 0 0 0 0 0 0 0 0 0 0 0 0 0 0 0 0 0 0 0 0 0 0 0 0 0 0 0 0 0 0 0 0 0 0 0 0 0 0 0 0 0 0 0 0 0 0 0 0 0 0 0 0 0 0 0 0 0 0 0 0 0 0 0 0 0 0 0 0 0 0 0 0 0 0 0 0 0 0 0 0 0 0 0 0 0 0 0 0 0 0 0 0 0 0 0 0 0 
0 0 0 0 0 0 0 0 0 0 0 0 0 0 0 0 0 0 0 0 0 0 0 0 0 0 0 0 0 0 0 0 0 0 0 0 0 0 0 0 0 0 0 0 0 0 0 0 0 0 0 0 0 0 0 0 0 0 0 0 0 0 0 0 0 0 0 0 24 51 51 54 57 61 65 71 78 83 86 89 86 87 88 92 97 101 103 104 104 102 99 98 96 96 102 108 111 115 117 119 119 122 122 121 117 110 104 98 93 87 82 80 80 79 78 70 63 56 55 55 59 67 71 71 69 63 61 58 65 71 69 59 57 68 73 71 64 53 48 51 55 62 71 80 83 83 87 98 103 100 92 87 95 104 109 112 108 111 114 117 119 116 114 110 111 114 119 110 95 94 92 83 72 80 84 91 94 99 98 92 109 124 109 106 109 97 98 102 89 91 87 97 97 85 89 93 105 118 126 130 134 124 119 120 116 120 121 127 132 142 139 139 138 132 126 126 124 130 136 143 145 143 137 150 145 134 138 138 137 142 152 154 156 157 158 153 140 130 121 100 108 126 110 102 92 91 106 120 133 140 125 105 105 101 111 132 136 122 98 63 55 68 79 77 82 99 84 67 83 89 78 72 71 94 105 89 84 109 126 133 111 82 122 123 117 119 123 130 127 142 130 117 135 118 87 85 96 101 134 131 119 138 86 88 103 121 138 136 107 114 127 130 117 117 122 119 108 99 102 78 57 50 32 30 41 62 79 82 72 51 63 96 116 126 130 128 129 124 123 133 143 126 84 54 53 57 64 77 71 47 71 98 103 91 76 63 61 71 76 81 96 112 102 97 90 69 53 58 69 82 91 94 96 95 87 70 44 25 25 35 39 51 74 100 113 118 119 113 108 113 119 119 115 110 106 101 95 53 13 0 0 0 0 0 0 0 0 0 0 0 0 0 0 0 0 0 0 0 0 0 0 0 0 0 0 0 0 0 0 0 0 0 0 0 0 0 0 0 0 0 0 0 0 0 0 0 0 0 0 0 0 0 0 0 0 0 0 0 0 0 0 0 0 0 0 0 0 0 0 0 0 0 0 0 0 0 0 0 0 0 0 0 0 0 0 0 0 0 0 0 0 0 0 0 0 0 0 0 0 0 0 0 0 0 0 0 0 0 0 0 0 0 0 0 0 0 0 0 0 0 0 0 0 0 0 0 0 0 0 0 0 0 0 0 0 0 0 
0 0 0 0 0 0 0 0 0 0 0 0 0 0 0 0 0 0 0 0 0 0 0 0 0 0 0 0 0 0 0 0 0 0 0 0 0 0 0 0 0 0 0 0 0 0 0 0 0 0 0 0 0 0 0 0 0 0 0 0 0 0 0 0 0 0 0 0 45 50 50 50 52 55 57 63 68 77 85 93 97 101 100 103 107 109 109 107 106 105 103 101 99 100 102 108 110 116 118 118 120 121 121 120 117 109 102 97 92 88 84 84 85 88 87 81 73 65 62 64 67 71 72 73 76 74 75 73 75 82 85 82 76 76 82 83 77 67 61 60 64 69 74 85 94 93 92 100 111 108 101 95 97 107 117 123 115 116 120 122 125 121 118 116 116 117 116 108 103 96 87 77 71 78 89 96 94 93 100 100 111 124 118 105 113 108 111 118 110 105 100 101 107 100 94 94 95 106 120 121 127 136 136 132 137 139 137 139 132 129 138 139 141 147 145 137 136 132 125 137 140 143 141 150 155 153 146 134 134 132 137 148 152 152 151 159 152 143 137 118 93 86 90 96 95 84 103 115 131 142 139 120 105 100 94 119 138 136 112 80 62 61 70 75 67 99 94 63 66 87 77 76 70 93 106 101 94 107 117 131 108 90 125 129 121 125 129 128 137 139 120 114 135 119 82 85 101 123 138 135 138 135 103 107 108 134 143 128 114 123 126 116 99 105 113 106 96 106 103 86 65 45 29 36 63 87 86 84 63 41 49 85 111 124 115 115 118 109 121 133 137 118 84 76 72 60 80 75 54 48 68 93 92 81 74 74 83 78 78 85 96 102 96 106 91 66 62 61 71 84 90 90 94 92 85 65 41 30 30 34 37 46 64 93 107 114 115 111 111 118 124 123 116 114 115 111 105 103 106 66 18 0 0 0 0 0 0 0 0 0 0 0 0 0 0 0 0 0 0 0 0 0 0 0 0 0 0 0 0 0 0 0 0 0 0 0 0 0 0 0 0 0 0 0 0 0 0 0 0 0 0 0 0 0 0 0 0 0 0 0 0 0 0 0 0 0 0 0 0 0 0 0 0 0 0 0 0 0 0 0 0 0 0 0 0 0 0 0 0 0 0 0 0 0 0 0 0 0 0 0 0 0 0 0 0 0 0 0 0 0 0 0 0 0 0 0 0 0 0 0 0 0 0 0 0 0 0 0 0 0 0 0 0 0 0 0 0 
0 0 0 0 0 0 0 0 0 0 0 0 0 0 0 0 0 0 0 0 0 0 0 0 0 0 0 0 0 0 0 0 0 0 0 0 0 0 0 0 0 0 0 0 0 0 0 0 0 0 0 0 0 0 0 0 0 0 0 0 0 0 0 0 0 0 0 22 51 49 49 50 52 53 58 61 65 73 81 88 96 100 104 110 112 115 116 114 112 111 110 107 103 103 103 106 110 113 116 116 119 122 122 120 116 110 102 96 92 88 86 89 89 92 93 91 83 76 73 75 77 77 75 78 80 82 87 86 87 91 93 96 93 95 98 95 88 79 72 71 78 80 81 90 100 102 99 101 110 112 108 107 106 108 113 123 129 125 122 119 130 131 126 123 122 125 118 112 107 96 81 71 71 79 91 101 101 97 108 108 105 121 119 102 107 113 118 126 124 121 118 104 112 108 97 97 101 103 113 115 116 128 134 132 131 138 141 142 146 145 145 145 144 141 142 146 145 151 155 150 148 146 142 141 139 139 149 160 150 146 141 140 143 146 152 154 158 153 147 133 118 106 91 77 88 92 97 97 106 132 140 141 132 112 86 99 128 139 131 104 70 66 68 67 68 90 107 77 76 103 89 77 69 87 100 103 98 107 110 130 86 95 129 137 127 120 123 127 146 141 110 124 140 120 97 102 120 139 143 134 148 123 110 110 125 137 123 95 105 125 110 80 79 100 113 113 111 113 111 94 62 34 52 61 70 82 93 81 47 38 62 98 119 119 122 128 127 115 130 135 133 111 93 88 76 72 84 68 43 59 84 77 71 74 80 83 83 75 80 79 87 88 101 106 91 75 74 62 75 87 91 90 88 89 90 75 47 33 28 28 33 42 62 83 97 106 110 109 112 122 127 120 114 116 117 114 112 113 116 115 115 70 19 0 0 0 0 0 0 0 0 0 0 0 0 0 0 0 0 0 0 0 0 0 0 0 0 0 0 0 0 0 0 0 0 0 0 0 0 0 0 0 0 0 0 0 0 0 0 0 0 0 0 0 0 0 0 0 0 0 0 0 0 0 0 0 0 0 0 0 0 0 0 0 0 0 0 0 0 0 0 0 0 0 0 0 0 0 0 0 0 0 0 0 0 0 0 0 0 0 0 0 0 0 0 0 0 0 0 0 0 0 0 0 0 0 0 0 0 0 0 0 0 0 0 0 0 0 0 0 0 0 0 0 0 0 0 
0 0 0 0 0 0 0 0 0 0 0 0 0 0 0 0 0 0 0 0 0 0 0 0 0 0 0 0 0 0 0 0 0 0 0 0 0 0 0 0 0 0 0 0 0 0 0 0 0 0 0 0 0 0 0 0 0 0 0 0 0 0 0 0 0 0 0 46 53 51 51 52 53 55 59 63 67 74 81 88 93 96 100 103 108 114 116 118 118 118 117 114 108 107 106 108 111 112 113 116 119 122 123 120 116 110 101 94 90 87 87 89 91 94 98 99 93 88 85 86 86 85 85 86 87 89 91 92 91 92 93 97 100 101 103 104 97 85 79 82 87 89 87 92 101 106 103 104 109 112 114 113 109 109 111 118 128 128 125 119 128 134 131 128 126 134 126 112 108 96 76 71 74 79 94 106 110 109 115 111 100 112 118 97 96 112 121 126 132 133 127 114 120 123 111 107 105 114 107 107 111 110 118 128 127 136 143 142 142 145 150 152 149 144 139 138 140 146 151 154 153 149 151 142 125 122 125 133 148 159 152 148 142 124 125 142 145 141 133 122 115 109 119 100 90 96 98 99 103 113 130 141 131 124 116 98 112 134 132 115 84 71 71 55 72 78 104 92 85 94 91 73 61 93 88 93 100 112 109 105 85 93 142 143 117 115 112 121 138 133 117 130 142 120 105 119 134 138 132 135 136 115 119 115 138 121 77 89 114 116 94 76 85 125 121 131 124 98 94 89 66 60 96 67 70 92 84 58 48 54 73 105 116 119 140 142 124 121 129 131 129 118 96 89 71 72 85 67 59 78 88 68 69 87 94 83 73 76 76 76 81 83 104 109 101 87 69 62 74 90 97 90 84 89 95 75 45 28 25 29 35 40 57 74 86 99 106 111 117 124 124 113 108 114 115 113 114 117 119 117 116 119 125 80 24 0 0 0 0 0 0 0 0 0 0 0 0 0 0 0 0 0 0 0 0 0 0 0 0 0 0 0 0 0 0 0 0 0 0 0 0 0 0 0 0 0 0 0 0 0 0 0 0 0 0 0 0 0 0 0 0 0 0 0 0 0 0 0 0 0 0 0 0 0 0 0 0 0 0 0 0 0 0 0 0 0 0 0 0 0 0 0 0 0 0 0 0 0 0 0 0 0 0 0 0 0 0 0 0 0 0 0 0 0 0 0 0 0 0 0 0 0 0 0 0 0 0 0 0 0 0 0 0 0 0 0 0 
0 0 0 0 0 0 0 0 0 0 0 0 0 0 0 0 0 0 0 0 0 0 0 0 0 0 0 0 0 0 0 0 0 0 0 0 0 0 0 0 0 0 0 0 0 0 0 0 0 0 0 0 0 0 0 0 0 0 0 0 0 0 0 0 0 0 26 57 58 54 53 53 55 58 61 66 71 78 85 90 93 95 97 98 101 105 110 115 118 121 123 121 119 114 112 113 114 113 113 116 120 123 122 119 115 108 99 92 89 86 84 87 91 96 101 104 102 98 95 92 91 93 93 94 95 98 100 99 96 97 94 97 101 100 98 99 99 96 91 93 96 99 96 93 97 105 108 109 112 113 116 114 111 107 108 113 121 125 127 117 118 127 129 131 129 129 128 111 105 103 80 70 76 83 96 105 113 114 122 120 92 106 117 104 96 111 125 130 136 141 130 118 124 128 116 107 95 92 94 98 104 113 118 127 135 137 143 143 137 138 136 140 148 148 147 149 143 140 141 133 138 144 151 151 148 132 110 104 112 124 146 144 144 148 136 130 131 122 106 102 99 101 117 121 112 114 107 91 97 125 130 129 121 121 122 110 103 130 126 111 94 84 75 73 78 76 95 101 89 83 85 70 71 88 88 94 105 123 102 110 89 112 142 138 122 115 94 99 130 136 123 137 132 119 112 127 138 135 120 134 127 123 122 127 133 102 69 104 115 101 89 85 109 134 131 134 121 90 106 91 88 102 98 81 89 99 71 46 56 60 83 98 115 127 137 133 114 117 125 129 127 117 103 86 73 79 91 58 67 97 86 77 87 99 100 82 70 75 66 74 70 77 99 107 102 86 57 55 74 90 94 89 86 91 88 61 35 21 24 32 35 41 53 68 84 98 106 112 121 126 118 106 103 108 112 111 113 116 116 115 115 118 122 125 125 80 25 0 0 0 0 0 0 0 0 0 0 0 0 0 0 0 0 0 0 0 0 0 0 0 0 0 0 0 0 0 0 0 0 0 0 0 0 0 0 0 0 0 0 0 0 0 0 0 0 0 0 0 0 0 0 0 0 0 0 0 0 0 0 0 0 0 0 0 0 0 0 0 0 0 0 0 0 0 0 0 0 0 0 0 0 0 0 0 0 0 0 0 0 0 0 0 0 0 0 0 0 0 0 0 0 0 0 0 0 0 0 0 0 0 0 0 0 0 0 0 0 0 0 0 0 0 0 0 0 0 0 
0 0 0 0 0 0 0 0 0 0 0 0 0 0 0 0 0 0 0 0 0 0 0 0 0 0 0 0 0 0 0 0 0 0 0 0 0 0 0 0 0 0 0 0 0 0 0 0 0 0 0 0 0 0 0 0 0 0 0 0 0 0 0 0 0 0 64 72 68 65 64 63 63 63 67 71 77 84 91 94 95 96 96 97 98 100 104 107 113 118 121 124 123 121 120 120 120 118 117 119 121 122 121 117 114 107 97 91 89 86 85 88 92 98 103 108 109 107 104 98 96 96 99 102 103 107 108 106 105 104 104 104 103 100 97 94 98 106 108 109 107 109 108 101 100 107 112 114 116 114 114 115 111 108 109 111 116 121 120 118 117 123 125 133 133 127 125 113 103 100 90 78 79 85 92 102 113 114 117 117 102 104 119 115 97 105 128 139 139 142 134 123 123 134 121 112 108 97 85 85 92 88 101 110 120 133 141 143 142 137 134 133 133 134 139 135 138 140 141 144 142 140 141 147 151 148 155 139 117 122 139 149 146 139 145 130 121 115 90 87 98 104 124 130 137 127 122 115 102 101 124 130 124 113 110 109 109 122 123 102 88 92 77 76 87 83 89 99 90 82 76 65 67 98 89 99 113 122 115 111 96 113 142 135 124 111 83 96 134 140 128 146 131 126 119 128 132 125 121 130 123 118 109 129 118 95 86 84 83 84 83 104 124 128 129 126 123 118 115 101 95 119 98 96 107 97 67 60 68 78 93 105 121 116 120 122 117 116 120 124 120 119 119 104 95 87 70 61 81 105 81 72 86 101 97 82 74 70 67 70 61 77 107 115 100 69 53 56 70 86 91 88 89 94 78 53 31 20 24 30 32 37 50 68 88 102 107 111 121 126 114 97 98 102 106 110 112 114 114 114 114 115 117 119 118 116 114 77 25 0 0 0 0 0 0 0 0 0 0 0 0 0 0 0 0 0 0 0 0 0 0 0 0 0 0 0 0 0 0 0 0 0 0 0 0 0 0 0 0 0 0 0 0 0 0 0 0 0 0 0 0 0 0 0 0 0 0 0 0 0 0 0 0 0 0 0 0 0 0 0 0 0 0 0 0 0 0 0 0 0 0 0 0 0 0 0 0 0 0 0 0 0 0 0 0 0 0 0 0 0 0 0 0 0 0 0 0 0 0 0 0 0 0 0 0 0 0 0 0 0 0 0 0 0 0 0 0 
0 0 0 0 0 0 0 0 0 0 0 0 0 0 0 0 0 0 0 0 0 0 0 0 0 0 0 0 0 0 0 0 0 0 0 0 0 0 0 0 0 0 0 0 0 0 0 0 0 0 0 0 0 0 0 0 0 0 0 0 0 0 0 0 0 32 82 82 83 80 80 80 79 81 82 84 90 94 99 99 100 100 98 99 100 101 102 104 108 110 112 117 117 120 122 124 127 127 127 126 124 124 123 119 113 105 96 90 90 88 89 92 97 103 108 112 116 117 116 111 107 103 107 110 113 117 117 116 113 110 114 115 110 106 102 99 98 106 117 122 117 116 119 117 113 114 118 117 121 117 115 113 109 110 110 108 113 122 123 124 128 126 126 132 134 124 118 116 107 99 96 88 85 88 94 100 104 112 116 119 111 105 112 114 102 102 128 148 136 144 138 130 134 139 132 119 120 118 101 95 93 94 93 90 103 117 131 137 140 139 133 134 138 138 140 143 140 147 150 148 150 145 142 139 141 146 151 163 169 150 148 157 160 155 151 147 133 114 106 79 89 106 104 114 132 127 123 121 127 131 127 125 128 121 105 84 82 108 119 96 91 93 82 79 96 95 85 72 78 76 77 63 68 96 96 104 120 130 121 107 95 117 140 135 121 118 77 99 131 130 136 135 129 128 122 125 117 110 130 126 111 98 104 116 110 93 75 54 71 80 90 98 101 110 124 129 133 119 110 93 106 114 105 102 102 96 63 80 88 97 113 116 107 103 117 127 120 114 118 124 129 132 132 122 104 79 61 75 98 95 77 74 88 93 87 82 80 74 67 59 61 90 120 122 95 57 50 52 67 79 85 87 92 92 78 50 32 21 22 25 29 36 51 70 90 105 106 108 119 122 112 97 94 96 101 106 113 115 116 115 113 112 114 115 113 110 110 112 117 82 29 0 0 0 0 0 0 0 0 0 0 0 0 0 0 0 0 0 0 0 0 0 0 0 0 0 0 0 0 0 0 0 0 0 0 0 0 0 0 0 0 0 0 0 0 0 0 0 0 0 0 0 0 0 0 0 0 0 0 0 0 0 0 0 0 0 0 0 0 0 0 0 0 0 0 0 0 0 0 0 0 0 0 0 0 0 0 0 0 0 0 0 0 0 0 0 0 0 0 0 0 0 0 0 0 0 0 0 0 0 0 0 0 0 0 0 0 0 0 0 0 0 0 0 0 0 0 
0 0 0 0 0 0 0 0 0 0 0 0 0 0 0 0 0 0 0 0 0 0 0 0 0 0 0 0 0 0 0 0 0 0 0 0 0 0 0 0 0 0 0 0 0 0 0 0 0 0 0 0 0 0 0 0 0 0 0 0 0 0 0 0 0 61 75 76 81 81 84 84 86 91 92 98 100 106 107 106 107 106 104 103 103 106 108 109 109 108 108 108 111 112 116 121 126 131 134 132 131 130 127 122 117 107 96 92 92 92 95 98 102 107 113 118 123 126 128 127 123 117 117 117 119 124 124 125 124 120 121 124 122 116 113 108 103 107 117 125 125 124 128 129 126 124 118 119 125 124 120 114 105 106 115 112 116 120 125 130 134 130 127 134 133 118 111 112 112 109 98 87 85 90 94 99 103 111 116 119 117 110 108 118 101 101 126 145 136 138 140 134 137 145 138 125 119 127 123 111 102 97 101 107 103 110 126 129 132 138 140 136 147 150 149 152 156 156 159 160 157 152 146 140 137 140 142 145 146 152 158 158 160 159 158 157 155 156 141 138 135 129 111 99 92 106 122 126 128 135 139 133 129 134 124 96 80 89 103 86 80 97 92 73 99 106 90 75 72 76 88 87 70 94 94 104 121 130 123 103 90 125 142 135 131 119 97 97 112 123 132 130 129 116 121 119 106 115 138 123 99 83 112 120 98 71 58 63 83 80 71 87 93 100 115 127 126 111 102 98 118 113 107 87 97 97 84 86 93 111 117 103 101 105 121 122 110 106 112 127 137 146 137 114 95 76 76 89 104 96 80 87 93 93 91 88 84 80 69 53 65 109 124 109 83 59 47 47 62 75 76 83 86 83 68 48 32 22 21 25 31 37 52 70 88 97 98 102 116 119 108 97 92 93 100 108 114 118 119 118 114 111 114 113 111 109 108 110 113 116 115 81 33 0 0 0 0 0 0 0 0 0 0 0 0 0 0 0 0 0 0 0 0 0 0 0 0 0 0 0 0 0 0 0 0 0 0 0 0 0 0 0 0 0 0 0 0 0 0 0 0 0 0 0 0 0 0 0 0 0 0 0 0 0 0 0 0 0 0 0 0 0 0 0 0 0 0 0 0 0 0 0 0 0 0 0 0 0 0 0 0 0 0 0 0 0 0 0 0 0 0 0 0 0 0 0 0 0 0 0 0 0 0 0 0 0 0 0 0 0 0 0 0 0 0 0 0 
0 0 0 0 0 0 0 0 0 0 0 0 0 0 0 0 0 0 0 0 0 0 0 0 0 0 0 0 0 0 0 0 0 0 0 0 0 0 0 0 0 0 0 0 0 0 0 0 0 0 0 0 0 0 0 0 0 0 0 0 0 0 0 0 21 59 61 64 66 71 73 76 80 84 89 95 99 105 107 109 112 111 110 110 114 114 116 116 115 113 111 110 110 111 115 118 123 128 131 132 133 133 135 130 123 112 101 94 93 95 100 105 108 111 116 122 128 131 134 136 134 131 125 122 122 123 125 127 127 129 130 132 131 127 123 117 110 112 120 126 129 131 131 133 133 132 124 120 123 126 132 121 107 106 114 113 118 125 130 129 134 130 126 134 131 117 108 108 106 112 97 86 88 100 97 98 98 119 121 116 113 111 109 117 106 101 118 143 133 136 143 137 135 145 146 135 129 126 133 126 115 106 97 98 107 110 116 128 123 119 123 127 132 144 148 148 152 156 158 159 155 147 143 148 142 140 141 137 137 133 133 140 144 146 157 164 156 148 141 140 147 156 142 120 107 100 110 119 114 122 137 143 136 124 137 138 104 84 90 79 71 81 77 68 78 108 99 94 81 71 88 100 82 87 91 95 121 132 121 99 102 118 135 142 134 127 105 71 105 125 128 120 109 106 124 122 96 130 138 119 94 94 116 108 80 56 69 82 78 77 82 82 76 83 108 131 116 112 109 110 117 115 99 80 115 105 77 85 110 106 99 104 112 119 124 108 82 95 115 127 143 147 128 107 97 75 94 99 100 99 95 96 103 106 98 86 81 77 63 68 90 113 115 100 84 59 39 44 61 71 73 78 81 75 63 40 27 25 27 32 35 40 52 67 82 87 86 97 111 113 105 98 96 95 100 109 115 120 121 118 115 114 116 112 109 107 107 108 108 111 113 114 117 89 37 0 0 0 0 0 0 0 0 0 0 0 0 0 0 0 0 0 0 0 0 0 0 0 0 0 0 0 0 0 0 0 0 0 0 0 0 0 0 0 0 0 0 0 0 0 0 0 0 0 0 0 0 0 0 0 0 0 0 0 0 0 0 0 0 0 0 0 0 0 0 0 0 0 0 0 0 0 0 0 0 0 0 0 0 0 0 0 0 0 0 0 0 0 0 0 0 0 0 0 0 0 0 0 0 0 0 0 0 0 0 0 0 0 0 0 0 0 0 0 0 0 0 
0 0 0 0 0 0 0 0 0 0 0 0 0 0 0 0 0 0 0 0 0 0 0 0 0 0 0 0 0 0 0 0 0 0 0 0 0 0 0 0 0 0 0 0 0 0 0 0 0 0 0 0 0 0 0 0 0 0 0 0 0 0 0 0 41 51 54 58 61 64 66 69 72 77 81 88 93 97 101 106 107 106 107 110 113 117 121 120 120 119 119 117 116 117 119 119 122 125 127 128 129 132 137 132 128 119 110 103 100 101 106 109 112 116 121 125 130 134 138 139 140 137 131 128 124 123 126 130 131 133 135 135 134 133 133 125 117 117 119 122 127 129 130 130 133 135 133 127 124 124 130 130 120 112 111 116 120 127 134 133 132 138 128 136 133 122 115 107 101 109 98 83 81 101 96 88 98 122 127 118 108 111 109 124 122 107 110 130 136 133 148 140 128 145 151 143 134 126 135 134 129 120 111 104 107 110 106 114 111 101 107 107 111 115 125 127 136 138 142 141 143 147 138 141 149 142 140 141 140 129 121 120 116 121 129 142 152 149 142 135 142 140 148 148 137 119 111 116 120 116 110 123 148 148 135 130 123 102 88 88 70 68 69 69 74 96 109 105 97 81 85 114 99 89 87 92 116 126 121 88 101 107 135 142 137 128 102 82 114 137 128 101 108 108 124 117 110 135 130 95 79 103 116 94 77 78 84 85 64 83 83 61 64 93 119 124 114 120 121 116 116 109 97 102 112 94 81 98 117 99 86 102 121 119 100 84 83 110 123 129 148 135 128 110 95 93 105 101 103 111 106 108 114 106 89 77 73 65 55 85 102 114 109 96 75 52 38 43 59 62 72 81 82 68 53 36 27 29 37 40 40 46 55 64 71 73 74 89 109 111 102 99 98 96 99 108 115 119 122 117 116 121 120 113 108 107 109 109 107 108 111 115 117 119 119 88 36 0 0 0 0 0 0 0 0 0 0 0 0 0 0 0 0 0 0 0 0 0 0 0 0 0 0 0 0 0 0 0 0 0 0 0 0 0 0 0 0 0 0 0 0 0 0 0 0 0 0 0 0 0 0 0 0 0 0 0 0 0 0 0 0 0 0 0 0 0 0 0 0 0 0 0 0 0 0 0 0 0 0 0 0 0 0 0 0 0 0 0 0 0 0 0 0 0 0 0 0 0 0 0 0 0 0 0 0 0 0 0 0 0 0 0 0 0 0 0 0 
0 0 0 0 0 0 0 0 0 0 0 0 0 0 0 0 0 0 0 0 0 0 0 0 0 0 0 0 0 0 0 0 0 0 0 0 0 0 0 0 0 0 0 0 0 0 0 0 0 0 0 0 0 0 0 0 0 0 0 0 0 0 0 16 47 49 54 57 61 65 68 70 71 76 80 86 88 93 97 101 102 101 102 103 107 112 116 117 120 120 122 123 127 129 128 127 125 124 126 126 126 129 130 128 123 118 114 112 111 113 115 116 118 119 123 127 131 133 135 137 139 138 134 131 128 128 128 132 134 135 137 137 135 133 132 130 125 124 123 122 125 129 129 124 129 133 138 136 131 127 128 133 132 121 113 120 125 128 141 140 135 136 133 135 138 127 118 109 104 108 102 91 85 94 102 85 88 117 131 127 115 108 110 122 122 107 120 130 140 143 151 142 128 141 152 146 137 130 135 139 138 131 126 118 110 110 102 103 102 94 95 93 87 79 75 85 90 100 113 115 115 121 133 139 147 160 146 138 139 141 137 122 111 112 106 122 132 140 148 152 145 134 140 141 138 128 115 115 128 126 113 111 122 140 142 134 130 115 83 78 73 62 66 67 79 84 101 110 107 90 87 113 123 98 88 78 113 126 108 94 100 105 134 146 146 133 90 85 122 136 121 101 110 108 136 111 125 136 98 74 81 104 111 74 71 91 83 63 56 62 66 67 85 110 126 120 127 122 123 121 119 119 114 117 113 85 109 118 110 88 85 102 113 97 71 79 105 120 132 141 140 130 129 108 96 116 114 106 110 107 100 101 108 82 70 66 64 57 67 93 106 112 102 87 57 53 56 62 58 62 79 95 88 62 47 34 29 36 42 44 48 57 64 67 64 60 65 84 105 109 101 100 102 95 100 107 113 115 114 112 115 122 121 113 108 109 109 108 106 108 113 116 118 119 118 117 116 92 41 0 0 0 0 0 0 0 0 0 0 0 0 0 0 0 0 0 0 0 0 0 0 0 0 0 0 0 0 0 0 0 0 0 0 0 0 0 0 0 0 0 0 0 0 0 0 0 0 0 0 0 0 0 0 0 0 0 0 0 0 0 0 0 0 0 0 0 0 0 0 0 0 0 0 0 0 0 0 0 0 0 0 0 0 0 0 0 0 0 0 0 0 0 0 0 0 0 0 0 0 0 0 0 0 0 0 0 0 0 0 0 0 0 0 0 0 0 0 
0 0 0 0 0 0 0 0 0 0 0 0 0 0 0 0 0 0 0 0 0 0 0 0 0 0 0 0 0 0 0 0 0 0 0 0 0 0 0 0 0 0 0 0 0 0 0 0 0 0 0 0 0 0 0 0 0 0 0 0 0 0 0 36 46 48 53 57 62 66 69 73 76 80 83 87 88 91 93 97 99 101 99 100 104 107 111 113 113 113 116 121 129 132 134 133 130 131 130 129 127 129 129 125 118 113 108 111 116 120 122 126 125 126 128 128 131 130 130 130 132 136 136 133 132 131 132 135 136 134 138 138 138 137 134 130 126 127 127 125 128 131 130 126 129 133 136 139 138 137 132 136 134 131 127 125 127 130 143 146 139 136 133 138 137 127 119 113 103 107 102 99 88 95 108 93 80 96 130 129 115 105 100 114 125 123 129 136 149 151 154 146 132 140 150 152 141 132 131 144 140 136 139 130 124 115 107 106 102 87 89 79 69 53 53 55 58 60 67 80 88 91 98 106 114 124 132 130 129 137 136 143 141 131 123 116 109 112 127 146 156 153 142 123 125 134 126 107 98 121 126 118 105 124 146 142 131 120 90 70 81 79 68 68 81 79 79 101 95 98 95 110 133 122 96 83 111 130 112 94 99 106 138 149 146 123 82 86 135 136 113 103 110 124 129 118 131 132 71 75 79 102 88 63 67 77 66 63 57 61 74 90 94 106 120 126 125 113 129 131 130 123 125 129 113 99 122 117 97 71 89 93 84 76 76 90 109 129 136 137 134 135 130 118 115 121 107 101 93 91 88 97 78 61 58 54 53 46 74 92 101 101 87 67 55 68 86 78 61 71 91 100 89 71 52 37 32 39 41 46 60 71 73 70 61 55 60 83 104 105 100 104 105 102 103 107 109 108 106 106 113 119 118 113 109 109 109 106 107 109 114 118 120 121 121 120 120 121 122 98 45 0 0 0 0 0 0 0 0 0 0 0 0 0 0 0 0 0 0 0 0 0 0 0 0 0 0 0 0 0 0 0 0 0 0 0 0 0 0 0 0 0 0 0 0 0 0 0 0 0 0 0 0 0 0 0 0 0 0 0 0 0 0 0 0 0 0 0 0 0 0 0 0 0 0 0 0 0 0 0 0 0 0 0 0 0 0 0 0 0 0 0 0 0 0 0 0 0 0 0 0 0 0 0 0 0 0 0 0 0 0 0 0 0 0 0 0 
0 0 0 0 0 0 0 0 0 0 0 0 0 0 0 0 0 0 0 0 0 0 0 0 0 0 0 0 0 0 0 0 0 0 0 0 0 0 0 0 0 0 0 0 0 0 0 0 0 0 0 0 0 0 0 0 0 0 0 0 0 0 14 44 45 48 52 57 63 68 72 77 80 84 86 90 90 90 90 93 97 98 99 101 104 108 110 110 108 107 109 117 125 129 132 132 129 129 129 130 129 133 133 128 121 111 102 108 113 117 120 124 128 132 133 136 134 132 129 127 127 130 131 131 131 131 131 134 137 139 140 142 141 143 139 132 125 124 123 124 126 129 132 130 130 130 131 134 140 143 137 137 138 139 133 132 127 131 143 149 144 139 134 137 133 124 119 116 109 107 106 102 94 95 108 99 76 84 120 131 115 103 99 111 129 136 139 143 149 152 152 155 140 145 150 156 144 136 139 149 142 138 135 133 125 119 110 107 104 93 87 76 65 52 52 49 43 42 47 52 56 61 62 69 75 82 95 103 106 114 119 126 136 133 129 122 119 112 104 123 143 150 155 145 124 117 131 137 119 100 94 108 133 127 129 130 134 125 117 109 96 82 65 58 75 89 77 89 96 103 106 102 124 126 113 92 105 123 111 90 95 108 144 145 139 110 89 108 128 126 115 113 123 133 123 124 134 118 89 82 78 94 74 58 71 57 70 71 67 74 85 92 90 106 120 116 110 118 130 133 132 125 129 135 109 107 111 100 84 73 82 77 73 74 81 99 119 129 131 138 139 148 141 127 116 108 102 96 91 87 90 86 47 61 66 55 49 55 75 86 87 85 74 50 62 83 80 64 62 79 95 101 88 87 68 42 34 36 38 50 73 86 83 78 65 59 67 87 102 104 100 106 107 106 104 106 106 101 98 103 110 114 113 110 108 111 111 111 110 110 113 118 122 124 125 124 124 124 124 123 123 101 47 0 0 0 0 0 0 0 0 0 0 0 0 0 0 0 0 0 0 0 0 0 0 0 0 0 0 0 0 0 0 0 0 0 0 0 0 0 0 0 0 0 0 0 0 0 0 0 0 0 0 0 0 0 0 0 0 0 0 0 0 0 0 0 0 0 0 0 0 0 0 0 0 0 0 0 0 0 0 0 0 0 0 0 0 0 0 0 0 0 0 0 0 0 0 0 0 0 0 0 0 0 0 0 0 0 0 0 0 0 0 0 0 0 0 
0 0 0 0 0 0 0 0 0 0 0 0 0 0 0 0 0 0 0 0 0 0 0 0 0 0 0 0 0 0 0 0 0 0 0 0 0 0 0 0 0 0 0 0 0 0 0 0 0 0 0 0 0 0 0 0 0 0 0 0 0 0 31 41 43 47 52 58 65 70 75 80 83 86 88 89 90 90 88 90 95 97 99 101 105 108 111 111 108 106 109 116 122 127 130 129 124 122 122 123 126 130 132 132 126 119 113 113 117 119 116 120 124 130 135 139 139 138 135 132 128 127 126 126 128 131 131 133 136 137 139 141 140 142 142 138 130 122 119 120 122 129 129 129 126 127 130 129 134 141 141 138 137 140 141 140 138 134 142 149 147 142 136 134 130 121 117 114 112 109 112 106 100 96 101 102 83 79 110 126 119 103 100 115 133 142 141 150 152 151 151 157 147 145 150 152 147 142 140 152 146 140 134 133 125 121 112 107 106 100 94 79 66 60 49 39 33 35 38 39 38 40 39 39 40 45 52 65 74 81 95 112 122 125 125 128 122 123 124 112 122 136 143 142 144 150 143 142 139 125 100 82 92 126 140 132 136 131 120 119 108 86 63 49 63 91 75 83 102 104 108 107 119 130 125 107 98 107 112 93 92 118 141 141 133 111 101 131 124 123 122 125 130 128 122 122 128 114 104 88 97 83 67 59 60 58 84 67 72 80 83 91 102 112 106 84 98 132 127 130 133 137 138 133 114 110 102 83 81 72 76 70 70 75 90 115 124 123 135 149 150 150 138 121 111 107 101 102 96 76 64 56 57 77 84 60 54 55 74 69 71 76 66 55 69 80 61 51 72 87 93 91 95 101 85 54 34 33 37 58 81 92 92 87 76 70 76 93 103 101 102 104 106 106 105 106 105 97 98 99 103 108 110 111 110 114 115 115 112 110 112 118 123 127 128 127 127 126 127 125 125 125 126 109 53 0 0 0 0 0 0 0 0 0 0 0 0 0 0 0 0 0 0 0 0 0 0 0 0 0 0 0 0 0 0 0 0 0 0 0 0 0 0 0 0 0 0 0 0 0 0 0 0 0 0 0 0 0 0 0 0 0 0 0 0 0 0 0 0 0 0 0 0 0 0 0 0 0 0 0 0 0 0 0 0 0 0 0 0 0 0 0 0 0 0 0 0 0 0 0 0 0 0 0 0 0 0 0 0 0 0 0 0 0 0 0 0 
0 0 0 0 0 0 0 0 0 0 0 0 0 0 0 0 0 0 0 0 0 0 0 0 0 0 0 0 0 0 0 0 0 0 0 0 0 0 0 0 0 0 0 0 0 0 0 0 0 0 0 0 0 0 0 0 0 0 0 0 0 12 38 40 43 46 52 60 67 73 77 81 87 89 90 91 90 91 89 90 93 96 100 103 107 111 112 112 109 108 110 115 121 127 131 129 124 120 117 117 119 120 123 125 123 122 120 121 125 127 126 124 124 129 134 138 141 141 140 138 133 129 126 125 128 133 137 138 137 135 134 135 135 134 139 143 137 129 123 120 123 129 129 129 125 129 138 139 136 138 143 141 134 130 138 145 142 137 140 146 147 142 140 135 132 120 116 112 110 107 109 104 97 96 102 99 89 88 99 116 124 104 97 117 132 140 138 150 154 152 152 153 141 141 151 153 153 149 145 147 149 147 139 136 129 123 119 111 104 101 97 83 64 58 41 32 32 32 30 27 26 26 24 23 22 26 25 34 44 56 66 71 94 116 121 125 120 110 104 102 103 118 132 137 134 137 147 146 141 136 117 99 80 105 140 144 140 133 113 108 120 103 71 54 53 84 88 79 96 106 120 117 113 129 135 121 106 109 117 99 96 124 143 138 126 112 118 130 125 127 125 127 133 126 113 115 112 106 98 84 95 68 57 60 54 69 76 72 76 80 82 100 117 108 75 87 118 133 135 139 143 151 159 124 109 99 97 96 81 57 65 48 70 77 94 111 117 127 141 145 138 146 131 122 107 96 98 107 97 64 41 42 72 98 84 70 60 59 63 56 60 77 66 71 76 70 60 62 81 88 87 84 101 108 92 61 38 33 42 64 84 93 101 93 85 82 85 95 99 96 98 98 103 104 104 105 102 97 98 97 101 107 112 115 115 116 114 113 111 110 111 118 125 128 128 128 127 126 125 123 123 123 126 129 132 117 58 0 0 0 0 0 0 0 0 0 0 0 0 0 0 0 0 0 0 0 0 0 0 0 0 0 0 0 0 0 0 0 0 0 0 0 0 0 0 0 0 0 0 0 0 0 0 0 0 0 0 0 0 0 0 0 0 0 0 0 0 0 0 0 0 0 0 0 0 0 0 0 0 0 0 0 0 0 0 0 0 0 0 0 0 0 0 0 0 0 0 0 0 0 0 0 0 0 0 0 0 0 0 0 0 0 0 0 0 0 0 
0 0 0 0 0 0 0 0 0 0 0 0 0 0 0 0 0 0 0 0 0 0 0 0 0 0 0 0 0 0 0 0 0 0 0 0 0 0 0 0 0 0 0 0 0 0 0 0 0 0 0 0 0 0 0 0 0 0 0 0 0 29 39 41 43 46 52 60 66 72 77 84 88 91 92 92 91 91 91 90 93 96 99 103 108 112 113 113 109 107 110 115 121 127 131 130 126 121 116 116 115 114 115 115 113 110 111 117 124 131 134 134 133 134 136 138 140 139 139 140 137 133 130 128 129 133 139 143 146 140 138 138 135 132 134 138 140 142 134 125 126 131 132 129 125 128 138 145 144 143 143 140 134 124 131 143 142 133 134 143 143 139 139 135 133 126 117 113 105 102 102 102 98 95 95 94 93 95 105 114 132 113 95 109 130 137 135 150 155 150 149 147 139 139 149 156 159 155 148 149 152 150 142 134 131 124 120 114 99 97 88 77 63 53 40 35 34 32 24 20 20 19 19 18 17 17 16 18 17 27 44 56 65 78 97 115 122 114 107 100 93 100 104 124 133 133 136 132 132 122 121 117 94 88 127 147 150 144 130 110 119 123 94 62 53 82 105 89 99 104 120 126 115 120 131 125 119 111 128 108 106 132 141 134 122 118 126 131 134 128 124 128 130 119 103 111 100 96 85 89 85 65 60 66 64 78 74 74 75 87 96 106 103 78 69 110 142 122 130 142 153 155 136 101 88 88 107 108 73 51 47 53 68 72 94 114 117 121 118 127 131 138 133 122 103 95 102 120 102 73 53 61 90 102 84 82 69 60 52 54 72 79 69 73 81 80 71 76 81 83 87 93 107 112 95 64 43 47 58 68 82 98 106 101 95 89 91 97 95 91 91 95 98 97 96 97 97 99 96 98 103 109 115 118 118 114 111 110 108 108 112 118 125 127 128 127 126 125 123 121 120 121 124 128 132 133 133 121 63 4 0 0 0 0 0 0 0 0 0 0 0 0 0 0 0 0 0 0 0 0 0 0 0 0 0 0 0 0 0 0 0 0 0 0 0 0 0 0 0 0 0 0 0 0 0 0 0 0 0 0 0 0 0 0 0 0 0 0 0 0 0 0 0 0 0 0 0 0 0 0 0 0 0 0 0 0 0 0 0 0 0 0 0 0 0 0 0 0 0 0 0 0 0 0 0 0 0 0 0 0 0 0 0 0 0 0 0 
0 0 0 0 0 0 0 0 0 0 0 0 0 0 0 0 0 0 0 0 0 0 0 0 0 0 0 0 0 0 0 0 0 0 0 0 0 0 0 0 0 0 0 0 0 0 0 0 0 0 0 0 0 0 0 0 0 0 0 0 12 42 42 43 43 47 53 60 68 73 79 85 90 92 93 91 91 92 92 92 93 94 97 102 108 112 112 112 110 109 110 114 121 128 132 131 127 122 120 117 115 113 111 108 102 96 98 103 113 124 131 137 140 140 141 142 141 138 136 135 136 135 133 131 129 130 134 142 145 145 146 145 144 137 132 133 137 141 141 137 133 133 134 133 132 130 135 143 148 148 147 142 138 128 125 131 135 133 128 134 139 134 142 132 131 125 122 119 106 100 97 103 103 96 91 89 88 100 114 114 125 119 88 103 128 139 137 139 150 146 142 146 143 142 155 158 157 155 150 147 150 146 141 139 132 126 121 114 103 93 85 71 58 54 47 34 27 21 18 18 16 14 17 18 19 19 19 19 16 17 20 34 50 68 63 79 106 122 117 115 111 102 91 98 119 128 139 136 137 139 133 126 111 96 114 136 140 143 141 119 103 120 109 66 53 69 96 93 101 112 112 125 119 115 120 126 124 121 135 114 105 140 134 132 128 116 121 134 139 130 124 131 129 110 97 105 99 87 83 92 85 68 62 63 70 80 79 78 90 106 104 94 73 79 99 126 125 106 132 145 160 148 116 88 89 103 108 98 70 52 51 59 57 79 105 113 112 118 114 130 138 137 128 119 106 105 114 124 108 94 66 74 83 82 83 76 62 52 46 58 80 67 60 66 72 79 75 68 69 79 88 100 112 112 96 72 62 69 72 68 80 99 104 103 99 96 95 97 93 87 89 94 93 87 82 86 94 99 97 101 106 110 114 113 112 109 106 106 105 108 113 119 123 126 127 126 124 124 123 122 120 121 123 127 131 133 133 135 137 126 66 4 0 0 0 0 0 0 0 0 0 0 0 0 0 0 0 0 0 0 0 0 0 0 0 0 0 0 0 0 0 0 0 0 0 0 0 0 0 0 0 0 0 0 0 0 0 0 0 0 0 0 0 0 0 0 0 0 0 0 0 0 0 0 0 0 0 0 0 0 0 0 0 0 0 0 0 0 0 0 0 0 0 0 0 0 0 0 0 0 0 0 0 0 0 0 0 0 0 0 0 0 0 0 0 0 0 
0 0 0 0 0 0 0 0 0 0 0 0 0 0 0 0 0 0 0 0 0 0 0 0 0 0 0 0 0 0 0 0 0 0 0 0 0 0 0 0 0 0 0 0 0 0 0 0 0 0 0 0 0 0 0 0 0 0 0 0 33 46 46 46 47 50 55 63 69 75 80 85 90 94 94 93 92 92 94 93 93 94 98 102 106 110 113 112 110 109 110 114 121 127 131 131 126 122 120 119 117 113 110 105 96 90 89 90 101 112 122 129 135 141 146 146 145 140 136 135 132 131 131 130 129 129 132 135 138 143 146 146 148 143 140 138 137 138 142 142 140 140 140 139 138 135 133 139 146 151 153 147 138 131 126 122 129 136 128 127 133 133 135 130 125 126 124 128 112 101 95 96 101 94 82 92 92 103 114 112 110 114 98 102 125 133 141 133 146 142 140 145 144 142 153 156 153 153 153 146 146 146 142 139 133 127 127 117 100 84 73 62 54 50 40 25 19 16 15 16 19 21 27 31 35 35 32 28 27 27 27 30 37 40 42 44 68 89 99 116 116 102 88 77 64 93 126 132 137 138 139 132 122 119 116 136 138 128 135 131 116 117 133 102 68 75 95 96 104 116 110 119 121 121 120 121 132 124 135 118 114 134 132 134 133 114 125 138 138 132 129 133 127 110 100 102 87 75 74 80 84 74 57 58 72 80 81 88 106 109 86 71 68 95 117 129 112 131 146 157 152 129 104 89 111 119 115 97 85 64 52 48 56 95 107 107 111 116 130 143 144 137 132 123 113 113 114 116 109 85 64 66 73 73 87 60 54 49 54 65 73 65 52 47 57 78 66 57 65 81 97 110 119 116 101 80 82 79 66 65 80 97 99 97 97 99 100 95 88 85 90 91 84 75 70 82 95 100 101 104 107 108 109 106 107 103 105 106 106 108 113 117 121 124 125 125 123 123 123 122 120 120 121 125 128 131 133 136 139 141 143 134 72 9 0 0 0 0 0 0 0 0 0 0 0 0 0 0 0 0 0 0 0 0 0 0 0 0 0 0 0 0 0 0 0 0 0 0 0 0 0 0 0 0 0 0 0 0 0 0 0 0 0 0 0 0 0 0 0 0 0 0 0 0 0 0 0 0 0 0 0 0 0 0 0 0 0 0 0 0 0 0 0 0 0 0 0 0 0 0 0 0 0 0 0 0 0 0 0 0 0 0 0 0 0 0 0 
0 0 0 0 0 0 0 0 0 0 0 0 0 0 0 0 0 0 0 0 0 0 0 0 0 0 0 0 0 0 0 0 0 0 0 0 0 0 0 0 0 0 0 0 0 0 0 0 0 0 0 0 0 0 0 0 0 0 0 14 50 50 51 51 53 56 59 66 72 77 82 86 90 95 96 95 94 93 94 94 94 95 99 104 108 111 112 112 112 111 110 112 119 126 130 130 126 121 119 118 115 111 109 104 97 89 86 87 94 103 113 119 126 135 140 144 146 142 141 138 133 130 129 128 130 132 131 131 133 137 140 139 139 142 146 145 143 142 144 146 147 146 144 143 142 143 142 140 142 152 158 150 144 136 130 127 126 135 134 123 127 126 131 130 128 127 127 131 125 110 96 95 91 89 80 89 97 102 118 114 103 110 116 109 120 134 138 129 142 142 139 144 147 143 149 155 154 151 154 146 147 145 142 139 133 127 125 108 89 75 64 56 49 39 29 22 19 17 22 29 34 42 48 50 50 50 47 46 47 42 39 39 37 38 35 36 35 37 53 63 80 109 106 101 100 84 86 116 119 121 128 126 115 94 106 129 137 128 119 139 133 119 117 119 100 88 92 100 97 121 110 121 124 121 112 116 132 130 140 113 111 133 134 139 132 119 124 139 136 128 129 129 123 108 99 94 84 68 61 76 88 61 55 64 79 78 84 99 111 103 70 72 86 105 123 131 131 140 148 161 142 115 94 102 120 127 125 107 88 52 40 42 68 85 99 103 107 123 145 155 142 141 137 127 105 95 101 106 96 66 69 80 83 83 73 54 56 51 55 68 85 75 43 38 57 72 60 51 64 79 103 119 121 112 100 91 92 77 55 57 77 90 93 94 97 103 102 94 82 83 92 87 76 72 73 83 96 101 103 104 104 103 102 102 103 102 107 109 109 110 113 116 117 120 122 122 122 123 123 123 121 118 119 122 125 129 131 135 137 140 143 144 145 143 78 13 0 0 0 0 0 0 0 0 0 0 0 0 0 0 0 0 0 0 0 0 0 0 0 0 0 0 0 0 0 0 0 0 0 0 0 0 0 0 0 0 0 0 0 0 0 0 0 0 0 0 0 0 0 0 0 0 0 0 0 0 0 0 0 0 0 0 0 0 0 0 0 0 0 0 0 0 0 0 0 0 0 0 0 0 0 0 0 0 0 0 0 0 0 0 0 0 0 0 0 0 0 
0 0 0 0 0 0 0 0 0 0 0 0 0 0 0 0 0 0 0 0 0 0 0 0 0 0 0 0 0 0 0 0 0 0 0 0 0 0 0 0 0 0 0 0 0 0 0 0 0 0 0 0 0 0 0 0 0 0 0 39 55 57 58 59 61 64 67 70 75 80 84 88 90 93 95 95 94 93 94 95 97 98 101 106 109 111 113 113 114 113 112 112 117 124 129 131 126 121 118 114 110 108 108 103 95 87 87 89 93 99 107 113 120 127 133 137 140 140 141 139 136 132 131 130 130 131 132 132 133 131 132 133 132 136 140 144 148 147 147 149 151 151 150 149 146 150 149 146 147 151 153 152 148 139 128 131 127 128 133 127 126 123 126 130 127 126 126 133 128 115 101 94 84 79 76 88 102 98 114 118 106 107 122 116 116 134 141 126 136 145 140 141 151 148 155 155 156 150 151 150 146 144 139 134 133 127 123 102 81 70 58 48 38 27 24 19 23 30 37 46 56 64 67 67 60 63 68 67 65 62 58 55 53 49 42 42 38 34 29 30 44 53 74 97 105 108 102 115 133 125 124 125 118 107 100 122 138 147 131 125 138 125 103 119 113 103 112 103 91 112 120 120 130 111 100 104 133 136 129 117 119 134 133 146 130 112 125 139 135 132 130 130 122 101 94 84 83 76 74 82 82 63 64 75 93 85 96 96 87 87 80 84 92 103 129 139 133 141 151 152 136 117 97 116 126 133 134 117 81 41 33 48 78 76 104 103 113 133 146 150 141 141 142 128 70 66 88 91 84 83 98 104 91 77 60 59 50 47 60 85 103 83 38 39 56 67 60 55 63 83 107 118 114 103 97 98 87 66 52 54 68 83 88 88 96 101 100 91 82 85 96 92 76 73 79 87 94 99 100 99 98 98 97 100 102 105 108 109 110 111 115 117 116 116 118 120 121 121 121 122 121 119 118 121 123 126 129 131 134 137 141 143 145 146 147 143 78 13 0 0 0 0 0 0 0 0 0 0 0 0 0 0 0 0 0 0 0 0 0 0 0 0 0 0 0 0 0 0 0 0 0 0 0 0 0 0 0 0 0 0 0 0 0 0 0 0 0 0 0 0 0 0 0 0 0 0 0 0 0 0 0 0 0 0 0 0 0 0 0 0 0 0 0 0 0 0 0 0 0 0 0 0 0 0 0 0 0 0 0 0 0 0 0 0 0 0 0 
0 0 0 0 0 0 0 0 0 0 0 0 0 0 0 0 0 0 0 0 0 0 0 0 0 0 0 0 0 0 0 0 0 0 0 0 0 0 0 0 0 0 0 0 0 0 0 0 0 0 0 0 0 0 0 0 0 0 15 58 60 63 66 67 69 72 74 76 79 81 83 88 90 92 93 94 94 94 96 98 100 101 103 106 108 110 111 113 116 116 113 113 116 121 125 127 125 121 117 111 106 104 104 100 92 85 85 89 95 99 104 107 115 122 127 132 135 136 136 136 134 131 132 132 134 135 135 135 135 130 129 129 130 133 136 140 144 148 150 151 150 151 153 154 151 149 150 148 147 149 151 152 148 139 128 129 132 126 130 129 127 118 118 127 128 125 124 132 132 122 109 96 88 83 76 86 105 101 105 126 113 107 119 121 122 132 140 132 128 142 146 145 150 147 153 154 157 153 146 152 150 144 138 133 128 125 118 100 73 58 47 34 28 21 22 27 36 50 62 68 75 79 77 75 76 80 82 79 76 74 68 64 60 58 54 50 47 42 37 34 41 31 40 53 72 101 110 108 113 124 119 120 113 107 106 113 134 142 143 118 119 140 127 124 117 104 114 114 79 107 125 123 135 123 104 104 134 139 129 117 123 132 137 141 132 116 123 134 132 133 130 130 112 93 82 80 91 81 67 81 79 73 79 83 86 88 97 79 67 86 85 94 99 114 131 129 123 151 155 142 129 116 117 129 134 136 135 105 64 31 34 52 68 89 109 107 116 135 142 143 140 145 137 99 54 55 85 77 93 107 111 101 86 73 63 59 49 48 70 99 100 75 52 53 65 70 61 55 65 91 109 112 107 103 104 100 83 58 58 55 59 78 88 89 96 102 101 89 83 89 100 95 80 75 81 90 92 92 90 85 85 89 94 98 100 103 106 108 110 114 115 113 111 110 111 114 116 119 120 120 121 121 120 119 119 122 124 127 130 133 136 140 143 144 144 145 146 146 82 18 0 0 0 0 0 0 0 0 0 0 0 0 0 0 0 0 0 0 0 0 0 0 0 0 0 0 0 0 0 0 0 0 0 0 0 0 0 0 0 0 0 0 0 0 0 0 0 0 0 0 0 0 0 0 0 0 0 0 0 0 0 0 0 0 0 0 0 0 0 0 0 0 0 0 0 0 0 0 0 0 0 0 0 0 0 0 0 0 0 0 0 0 0 0 0 0 0 
0 0 0 0 0 0 0 0 0 0 0 0 0 0 0 0 0 0 0 0 0 0 0 0 0 0 0 0 0 0 0 0 0 0 0 0 0 0 0 0 0 0 0 0 0 0 0 0 0 0 0 0 0 0 0 0 0 0 43 64 65 68 72 74 77 79 81 81 82 82 83 87 89 90 91 93 95 95 97 100 102 102 104 106 107 107 109 112 116 116 115 114 115 117 121 124 122 119 114 109 103 99 98 96 91 84 82 88 96 100 104 107 111 119 125 130 133 135 135 134 132 131 131 133 136 137 137 136 137 138 132 129 130 133 136 138 143 146 147 149 151 151 150 150 152 153 151 146 145 147 149 150 149 141 131 128 132 126 123 126 124 120 112 121 128 125 122 131 131 120 111 97 86 82 74 87 105 103 101 118 125 115 121 124 119 129 137 139 131 141 151 150 153 147 149 155 158 155 146 150 151 144 141 134 128 121 116 90 60 43 35 26 25 19 28 43 57 67 74 77 82 82 82 83 91 93 90 88 84 82 77 71 68 66 61 56 51 49 43 39 37 33 29 29 36 56 88 100 98 110 133 130 132 118 102 100 122 136 141 140 118 123 128 132 124 104 103 116 103 109 135 130 136 129 107 104 127 136 123 119 128 135 137 133 128 115 124 130 131 133 128 127 103 92 77 94 89 70 71 84 87 77 83 84 78 92 91 84 79 93 96 101 100 127 116 122 138 149 142 130 117 113 138 143 134 126 112 82 48 29 37 51 54 98 108 105 121 134 137 138 146 148 127 78 60 67 79 85 104 114 110 103 92 76 59 57 60 68 78 89 83 71 76 81 72 58 53 59 78 100 111 109 105 111 110 97 73 62 64 57 56 79 92 90 99 105 101 91 85 89 104 98 81 77 83 88 86 82 76 74 73 81 91 96 98 102 104 108 114 118 117 110 105 103 105 111 114 117 118 119 121 121 121 119 119 119 119 122 126 128 131 135 137 139 141 143 144 145 147 150 91 24 0 0 0 0 0 0 0 0 0 0 0 0 0 0 0 0 0 0 0 0 0 0 0 0 0 0 0 0 0 0 0 0 0 0 0 0 0 0 0 0 0 0 0 0 0 0 0 0 0 0 0 0 0 0 0 0 0 0 0 0 0 0 0 0 0 0 0 0 0 0 0 0 0 0 0 0 0 0 0 0 0 0 0 0 0 0 0 0 0 0 0 0 0 0 0 
0 0 0 0 0 0 0 0 0 0 0 0 0 0 0 0 0 0 0 0 0 0 0 0 0 0 0 0 0 0 0 0 0 0 0 0 0 0 0 0 0 0 0 0 0 0 0 0 0 0 0 0 0 0 0 0 0 15 69 70 72 75 77 81 85 88 88 87 88 87 86 86 87 88 90 92 96 97 97 100 102 103 104 104 105 104 105 110 115 117 116 115 113 115 117 119 119 117 112 108 100 96 95 93 90 84 82 87 97 101 103 105 110 116 123 129 133 134 135 136 136 134 133 133 133 136 138 138 137 141 139 135 132 130 134 140 143 145 147 151 153 150 149 147 145 147 152 153 147 144 145 150 149 144 134 125 124 125 119 121 121 118 113 114 123 131 125 125 129 119 108 94 86 79 76 87 101 99 99 109 128 132 127 127 120 123 126 140 134 141 150 146 149 146 144 152 154 155 143 144 148 144 139 136 130 114 94 63 44 34 27 24 26 32 45 60 68 75 77 81 84 88 91 94 98 97 93 94 89 86 82 78 74 70 66 61 57 55 46 44 41 38 35 32 28 30 55 80 89 78 86 122 137 125 96 78 102 128 130 127 126 117 123 135 131 110 93 122 122 113 134 129 126 127 106 112 123 138 117 121 130 134 134 131 129 115 121 127 133 133 127 118 103 85 80 101 80 58 79 88 85 82 81 83 84 100 86 93 85 98 105 109 117 124 108 124 148 147 135 129 124 135 147 145 134 117 92 67 33 30 34 45 65 93 98 102 126 125 132 143 151 145 119 86 65 66 85 96 106 108 110 111 98 70 49 55 67 85 86 77 74 81 95 97 69 46 51 68 95 106 104 100 106 115 112 92 61 62 62 59 65 82 93 93 102 108 100 89 86 95 101 95 83 81 85 89 88 80 74 71 74 84 91 95 97 101 107 115 119 121 118 111 105 103 107 113 115 118 118 119 119 120 120 120 119 119 119 120 122 125 127 129 132 134 136 138 139 143 147 152 156 156 95 23 0 0 0 0 0 0 0 0 0 0 0 0 0 0 0 0 0 0 0 0 0 0 0 0 0 0 0 0 0 0 0 0 0 0 0 0 0 0 0 0 0 0 0 0 0 0 0 0 0 0 0 0 0 0 0 0 0 0 0 0 0 0 0 0 0 0 0 0 0 0 0 0 0 0 0 0 0 0 0 0 0 0 0 0 0 0 0 0 0 0 0 0 0 
0 0 0 0 0 0 0 0 0 0 0 0 0 0 0 0 0 0 0 0 0 0 0 0 0 0 0 0 0 0 0 0 0 0 0 0 0 0 0 0 0 0 0 0 0 0 0 0 0 0 0 0 0 0 0 0 0 51 76 77 78 81 84 89 91 93 92 92 92 91 89 87 86 87 87 92 96 98 100 101 103 104 105 105 105 102 102 107 113 117 118 116 115 115 117 118 117 115 111 107 100 96 93 91 87 84 82 84 90 97 104 107 111 115 121 127 131 135 137 138 139 138 136 135 134 135 137 138 139 141 144 144 139 135 137 139 140 144 147 151 154 152 148 148 138 138 148 153 151 148 145 149 150 142 134 125 123 126 125 123 125 120 115 121 119 131 131 127 128 126 115 100 91 78 74 86 100 96 96 107 122 134 131 132 117 121 125 131 135 136 147 147 152 148 141 146 150 154 148 141 146 144 140 137 125 102 72 48 34 28 25 20 30 47 62 74 84 89 91 93 95 97 99 97 99 96 93 93 92 88 85 81 78 74 71 65 61 59 54 49 45 41 40 37 34 32 34 37 61 83 83 95 124 125 112 84 70 107 133 129 129 131 122 134 138 130 112 123 136 115 121 132 108 118 107 113 126 136 123 121 128 132 127 123 126 119 121 127 129 130 122 109 104 75 83 88 70 63 85 90 82 86 78 90 103 95 85 87 88 102 108 115 123 111 107 134 150 146 142 142 149 154 147 145 131 111 87 59 25 26 31 56 79 84 74 85 102 115 133 149 155 138 112 84 66 75 92 101 104 108 117 116 101 61 52 60 75 86 83 78 82 97 111 98 71 60 70 88 107 103 91 88 103 115 107 84 65 64 63 64 77 88 92 95 104 107 97 85 84 94 97 89 80 80 84 86 84 79 77 77 85 90 93 95 97 101 109 117 123 123 119 114 108 106 109 114 118 120 119 119 119 118 119 118 118 118 119 121 120 122 123 124 127 129 130 131 134 142 148 154 155 153 150 146 90 27 0 0 0 0 0 0 0 0 0 0 0 0 0 0 0 0 0 0 0 0 0 0 0 0 0 0 0 0 0 0 0 0 0 0 0 0 0 0 0 0 0 0 0 0 0 0 0 0 0 0 0 0 0 0 0 0 0 0 0 0 0 0 0 0 0 0 0 0 0 0 0 0 0 0 0 0 0 0 0 0 0 0 0 0 0 0 0 0 0 0 0 
0 0 0 0 0 0 0 0 0 0 0 0 0 0 0 0 0 0 0 0 0 0 0 0 0 0 0 0 0 0 0 0 0 0 0 0 0 0 0 0 0 0 0 0 0 0 0 0 0 0 0 0 0 0 0 0 16 85 86 85 86 88 91 95 95 96 97 97 96 94 92 89 87 87 88 92 98 101 103 104 105 106 106 106 104 102 101 104 109 114 117 117 117 118 119 120 118 116 109 104 100 96 92 88 85 83 81 81 85 92 102 108 113 115 119 123 130 133 139 141 142 141 140 139 138 138 138 140 142 144 145 146 146 144 142 141 141 139 144 149 154 154 153 151 147 140 141 147 152 150 145 142 143 143 137 125 119 124 131 126 127 123 117 121 119 119 132 128 129 125 120 109 98 87 81 85 106 100 95 99 113 130 134 134 119 115 127 122 133 133 139 152 156 153 142 147 150 153 152 147 146 145 141 133 114 88 59 37 27 27 26 30 45 63 80 93 99 99 100 104 105 103 101 97 96 97 94 95 91 88 86 85 85 83 77 72 69 66 57 53 46 44 44 41 38 35 34 34 38 50 69 76 94 118 125 118 95 105 127 137 131 136 131 124 136 128 124 109 134 127 116 125 115 123 116 111 120 138 126 127 131 133 124 120 131 118 123 127 125 126 117 106 93 70 82 86 63 65 86 92 87 77 76 101 108 85 76 87 96 104 102 109 114 114 108 150 150 145 151 157 159 153 149 143 127 111 80 34 22 23 41 69 82 73 48 66 90 126 149 154 145 127 103 70 58 73 86 90 96 110 116 110 89 58 69 67 81 81 79 93 106 116 116 97 83 81 97 112 105 91 92 98 108 117 101 73 76 77 71 72 84 92 93 94 104 102 90 77 77 87 88 81 76 76 80 78 81 83 83 86 90 93 96 94 94 101 111 119 122 120 118 115 110 107 111 114 117 118 119 119 118 118 119 118 117 118 119 120 121 122 123 122 123 124 125 126 132 141 146 147 148 149 150 150 146 142 91 30 0 0 0 0 0 0 0 0 0 0 0 0 0 0 0 0 0 0 0 0 0 0 0 0 0 0 0 0 0 0 0 0 0 0 0 0 0 0 0 0 0 0 0 0 0 0 0 0 0 0 0 0 0 0 0 0 0 0 0 0 0 0 0 0 0 0 0 0 0 0 0 0 0 0 0 0 0 0 0 0 0 0 0 0 0 0 0 0 0 
0 0 0 0 0 0 0 0 0 0 0 0 0 0 0 0 0 0 0 0 0 0 0 0 0 0 0 0 0 0 0 0 0 0 0 0 0 0 0 0 0 0 0 0 0 0 0 0 0 0 0 0 0 0 0 0 58 93 94 94 94 94 97 100 100 99 101 99 97 96 95 93 90 86 88 93 99 104 106 107 107 108 107 106 104 103 101 100 104 110 114 117 118 119 120 121 121 117 111 104 99 95 90 86 84 81 78 78 82 88 98 106 114 117 121 125 130 134 139 143 144 145 143 141 141 142 142 141 141 144 147 147 145 147 148 148 147 145 146 149 154 154 153 155 154 147 142 143 146 148 144 140 136 133 135 127 116 116 126 128 127 122 120 124 125 120 125 131 128 116 117 118 112 92 91 86 93 101 94 93 103 128 129 134 113 106 121 124 129 136 133 150 157 158 157 152 154 153 152 153 145 147 140 131 107 73 48 31 25 26 26 44 63 83 96 105 107 107 108 113 112 110 106 103 101 101 101 98 95 92 89 92 89 87 83 79 74 69 61 58 53 46 47 44 41 39 40 37 34 31 43 58 78 103 126 134 124 112 120 142 148 138 140 131 134 136 128 110 116 137 120 128 123 129 118 108 119 134 124 136 136 135 129 126 125 118 122 126 121 124 114 94 73 72 75 74 66 73 92 101 90 82 87 100 89 72 76 99 107 100 79 105 109 115 126 143 147 150 157 153 153 148 143 137 127 111 73 30 22 26 48 76 79 70 69 83 108 141 153 146 132 114 73 45 43 65 83 81 86 112 107 95 72 64 71 78 88 84 83 112 123 120 116 106 93 97 117 122 98 82 102 111 117 111 95 86 90 93 83 75 88 97 94 93 94 91 81 72 72 83 83 78 74 73 76 80 83 85 84 89 91 91 92 93 95 103 114 121 122 119 116 113 112 110 112 114 114 115 118 118 120 119 119 119 119 118 118 118 121 123 124 126 124 122 123 128 133 138 135 135 140 146 151 153 149 144 140 137 93 33 0 0 0 0 0 0 0 0 0 0 0 0 0 0 0 0 0 0 0 0 0 0 0 0 0 0 0 0 0 0 0 0 0 0 0 0 0 0 0 0 0 0 0 0 0 0 0 0 0 0 0 0 0 0 0 0 0 0 0 0 0 0 0 0 0 0 0 0 0 0 0 0 0 0 0 0 0 0 0 0 0 0 0 0 0 0 0 
0 0 0 0 0 0 0 0 0 0 0 0 0 0 0 0 0 0 0 0 0 0 0 0 0 0 0 0 0 0 0 0 0 0 0 0 0 0 0 0 0 0 0 0 0 0 0 0 0 0 0 0 0 0 0 18 99 102 102 102 101 101 101 101 101 100 100 98 99 97 96 96 94 91 90 93 99 104 107 110 111 109 108 107 105 105 101 99 102 107 111 115 117 120 122 122 123 119 109 102 98 95 89 85 84 80 75 73 77 84 94 104 111 118 125 128 131 133 138 141 144 145 144 143 143 143 143 143 143 145 146 148 148 150 151 153 153 151 152 149 151 155 155 155 155 152 148 147 147 146 146 142 137 131 130 128 115 104 113 122 122 124 127 126 129 120 118 124 122 115 112 114 114 105 101 96 87 97 93 87 98 118 121 122 114 98 119 134 134 137 135 140 157 158 162 156 151 151 148 150 145 144 137 120 92 53 38 29 26 27 40 61 83 97 99 108 113 113 114 116 115 113 110 108 107 103 99 100 97 93 91 92 93 96 91 90 82 75 66 59 55 50 48 46 43 41 40 40 39 36 30 34 61 84 103 118 119 109 105 122 147 143 141 143 132 142 121 116 108 128 131 133 135 128 127 110 127 138 138 140 140 138 134 126 122 109 126 122 120 119 106 83 70 72 65 80 68 75 83 89 90 92 91 97 76 63 91 109 104 102 109 123 116 124 134 153 155 151 142 146 151 146 140 136 122 109 73 40 31 40 64 90 92 100 89 105 129 143 140 129 116 93 53 36 45 79 78 74 87 96 90 84 63 62 72 85 89 95 107 120 122 118 114 101 90 113 130 117 95 93 110 119 121 111 101 107 110 105 90 82 89 101 99 92 83 83 85 81 79 83 85 82 75 72 80 85 82 80 84 90 91 88 91 96 98 107 116 120 120 120 118 116 116 115 115 115 115 116 119 119 120 121 121 121 121 120 118 118 120 121 124 128 125 125 130 134 132 127 123 127 134 141 148 151 152 149 143 136 133 133 93 34 0 0 0 0 0 0 0 0 0 0 0 0 0 0 0 0 0 0 0 0 0 0 0 0 0 0 0 0 0 0 0 0 0 0 0 0 0 0 0 0 0 0 0 0 0 0 0 0 0 0 0 0 0 0 0 0 0 0 0 0 0 0 0 0 0 0 0 0 0 0 0 0 0 0 0 0 0 0 0 0 0 0 0 0 0 
0 0 0 0 0 0 0 0 0 0 0 0 0 0 0 0 0 0 0 0 0 0 0 0 0 0 0 0 0 0 0 0 0 0 0 0 0 0 0 0 0 0 0 0 0 0 0 0 0 0 0 0 0 0 0 64 105 108 108 108 106 105 103 102 100 99 97 98 100 98 97 98 98 96 95 95 100 104 108 111 113 111 111 108 108 106 103 102 103 105 108 110 115 120 123 123 123 119 111 103 99 95 89 85 82 80 75 70 72 77 88 99 107 115 124 129 131 132 134 138 142 144 143 143 143 145 145 145 145 146 147 150 152 153 154 155 156 155 154 151 151 154 155 154 154 155 153 149 146 146 145 142 142 136 129 123 114 102 104 117 119 125 130 129 128 122 115 118 113 114 113 98 110 115 112 107 92 93 102 88 84 105 114 113 119 114 122 137 142 138 136 137 155 155 159 159 155 152 145 151 145 140 132 100 67 41 32 28 29 32 53 71 88 99 104 110 116 117 117 118 115 113 111 111 108 105 103 103 100 94 88 89 95 100 101 100 90 82 74 67 59 54 50 48 45 43 42 41 41 40 34 31 40 60 75 93 109 105 101 101 124 140 132 136 136 135 119 108 109 117 131 138 135 127 130 120 131 143 137 144 139 133 130 130 123 118 128 122 113 114 97 76 74 63 74 86 64 64 66 84 90 91 91 88 75 78 102 112 99 118 125 126 125 132 146 154 148 139 127 142 141 135 141 132 113 102 88 51 55 63 94 109 104 92 96 117 131 139 131 116 103 76 58 49 60 77 76 78 80 68 77 73 64 61 71 85 90 103 111 125 122 108 98 97 104 123 127 103 95 106 122 128 125 111 109 121 119 108 88 83 94 102 99 87 78 83 93 94 86 86 94 90 79 76 82 84 78 76 85 91 89 89 93 98 103 110 116 118 119 120 120 121 121 121 120 120 119 120 122 122 124 125 126 126 125 124 121 121 121 122 124 128 131 135 138 135 128 121 119 122 128 135 141 147 152 151 146 139 133 132 133 133 94 36 0 0 0 0 0 0 0 0 0 0 0 0 0 0 0 0 0 0 0 0 0 0 0 0 0 0 0 0 0 0 0 0 0 0 0 0 0 0 0 0 0 0 0 0 0 0 0 0 0 0 0 0 0 0 0 0 0 0 0 0 0 0 0 0 0 0 0 0 0 0 0 0 0 0 0 0 0 0 0 0 0 0 0 
0 0 0 0 0 0 0 0 0 0 0 0 0 0 0 0 0 0 0 0 0 0 0 0 0 0 0 0 0 0 0 0 0 0 0 0 0 0 0 0 0 0 0 0 0 0 0 0 0 0 0 0 0 0 16 103 109 111 111 112 110 108 105 101 98 97 96 96 97 98 98 99 101 101 100 100 102 103 106 110 113 114 112 109 109 107 105 106 105 105 106 108 113 118 123 124 124 119 113 105 100 95 90 84 80 81 78 75 73 75 82 92 100 111 123 130 132 131 132 136 138 141 143 144 145 147 147 149 150 148 149 151 153 155 155 156 156 157 153 152 154 156 156 153 152 155 155 149 145 146 148 143 137 136 134 122 115 103 99 107 116 120 128 131 128 126 116 114 113 117 118 102 103 114 112 106 95 92 102 100 91 96 116 106 116 117 122 134 143 145 141 145 152 152 155 159 158 154 149 149 146 137 126 98 57 38 28 29 31 43 63 79 91 102 110 114 115 117 119 118 118 117 114 111 106 107 105 103 98 92 86 87 88 95 100 99 96 93 83 73 62 58 50 46 43 43 41 40 40 39 36 30 27 31 49 55 84 107 106 100 106 128 136 127 124 123 122 106 116 114 127 139 143 121 134 133 139 143 140 141 137 126 124 133 125 126 126 115 108 98 79 68 79 54 89 80 71 55 70 87 85 84 83 80 79 98 101 104 107 118 121 127 144 139 145 129 126 132 142 150 142 139 153 123 105 105 81 60 69 85 109 93 92 95 115 112 117 119 123 114 99 81 66 43 50 58 61 66 63 61 69 69 69 62 70 83 95 101 111 123 119 97 88 101 109 117 108 103 109 121 129 128 126 105 116 124 115 102 92 92 102 101 93 83 74 84 96 96 90 93 102 97 82 78 81 79 77 80 87 90 87 89 95 101 108 112 115 117 118 120 121 122 125 125 125 125 125 125 124 124 127 128 130 131 132 131 129 126 125 124 125 131 138 140 136 130 126 122 121 120 122 129 136 142 147 149 148 144 137 132 131 131 132 130 98 41 0 0 0 0 0 0 0 0 0 0 0 0 0 0 0 0 0 0 0 0 0 0 0 0 0 0 0 0 0 0 0 0 0 0 0 0 0 0 0 0 0 0 0 0 0 0 0 0 0 0 0 0 0 0 0 0 0 0 0 0 0 0 0 0 0 0 0 0 0 0 0 0 0 0 0 0 0 0 0 0 0 
0 0 0 0 0 0 0 0 0 0 0 0 0 0 0 0 0 0 0 0 0 0 0 0 0 0 0 0 0 0 0 0 0 0 0 0 0 0 0 0 0 0 0 0 0 0 0 0 0 0 0 0 0 0 63 108 112 112 112 113 112 110 106 100 96 94 93 94 97 98 98 100 103 105 106 105 104 102 104 108 112 114 111 109 108 106 104 106 106 105 105 107 111 118 122 124 123 119 113 107 102 96 91 83 79 79 81 80 76 74 78 85 94 106 119 128 132 132 134 137 138 139 142 145 147 148 150 154 154 152 151 154 155 155 155 157 159 158 153 150 154 157 157 153 151 154 156 150 143 145 145 143 136 132 133 128 118 109 99 93 109 115 122 131 133 128 119 107 112 114 119 102 99 112 108 101 104 96 97 106 105 94 104 106 108 117 118 129 138 147 137 144 149 152 154 158 160 157 151 147 148 132 113 87 55 32 26 30 32 51 69 83 95 105 110 113 114 114 117 115 119 120 116 111 106 105 103 100 97 94 93 92 88 88 90 94 98 93 83 66 62 60 53 46 43 40 37 35 38 38 32 31 30 29 31 37 52 82 99 98 99 112 128 131 130 117 125 103 124 119 126 134 138 127 134 143 144 144 138 137 130 121 125 127 121 121 122 105 102 90 69 68 72 72 80 71 69 45 84 90 85 85 90 92 92 104 102 111 114 125 129 137 137 134 133 117 126 138 154 159 153 157 141 115 102 99 72 54 85 86 74 84 99 114 122 105 111 107 121 108 106 83 53 37 46 47 43 64 58 60 68 73 76 76 75 82 95 101 110 112 104 90 92 104 104 102 93 108 123 129 128 131 122 109 120 122 105 95 97 100 98 90 84 79 74 90 99 93 90 99 103 95 84 80 78 74 79 88 92 91 90 93 98 104 111 113 112 115 115 117 120 122 123 125 126 126 126 122 123 125 127 130 132 133 136 137 136 134 131 130 133 138 139 136 131 128 128 127 124 122 122 124 128 134 140 146 148 145 141 137 132 131 132 132 131 132 100 42 0 0 0 0 0 0 0 0 0 0 0 0 0 0 0 0 0 0 0 0 0 0 0 0 0 0 0 0 0 0 0 0 0 0 0 0 0 0 0 0 0 0 0 0 0 0 0 0 0 0 0 0 0 0 0 0 0 0 0 0 0 0 0 0 0 0 0 0 0 0 0 0 0 0 0 0 0 0 0 
0 0 0 0 0 0 0 0 0 0 0 0 0 0 0 0 0 0 0 0 0 0 0 0 0 0 0 0 0 0 0 0 0 0 0 0 0 0 0 0 0 0 0 0 0 0 0 0 0 0 0 0 0 13 105 111 112 113 113 112 111 109 105 100 94 92 90 91 94 97 99 101 104 109 111 110 107 103 101 103 107 110 109 109 109 106 104 105 106 106 107 108 111 118 123 123 123 120 114 107 101 97 93 85 76 75 78 80 80 78 78 79 88 101 116 128 132 134 137 140 142 143 144 146 148 148 150 151 152 152 153 157 158 158 158 158 156 156 155 151 149 152 158 159 152 148 151 149 144 144 142 142 142 132 126 128 119 112 105 96 101 106 114 125 135 128 110 102 102 104 117 110 95 104 113 110 107 102 98 108 115 103 102 106 111 119 124 124 135 142 141 139 147 145 149 155 159 158 150 143 141 127 109 79 41 26 28 34 42 57 75 90 99 108 109 110 110 113 114 113 113 115 114 113 108 102 100 98 97 99 101 99 95 92 84 84 86 88 87 79 72 63 59 52 45 35 27 21 25 33 33 30 32 29 25 24 31 55 81 97 95 106 125 133 138 120 119 111 110 130 126 128 138 125 138 143 140 137 133 132 126 111 128 123 119 121 115 99 94 87 60 61 75 73 66 70 68 70 86 86 83 92 98 100 102 110 105 114 125 130 133 141 131 132 126 131 137 146 160 156 148 158 123 100 97 77 76 77 77 67 78 107 100 112 114 101 108 116 115 99 112 74 51 38 45 46 52 60 45 51 63 78 81 80 84 84 98 105 101 91 88 83 94 107 100 98 105 118 128 131 126 132 116 114 118 109 94 93 98 94 91 80 78 75 82 94 98 90 87 96 102 89 82 79 73 75 85 91 94 93 93 98 101 104 107 107 107 109 111 115 119 123 125 128 127 125 121 118 118 120 125 130 132 134 136 139 140 139 139 140 143 142 136 132 129 128 131 131 128 125 124 122 123 127 133 140 144 146 144 142 136 132 131 131 131 132 134 136 106 46 0 0 0 0 0 0 0 0 0 0 0 0 0 0 0 0 0 0 0 0 0 0 0 0 0 0 0 0 0 0 0 0 0 0 0 0 0 0 0 0 0 0 0 0 0 0 0 0 0 0 0 0 0 0 0 0 0 0 0 0 0 0 0 0 0 0 0 0 0 0 0 0 0 0 0 0 0 
0 0 0 0 0 0 0 0 0 0 0 0 0 0 0 0 0 0 0 0 0 0 0 0 0 0 0 0 0 0 0 0 0 0 0 0 0 0 0 0 0 0 0 0 0 0 0 0 0 0 0 0 0 61 109 112 113 113 112 110 110 107 103 98 94 91 89 89 91 95 99 102 107 111 114 113 109 105 100 99 101 103 104 108 109 107 104 103 105 106 109 110 114 120 123 122 123 120 115 108 102 97 92 86 77 71 70 74 77 80 81 80 86 98 113 126 132 135 138 142 145 145 144 145 146 147 149 150 150 148 151 155 156 159 160 159 157 155 154 152 148 148 154 157 156 151 149 149 146 145 140 137 138 131 122 125 119 112 115 106 99 100 105 112 123 123 109 98 94 88 94 107 98 98 106 105 109 108 103 99 114 111 107 106 109 121 127 116 126 137 148 146 144 150 150 153 158 157 151 142 131 117 98 71 37 25 31 38 52 66 85 99 103 109 111 109 108 113 113 113 111 111 110 111 109 104 99 99 99 105 107 110 107 99 87 81 77 82 85 88 86 80 67 53 38 23 16 6 12 22 27 28 30 30 29 24 17 25 51 78 90 99 116 125 133 127 124 121 107 130 130 129 134 135 139 144 136 128 129 131 117 117 125 120 117 117 105 88 96 80 59 55 61 63 70 80 73 80 78 78 91 98 100 106 109 111 104 131 129 143 146 142 133 131 130 141 143 159 162 150 145 134 114 108 102 83 98 81 75 80 93 93 89 107 111 88 108 119 113 125 107 70 51 44 51 59 79 57 50 63 79 79 76 84 90 96 116 112 93 79 77 86 100 108 100 105 120 119 126 126 127 125 114 107 111 101 89 95 84 82 83 82 82 81 89 94 94 87 82 93 97 86 78 76 75 80 87 87 89 93 96 97 97 98 101 102 104 107 112 118 124 128 131 130 127 123 120 116 116 119 124 127 131 132 135 137 140 142 145 146 145 142 136 133 129 130 130 132 131 130 127 125 123 124 127 134 140 144 146 144 139 134 131 130 130 133 135 135 135 133 108 49 0 0 0 0 0 0 0 0 0 0 0 0 0 0 0 0 0 0 0 0 0 0 0 0 0 0 0 0 0 0 0 0 0 0 0 0 0 0 0 0 0 0 0 0 0 0 0 0 0 0 0 0 0 0 0 0 0 0 0 0 0 0 0 0 0 0 0 0 0 0 0 0 0 0 0 
0 0 0 0 0 0 0 0 0 0 0 0 0 0 0 0 0 0 0 0 0 0 0 0 0 0 0 0 0 0 0 0 0 0 0 0 0 0 0 0 0 0 0 0 0 0 0 0 0 0 0 0 14 108 111 113 113 112 110 109 108 105 102 99 96 91 89 87 89 93 99 103 108 111 115 115 110 106 102 98 95 96 98 101 105 105 103 102 103 105 107 110 114 121 123 122 122 120 117 112 105 98 92 87 80 73 70 70 70 75 81 85 88 96 109 121 131 139 141 144 147 147 143 143 144 147 151 152 153 153 151 151 154 155 157 157 157 155 155 154 150 146 150 154 157 157 151 149 149 146 139 132 132 129 122 122 116 108 111 113 107 101 103 117 113 110 104 96 92 82 78 97 109 93 101 103 112 119 111 96 104 110 105 114 112 121 126 116 110 130 141 153 136 149 154 150 155 154 149 143 130 110 94 61 35 27 32 45 62 76 94 111 109 111 112 109 106 108 109 110 109 111 107 108 103 101 100 100 104 109 114 122 116 106 97 87 80 74 69 76 84 86 67 50 27 13 10 8 8 11 22 26 28 29 31 28 23 18 25 47 76 88 107 122 128 130 127 129 119 127 127 132 139 136 137 142 141 133 125 128 118 124 122 114 116 112 98 91 92 73 58 55 45 62 74 74 71 70 72 78 92 91 104 117 117 123 128 136 137 155 147 132 135 132 139 149 158 164 161 151 149 123 122 115 105 95 97 93 88 77 83 79 104 100 92 93 112 117 119 138 98 58 58 61 77 92 91 69 67 77 89 82 77 90 100 111 116 103 83 66 62 75 102 110 111 115 119 115 122 130 135 129 118 110 107 103 93 86 67 76 81 89 93 92 89 85 83 83 79 92 94 82 77 80 85 87 86 83 84 93 93 91 89 92 97 102 107 112 119 124 129 135 134 130 126 124 122 117 116 118 122 125 129 131 133 136 140 144 147 147 144 142 140 136 134 133 131 132 132 131 129 127 125 123 125 129 134 141 146 147 145 140 135 131 129 131 134 137 135 133 133 131 108 51 0 0 0 0 0 0 0 0 0 0 0 0 0 0 0 0 0 0 0 0 0 0 0 0 0 0 0 0 0 0 0 0 0 0 0 0 0 0 0 0 0 0 0 0 0 0 0 0 0 0 0 0 0 0 0 0 0 0 0 0 0 0 0 0 0 0 0 0 0 0 0 0 0 
0 0 0 0 0 0 0 0 0 0 0 0 0 0 0 0 0 0 0 0 0 0 0 0 0 0 0 0 0 0 0 0 0 0 0 0 0 0 0 0 0 0 0 0 0 0 0 0 0 0 0 0 60 109 111 113 113 109 108 107 104 102 99 99 99 95 90 87 87 90 96 103 108 111 114 115 111 107 103 98 93 91 92 94 99 102 103 102 103 104 106 109 113 119 122 121 120 120 119 115 108 100 93 87 82 77 72 68 64 66 70 81 94 103 109 117 128 138 143 148 151 150 147 145 145 147 150 151 153 153 152 152 152 151 152 152 152 155 158 156 153 147 145 149 155 158 154 149 147 149 141 131 128 123 119 121 114 102 102 110 116 110 108 116 110 87 93 106 99 82 72 80 93 87 94 101 105 115 119 104 98 103 101 111 115 112 121 121 100 114 134 149 147 146 159 154 154 155 148 144 133 106 76 49 30 29 38 52 69 82 100 114 113 110 112 112 107 105 107 106 105 106 105 106 103 103 105 105 110 115 122 124 118 110 102 95 89 69 54 56 59 65 60 49 30 14 11 9 6 7 18 24 26 27 28 28 27 19 14 21 44 73 98 124 125 127 125 134 125 129 137 135 137 135 133 143 143 133 130 132 124 120 118 113 122 113 93 94 83 71 62 59 53 69 80 79 65 68 77 84 90 96 116 122 123 137 132 139 152 149 138 135 143 140 147 153 162 162 159 155 140 125 132 114 99 90 92 78 71 67 76 87 102 82 80 90 115 123 131 130 99 78 85 89 105 111 93 77 77 79 87 91 91 101 110 117 107 92 70 53 53 72 101 112 117 126 117 114 124 135 136 127 115 103 100 94 84 64 62 74 83 92 95 94 93 80 75 79 84 90 90 81 80 84 93 93 87 86 88 90 89 85 83 89 96 105 113 120 124 130 135 136 134 129 127 125 121 119 117 117 120 123 128 129 131 137 143 144 143 142 141 140 141 140 140 138 136 134 134 133 131 129 127 126 125 125 130 136 141 146 148 144 140 134 130 129 131 133 135 133 132 131 129 127 108 52 0 0 0 0 0 0 0 0 0 0 0 0 0 0 0 0 0 0 0 0 0 0 0 0 0 0 0 0 0 0 0 0 0 0 0 0 0 0 0 0 0 0 0 0 0 0 0 0 0 0 0 0 0 0 0 0 0 0 0 0 0 0 0 0 0 0 0 0 0 0 0 
0 0 0 0 0 0 0 0 0 0 0 0 0 0 0 0 0 0 0 0 0 0 0 0 0 0 0 0 0 0 0 0 0 0 0 0 0 0 0 0 0 0 0 0 0 0 0 0 0 0 0 10 106 109 111 111 111 110 108 106 103 101 98 99 99 96 93 89 88 91 97 103 108 111 113 114 113 110 106 100 94 89 89 88 94 100 101 102 103 104 106 106 110 116 121 122 120 120 120 118 111 103 94 87 82 77 73 69 65 62 59 67 85 101 112 120 128 135 143 147 153 155 154 151 149 149 150 150 149 151 149 148 150 150 150 150 151 153 158 157 153 149 146 147 151 153 153 149 146 146 143 133 127 125 117 116 112 104 103 106 119 115 117 120 119 98 88 99 98 92 73 76 82 79 84 97 101 105 112 108 95 99 102 101 109 112 117 123 109 104 118 145 154 147 154 158 153 154 148 139 133 111 71 41 29 32 43 59 75 85 104 113 114 112 113 114 109 104 103 101 102 102 106 107 107 106 109 111 115 122 127 122 117 108 105 98 82 60 50 69 83 53 60 63 51 33 19 9 7 6 16 22 25 27 28 29 29 26 21 13 15 41 78 103 117 122 124 133 135 128 138 139 137 132 134 142 145 137 135 134 123 116 114 114 116 104 88 89 87 77 70 71 67 78 85 73 62 71 90 88 97 105 108 119 122 129 136 144 154 140 138 147 149 149 151 156 161 160 160 155 136 133 125 117 100 82 63 56 57 61 78 85 76 63 71 99 127 127 139 134 110 103 105 102 107 105 88 82 85 76 85 98 98 106 115 111 95 77 51 45 59 80 101 117 128 131 119 111 121 136 118 109 104 95 88 81 66 52 62 69 86 94 94 97 97 82 70 75 82 85 87 86 85 91 93 92 87 89 91 90 86 82 82 88 97 108 118 124 129 135 136 135 133 130 128 127 125 121 119 118 118 122 126 130 135 142 146 142 136 135 136 141 144 145 146 145 142 138 135 134 133 132 129 127 126 126 128 131 136 141 146 146 144 138 132 129 129 130 133 134 134 132 130 127 126 129 114 57 0 0 0 0 0 0 0 0 0 0 0 0 0 0 0 0 0 0 0 0 0 0 0 0 0 0 0 0 0 0 0 0 0 0 0 0 0 0 0 0 0 0 0 0 0 0 0 0 0 0 0 0 0 0 0 0 0 0 0 0 0 0 0 0 0 0 0 0 0 
0 0 0 0 0 0 0 0 0 0 0 0 0 0 0 0 0 0 0 0 0 0 0 0 0 0 0 0 0 0 0 0 0 0 0 0 0 0 0 0 0 0 0 0 0 0 0 0 0 0 0 55 106 108 109 108 108 108 109 106 103 100 99 99 99 98 96 93 93 94 99 104 108 110 112 113 115 111 105 101 96 92 91 89 90 94 98 102 103 105 105 105 108 113 119 123 120 120 119 118 113 105 96 89 81 76 73 68 65 63 59 59 67 87 108 120 130 138 143 149 153 156 157 158 156 154 152 152 150 150 149 148 149 149 152 154 153 156 158 158 156 153 151 147 146 148 149 146 146 146 142 133 126 124 115 106 105 105 105 102 105 114 117 119 122 108 84 90 91 88 83 77 74 69 86 96 101 103 107 108 101 97 105 106 97 114 119 126 116 109 122 142 153 150 145 158 155 155 153 143 131 108 71 39 26 34 46 62 74 89 107 117 118 117 114 112 108 106 102 100 99 99 103 105 104 106 111 114 122 127 126 120 115 111 107 87 63 50 85 131 105 46 55 70 79 60 34 17 9 7 12 21 24 26 25 27 29 30 26 16 8 21 60 98 109 116 121 131 138 135 136 137 133 128 129 135 140 137 136 132 122 112 115 111 113 95 86 80 76 77 81 77 70 85 89 69 75 89 92 95 104 106 107 122 114 121 137 144 144 140 144 150 155 150 147 157 158 161 159 152 140 135 126 131 76 51 42 44 49 63 76 72 63 50 74 113 128 128 132 130 119 109 105 94 97 87 83 85 90 90 92 97 96 104 115 98 79 53 43 54 73 93 113 123 136 133 125 119 122 118 99 95 101 87 84 68 54 54 59 68 89 101 98 101 103 84 69 75 82 82 83 87 87 94 89 81 85 89 90 88 84 81 84 91 98 109 117 123 129 133 134 133 133 130 129 129 127 125 124 122 122 124 130 139 146 147 143 137 134 132 134 139 142 145 147 147 146 144 140 138 135 134 132 130 129 128 128 128 132 136 141 145 148 142 137 133 128 127 129 133 135 134 135 130 130 132 134 135 125 65 4 0 0 0 0 0 0 0 0 0 0 0 0 0 0 0 0 0 0 0 0 0 0 0 0 0 0 0 0 0 0 0 0 0 0 0 0 0 0 0 0 0 0 0 0 0 0 0 0 0 0 0 0 0 0 0 0 0 0 0 0 0 0 0 0 0 0 
0 0 0 0 0 0 0 0 0 0 0 0 0 0 0 0 0 0 0 0 0 0 0 0 0 0 0 0 0 0 0 0 0 0 0 0 0 0 0 0 0 0 0 0 0 0 0 0 0 0 7 101 106 107 108 108 106 107 109 107 103 101 100 98 97 99 100 99 99 101 103 106 109 111 112 113 114 111 107 102 99 96 96 93 91 93 96 99 103 105 105 106 108 111 117 122 122 119 116 115 112 106 99 90 81 74 69 65 64 63 62 62 67 77 93 112 127 137 144 150 153 155 156 158 158 158 156 155 153 151 149 148 149 149 149 151 153 155 156 155 157 157 154 148 146 146 146 144 142 143 143 134 125 119 115 97 97 102 105 101 95 108 119 122 123 113 93 90 89 78 83 88 74 69 86 95 93 95 97 109 98 92 95 101 86 98 119 125 123 110 127 138 150 155 155 154 153 153 156 144 133 105 67 40 28 33 45 61 76 96 113 118 119 118 116 114 111 109 102 100 97 99 103 102 102 107 113 118 128 130 124 117 116 112 93 67 48 61 133 178 84 40 33 53 76 75 61 38 18 10 11 21 23 23 25 25 26 31 28 22 11 11 33 80 103 110 119 126 141 140 137 137 135 128 131 134 137 137 137 131 120 111 109 108 101 86 81 72 66 73 83 75 73 81 85 78 89 91 89 95 110 113 117 119 121 127 142 139 134 140 151 159 154 145 147 158 159 159 155 144 135 133 124 97 58 46 37 36 45 67 72 61 57 60 91 126 135 135 137 129 117 89 76 73 79 80 85 80 97 112 100 95 97 97 92 77 52 31 43 76 91 109 119 126 137 138 132 122 123 97 86 93 90 81 76 57 51 63 56 74 96 104 103 107 107 91 75 83 89 83 83 85 89 93 85 79 88 93 91 85 81 84 91 98 103 110 116 121 124 128 132 132 132 132 133 134 130 129 131 131 131 135 143 149 149 144 139 137 135 133 132 134 137 141 144 146 147 147 146 144 140 138 135 134 131 130 128 127 128 131 136 141 145 145 142 138 130 128 130 133 138 141 141 141 138 138 138 137 136 136 122 61 4 0 0 0 0 0 0 0 0 0 0 0 0 0 0 0 0 0 0 0 0 0 0 0 0 0 0 0 0 0 0 0 0 0 0 0 0 0 0 0 0 0 0 0 0 0 0 0 0 0 0 0 0 0 0 0 0 0 0 0 0 0 0 0 0 
0 0 0 0 0 0 0 0 0 0 0 0 0 0 0 0 0 0 0 0 0 0 0 0 0 0 0 0 0 0 0 0 0 0 0 0 0 0 0 0 0 0 0 0 0 0 0 0 0 0 54 107 107 107 107 107 106 107 108 108 104 102 100 98 97 100 102 104 105 107 109 110 113 113 111 113 114 112 106 102 99 98 100 97 97 95 93 97 102 105 107 109 111 113 117 122 122 119 115 113 110 105 98 90 82 73 67 64 62 63 63 66 71 77 88 104 118 131 143 149 151 152 154 156 155 156 156 156 153 151 151 149 149 149 146 146 150 154 155 153 153 157 155 151 148 145 144 142 139 140 143 139 129 124 124 112 100 95 100 101 96 102 119 127 128 120 98 89 83 73 79 89 77 64 80 95 92 89 99 110 106 91 80 97 83 85 108 120 125 129 132 137 147 151 158 151 149 147 151 145 128 97 61 35 26 31 42 64 83 98 108 114 115 119 120 119 117 110 105 101 98 100 101 99 102 110 112 121 125 124 119 115 116 108 68 41 31 63 124 146 72 44 32 34 51 71 78 55 33 17 12 19 25 26 26 27 28 31 30 28 22 11 13 59 96 102 113 127 136 138 137 136 140 128 139 139 134 133 132 130 120 105 105 109 86 80 78 67 66 75 84 77 82 73 80 91 90 92 99 107 120 125 129 126 133 136 135 132 137 148 157 161 150 140 153 161 157 151 144 136 136 140 110 72 59 44 40 39 48 63 61 52 64 69 117 141 143 139 136 127 102 55 39 49 75 89 86 88 104 109 89 82 100 98 86 61 45 45 65 88 98 123 121 130 143 143 132 120 108 84 78 92 78 69 58 53 61 64 64 82 98 103 103 107 106 99 90 92 93 84 79 84 90 92 83 84 92 94 89 82 81 89 99 104 106 112 117 119 121 125 130 131 133 134 136 136 135 136 138 140 142 148 151 148 144 141 140 139 138 135 130 129 132 135 140 145 147 148 149 148 146 143 140 139 135 132 131 128 126 127 132 137 142 147 148 146 141 138 138 139 142 142 142 142 139 136 133 132 131 131 130 128 118 62 8 0 0 0 0 0 0 0 0 0 0 0 0 0 0 0 0 0 0 0 0 0 0 0 0 0 0 0 0 0 0 0 0 0 0 0 0 0 0 0 0 0 0 0 0 0 0 0 0 0 0 0 0 0 0 0 0 0 0 0 0 0 0 
0 0 0 0 0 0 0 0 0 0 0 0 0 0 0 0 0 0 0 0 0 0 0 0 0 0 0 0 0 0 0 0 0 0 0 0 0 0 0 0 0 0 0 0 0 0 0 0 0 7 105 108 107 107 105 105 105 105 107 108 104 101 100 98 99 101 103 107 109 112 114 115 116 115 112 111 112 110 107 102 98 98 100 101 100 97 94 96 101 107 110 112 114 116 118 121 121 118 113 111 107 104 98 90 81 73 68 67 63 59 62 66 71 81 92 102 113 124 132 144 150 151 151 151 151 151 154 157 154 147 149 150 152 153 150 147 144 147 152 149 147 148 151 152 151 148 145 142 140 137 137 137 131 127 128 124 111 96 100 97 94 99 116 128 128 119 99 84 83 72 77 87 78 76 78 92 97 96 94 111 113 95 75 88 89 81 102 113 121 117 124 136 145 145 150 152 144 140 140 143 129 95 61 36 28 34 42 67 87 103 108 112 113 115 116 115 115 109 104 99 95 98 98 99 102 108 112 127 126 119 115 115 110 84 43 20 13 27 65 59 56 51 40 30 32 49 61 56 41 23 15 19 26 28 27 26 27 30 30 31 28 17 10 35 80 96 96 125 136 134 138 137 139 134 139 142 133 129 129 130 118 107 105 96 80 80 80 59 63 73 77 84 81 75 85 98 107 108 117 120 123 130 134 134 138 137 130 136 149 155 157 152 143 145 156 158 144 146 139 135 144 128 96 66 48 44 54 42 57 52 61 74 87 103 136 150 142 120 121 116 73 41 36 53 87 101 91 101 102 80 68 81 107 114 93 67 51 58 72 88 113 127 128 135 150 148 129 111 86 79 81 78 63 50 45 55 71 61 67 75 87 99 106 107 105 108 105 104 95 84 82 86 92 91 78 83 94 91 86 83 86 94 102 105 105 109 114 119 123 125 128 129 131 134 136 138 139 142 145 149 152 151 147 143 140 140 141 140 137 134 132 131 131 132 135 141 144 146 147 148 147 146 144 145 144 138 134 129 127 127 131 134 143 149 153 153 149 144 139 136 135 134 134 135 134 131 128 128 128 127 126 126 124 125 121 66 11 0 0 0 0 0 0 0 0 0 0 0 0 0 0 0 0 0 0 0 0 0 0 0 0 0 0 0 0 0 0 0 0 0 0 0 0 0 0 0 0 0 0 0 0 0 0 0 0 0 0 0 0 0 0 0 0 0 0 0 0 
0 0 0 0 0 0 0 0 0 0 0 0 0 0 0 0 0 0 0 0 0 0 0 0 0 0 0 0 0 0 0 0 0 0 0 0 0 0 0 0 0 0 0 0 0 0 0 0 0 56 112 108 107 106 104 104 105 104 105 105 103 101 99 97 99 101 104 108 112 116 119 119 120 119 115 111 109 107 105 101 97 97 99 101 102 100 97 97 100 107 113 116 118 121 120 121 121 119 115 111 106 102 97 89 81 74 72 71 68 64 64 64 69 79 91 106 114 121 129 138 147 150 150 148 148 149 151 154 156 155 153 153 157 158 156 151 147 147 148 148 145 143 147 150 153 155 150 144 140 136 130 130 130 128 127 127 121 110 104 103 99 97 110 122 122 115 101 90 90 79 79 90 80 93 83 79 95 102 96 101 116 108 78 85 93 82 92 107 121 120 116 134 143 151 152 156 148 143 143 138 123 95 63 32 27 34 46 69 91 103 107 110 110 109 105 106 108 109 105 99 96 98 97 97 104 108 117 124 122 118 113 114 100 60 28 13 9 11 14 21 41 53 50 39 30 27 35 41 35 25 19 21 26 30 28 27 27 30 33 31 32 26 13 22 56 88 93 115 137 137 138 137 140 139 142 141 131 128 129 128 116 105 110 89 81 80 76 60 59 70 75 89 77 83 90 108 116 117 121 120 127 133 139 138 134 133 140 154 158 159 151 148 150 156 153 149 146 148 145 143 145 110 84 46 49 61 58 47 50 50 66 92 119 132 145 140 123 103 107 109 55 34 41 71 100 103 99 100 90 71 72 97 111 114 87 59 49 66 83 89 109 124 119 136 148 145 129 100 69 70 80 62 45 38 42 54 58 50 53 61 71 94 109 104 106 113 114 108 95 86 88 83 91 85 76 79 89 89 87 86 91 99 101 100 100 104 111 119 123 124 126 127 128 131 134 138 143 147 153 156 153 147 144 142 141 142 142 140 137 137 136 135 134 134 134 135 138 139 142 145 146 147 148 148 148 145 140 137 135 136 139 141 143 147 148 150 147 142 136 130 128 128 129 131 131 130 127 128 128 128 127 126 125 124 123 123 119 65 11 0 0 0 0 0 0 0 0 0 0 0 0 0 0 0 0 0 0 0 0 0 0 0 0 0 0 0 0 0 0 0 0 0 0 0 0 0 0 0 0 0 0 0 0 0 0 0 0 0 0 0 0 0 0 0 0 0 0 
0 0 0 0 0 0 0 0 0 0 0 0 0 0 0 0 0 0 0 0 0 0 0 0 0 0 0 0 0 0 0 0 0 0 0 0 0 0 0 0 0 0 0 0 0 0 0 0 3 105 110 108 106 104 104 103 104 104 103 104 103 101 99 98 100 102 106 109 114 118 120 121 123 122 118 113 109 107 103 102 97 96 98 101 102 101 100 98 101 107 113 117 121 123 123 124 123 121 118 113 108 102 95 89 82 75 74 75 75 71 68 66 68 76 88 102 110 116 125 131 137 143 146 146 147 148 149 151 156 158 157 157 158 158 157 156 153 152 149 149 146 146 147 149 153 155 152 150 143 140 133 124 118 121 118 122 123 119 112 109 105 102 105 117 123 114 102 94 93 88 85 95 85 90 94 81 93 103 96 96 111 106 90 85 92 82 88 94 108 123 121 126 137 149 150 149 148 141 144 139 123 98 64 33 28 35 48 70 93 103 107 107 107 108 107 104 107 106 105 101 97 95 98 101 106 110 122 118 117 111 111 102 76 41 16 10 11 9 8 13 33 55 57 48 37 20 21 29 29 23 21 24 28 31 28 26 27 34 35 35 34 32 21 18 42 82 96 106 129 133 134 138 139 143 144 139 127 128 132 124 114 109 108 90 80 78 67 49 63 71 79 83 84 91 101 120 122 119 115 124 130 138 140 135 130 139 152 153 155 154 149 148 153 156 145 151 154 142 148 144 127 92 61 38 63 73 52 54 57 61 70 97 125 140 150 128 109 96 117 96 54 37 53 86 108 99 94 102 102 97 103 109 116 108 57 30 53 91 100 98 109 117 116 138 148 142 120 82 64 68 66 51 36 29 36 41 37 38 44 59 75 92 103 99 109 121 120 105 90 91 89 83 88 82 68 77 89 91 91 92 95 96 94 95 95 100 111 117 120 121 122 124 125 129 135 141 148 156 158 154 148 146 145 143 144 144 142 141 141 140 139 139 138 137 135 133 134 135 137 139 142 145 148 151 154 153 152 150 147 143 140 137 135 132 137 141 142 138 133 129 128 126 125 127 128 128 127 126 126 128 128 128 126 124 122 122 121 121 120 67 15 0 0 0 0 0 0 0 0 0 0 0 0 0 0 0 0 0 0 0 0 0 0 0 0 0 0 0 0 0 0 0 0 0 0 0 0 0 0 0 0 0 0 0 0 0 0 0 0 0 0 0 0 0 0 0 0 
0 0 0 0 0 0 0 0 0 0 0 0 0 0 0 0 0 0 0 0 0 0 0 0 0 0 0 0 0 0 0 0 0 0 0 0 0 0 0 0 0 0 0 0 0 0 0 0 52 112 110 108 104 102 102 103 104 103 102 103 102 99 97 97 101 105 107 109 115 118 120 121 124 124 120 115 110 107 104 100 95 95 97 101 102 102 100 100 103 107 111 115 121 122 124 124 122 119 117 115 109 103 95 87 79 74 73 77 81 78 73 70 68 72 81 90 99 107 115 123 129 135 140 143 145 148 150 150 153 156 156 156 156 156 155 159 159 156 154 152 147 146 150 151 152 155 152 148 143 141 136 130 120 118 120 119 115 119 118 115 112 108 104 106 118 112 102 99 98 98 87 103 97 90 91 82 90 108 101 84 104 103 90 85 89 84 85 86 94 118 138 131 131 139 144 148 150 145 143 139 121 100 71 34 26 36 53 74 96 105 108 108 108 107 106 106 106 104 101 101 102 96 102 106 106 115 120 116 112 107 107 87 55 24 11 8 7 9 8 13 34 63 60 56 43 25 19 23 24 22 20 28 32 31 30 28 29 33 37 39 36 34 26 15 28 66 97 100 116 131 129 138 138 141 143 138 127 125 129 123 116 111 96 89 80 73 64 55 63 73 82 93 100 103 112 121 124 120 123 135 140 144 141 139 143 147 151 152 151 157 150 152 156 150 149 154 150 144 155 149 121 74 51 63 74 61 49 62 69 85 83 100 124 139 134 118 109 112 126 74 50 50 73 95 110 105 104 116 124 110 101 108 109 75 45 54 79 107 110 113 125 114 126 143 148 134 110 77 66 67 58 45 36 38 35 30 34 41 50 67 84 89 91 102 122 129 118 96 81 95 90 86 87 80 74 82 92 93 93 94 96 90 88 92 97 102 110 116 117 118 119 121 127 133 140 148 158 161 156 148 146 146 146 146 145 143 140 140 140 138 139 139 139 138 137 135 132 131 132 133 140 145 150 154 158 158 158 154 149 141 134 129 127 127 130 135 138 137 133 130 127 126 125 126 127 127 125 124 124 125 126 127 127 126 124 123 121 119 119 119 119 70 18 0 0 0 0 0 0 0 0 0 0 0 0 0 0 0 0 0 0 0 0 0 0 0 0 0 0 0 0 0 0 0 0 0 0 0 0 0 0 0 0 0 0 0 0 0 0 0 0 0 0 0 0 0 0 
0 0 0 0 0 0 0 0 0 0 0 0 0 0 0 0 0 0 0 0 0 0 0 0 0 0 0 0 0 0 0 0 0 0 0 0 0 0 0 0 0 0 0 0 0 0 0 0 101 112 112 109 105 102 102 103 105 103 102 101 100 98 98 99 103 108 109 111 116 118 120 122 125 124 121 116 114 110 104 98 93 94 98 103 105 104 100 101 103 107 110 113 117 120 123 123 121 118 113 109 109 105 96 87 78 73 71 77 82 80 76 72 69 68 72 79 88 97 106 112 119 126 134 139 145 149 151 151 151 152 152 152 153 152 153 156 161 159 159 157 153 148 146 147 150 153 153 149 142 138 135 133 124 120 123 123 111 113 121 115 113 111 112 113 112 121 107 95 105 97 92 99 103 92 87 81 84 89 104 84 88 96 88 83 85 86 87 77 81 106 138 141 133 132 140 145 151 153 148 142 121 100 72 36 28 40 60 79 100 109 110 111 110 106 104 102 104 102 97 98 100 98 103 106 104 115 112 106 94 85 72 56 31 12 8 6 6 8 9 17 46 67 65 63 47 28 21 21 21 18 21 31 38 33 30 30 32 34 37 39 38 36 31 19 18 42 85 100 111 126 130 133 136 137 140 138 124 123 126 124 115 107 93 90 80 72 71 57 70 79 90 103 107 110 124 126 122 127 135 145 149 145 144 146 147 147 153 148 155 159 158 162 158 147 146 151 147 156 158 140 110 77 63 78 78 51 46 67 87 100 99 111 134 128 121 115 121 130 100 63 52 65 92 110 125 108 116 125 121 107 100 101 87 45 51 81 97 100 107 121 127 120 135 151 144 117 93 70 53 50 47 41 38 49 43 30 47 57 64 77 85 85 85 105 132 127 108 86 87 96 94 90 91 89 82 90 96 93 92 94 93 87 86 92 97 103 109 115 116 118 119 122 130 138 147 156 159 156 151 147 146 147 147 147 143 141 138 138 137 135 137 136 136 136 138 136 135 135 136 140 145 149 148 150 150 151 151 149 145 141 135 132 129 127 127 129 132 136 134 130 126 125 124 126 126 126 124 122 122 122 123 126 128 128 127 126 123 121 119 117 116 116 116 73 21 0 0 0 0 0 0 0 0 0 0 0 0 0 0 0 0 0 0 0 0 0 0 0 0 0 0 0 0 0 0 0 0 0 0 0 0 0 0 0 0 0 0 0 0 0 0 0 0 0 0 0 0 
0 0 0 0 0 0 0 0 0 0 0 0 0 0 0 0 0 0 0 0 0 0 0 0 0 0 0 0 0 0 0 0 0 0 0 0 0 0 0 0 0 0 0 0 0 0 0 50 113 113 113 111 107 105 105 106 107 105 103 101 99 95 95 100 105 110 113 114 118 119 119 122 125 124 121 117 115 113 106 98 93 96 98 104 106 105 103 101 103 106 108 110 111 115 120 122 121 117 111 107 107 102 97 88 80 74 72 75 79 81 78 73 70 67 67 72 81 91 99 104 110 117 127 135 142 148 151 152 152 152 150 149 150 149 149 152 156 156 159 160 158 151 147 145 144 147 151 151 144 136 134 136 129 119 119 123 118 111 113 110 113 113 112 120 105 101 107 98 100 102 87 96 95 94 87 85 81 78 105 111 88 90 80 79 80 82 78 80 81 95 126 142 140 135 141 146 147 148 148 147 124 99 68 37 30 43 63 82 101 112 116 115 111 107 105 101 100 98 94 92 97 96 99 99 97 94 90 82 66 44 28 19 14 10 8 5 6 7 7 18 60 65 71 62 44 27 21 20 19 18 22 34 38 35 31 31 33 34 38 43 39 36 37 26 16 26 66 96 110 122 126 131 134 136 137 133 125 121 121 120 113 98 94 95 85 73 63 55 73 84 102 97 103 116 123 119 125 139 145 151 147 148 148 150 155 157 158 151 162 160 160 159 153 150 147 149 152 158 146 134 105 82 73 77 72 58 59 87 89 98 102 120 122 119 119 122 133 127 61 50 59 84 106 127 127 115 120 123 113 104 111 90 67 58 70 86 95 92 101 122 131 130 135 138 119 89 68 52 31 42 42 35 41 57 54 41 59 72 73 78 82 82 95 115 128 116 93 75 93 97 93 95 99 94 90 98 102 94 93 93 88 85 87 94 99 104 109 113 116 117 120 127 136 145 152 154 152 150 147 145 146 147 147 145 142 139 135 133 131 132 132 132 133 136 140 142 144 146 146 146 143 139 135 133 136 139 142 142 140 140 138 135 132 130 128 128 129 130 132 132 128 124 124 126 127 127 127 123 119 119 121 123 126 127 127 128 126 123 121 118 116 115 114 115 116 73 22 0 0 0 0 0 0 0 0 0 0 0 0 0 0 0 0 0 0 0 0 0 0 0 0 0 0 0 0 0 0 0 0 0 0 0 0 0 0 0 0 0 0 0 0 0 0 0 0 0 0 
0 0 0 0 0 0 0 0 0 0 0 0 0 0 0 0 0 0 0 0 0 0 0 0 0 0 0 0 0 0 0 0 0 0 0 0 0 0 0 0 0 0 0 0 0 0 0 103 115 114 113 112 110 107 107 109 109 107 105 102 98 95 94 99 106 113 117 119 119 119 119 121 122 122 120 117 116 114 109 102 98 98 99 103 107 107 105 103 104 105 107 107 110 113 117 120 121 118 110 106 104 102 97 90 81 76 75 76 80 81 78 75 74 70 68 71 78 87 96 103 108 113 121 128 136 145 151 153 156 155 150 149 148 148 146 145 149 154 157 157 157 155 152 146 138 143 144 146 148 144 138 135 131 120 115 117 116 115 110 105 102 108 108 116 110 96 103 105 102 103 87 89 98 92 95 90 90 69 90 113 100 75 65 61 65 81 72 84 89 91 107 133 145 140 146 149 144 142 143 138 126 102 69 32 26 42 67 83 99 115 123 119 116 113 108 106 98 98 97 97 98 96 95 88 82 81 78 67 46 23 8 8 9 6 6 5 6 6 9 17 31 53 74 62 43 25 25 21 19 22 27 36 40 40 35 35 35 36 40 41 39 37 41 32 18 21 51 82 104 119 126 127 134 133 132 132 126 121 118 116 111 103 94 100 86 72 61 63 77 91 98 91 106 116 116 127 134 139 143 145 147 152 151 151 159 162 161 161 162 157 155 148 140 143 150 156 148 145 143 129 100 78 70 81 74 72 64 70 78 93 106 115 116 124 121 134 130 105 76 70 74 99 117 134 115 114 120 117 114 115 109 71 57 77 74 86 99 97 103 122 138 137 129 129 93 67 51 38 33 41 40 34 45 70 59 58 77 84 82 81 85 87 108 116 113 98 82 81 91 95 96 105 111 98 96 100 100 95 91 88 83 82 90 97 99 104 108 112 115 117 122 133 144 147 145 145 144 143 142 142 145 146 146 142 139 135 131 127 127 128 130 131 134 141 146 149 151 146 144 139 135 128 125 123 125 128 131 134 136 137 137 136 133 133 132 130 128 127 130 132 130 126 125 127 128 128 128 125 121 120 119 121 123 124 125 126 125 124 122 120 119 116 115 116 119 120 121 80 26 0 0 0 0 0 0 0 0 0 0 0 0 0 0 0 0 0 0 0 0 0 0 0 0 0 0 0 0 0 0 0 0 0 0 0 0 0 0 0 0 0 0 0 0 0 0 0 0 
0 0 0 0 0 0 0 0 0 0 0 0 0 0 0 0 0 0 0 0 0 0 0 0 0 0 0 0 0 0 0 0 0 0 0 0 0 0 0 0 0 0 0 0 0 0 47 116 114 114 114 113 111 109 109 110 111 110 106 101 99 96 95 98 106 113 118 122 121 120 119 120 120 119 117 115 115 114 110 106 104 103 101 104 106 108 108 106 105 106 108 108 110 113 116 119 121 118 112 106 102 102 97 90 82 78 77 79 83 84 81 76 72 72 73 74 79 87 95 105 111 116 121 125 132 138 144 149 155 156 153 152 151 149 147 147 146 149 153 152 153 156 155 151 145 143 142 142 146 146 141 133 132 130 118 112 114 121 116 107 98 104 110 113 119 110 100 106 105 107 87 78 90 80 79 89 94 79 86 109 109 77 68 63 67 80 72 86 95 90 93 121 141 144 146 150 151 147 147 139 127 102 71 38 28 43 67 82 91 110 124 119 115 111 109 107 101 97 99 99 95 92 89 83 79 77 75 61 33 11 8 8 7 5 5 6 6 7 6 10 19 49 69 62 41 25 25 20 18 21 30 41 46 47 43 40 38 40 43 41 41 42 41 36 24 18 38 67 97 118 126 128 132 131 133 133 128 118 115 112 111 105 96 91 85 77 73 78 90 91 89 99 107 114 121 131 135 142 146 147 149 153 153 155 158 162 164 160 151 153 145 141 143 149 152 151 135 133 139 106 84 70 73 79 72 62 44 77 71 105 121 122 123 130 132 137 127 109 68 71 84 111 123 110 98 110 118 117 123 120 86 60 65 79 78 90 112 103 106 129 131 129 123 110 78 50 40 28 33 46 49 48 63 79 76 86 105 94 93 94 94 97 101 102 99 87 78 90 95 93 102 112 112 100 97 98 95 91 88 86 83 87 93 99 102 106 108 110 112 121 133 141 142 138 135 139 139 138 138 139 141 144 143 141 138 134 130 128 129 131 136 138 143 148 148 145 141 138 134 132 131 128 125 122 121 122 125 128 131 134 135 136 136 134 132 130 131 130 129 131 131 129 128 128 128 130 130 128 125 122 121 121 121 122 122 124 124 124 123 123 121 120 119 120 122 125 125 122 119 79 26 0 0 0 0 0 0 0 0 0 0 0 0 0 0 0 0 0 0 0 0 0 0 0 0 0 0 0 0 0 0 0 0 0 0 0 0 0 0 0 0 0 0 0 0 0 0 
0 0 0 0 0 0 0 0 0 0 0 0 0 0 0 0 0 0 0 0 0 0 0 0 0 0 0 0 0 0 0 0 0 0 0 0 0 0 0 0 0 0 0 0 0 0 97 113 112 112 112 112 112 110 112 112 111 110 106 102 98 96 96 98 103 113 119 123 124 123 122 121 119 118 115 113 113 113 112 111 110 108 105 106 106 107 111 109 108 109 110 111 114 116 118 118 120 118 113 107 103 101 97 91 83 79 78 80 82 86 85 80 76 73 71 74 82 88 98 109 115 120 124 126 130 134 138 143 148 153 155 153 152 150 149 151 146 144 147 147 150 154 154 152 148 147 141 141 141 144 143 137 131 124 117 112 112 121 120 114 105 104 113 113 120 118 104 104 107 105 95 84 88 88 63 86 97 95 94 106 109 86 77 80 71 87 74 66 85 86 84 106 126 141 142 147 154 153 150 144 130 109 75 36 27 37 58 78 88 100 116 117 109 104 103 103 101 99 99 95 90 86 84 80 81 77 69 51 24 7 7 8 7 6 7 7 6 8 8 10 25 60 75 61 34 25 22 20 20 22 31 46 52 55 50 42 40 43 44 43 44 45 43 42 30 18 24 50 89 117 126 123 133 130 131 132 125 118 112 108 109 107 96 92 89 81 77 92 97 91 93 106 109 116 125 132 136 145 150 152 152 158 153 156 158 165 157 151 150 150 139 144 147 150 150 141 135 132 126 103 77 66 82 66 47 57 70 78 71 107 128 120 131 140 134 128 106 69 52 79 96 120 104 77 92 102 113 120 125 113 73 56 65 71 79 101 118 113 116 130 124 123 113 102 69 38 28 23 31 51 63 63 91 91 99 110 106 97 101 110 108 98 83 87 90 83 86 99 98 90 101 113 108 98 96 94 92 90 88 86 85 93 97 100 103 105 107 111 118 130 142 138 130 126 129 132 136 136 138 138 142 143 144 143 140 138 136 137 138 143 148 149 145 142 137 134 131 130 129 129 131 132 131 127 123 121 120 120 124 127 130 132 134 134 134 131 131 132 131 132 132 132 131 130 129 130 131 131 128 124 124 123 122 122 122 123 123 124 123 124 125 125 125 125 126 126 125 120 116 109 102 63 19 0 0 0 0 0 0 0 0 0 0 0 0 0 0 0 0 0 0 0 0 0 0 0 0 0 0 0 0 0 0 0 0 0 0 0 0 0 0 0 0 0 0 0 0 
0 0 0 0 0 0 0 0 0 0 0 0 0 0 0 0 0 0 0 0 0 0 0 0 0 0 0 0 0 0 0 0 0 0 0 0 0 0 0 0 0 0 0 0 0 44 110 109 109 109 109 109 111 110 110 110 109 107 105 100 97 95 95 98 104 113 121 124 125 125 125 124 121 118 116 113 112 112 113 113 114 111 108 107 105 108 111 112 113 112 112 115 118 120 120 119 120 117 113 107 104 100 97 92 86 81 78 77 79 83 85 85 84 80 75 74 77 83 96 109 117 124 126 128 131 133 136 139 144 147 150 151 150 147 148 151 152 151 147 145 146 150 151 151 150 149 147 143 137 139 142 138 133 124 113 108 108 113 120 117 111 109 119 116 116 119 104 98 104 107 101 93 89 97 74 69 89 105 110 109 105 86 78 86 72 83 81 57 77 91 81 96 119 136 140 141 148 151 152 148 134 109 76 41 26 36 55 78 88 94 103 109 106 101 98 100 102 103 102 90 87 87 81 78 78 77 67 44 13 7 7 8 8 7 6 6 6 10 9 8 30 60 67 51 29 22 21 20 22 24 34 46 55 58 54 48 45 44 45 45 46 47 45 43 34 18 17 38 83 109 119 122 127 128 130 132 122 119 112 105 109 106 98 91 87 78 74 107 92 89 96 106 113 123 133 134 139 146 144 146 152 154 155 159 158 162 145 158 153 148 141 140 140 145 140 127 133 121 117 89 84 79 71 50 47 78 72 81 88 116 126 132 139 140 134 120 83 41 75 97 103 92 75 78 104 98 120 122 116 105 88 72 65 71 87 106 124 121 120 125 124 117 109 101 64 29 26 26 36 60 76 87 100 98 110 122 99 103 117 125 116 94 74 77 85 77 94 108 94 84 94 104 101 95 94 93 94 95 92 89 91 95 98 100 105 104 110 121 133 137 133 124 119 121 127 133 135 136 138 140 141 143 145 145 144 145 146 149 150 148 145 140 135 131 128 129 127 128 128 128 130 132 132 132 129 126 120 118 120 122 125 127 130 133 133 132 132 131 132 131 133 134 135 134 131 130 131 131 130 128 126 125 125 123 121 122 124 125 125 127 129 130 129 129 128 126 121 115 106 97 87 78 68 41 13 0 0 0 0 0 0 0 0 0 0 0 0 0 0 0 0 0 0 0 0 0 0 0 0 0 0 0 0 0 0 0 0 0 0 0 0 0 0 0 0 0 0 
0 0 0 0 0 0 0 0 0 0 0 0 0 0 0 0 0 0 0 0 0 0 0 0 0 0 0 0 0 0 0 0 0 0 0 0 0 0 0 0 0 0 0 0 0 88 105 105 105 106 107 107 108 108 108 108 107 106 103 99 95 92 93 96 103 111 120 125 128 128 126 125 124 120 117 114 112 113 113 114 114 112 110 109 109 111 111 113 115 116 116 118 121 124 123 123 121 117 111 105 102 99 97 92 89 84 78 76 78 81 83 84 85 88 86 80 78 81 87 102 114 121 125 128 133 133 135 138 140 142 143 144 146 143 144 147 151 153 151 149 144 142 145 148 149 145 145 145 140 135 132 134 133 123 111 100 105 114 120 123 119 110 116 117 111 115 108 97 93 100 105 104 90 96 87 76 88 104 113 114 114 96 67 90 77 79 84 71 70 90 89 92 114 130 140 140 143 144 143 143 136 115 77 38 26 33 53 74 90 98 101 103 104 101 100 98 97 98 97 89 85 85 78 69 72 74 62 35 10 8 8 8 6 7 6 7 7 8 8 16 38 69 63 36 22 19 20 18 20 28 43 52 60 62 59 53 48 46 48 49 51 51 47 46 39 21 15 34 72 102 114 119 124 125 127 129 125 120 114 102 106 106 94 89 86 87 95 103 89 92 100 114 123 130 129 133 140 143 138 145 145 152 154 154 154 151 151 159 153 152 143 143 145 139 127 121 126 124 116 92 106 77 54 50 59 71 82 104 116 130 138 142 139 136 133 107 69 60 104 107 87 59 75 101 112 114 122 116 105 101 106 81 70 76 96 115 130 126 119 125 125 110 114 89 56 41 44 49 47 68 86 102 95 102 114 111 105 117 130 134 118 90 78 77 76 85 106 115 92 74 93 97 95 93 95 100 103 101 95 94 96 98 100 102 105 112 124 133 140 131 117 113 114 120 126 131 134 135 138 139 141 143 145 148 151 153 153 151 145 138 134 130 127 126 125 127 127 126 127 127 128 130 132 134 135 130 125 121 119 120 121 123 127 128 129 130 130 128 128 129 132 134 136 135 134 132 131 131 131 130 129 127 126 125 125 125 126 128 129 130 131 132 130 128 125 121 114 106 94 83 71 61 52 46 42 28 11 0 0 0 0 0 0 0 0 0 0 0 0 0 0 0 0 0 0 0 0 0 0 0 0 0 0 0 0 0 0 0 0 0 0 0 0 0 0 0 0 
0 0 0 0 0 0 0 0 0 0 0 0 0 0 0 0 0 0 0 0 0 0 0 0 0 0 0 0 0 0 0 0 0 0 0 0 0 0 0 0 0 0 0 0 39 103 103 103 103 103 104 105 105 105 104 104 104 104 100 96 93 91 94 98 103 110 120 127 129 130 127 126 125 122 118 115 111 111 113 113 112 111 111 111 112 113 115 115 115 118 119 120 122 123 124 124 122 118 109 103 99 98 96 93 90 84 79 76 78 80 82 82 85 87 88 88 85 81 86 96 105 113 120 124 130 133 134 137 138 138 137 136 137 140 142 144 146 149 152 149 147 144 142 145 149 149 147 146 145 139 134 129 128 123 114 103 99 110 115 122 126 125 120 118 108 110 115 102 84 93 105 103 99 94 94 77 84 98 103 107 113 104 84 88 96 84 92 79 62 79 98 102 109 114 131 139 138 144 143 140 134 119 87 44 26 29 50 73 89 96 99 105 106 102 97 93 93 92 92 92 88 85 80 74 71 68 57 26 9 7 7 9 9 7 8 8 9 9 7 21 48 65 52 27 18 17 20 17 22 38 52 60 65 67 63 57 52 49 51 54 55 57 54 50 43 22 12 27 61 91 109 119 122 122 123 128 126 122 107 103 111 109 91 87 90 103 113 99 96 93 103 110 120 125 127 140 142 143 144 141 144 147 146 149 147 150 152 155 152 148 150 154 150 138 127 115 138 129 115 106 95 68 51 53 55 68 101 118 127 140 145 140 134 129 126 91 69 91 109 86 57 54 85 105 102 118 118 108 103 108 94 74 80 90 109 133 134 122 120 118 113 107 109 81 56 64 58 57 57 76 100 100 88 101 110 107 119 132 137 131 114 91 78 71 69 94 117 114 87 80 94 98 93 92 99 112 112 105 98 95 95 98 102 105 115 127 137 135 129 117 109 109 114 121 124 129 133 135 136 137 141 145 147 153 158 154 147 141 134 129 127 125 124 124 124 125 126 125 125 126 127 128 129 133 136 133 129 126 123 122 122 123 125 126 126 127 127 127 127 128 130 132 135 134 134 133 133 132 132 132 130 129 128 127 128 129 129 130 131 132 131 130 128 124 119 111 102 92 80 68 57 49 41 38 35 34 33 25 10 0 0 0 0 0 0 0 0 0 0 0 0 0 0 0 0 0 0 0 0 0 0 0 0 0 0 0 0 0 0 0 0 0 0 0 0 0 0 
0 0 0 0 0 0 0 0 0 0 0 0 0 0 0 0 0 0 0 0 0 0 0 0 0 0 0 0 0 0 0 0 0 0 0 0 0 0 0 0 0 0 0 0 84 102 101 103 103 103 104 105 104 103 102 102 100 100 98 94 91 90 94 98 102 112 121 128 131 131 129 127 125 122 121 116 113 112 112 111 110 111 112 112 113 115 117 117 118 119 119 120 121 121 122 123 122 118 109 99 95 95 93 91 88 83 80 78 80 82 83 84 85 88 88 83 79 80 84 90 99 107 115 120 126 129 131 132 135 136 135 131 131 134 139 141 142 145 145 145 145 143 139 141 146 149 147 145 144 145 143 130 120 121 115 106 106 110 110 116 126 131 128 114 101 105 115 110 99 90 100 100 100 94 102 95 86 99 94 98 108 106 89 89 94 94 88 82 65 79 104 111 107 104 120 139 140 146 152 144 135 122 89 45 27 29 47 68 84 90 99 103 110 107 99 91 93 92 92 95 91 86 82 76 72 65 50 24 6 6 6 8 8 8 8 8 9 8 7 17 41 58 36 20 16 18 20 21 31 51 64 64 69 68 63 60 55 51 53 54 57 60 57 51 44 28 17 22 47 84 106 116 118 121 121 128 129 122 103 107 120 112 90 90 100 115 117 106 103 104 121 118 126 136 140 141 139 140 139 144 152 133 142 141 144 146 148 155 147 152 159 153 145 135 132 131 142 121 111 101 80 64 54 48 55 78 109 127 133 144 141 140 136 118 110 93 85 94 97 71 41 70 84 88 94 106 114 112 114 112 69 74 91 104 123 137 130 114 113 103 106 104 92 78 66 62 53 62 69 99 116 97 93 102 112 120 132 139 141 131 112 88 71 66 77 104 122 108 78 83 97 102 98 99 110 119 116 107 98 90 93 98 109 120 131 139 136 125 116 108 106 110 115 120 124 129 132 134 136 139 145 151 153 153 149 143 138 134 131 128 125 124 125 126 126 126 126 125 124 122 124 126 128 131 134 134 133 131 129 125 124 125 125 125 125 125 125 125 126 127 127 129 132 133 133 134 134 133 134 134 132 130 129 129 129 131 132 132 132 130 127 125 121 115 107 98 88 76 65 55 48 43 39 37 35 33 33 33 33 26 11 0 0 0 0 0 0 0 0 0 0 0 0 0 0 0 0 0 0 0 0 0 0 0 0 0 0 0 0 0 0 0 0 0 0 0 0 
0 0 0 0 0 0 0 0 0 0 0 0 0 0 0 0 0 0 0 0 0 0 0 0 0 0 0 0 0 0 0 0 0 0 0 0 0 0 0 0 0 0 0 36 105 102 101 103 105 106 105 105 103 101 101 100 98 97 95 91 90 90 95 100 104 113 122 129 133 132 130 127 126 124 122 118 114 113 112 110 110 111 112 112 114 116 118 120 121 120 119 120 120 121 121 123 121 116 109 100 94 91 90 89 86 83 80 80 84 87 88 87 87 88 88 82 77 72 72 80 88 98 110 117 123 128 128 130 133 131 131 131 130 129 133 137 141 144 141 141 138 137 135 135 139 146 147 143 140 141 142 137 125 118 112 105 103 110 110 112 118 126 133 129 109 96 102 111 108 97 93 100 101 98 105 112 86 97 99 90 103 110 93 90 98 109 90 92 76 84 100 103 105 104 113 133 140 137 146 145 133 121 97 53 24 26 43 64 79 93 101 103 108 106 101 91 93 92 87 90 91 86 82 79 76 68 47 17 7 5 6 6 7 7 6 10 16 15 10 13 22 33 23 14 16 21 20 26 42 59 67 67 69 68 62 61 57 56 58 60 59 59 55 50 48 29 15 19 43 77 100 112 116 119 115 133 132 120 113 115 122 113 97 103 119 121 122 119 122 125 131 132 137 141 144 146 139 132 139 145 138 130 140 133 145 141 147 141 145 150 148 142 138 127 144 139 135 112 96 90 73 63 60 55 61 96 122 132 132 133 134 138 126 96 101 91 88 91 80 55 43 73 75 74 90 97 116 119 116 94 65 79 103 118 132 132 123 110 98 94 95 82 73 69 52 48 61 72 90 112 118 100 106 121 124 131 137 144 142 128 111 85 66 65 84 110 117 102 86 86 99 108 103 108 119 119 112 102 92 89 98 110 126 138 138 129 120 112 107 104 106 113 116 122 125 129 131 135 141 149 155 158 151 144 139 135 134 134 134 133 130 127 128 130 130 128 126 124 123 122 124 126 130 133 133 134 134 133 132 129 127 127 127 127 126 125 125 125 125 126 125 126 127 129 131 133 134 135 135 135 134 132 130 129 130 131 131 130 128 125 122 117 110 103 93 83 73 63 54 48 43 40 39 38 36 35 34 33 33 33 32 26 11 0 0 0 0 0 0 0 0 0 0 0 0 0 0 0 0 0 0 0 0 0 0 0 0 0 0 0 0 0 0 0 0 0 0 
0 0 0 0 0 0 0 0 0 0 0 0 0 0 0 0 0 0 0 0 0 0 0 0 0 0 0 0 0 0 0 0 0 0 0 0 0 0 0 0 0 0 0 84 105 103 103 105 108 109 108 104 102 100 100 98 96 94 92 88 86 89 95 103 108 113 122 128 133 133 131 130 126 126 124 120 117 114 112 110 110 109 111 111 113 115 117 120 121 121 120 120 120 121 122 122 120 117 112 103 96 89 88 87 85 81 79 82 88 92 96 93 93 92 89 85 80 74 70 68 71 82 96 108 117 123 127 130 133 132 128 124 128 131 131 132 135 140 143 142 135 133 132 129 130 136 143 144 138 131 135 139 134 123 114 105 96 103 111 113 114 118 124 125 121 99 92 101 103 100 102 109 102 101 102 111 98 88 113 100 95 102 89 77 89 113 110 99 97 86 103 95 98 103 107 116 136 137 143 147 138 126 104 64 30 25 39 64 78 97 106 109 109 106 101 93 92 91 85 89 84 81 84 79 75 65 40 11 7 5 6 6 8 8 12 26 44 31 13 15 13 17 15 13 16 19 22 31 52 60 64 68 69 67 63 61 61 62 61 61 60 58 55 50 43 28 13 14 32 70 94 109 113 116 120 130 132 123 121 117 126 114 108 117 123 124 130 127 125 132 137 135 135 139 144 145 142 139 140 140 138 141 142 140 140 140 140 131 151 144 134 136 142 147 144 128 120 104 97 101 76 70 75 76 87 117 131 130 129 118 128 134 118 104 103 86 75 93 71 39 49 65 75 89 97 99 114 109 108 82 74 96 121 130 132 129 121 112 89 86 69 54 48 42 40 48 69 80 102 112 110 112 126 132 129 128 136 148 143 127 106 87 75 72 85 110 115 102 92 93 105 108 109 113 116 112 102 92 85 93 110 128 142 142 129 115 112 106 103 103 108 113 118 124 128 132 135 145 153 156 155 149 143 137 134 135 136 138 139 138 135 132 132 131 131 129 127 124 122 123 125 129 131 132 133 135 134 134 133 131 130 130 129 129 128 127 126 125 125 125 125 125 126 126 129 132 134 136 135 136 135 133 130 128 128 128 126 124 121 116 110 103 94 86 78 70 61 54 49 46 44 42 41 38 37 37 36 34 32 34 33 33 31 26 12 0 0 0 0 0 0 0 0 0 0 0 0 0 0 0 0 0 0 0 0 0 0 0 0 0 0 0 0 0 0 0 0 
0 0 0 0 0 0 0 0 0 0 0 0 0 0 0 0 0 0 0 0 0 0 0 0 0 0 0 0 0 0 0 0 0 0 0 0 0 0 0 0 0 0 36 106 104 102 104 105 109 111 109 105 102 100 99 97 94 92 89 86 85 89 97 107 113 118 124 128 133 135 134 132 129 127 124 123 118 115 113 111 109 108 108 109 112 115 116 119 121 121 120 121 122 123 125 124 122 119 114 107 97 89 86 85 84 79 79 82 88 95 99 99 99 97 93 88 85 80 75 69 67 69 81 95 105 111 118 124 132 132 130 126 125 126 127 130 130 129 133 137 138 131 126 124 121 126 133 139 141 138 132 134 136 131 118 107 98 91 96 110 114 112 110 110 125 126 104 95 98 102 113 118 111 97 107 109 109 88 112 119 95 100 94 70 76 109 114 102 98 84 84 92 97 101 111 116 135 143 144 151 143 127 110 72 31 25 36 62 81 97 112 117 116 115 109 105 96 92 92 88 81 77 75 76 72 62 32 11 7 6 6 8 9 13 13 26 30 29 29 19 11 12 13 14 19 20 32 48 58 61 66 71 73 69 64 66 65 65 65 64 62 58 57 54 42 24 13 13 28 60 86 102 111 119 121 129 126 124 122 121 127 120 115 131 123 132 131 130 134 136 136 132 133 143 142 145 140 137 134 137 142 149 142 142 138 138 145 145 139 131 133 135 143 146 129 124 117 111 111 105 83 85 90 92 116 129 134 134 120 106 120 122 107 113 103 80 82 89 67 46 51 58 81 107 91 95 97 95 94 81 90 112 133 134 132 132 125 103 78 66 50 37 28 30 44 60 75 90 103 109 113 125 143 140 134 132 139 146 141 123 101 86 81 82 97 112 112 105 100 105 114 111 113 114 110 105 95 88 92 106 127 145 147 130 119 114 111 108 107 111 113 116 121 126 133 142 150 154 155 149 145 141 138 137 136 136 136 137 139 141 137 134 131 130 129 127 125 121 120 122 126 128 131 132 133 134 134 134 132 132 130 130 130 130 129 129 127 126 126 125 126 124 124 127 129 131 134 136 136 135 134 133 128 125 123 121 118 115 110 104 96 89 79 72 65 59 54 51 49 47 45 44 43 40 40 39 38 36 35 36 35 33 32 32 31 26 12 0 0 0 0 0 0 0 0 0 0 0 0 0 0 0 0 0 0 0 0 0 0 0 0 0 0 0 0 0 0 
0 0 0 0 0 0 0 0 0 0 0 0 0 0 0 0 0 0 0 0 0 0 0 0 0 0 0 0 0 0 0 0 0 0 0 0 0 0 0 0 0 0 82 105 102 102 102 105 109 112 111 107 103 99 97 96 93 90 87 84 81 87 99 110 117 121 126 130 133 137 137 136 133 129 127 124 119 116 115 113 110 107 106 108 112 114 116 118 120 119 118 120 122 125 128 126 123 121 115 107 98 89 86 84 82 79 78 81 86 94 99 102 104 102 96 91 87 82 78 74 70 69 75 83 92 99 105 114 126 129 130 127 127 126 124 124 126 126 128 127 129 130 129 123 119 120 125 131 140 143 135 130 133 135 123 107 98 90 82 98 116 114 113 110 116 125 119 96 98 106 119 126 117 90 82 94 109 89 85 121 101 94 104 79 68 86 111 108 102 89 79 86 88 97 112 122 135 148 144 147 145 129 113 86 45 27 33 57 79 92 108 118 122 122 117 111 101 92 95 95 91 84 79 75 69 56 28 7 6 5 5 4 8 9 8 8 11 11 16 14 10 12 15 19 21 29 47 60 63 65 69 73 74 72 68 70 71 69 68 67 67 63 59 53 40 22 12 12 22 57 77 92 107 119 125 129 120 123 126 126 125 123 126 130 128 134 131 134 136 131 135 134 137 138 138 138 131 133 131 136 144 141 138 134 127 141 152 136 125 138 133 132 139 140 130 126 119 116 121 98 92 94 97 110 126 130 141 123 103 113 120 114 111 110 95 74 86 100 74 55 47 66 94 98 74 81 98 94 79 90 109 125 134 133 134 140 128 85 66 52 41 30 23 28 52 70 82 97 107 116 126 139 147 144 142 140 149 152 132 115 98 87 88 98 113 119 108 103 108 113 116 117 118 113 105 102 95 97 112 128 141 142 132 121 117 115 113 114 115 117 117 119 124 131 143 154 153 147 142 139 138 138 139 138 136 133 132 132 135 136 134 133 128 126 122 123 119 117 118 120 123 126 129 130 132 132 134 133 132 132 131 130 130 131 131 131 129 129 128 128 128 126 126 128 128 131 133 134 136 133 130 127 123 119 116 113 108 104 97 89 82 75 68 64 57 54 54 51 49 48 46 45 45 43 42 41 39 38 37 37 36 34 33 34 32 32 31 27 13 0 0 0 0 0 0 0 0 0 0 0 0 0 0 0 0 0 0 0 0 0 0 0 0 0 0 0 0 
0 0 0 0 0 0 0 0 0 0 0 0 0 0 0 0 0 0 0 0 0 0 0 0 0 0 0 0 0 0 0 0 0 0 0 0 0 0 0 0 0 32 103 102 100 100 101 104 107 111 112 109 104 99 96 96 92 89 85 82 80 87 100 113 121 124 127 132 134 137 138 137 135 131 129 126 120 116 114 115 112 109 107 109 112 115 118 119 118 117 117 119 121 125 128 128 126 122 114 105 96 89 85 82 80 77 77 78 82 89 95 101 105 106 102 96 90 85 81 76 72 71 72 78 85 92 97 104 114 123 126 127 127 126 123 123 124 123 124 124 126 125 125 125 123 121 120 125 128 133 136 131 130 134 127 111 101 95 87 85 94 110 117 117 111 118 120 109 103 114 126 124 116 89 72 78 101 99 87 113 118 94 113 101 70 70 96 114 107 95 81 79 77 86 109 122 136 146 150 150 148 141 126 107 60 30 30 50 76 87 96 111 119 121 122 116 108 101 97 94 94 92 81 79 70 53 25 8 5 5 6 5 5 6 5 6 6 6 7 8 10 14 24 30 39 51 58 61 65 67 72 74 76 70 69 72 73 71 72 74 74 69 64 54 38 22 13 11 19 46 71 90 107 117 130 127 119 121 125 127 129 129 138 135 136 133 133 134 134 131 139 136 136 129 130 134 133 136 137 140 136 134 131 128 136 141 137 134 140 144 133 139 146 144 136 126 122 130 127 106 98 99 105 118 129 140 133 118 118 124 119 105 115 99 78 76 97 106 79 58 56 87 106 85 76 89 92 75 71 100 128 129 130 136 145 140 108 70 56 45 34 21 24 40 63 80 91 103 115 124 137 144 142 143 144 147 148 138 116 104 96 87 94 108 118 114 104 103 113 117 118 123 120 111 105 105 108 118 133 146 141 133 124 118 117 119 120 121 122 123 123 126 136 147 150 149 141 136 134 133 135 136 137 135 132 130 129 128 129 129 130 129 126 123 121 120 118 116 116 119 120 123 126 128 130 132 133 132 132 130 131 131 132 132 132 132 132 132 130 131 130 130 129 128 129 130 130 130 131 130 126 121 116 110 105 101 97 92 84 77 72 67 62 59 56 55 54 52 51 50 48 48 46 45 43 42 41 41 39 38 37 37 36 34 33 32 31 30 31 28 14 1 0 0 0 0 0 0 0 0 0 0 0 0 0 0 0 0 0 0 0 0 0 0 0 0 0 
0 0 0 0 0 0 0 0 0 0 0 0 0 0 0 0 0 0 0 0 0 0 0 0 0 0 0 0 0 0 0 0 0 0 0 0 0 0 0 0 0 76 101 99 98 98 100 103 107 110 112 108 104 99 96 94 92 90 87 83 82 87 100 114 122 126 128 132 134 136 137 139 137 134 131 127 122 116 114 115 114 112 110 111 114 116 118 119 118 117 117 117 119 123 126 128 129 124 114 104 94 87 83 79 78 78 78 78 77 83 91 98 103 106 106 101 96 90 85 80 74 68 67 70 77 86 92 100 110 119 122 126 129 128 125 124 122 118 120 125 128 126 123 122 122 122 121 122 127 130 133 133 128 126 127 119 103 99 91 90 89 101 111 120 121 110 116 108 110 112 124 121 109 98 87 79 95 104 94 105 118 103 106 113 87 76 85 119 116 96 78 76 75 76 86 106 133 144 151 152 152 149 138 121 83 40 25 44 70 86 95 104 116 122 121 116 113 108 101 96 94 89 84 79 70 54 26 8 5 4 3 4 5 6 5 5 7 5 7 7 8 14 22 40 63 70 68 63 66 69 75 77 73 69 68 72 75 73 81 81 78 71 63 51 36 19 10 11 15 37 68 89 104 114 124 128 124 118 123 131 135 137 141 139 138 128 132 128 134 137 136 131 130 131 130 135 131 145 139 129 129 128 125 131 141 137 147 147 138 131 133 143 143 136 129 118 123 138 131 119 108 106 114 123 134 146 110 118 121 125 120 113 104 77 59 70 118 105 73 61 76 98 110 93 89 101 76 61 90 123 130 124 127 138 143 130 89 64 66 49 31 26 37 59 78 87 105 115 124 129 136 141 142 142 140 147 135 119 110 103 97 96 104 114 119 109 99 106 113 115 119 125 121 110 105 114 125 140 143 138 131 126 118 115 117 124 126 127 129 131 134 141 149 151 142 135 133 132 134 136 136 135 135 132 131 129 127 127 126 127 129 128 127 124 121 120 119 117 117 118 119 122 124 126 128 130 131 132 131 131 130 129 131 132 133 132 132 133 133 133 133 132 132 131 130 128 126 124 122 122 119 113 106 99 95 89 85 80 75 71 67 64 60 58 58 57 56 54 54 53 51 50 49 48 46 45 44 43 42 40 40 38 37 35 33 33 33 32 31 32 31 28 15 1 0 0 0 0 0 0 0 0 0 0 0 0 0 0 0 0 0 0 0 0 0 0 0 
0 0 0 0 0 0 0 0 0 0 0 0 0 0 0 0 0 0 0 0 0 0 0 0 0 0 0 0 0 0 0 0 0 0 0 0 0 0 0 0 27 97 97 95 96 96 98 101 105 108 109 107 103 98 96 94 92 90 88 86 85 88 100 113 123 126 130 133 134 136 137 138 138 136 134 130 124 119 117 117 117 115 113 113 115 117 119 119 118 118 119 119 119 119 120 124 126 125 117 105 96 88 83 80 76 78 79 78 77 82 90 99 104 107 107 104 101 96 94 89 81 74 67 63 70 75 85 98 109 114 117 123 128 125 122 121 122 118 116 118 126 131 124 117 118 117 118 117 117 124 130 133 131 125 125 122 106 91 90 104 99 90 96 114 122 111 109 110 116 115 117 119 109 100 97 83 85 100 106 99 112 108 106 115 115 103 87 95 113 110 82 62 66 76 66 84 122 142 148 154 154 151 142 129 102 59 30 32 58 83 94 101 111 120 126 120 112 107 102 96 93 90 85 83 73 54 26 7 4 5 4 5 5 5 7 6 6 5 6 7 9 17 32 47 65 74 75 69 69 74 81 77 69 68 72 75 78 80 85 82 78 69 62 46 31 18 11 11 14 32 67 88 102 114 124 128 124 122 129 135 138 140 142 138 130 126 130 132 137 137 132 128 136 136 134 133 137 140 124 120 127 121 133 135 142 147 143 130 118 135 150 146 128 126 123 125 131 133 123 122 115 122 125 135 139 129 114 120 126 130 117 110 87 59 75 108 122 96 53 55 76 95 105 103 93 87 77 81 109 134 122 115 135 143 135 110 82 72 82 44 34 33 55 78 90 102 119 126 128 136 138 145 148 142 141 136 124 115 114 108 98 102 107 112 113 105 104 108 115 115 125 127 116 109 115 130 142 149 139 129 124 119 115 117 124 130 131 131 134 143 150 151 146 138 131 130 131 132 134 136 135 134 133 133 131 131 129 129 128 129 129 129 129 127 123 120 119 117 117 116 117 121 123 125 126 128 129 132 131 131 130 129 130 131 132 131 133 133 135 136 135 134 132 129 127 123 119 116 113 112 109 104 96 89 84 80 76 73 71 70 66 63 62 61 59 58 57 56 55 54 53 52 51 50 49 47 46 46 45 42 41 40 38 38 37 35 36 34 33 32 33 32 31 28 15 2 0 0 0 0 0 0 0 0 0 0 0 0 0 0 0 0 0 0 0 0 0 
0 0 0 0 0 0 0 0 0 0 0 0 0 0 0 0 0 0 0 0 0 0 0 0 0 0 0 0 0 0 0 0 0 0 0 0 0 0 0 0 67 93 92 91 92 93 93 97 101 105 106 106 103 97 94 94 94 94 89 89 88 92 101 111 120 126 131 134 136 136 137 138 138 137 134 130 125 124 119 119 118 117 116 115 116 117 120 119 118 120 120 121 120 119 118 120 125 126 117 107 97 90 87 83 80 81 80 79 79 83 91 100 106 110 111 107 104 101 99 96 90 83 76 73 71 71 78 87 100 108 113 116 118 120 120 118 117 114 113 115 118 120 123 122 118 114 113 110 111 118 127 129 127 124 120 119 110 90 84 90 99 91 90 106 116 117 99 110 111 113 105 106 110 97 96 76 73 81 97 92 98 109 112 112 113 120 104 87 88 97 88 65 62 70 68 72 97 135 142 151 155 151 142 128 111 71 39 27 48 76 93 101 106 113 123 122 114 107 103 95 89 85 80 75 70 54 26 8 5 6 5 6 7 6 6 6 5 4 8 14 24 34 43 50 63 68 67 67 72 77 78 73 70 76 83 85 81 84 85 82 74 65 55 41 29 15 9 10 15 34 62 83 99 114 128 129 124 129 131 136 139 141 143 136 124 131 138 134 136 137 136 136 136 132 127 135 134 125 124 125 127 130 140 135 147 138 125 123 134 148 152 144 132 132 128 140 133 115 121 122 122 130 135 138 131 112 118 120 125 124 110 96 78 55 107 128 114 76 49 56 76 95 111 106 76 80 86 101 123 126 118 122 144 146 127 96 85 85 64 42 38 46 70 95 97 114 128 123 127 135 143 150 150 138 133 117 113 115 117 108 101 103 107 113 112 112 114 117 121 124 127 126 117 114 130 145 146 139 128 119 115 111 115 124 130 133 136 142 149 153 151 142 133 128 127 132 134 134 135 136 135 134 135 135 135 133 132 130 129 128 128 128 129 128 123 119 116 114 113 114 116 119 122 124 126 127 128 130 131 132 131 130 130 129 130 131 131 132 133 134 133 132 129 125 122 116 110 105 102 100 98 95 88 83 78 76 73 71 70 69 67 67 63 63 62 59 58 58 57 56 55 54 53 52 50 49 48 47 46 45 43 42 40 40 39 38 37 36 34 33 33 33 32 30 31 30 16 3 0 0 0 0 0 0 0 0 0 0 0 0 0 0 0 0 0 0 0 
0 0 0 0 0 0 0 0 0 0 0 0 0 0 0 0 0 0 0 0 0 0 0 0 0 0 0 0 0 0 0 0 0 0 0 0 0 0 0 23 93 90 88 87 88 88 90 94 98 101 103 105 101 96 93 93 95 95 91 91 92 94 102 112 119 128 133 136 137 138 137 139 138 137 133 130 127 124 121 119 119 118 118 117 118 120 121 120 119 120 122 123 121 118 117 119 124 125 119 110 99 91 86 84 84 82 81 81 83 87 92 102 109 112 114 111 107 104 102 99 94 87 85 83 79 76 74 74 84 91 100 110 112 113 115 112 109 107 107 108 111 114 118 123 123 119 114 108 107 111 117 122 121 119 120 117 109 93 81 80 95 94 88 99 119 122 108 110 115 106 99 92 119 108 99 84 66 70 86 94 80 98 107 107 86 104 128 105 71 72 90 75 70 82 84 83 89 122 146 150 153 152 142 131 115 90 54 28 40 70 90 99 103 108 114 120 120 112 107 99 90 83 78 75 70 56 32 10 5 6 6 6 4 6 5 7 10 17 24 34 39 45 49 52 56 58 58 61 69 77 76 72 75 82 86 84 82 80 82 78 72 62 50 38 25 13 10 11 16 32 57 76 97 114 125 127 125 130 132 137 137 140 141 132 126 135 137 126 135 133 142 141 133 129 129 132 127 126 125 129 138 143 137 128 132 129 130 137 138 147 153 146 143 137 140 138 118 98 130 125 133 137 141 130 109 100 111 112 113 116 100 94 78 89 116 119 106 87 62 74 85 105 109 90 77 85 93 111 137 119 120 138 142 133 113 98 99 89 42 44 49 63 84 93 102 121 133 121 130 143 150 149 139 127 114 102 103 110 111 100 100 104 108 115 119 122 125 128 125 122 125 125 125 132 140 141 137 135 120 111 107 112 121 130 134 139 146 156 156 146 136 129 128 129 131 133 135 137 136 136 136 136 137 138 137 135 133 132 130 128 126 125 126 124 120 116 112 109 108 110 113 117 121 124 125 127 128 129 132 132 132 130 129 127 127 128 128 128 129 129 129 127 124 119 113 106 100 94 91 89 88 86 83 80 76 74 72 71 71 70 69 67 66 64 63 61 62 61 60 58 57 56 54 54 53 52 50 49 48 47 47 45 43 42 41 40 39 37 37 35 35 34 32 32 31 31 31 30 17 3 0 0 0 0 0 0 0 0 0 0 0 0 0 0 0 0 0 
0 0 0 0 0 0 0 0 0 0 0 0 0 0 0 0 0 0 0 0 0 0 0 0 0 0 0 0 0 0 0 0 0 0 0 0 0 0 0 67 90 87 84 84 86 86 88 91 94 99 102 102 99 94 91 90 96 96 93 92 96 99 105 114 121 128 134 139 140 139 138 138 138 137 134 132 128 126 123 121 120 118 118 119 120 123 123 122 120 121 122 123 122 120 118 118 122 122 119 112 102 93 86 82 82 83 83 83 87 90 94 101 109 115 115 115 112 109 105 100 95 90 85 84 82 79 79 79 78 82 91 96 101 105 108 104 102 102 101 102 106 111 110 111 120 126 118 117 114 112 112 115 120 116 114 111 103 89 79 81 94 105 93 88 110 121 111 102 111 99 84 91 106 103 97 102 73 70 82 91 88 86 92 105 83 79 110 116 94 83 88 87 78 73 94 85 81 105 137 147 151 151 148 137 123 106 72 41 35 52 80 100 105 109 106 110 119 115 112 104 96 87 80 75 72 63 40 16 10 8 8 9 11 15 17 23 32 40 45 46 45 46 51 48 53 59 62 62 66 73 73 75 78 83 84 85 82 80 81 81 73 63 48 35 23 11 11 13 16 30 50 70 96 115 122 121 125 127 131 135 137 140 140 132 131 136 128 131 138 138 141 138 130 126 124 132 129 127 131 138 146 142 127 113 127 139 135 127 139 151 150 137 141 140 142 112 107 117 134 136 141 142 139 109 91 99 102 103 105 107 101 97 85 113 109 109 110 95 86 92 100 115 98 73 88 97 112 131 136 125 131 143 131 119 99 111 106 73 46 50 62 74 90 89 110 126 130 131 141 149 152 144 132 131 109 95 99 101 97 93 101 108 108 121 127 127 125 125 123 121 128 129 140 141 135 136 140 136 120 107 106 117 127 136 142 151 154 151 143 130 125 125 129 132 133 133 135 138 138 138 138 138 139 140 138 137 135 132 129 126 122 122 122 120 117 113 108 104 104 106 110 116 120 124 126 127 128 129 132 132 132 129 128 126 124 122 122 121 122 122 123 119 116 110 104 97 91 87 84 82 81 80 80 78 76 74 71 71 71 70 70 68 68 66 64 63 64 64 62 60 59 59 57 56 56 55 54 51 49 49 48 48 46 44 43 42 41 39 38 37 37 34 35 33 32 31 31 31 30 30 16 4 0 0 0 0 0 0 0 0 0 0 0 0 0 0 0 
0 0 0 0 0 0 0 0 0 0 0 0 0 0 0 0 0 0 0 0 0 0 0 0 0 0 0 0 0 0 0 0 0 0 0 0 0 0 24 94 90 85 83 83 83 85 87 89 92 97 101 101 98 93 88 87 92 95 95 94 97 102 108 114 123 130 136 140 140 141 141 139 139 139 136 133 129 127 125 123 122 119 118 118 121 125 127 125 123 122 122 122 120 120 120 120 120 120 120 115 106 95 84 78 78 81 83 85 88 91 92 97 105 112 113 114 114 113 109 102 98 94 91 84 77 75 75 75 77 87 91 91 93 95 97 97 95 97 98 97 100 104 103 102 107 115 118 120 119 112 110 109 115 118 113 103 91 83 75 76 88 101 94 94 103 114 113 96 102 102 88 100 123 111 89 97 87 81 86 92 102 93 86 100 101 75 71 99 118 103 90 86 85 76 94 96 81 86 120 142 153 150 144 137 124 112 91 59 34 35 63 88 100 102 102 105 114 115 113 106 99 90 83 75 68 60 51 40 29 24 26 27 35 41 47 45 45 48 49 49 49 50 52 55 59 63 66 67 69 74 78 79 83 83 84 86 82 79 82 80 72 61 47 31 19 11 10 13 14 26 51 76 99 115 119 119 126 127 132 134 139 139 137 137 136 137 136 141 140 135 137 130 127 129 133 132 122 126 131 142 145 134 122 122 135 141 130 136 154 147 143 136 140 138 126 100 115 134 146 146 150 147 132 109 95 96 96 97 96 102 98 96 102 106 104 116 109 82 91 100 116 107 84 84 104 117 136 148 134 136 139 126 110 101 99 112 100 50 47 58 68 81 89 99 119 129 131 138 152 152 148 146 142 134 111 98 103 95 88 90 100 100 104 117 124 120 116 126 131 138 142 145 139 132 131 140 144 136 120 106 108 123 136 147 153 156 148 138 128 125 126 128 131 133 133 134 137 137 137 137 137 138 137 137 136 136 134 131 126 123 121 120 118 117 114 110 106 103 101 103 108 113 119 124 126 128 128 129 132 131 130 128 125 122 121 117 114 113 113 113 112 109 105 101 94 90 85 83 81 79 79 78 78 78 77 75 73 73 72 71 69 69 69 68 66 64 65 64 63 62 61 60 59 57 57 57 55 52 52 51 51 50 48 47 45 44 42 41 40 39 38 37 37 36 34 32 32 32 31 31 29 29 17 4 0 0 0 0 0 0 0 0 0 0 0 0 0 
0 0 0 0 0 0 0 0 0 0 0 0 0 0 0 0 0 0 0 0 0 0 0 0 0 0 0 0 0 0 0 0 0 0 0 0 0 0 68 97 93 87 85 82 80 85 88 89 90 94 98 99 97 94 88 85 88 94 99 99 101 106 111 116 125 130 136 141 141 141 140 140 140 141 139 135 131 129 126 125 124 123 120 116 120 125 128 128 127 125 123 121 118 119 119 121 119 119 118 115 108 98 86 78 75 78 82 85 89 89 92 97 102 109 110 114 116 115 113 110 105 100 96 89 81 75 66 65 71 84 92 95 92 88 90 94 94 92 91 94 99 98 95 95 93 95 106 118 117 112 109 108 111 115 116 103 82 75 73 75 81 89 96 101 106 109 110 104 104 102 98 109 129 127 106 107 95 87 95 99 105 100 84 91 103 93 77 81 105 111 92 77 83 68 81 100 85 74 96 127 143 152 146 140 134 123 114 82 44 32 50 75 90 98 107 113 115 118 117 110 99 89 79 74 65 59 54 51 47 43 43 45 49 53 55 54 51 50 51 53 54 52 59 60 67 66 68 70 72 76 79 80 81 83 84 84 82 79 78 76 70 59 43 26 14 9 11 14 16 30 55 80 101 113 118 118 127 132 132 133 139 136 135 143 140 139 142 140 137 132 131 130 129 135 133 117 123 133 136 141 145 131 121 126 140 138 143 148 148 140 139 130 145 129 124 119 129 145 154 153 156 141 129 116 112 108 100 92 92 97 98 93 102 98 118 121 100 89 96 101 114 87 75 96 109 130 149 154 147 145 133 100 90 98 117 114 84 58 56 59 72 90 87 110 127 132 139 148 155 149 141 152 146 126 112 113 109 94 86 83 93 83 91 110 119 114 118 133 143 151 151 138 122 123 138 145 141 131 118 108 114 138 152 154 148 140 132 125 120 125 129 131 133 133 135 135 135 136 135 134 133 132 132 131 131 131 128 125 121 120 118 115 114 114 113 110 106 103 100 102 107 112 117 123 126 128 129 129 130 129 128 123 121 117 114 111 108 107 105 104 103 101 97 93 89 86 83 80 78 80 78 77 78 79 78 77 75 74 73 72 70 69 69 69 67 66 66 66 65 64 63 62 60 59 58 58 57 55 54 54 53 51 50 49 47 46 45 44 42 41 41 39 38 38 36 35 34 33 33 31 29 29 28 28 18 5 0 0 0 0 0 0 0 0 0 0 0 
0 0 0 0 0 0 0 0 0 0 0 0 0 0 0 0 0 0 0 0 0 0 0 0 0 0 0 0 0 0 0 0 0 0 0 0 0 21 97 100 96 91 89 87 87 87 88 89 91 95 96 97 97 94 90 85 86 91 99 104 106 109 114 119 124 131 136 140 141 141 140 139 140 141 140 138 134 131 127 126 128 127 124 121 120 122 127 129 131 128 125 122 120 119 120 121 119 117 116 114 109 102 91 81 75 76 80 84 91 91 97 103 105 108 110 113 115 116 116 115 111 108 102 94 85 79 72 65 60 71 85 87 86 86 88 95 93 90 88 90 95 95 91 90 89 88 88 99 109 112 108 105 107 106 108 110 98 75 53 71 81 83 94 107 112 107 108 97 103 113 103 113 128 127 115 111 116 99 99 104 109 100 88 89 97 91 82 84 89 109 90 70 71 77 68 85 93 74 75 106 130 148 148 142 138 132 124 104 62 33 41 63 80 95 107 112 112 116 121 116 105 91 81 76 72 65 54 50 50 47 47 49 52 53 53 53 52 55 57 59 62 60 63 66 68 68 73 74 76 72 79 81 81 82 83 86 87 84 76 74 66 53 37 23 12 8 12 14 18 37 63 84 100 114 119 118 129 130 131 138 139 138 139 141 137 140 147 136 137 135 133 134 131 130 126 127 136 141 132 134 126 117 114 125 138 145 148 139 139 136 127 134 141 130 132 122 143 155 153 149 137 132 133 124 117 109 109 89 98 100 94 89 94 105 123 120 101 108 98 101 92 76 80 103 116 141 155 158 155 144 120 99 99 113 133 114 81 76 68 70 76 82 96 118 130 134 149 156 155 143 143 148 136 120 113 127 112 93 83 83 78 71 84 111 122 110 128 145 149 144 135 123 118 131 145 141 133 128 119 120 135 150 149 137 128 124 120 117 121 126 131 133 133 134 136 137 136 135 132 130 128 126 124 124 125 123 120 117 115 114 112 110 109 110 110 108 104 102 101 102 105 110 116 121 126 128 130 130 129 127 124 119 115 110 108 105 101 99 98 98 97 95 92 87 84 83 81 80 79 79 78 78 78 78 78 77 75 73 73 73 72 71 70 69 69 68 67 66 66 65 64 64 62 60 59 58 58 58 58 56 55 53 52 51 49 49 47 46 44 44 44 42 40 38 37 37 36 35 34 34 32 31 30 31 30 30 18 5 0 0 0 0 0 0 0 0 0 
0 0 0 0 0 0 0 0 0 0 0 0 0 0 0 0 0 0 0 0 0 0 0 0 0 0 0 0 0 0 0 0 0 0 0 0 0 63 95 97 97 95 92 92 91 90 92 91 92 94 95 96 97 96 93 89 87 89 98 107 111 113 117 122 125 133 138 140 141 141 141 140 140 141 142 139 137 134 130 128 128 128 126 123 121 122 124 128 130 129 126 122 120 119 119 120 120 117 114 112 108 102 94 82 74 74 79 84 91 96 101 109 115 114 114 114 115 115 116 118 115 113 107 100 91 83 74 70 69 68 71 74 73 73 80 86 87 87 87 89 90 91 95 89 87 88 88 89 94 100 105 101 101 106 101 105 102 85 70 72 82 82 82 100 117 119 112 104 102 112 110 108 121 118 101 106 126 118 101 101 113 109 89 101 105 93 96 98 83 88 90 74 72 97 91 93 109 99 79 93 117 135 146 139 135 135 132 118 87 48 31 45 72 88 100 107 108 112 119 120 111 99 89 80 72 69 64 56 53 53 52 52 56 53 53 52 55 59 62 63 68 65 65 67 68 70 76 78 79 82 87 88 86 85 89 92 91 84 78 70 60 45 30 17 11 12 13 14 21 42 68 95 107 117 117 126 133 134 136 143 139 139 139 141 136 140 142 139 143 140 134 133 133 132 128 132 131 127 126 127 108 112 99 115 134 143 134 129 127 120 118 143 142 136 136 140 146 150 146 134 122 130 132 119 113 114 108 98 106 105 88 73 94 114 125 121 115 112 100 102 84 71 89 112 124 140 154 159 157 141 123 117 113 122 123 99 79 78 76 78 75 83 107 124 132 140 153 157 149 141 147 140 128 121 122 121 102 85 80 81 62 65 91 111 119 125 140 148 141 125 121 118 128 138 138 131 128 130 129 141 153 142 123 116 113 115 115 116 122 130 131 133 134 136 137 136 133 130 128 126 125 121 119 119 119 117 114 111 111 110 109 107 107 107 107 108 106 103 102 103 105 109 115 121 125 127 129 129 127 125 120 114 108 103 101 99 97 96 94 94 92 91 89 86 84 82 82 82 80 79 78 79 78 78 78 78 76 74 75 74 73 72 71 70 69 69 69 67 67 67 65 63 63 62 62 61 59 59 58 58 56 55 54 53 52 51 50 49 46 46 45 44 42 40 39 39 37 36 36 36 34 33 32 32 31 30 29 29 19 6 0 0 0 0 0 0 0 
0 0 0 0 0 0 0 0 0 0 0 0 0 0 0 0 0 0 0 0 0 0 0 0 0 0 0 0 0 0 0 0 0 0 0 0 17 91 92 93 94 93 91 90 89 89 90 91 94 96 98 98 98 99 97 93 90 88 97 107 112 114 118 124 130 135 139 141 141 142 142 141 140 139 140 141 138 135 131 129 128 128 126 125 123 122 121 123 126 128 126 124 121 119 117 118 118 116 114 111 108 103 97 87 78 75 78 85 90 95 102 109 116 119 121 119 117 115 117 119 118 116 111 106 98 88 79 73 68 70 74 73 69 68 69 73 76 81 83 84 81 84 89 89 86 86 84 85 85 88 96 100 95 93 95 95 96 87 77 76 86 91 83 84 96 110 112 99 99 106 113 103 103 114 111 102 107 127 122 97 99 111 98 102 114 110 100 114 87 86 94 88 82 100 110 102 110 111 87 98 110 126 145 148 140 137 137 134 111 71 38 34 52 73 92 104 104 111 117 120 115 108 99 88 80 75 68 62 60 61 59 59 60 60 59 58 60 63 64 66 69 68 68 71 71 73 75 78 81 85 91 93 92 91 96 95 90 80 71 60 49 36 23 13 11 15 15 16 24 42 75 102 114 120 122 135 136 136 139 141 140 139 140 144 139 140 142 147 136 134 132 133 133 133 134 132 115 123 128 130 113 101 97 121 138 136 127 126 111 115 129 143 143 137 147 145 141 151 135 129 129 131 126 109 117 120 93 98 97 98 95 92 103 121 128 129 127 115 112 100 83 85 105 123 133 150 160 163 154 144 135 128 118 119 113 80 82 78 79 75 73 87 111 127 141 152 156 154 144 138 135 134 130 132 132 121 99 84 78 70 64 75 98 114 126 138 138 132 119 112 113 118 129 135 131 128 134 143 146 148 139 123 111 112 110 113 112 116 123 129 134 137 136 136 135 133 130 129 127 125 123 121 119 118 116 116 113 110 110 110 110 109 109 107 108 108 106 104 104 104 105 110 116 121 124 127 127 125 123 120 114 108 102 98 96 95 95 95 95 94 91 89 88 86 83 83 83 82 82 81 80 80 78 78 78 78 77 76 75 74 73 72 72 71 71 71 69 68 68 67 67 65 65 63 63 63 62 60 60 59 57 58 56 56 54 52 52 51 49 48 46 45 45 44 43 41 39 38 38 37 37 35 33 34 32 32 30 30 30 29 20 7 0 0 0 0 0 
0 0 0 0 0 0 0 0 0 0 0 0 0 0 0 0 0 0 0 0 0 0 0 0 0 0 0 0 0 0 0 0 0 0 0 0 56 89 90 91 92 91 87 87 87 84 84 85 88 94 98 99 100 101 102 100 97 94 98 106 112 114 118 123 130 136 140 142 142 143 143 142 140 141 140 141 139 137 133 130 128 127 126 126 124 120 118 119 122 125 126 126 124 120 119 117 116 114 112 110 108 105 99 91 84 80 79 83 89 94 100 105 112 118 120 121 121 119 119 121 120 118 115 111 104 93 84 76 70 70 76 78 74 70 64 62 68 75 77 75 72 72 74 83 86 86 82 80 80 81 84 92 94 91 89 86 85 78 73 68 72 89 106 88 78 98 118 109 95 98 110 114 98 106 116 112 110 122 124 104 92 107 97 86 107 115 103 101 101 87 86 109 101 94 102 105 114 116 101 93 105 116 135 152 151 148 141 136 121 86 46 27 34 57 77 93 100 105 110 115 116 113 108 103 96 86 76 70 68 67 66 65 66 64 63 64 65 65 67 70 73 74 76 76 77 78 79 82 83 92 95 94 98 100 98 95 86 74 64 49 37 27 17 12 13 15 16 18 27 48 81 105 114 124 131 135 136 136 136 140 142 141 145 145 144 147 147 144 128 132 135 136 132 134 127 116 111 128 132 132 108 107 113 127 129 131 131 123 104 123 143 135 138 145 148 144 148 152 127 135 134 141 112 109 119 111 89 97 94 97 105 104 101 115 127 134 131 124 122 95 83 106 117 133 147 156 161 159 144 138 140 128 121 113 101 86 80 70 76 78 81 100 114 132 149 156 157 154 140 134 134 138 141 143 134 118 99 85 75 70 77 88 109 126 132 133 124 114 99 108 111 118 122 129 134 140 146 152 144 140 128 119 116 113 112 111 113 118 121 130 137 139 137 135 133 130 128 128 126 124 124 122 120 120 119 118 115 113 113 114 114 113 112 111 109 108 107 105 104 105 106 110 116 121 124 126 125 122 119 115 108 103 99 96 95 95 95 96 96 94 92 89 87 86 84 83 83 83 83 82 81 79 79 78 78 79 77 76 76 76 75 73 72 73 73 71 71 70 69 69 68 67 66 66 65 63 63 62 61 60 60 59 58 57 56 55 53 52 52 50 49 48 47 47 44 43 42 41 39 38 38 37 36 36 34 33 33 32 31 30 29 29 20 8 0 0 0 
0 0 0 0 0 0 0 0 0 0 0 0 0 0 0 0 0 0 0 0 0 0 0 0 0 0 0 0 0 0 0 0 0 0 0 15 84 86 87 89 89 89 87 85 84 82 81 77 80 87 92 94 94 98 104 106 105 103 104 108 114 115 118 120 127 135 140 143 146 144 144 142 141 141 141 143 141 137 134 131 130 127 126 125 123 120 118 118 120 122 126 128 126 122 120 117 115 112 112 110 108 104 99 93 89 85 81 83 88 92 97 102 108 115 119 121 124 123 123 124 124 123 120 116 109 101 92 84 77 71 71 76 79 75 70 65 65 71 74 75 74 67 66 71 77 85 84 75 70 75 77 80 86 88 86 81 84 82 70 62 61 69 90 99 85 89 122 123 101 100 112 119 105 92 111 114 110 119 124 118 104 96 87 75 93 112 111 88 102 105 84 87 106 100 90 98 102 114 109 94 99 112 123 144 151 151 145 133 120 96 63 37 27 41 65 84 96 103 106 108 111 111 109 107 106 97 87 81 77 74 71 72 73 74 66 70 71 71 72 74 78 81 81 81 83 88 90 92 93 96 97 99 103 103 97 92 81 68 57 43 29 19 11 12 15 18 17 20 32 55 80 102 115 127 135 135 134 134 136 140 139 140 145 142 148 151 141 130 135 138 139 141 141 134 126 115 124 132 130 120 107 112 128 134 117 136 127 124 119 127 132 127 138 154 152 142 146 137 135 138 141 140 109 108 124 110 99 102 99 99 103 102 103 128 126 131 131 132 117 99 99 118 127 148 153 152 154 143 133 133 134 123 120 112 102 85 66 72 85 91 99 109 121 141 150 153 155 151 146 144 146 150 149 144 125 111 97 84 79 81 91 106 125 129 121 119 112 105 105 110 114 116 119 130 143 149 145 139 135 133 127 122 118 108 106 107 114 121 127 133 138 139 136 134 133 131 127 125 125 124 124 123 122 123 124 121 119 118 117 117 117 116 113 112 109 107 105 104 104 105 108 112 117 121 124 124 123 119 114 109 102 99 96 95 96 97 97 97 96 94 92 89 88 88 86 85 85 84 83 83 82 80 79 79 79 79 78 77 77 76 75 74 74 73 73 72 71 71 71 71 69 69 69 69 67 65 64 64 63 64 62 58 60 58 57 56 55 54 54 52 50 49 49 48 47 47 45 43 42 41 40 40 38 37 36 35 34 33 32 31 30 30 31 31 21 8 0 
0 0 0 0 0 0 0 0 0 0 0 0 0 0 0 0 0 0 0 0 0 0 0 0 0 0 0 0 0 0 0 0 0 0 0 53 85 84 84 86 88 87 84 82 82 81 80 77 78 82 87 89 88 92 98 104 109 109 110 113 118 120 121 122 125 131 136 141 144 144 144 143 142 141 142 142 141 138 135 133 131 127 125 124 122 121 120 119 120 121 124 127 125 125 123 120 116 112 110 110 109 105 98 94 91 89 87 85 86 87 93 99 106 113 118 122 125 126 127 128 128 127 124 119 114 109 101 95 88 79 72 68 67 71 77 74 72 71 72 72 78 79 70 65 69 74 75 73 68 70 81 74 70 76 86 86 84 84 73 61 63 67 82 103 109 98 103 126 118 102 120 132 123 105 109 116 109 111 125 124 107 95 90 73 82 108 122 106 90 99 90 77 107 127 109 106 115 110 107 94 96 105 110 128 146 154 149 139 123 102 79 56 34 32 45 68 90 100 103 106 106 106 107 108 107 105 99 93 89 86 84 83 81 81 80 77 76 74 78 81 84 84 86 89 94 100 101 101 98 99 100 100 101 98 93 85 73 64 52 39 25 13 11 13 17 20 20 22 32 51 80 102 118 131 135 133 134 135 141 140 136 142 139 143 149 145 135 138 145 142 143 135 135 131 126 125 130 132 115 111 124 137 126 119 117 125 120 118 105 117 123 125 145 156 149 136 135 128 148 144 145 126 120 129 124 106 96 110 107 106 109 102 114 129 133 139 138 137 109 102 112 125 142 157 153 146 147 130 127 137 132 122 115 108 100 74 58 83 89 92 96 113 131 144 151 151 150 149 155 152 154 152 144 132 114 100 84 81 85 91 111 122 120 111 106 107 107 106 110 111 114 123 134 142 149 145 136 133 133 132 130 125 116 106 106 111 119 125 130 136 138 138 137 136 134 131 127 125 124 125 125 124 124 125 126 123 122 120 119 118 117 115 113 110 108 107 105 103 103 105 108 113 117 122 124 124 122 117 111 104 100 98 97 97 97 99 99 99 97 95 92 90 88 87 87 86 86 85 84 83 82 81 80 80 80 80 79 79 78 77 76 76 75 74 74 73 72 72 72 71 70 70 70 69 68 67 67 66 65 64 62 60 61 60 59 58 57 56 55 54 52 51 51 50 49 48 47 46 45 42 42 42 40 39 38 37 36 36 33 33 32 31 31 30 29 28 21 
0 0 0 0 0 0 0 0 0 0 0 0 0 0 0 0 0 0 0 0 0 0 0 0 0 0 0 0 0 0 0 0 0 0 14 87 84 83 80 82 86 86 84 83 83 79 81 79 79 82 86 87 86 86 91 99 105 110 115 118 122 125 127 127 127 129 135 139 143 145 144 144 143 143 142 142 141 140 138 135 133 128 125 123 120 121 122 122 122 122 123 124 124 125 125 124 119 114 111 108 107 104 98 94 92 93 92 91 88 87 91 96 103 112 118 120 125 128 127 128 130 130 127 124 118 114 110 102 95 89 79 69 64 62 64 72 79 74 68 69 72 75 74 73 67 72 73 71 67 65 69 74 77 70 76 82 81 84 82 73 69 72 75 86 102 111 113 117 125 111 110 128 140 122 107 110 106 96 105 114 100 90 91 81 78 99 108 106 95 100 102 91 91 102 104 102 115 112 103 92 91 101 105 116 134 148 148 138 127 116 98 73 43 27 29 48 65 83 103 109 108 108 107 106 108 106 107 105 103 103 103 98 94 90 91 89 83 84 88 91 91 91 95 102 105 109 108 108 106 101 100 96 92 90 82 73 64 56 45 32 19 11 13 17 18 19 22 24 32 57 86 107 118 130 135 133 133 138 138 136 138 144 137 150 151 139 140 142 142 139 135 124 134 136 128 131 133 127 118 126 140 137 105 115 116 114 112 87 90 107 116 125 145 150 141 133 127 137 146 142 138 118 125 137 120 107 107 115 112 111 115 107 124 133 139 136 141 133 114 107 118 138 158 162 153 151 139 134 135 137 132 120 116 118 104 67 73 84 84 90 102 117 137 149 155 151 150 155 159 156 153 143 133 122 101 86 78 82 95 108 122 115 104 93 95 105 110 108 104 106 118 140 145 144 146 139 135 133 134 134 131 124 114 108 112 117 121 128 134 136 140 139 141 137 135 132 128 125 124 124 124 123 122 123 123 123 121 119 118 117 115 113 111 108 107 105 103 101 101 104 108 112 118 123 125 124 120 115 108 101 98 97 99 101 101 101 101 100 97 96 93 91 90 88 88 87 86 86 85 84 84 82 81 81 81 81 80 78 78 78 77 77 76 75 74 75 75 74 73 71 70 71 70 70 68 68 68 67 66 66 64 63 64 63 62 60 60 58 58 56 55 53 52 51 51 50 50 49 47 45 44 44 43 42 40 38 38 37 35 36 34 33 32 30 30 29 19 
0 0 0 0 0 0 0 0 0 0 0 0 0 0 0 0 0 0 0 0 0 0 0 0 0 0 0 0 0 0 0 0 0 0 59 93 87 85 81 80 84 85 87 87 86 85 84 82 81 84 87 86 87 85 88 95 103 108 113 117 122 127 130 130 130 131 135 137 142 145 145 145 145 144 144 143 142 141 140 137 134 129 126 122 121 121 122 124 125 124 124 124 123 124 125 124 121 117 112 108 107 104 99 94 92 92 94 95 95 94 93 96 102 109 114 119 124 129 130 129 129 130 132 129 124 120 116 108 100 95 88 79 72 64 62 63 62 67 68 69 68 67 69 70 69 69 74 72 66 63 61 67 75 73 65 73 75 78 86 85 73 67 70 66 81 100 111 108 107 115 105 116 132 128 112 109 105 90 83 99 104 88 92 97 84 90 94 105 107 108 98 87 82 96 102 113 115 127 115 95 101 101 104 111 124 141 148 141 131 127 114 87 62 43 31 30 42 61 85 101 112 110 108 108 110 111 114 119 116 111 110 109 106 103 103 101 98 98 96 97 98 101 101 102 106 109 110 113 108 101 98 92 85 80 73 65 57 48 34 22 18 14 16 18 20 19 23 25 41 74 95 108 121 130 134 134 132 140 134 138 143 145 147 151 147 137 137 142 143 131 130 133 133 132 130 137 140 135 138 137 138 125 107 112 111 98 103 90 109 121 135 143 144 141 131 119 118 145 130 133 137 135 136 136 123 112 106 115 117 119 119 122 131 134 133 134 144 127 117 110 128 148 158 157 153 152 140 144 138 135 124 121 126 125 106 62 89 95 87 94 99 117 138 151 156 153 155 157 156 153 145 134 125 114 95 84 78 90 108 108 103 96 93 91 96 106 106 96 105 118 133 141 141 141 143 134 130 136 137 133 128 122 117 115 115 114 120 127 133 138 140 140 139 138 136 132 128 124 122 122 121 120 119 118 118 120 119 117 117 116 113 111 109 107 105 105 103 101 101 104 108 113 119 124 126 126 122 115 107 100 98 100 103 105 105 103 102 100 97 95 93 92 90 89 89 87 86 86 86 85 85 84 83 82 82 81 81 79 79 78 78 78 77 76 75 76 75 75 73 72 71 72 71 70 68 69 69 68 68 67 66 66 66 64 63 61 62 60 59 58 57 55 54 53 52 52 52 50 49 48 46 46 45 44 42 40 40 38 36 36 36 35 33 33 33 33 7 
0 0 0 0 0 0 0 0 0 0 0 0 0 0 0 0 0 0 0 0 0 0 0 0 0 0 0 0 0 0 0 0 0 15 112 111 105 95 92 87 83 87 88 90 92 90 87 86 85 86 87 88 87 85 86 92 99 106 112 117 120 125 129 130 130 130 132 136 140 143 145 146 147 147 146 144 143 143 141 138 135 132 128 124 123 122 123 124 124 125 126 124 122 122 123 123 121 118 113 109 107 105 100 94 91 89 90 93 98 99 100 102 103 107 112 118 123 128 131 130 130 131 131 130 130 126 124 117 108 101 95 89 81 71 67 63 59 56 57 62 68 66 64 68 70 73 74 77 73 67 60 58 63 76 81 78 72 75 79 84 79 71 73 80 78 84 99 113 116 115 113 107 119 121 119 114 107 92 77 70 97 110 102 116 95 93 92 108 122 117 108 86 76 100 97 97 106 120 118 112 107 99 97 107 118 132 144 144 137 133 129 118 95 68 39 26 28 37 52 73 92 101 108 111 112 113 117 124 122 115 114 114 112 112 111 110 110 107 104 103 99 98 104 106 106 104 106 109 107 102 96 89 79 71 62 53 45 38 34 31 32 26 21 22 22 22 23 29 49 82 103 113 126 130 133 134 138 139 138 141 143 147 148 145 135 135 141 141 134 128 130 129 126 129 136 140 142 142 145 144 147 118 102 118 104 94 104 107 118 127 147 148 137 135 125 123 132 131 120 130 144 150 140 137 131 118 110 115 119 120 118 129 135 137 138 141 134 123 119 120 142 156 154 151 153 149 150 150 141 131 115 126 136 131 100 83 96 99 88 88 87 116 137 152 154 155 154 151 150 147 138 125 121 113 97 90 94 102 103 92 89 87 97 100 101 100 99 105 122 132 129 131 141 142 138 136 136 138 135 130 125 117 116 116 113 111 116 122 130 136 139 142 143 142 137 133 128 123 119 117 117 115 114 113 114 114 114 115 114 113 112 111 110 108 106 104 103 102 103 106 110 115 121 124 126 127 124 118 110 102 101 103 105 107 107 105 102 100 97 94 93 92 91 90 90 88 88 88 87 87 85 85 84 83 82 82 82 81 81 79 80 79 78 77 77 77 76 75 73 73 73 73 72 71 71 70 70 69 69 68 67 68 68 66 64 63 63 62 61 59 59 58 57 55 55 54 53 51 50 50 48 49 47 45 44 43 42 40 39 38 38 37 35 34 35 23 0 
0 0 0 0 0 0 0 0 0 0 0 0 0 0 0 0 0 0 0 0 0 0 0 0 0 0 0 0 0 0 0 0 0 56 107 107 106 112 106 105 106 100 99 101 95 93 90 89 89 87 89 87 87 85 85 88 96 104 110 118 121 123 125 128 129 129 130 134 138 140 143 145 147 148 148 146 144 143 142 140 137 134 131 128 126 124 124 123 125 126 125 123 120 121 121 122 119 116 113 110 107 105 101 96 91 87 86 87 92 98 102 104 108 111 114 119 124 127 129 131 131 132 132 131 129 129 128 123 118 110 103 96 90 84 77 73 69 62 59 53 52 59 65 67 68 74 74 73 78 77 66 54 53 61 71 80 84 80 79 84 82 74 73 76 77 75 81 88 103 112 109 99 97 109 116 118 110 103 96 93 94 107 108 115 111 97 108 113 121 126 113 89 90 102 102 102 95 93 115 108 107 103 97 100 112 123 137 144 148 145 141 134 122 102 63 35 22 24 31 45 62 85 107 111 113 112 109 112 117 121 117 117 115 114 115 114 112 111 112 111 107 105 106 108 106 103 101 99 103 98 86 77 68 58 47 41 37 39 54 56 50 36 25 23 23 23 26 32 55 87 104 117 127 135 139 140 146 145 142 140 144 144 142 139 133 141 144 131 130 131 126 125 131 136 136 138 140 137 145 146 123 110 110 114 100 93 109 120 128 130 130 127 130 134 139 142 141 113 113 132 150 146 135 134 134 124 116 116 115 117 125 134 139 142 143 142 128 126 128 136 147 149 148 149 156 148 162 153 139 131 127 132 138 131 113 102 111 94 87 82 97 118 139 151 148 157 152 142 144 141 135 126 119 116 102 106 103 95 87 85 87 90 101 102 100 100 114 126 123 115 115 129 145 143 140 143 138 134 130 126 118 111 111 115 115 112 114 119 129 136 140 144 145 143 137 133 126 120 117 114 113 111 110 109 111 109 111 111 111 110 110 111 111 110 107 106 105 104 106 109 112 117 122 125 129 128 125 119 113 107 104 105 107 108 107 104 101 97 96 94 93 92 92 91 90 90 89 89 89 88 86 86 85 84 83 83 83 82 82 81 81 80 79 78 79 78 77 75 74 74 74 74 73 72 71 71 71 70 70 69 68 68 67 66 66 65 64 62 61 61 60 60 59 57 56 56 56 54 52 51 51 50 48 48 46 45 45 43 42 41 40 39 37 36 35 7 0 
0 0 0 0 0 0 0 0 0 0 0 0 0 0 0 0 0 0 0 0 0 0 0 0 0 0 0 0 0 0 0 0 11 94 92 91 91 90 96 97 97 109 112 112 117 109 103 102 97 93 92 90 88 86 83 84 92 101 109 117 122 124 124 127 129 131 132 134 136 137 140 143 145 148 148 147 146 144 142 141 139 137 134 132 129 127 125 123 124 124 123 122 119 120 121 120 117 114 112 109 105 102 100 96 91 87 85 85 86 91 96 101 108 113 118 122 125 126 128 129 129 132 133 130 131 129 126 126 126 121 114 108 99 91 86 81 80 80 74 60 52 55 63 66 67 68 73 76 77 77 74 62 53 56 61 65 75 81 81 81 80 73 71 76 75 69 71 68 84 119 126 109 100 102 109 112 115 111 116 114 105 81 93 100 107 109 110 115 119 127 120 90 86 97 94 96 91 74 100 121 108 107 100 87 95 113 126 138 149 150 146 137 128 112 86 58 34 21 24 29 38 59 77 94 107 103 97 96 102 107 110 111 114 117 118 116 115 114 113 116 117 114 110 110 108 104 98 92 89 80 64 55 51 45 39 37 45 63 80 75 63 35 24 24 23 26 28 36 59 91 108 122 135 138 140 144 148 145 143 141 147 142 140 141 141 138 133 129 133 129 125 134 136 132 133 130 126 125 143 137 109 122 101 86 96 115 129 133 131 122 121 121 132 143 144 137 128 115 122 137 151 137 129 129 130 127 122 120 119 121 134 137 140 144 140 133 129 134 141 147 156 147 141 151 156 159 165 155 139 137 133 137 131 130 122 114 108 90 92 98 121 130 142 145 151 156 153 144 147 137 133 124 124 113 104 98 91 82 82 87 85 92 101 105 112 119 130 127 112 107 118 135 145 145 141 140 137 131 127 124 115 111 114 118 116 112 113 120 129 136 142 144 145 142 137 132 125 119 114 113 112 111 109 108 108 108 109 110 111 109 110 111 112 111 110 109 109 108 109 111 116 120 124 127 130 130 126 122 117 111 107 107 108 108 106 102 99 97 96 95 93 93 93 92 91 91 90 90 91 88 87 86 86 85 84 84 84 83 82 81 81 81 80 80 79 79 78 76 76 76 75 74 74 74 73 73 72 71 71 70 69 68 67 67 67 66 65 65 63 61 61 60 59 59 57 58 57 56 54 53 53 52 50 49 48 47 46 45 44 44 42 41 39 38 25 0 0 
0 0 0 0 0 0 0 0 0 0 0 0 0 0 0 0 0 0 0 0 0 0 0 0 0 0 0 0 0 0 0 0 50 89 87 85 85 84 85 84 85 84 94 101 104 113 118 115 119 113 106 102 95 86 85 81 88 97 107 115 121 124 125 127 129 133 134 135 138 138 139 139 142 144 146 147 147 144 144 142 140 138 136 134 133 130 127 125 124 123 123 120 119 118 117 117 115 112 109 107 103 100 97 93 89 85 84 85 86 88 92 98 102 109 116 120 125 127 128 129 129 129 130 129 129 129 127 126 126 124 122 117 109 101 93 84 83 87 87 78 67 59 58 64 68 67 66 71 78 78 77 70 61 58 60 63 73 82 81 81 82 77 71 74 82 79 73 70 72 88 117 120 100 90 100 98 97 109 115 124 125 110 91 99 107 119 113 124 127 121 119 105 93 101 100 92 103 89 90 117 115 101 101 88 87 106 116 132 145 151 153 144 132 121 107 84 53 27 23 21 25 32 46 64 78 87 88 86 84 93 101 109 114 115 118 117 118 118 117 116 117 116 115 110 106 100 88 77 65 57 51 45 42 38 36 45 68 90 97 83 58 31 23 23 25 30 30 45 70 91 109 124 133 136 139 145 150 145 144 144 144 142 145 146 144 127 132 130 128 133 138 136 132 128 120 114 126 139 139 131 123 114 90 91 123 130 134 133 125 124 127 131 142 144 144 132 128 128 130 141 146 137 131 128 133 127 125 132 128 130 136 137 142 144 134 132 133 137 145 151 155 147 146 160 160 168 165 152 144 142 137 132 117 126 120 110 95 93 100 119 137 141 144 148 157 156 154 151 148 141 134 126 122 96 86 85 83 82 82 86 92 101 111 121 127 125 124 117 112 114 124 135 140 138 132 135 139 135 132 127 121 119 122 114 106 104 110 122 132 139 144 144 145 141 137 132 126 120 116 115 113 112 111 108 108 107 109 110 110 111 111 112 114 113 114 112 113 114 116 118 121 124 127 130 131 131 128 124 119 113 109 108 108 107 105 101 98 97 97 96 94 94 94 92 92 92 91 91 90 89 89 88 86 86 86 84 85 85 83 82 82 82 81 80 79 79 77 76 77 78 76 75 75 75 75 74 73 72 72 71 71 69 69 69 67 67 67 66 65 65 63 62 61 60 60 59 58 57 56 55 55 54 52 51 50 49 48 47 46 46 44 44 43 41 9 0 0 
0 0 0 0 0 0 0 0 0 0 0 0 0 0 0 0 0 0 0 0 0 0 0 0 0 0 0 0 0 0 0 8 89 86 82 81 81 82 84 86 86 84 87 92 95 96 100 108 110 114 123 118 115 114 103 96 95 93 103 113 121 125 128 130 131 134 136 137 138 139 139 138 140 142 143 145 146 145 144 143 142 139 137 136 136 133 130 128 126 124 122 120 119 117 116 116 114 112 109 105 102 98 93 91 87 81 80 83 85 87 91 96 98 103 107 113 120 124 128 129 129 128 128 128 128 129 128 126 126 124 120 119 118 109 101 93 84 81 87 90 83 76 71 68 67 70 72 73 78 82 81 77 67 68 66 64 72 82 86 87 85 81 76 73 72 78 75 69 67 66 91 120 109 82 76 83 81 104 122 126 110 107 104 91 99 109 108 108 118 125 126 118 99 106 115 101 101 98 97 110 123 116 107 101 90 101 117 127 138 148 148 147 143 135 120 96 74 52 33 20 20 19 27 37 47 62 73 76 78 82 91 106 113 117 117 119 118 117 115 112 109 107 101 94 87 77 65 55 49 47 43 37 35 42 53 68 85 100 95 72 44 26 22 24 28 30 34 50 73 99 117 129 133 134 139 147 151 148 149 145 147 143 146 144 140 136 136 132 134 141 135 135 131 126 118 125 136 141 134 122 113 88 100 119 133 134 134 126 126 137 145 142 124 135 141 136 139 136 135 146 141 138 131 122 123 126 128 137 130 136 138 138 142 137 135 138 134 139 152 155 151 147 155 161 163 166 163 152 150 150 140 114 116 116 104 98 96 104 115 135 144 142 144 152 156 158 159 155 151 146 136 125 104 88 81 85 85 81 85 96 105 114 121 122 121 118 120 114 116 123 124 128 127 129 134 141 147 145 140 133 127 118 109 100 94 100 111 126 136 140 142 142 142 140 136 130 127 123 122 119 117 115 113 111 110 110 110 109 110 111 111 113 114 115 117 117 118 120 121 124 127 129 131 133 133 132 129 126 120 115 112 109 107 105 103 100 98 98 98 97 95 95 95 94 94 93 92 91 90 90 90 89 89 88 86 85 85 85 84 83 83 81 81 81 81 80 79 78 78 77 76 76 75 74 75 75 73 73 72 71 71 70 69 69 69 69 68 67 67 67 65 64 63 62 62 61 60 59 57 57 56 55 54 53 51 51 50 49 48 47 46 45 45 32 0 0 0 
0 0 0 0 0 0 0 0 0 0 0 0 0 0 0 0 0 0 0 0 0 0 0 0 0 0 0 0 0 0 0 48 88 85 82 81 78 82 84 88 89 86 88 92 93 95 97 99 101 100 98 107 109 110 120 120 112 115 113 110 120 127 130 133 134 136 137 138 139 140 141 140 140 141 142 143 144 145 143 142 139 139 138 138 138 136 133 131 129 126 125 123 121 117 115 115 114 113 110 106 102 97 94 91 86 78 77 78 80 84 89 94 97 101 105 108 113 118 123 125 128 129 128 129 128 129 129 128 125 123 121 119 116 113 108 103 92 88 86 84 87 90 87 83 75 71 71 75 76 81 87 84 74 71 74 70 71 78 90 92 89 86 82 76 71 73 82 78 65 61 68 86 101 111 92 88 82 100 122 121 115 107 103 89 77 82 92 112 113 124 131 125 105 94 113 106 100 94 96 103 110 123 112 91 83 80 107 125 135 142 141 142 143 138 130 110 93 77 53 30 24 23 23 21 26 38 47 56 61 66 78 93 101 101 104 108 107 109 101 93 83 79 74 67 58 53 46 43 41 36 34 34 44 62 72 79 86 92 74 52 36 26 26 25 27 30 37 56 79 100 120 131 131 131 140 153 153 142 145 150 152 147 149 138 139 141 139 141 141 141 141 142 136 131 134 139 136 128 112 99 97 91 125 137 138 132 117 125 140 144 142 133 111 139 139 142 145 147 142 142 137 133 128 112 127 128 136 136 135 140 140 137 139 128 138 140 136 145 155 155 149 149 161 159 164 167 161 158 158 153 135 113 126 112 95 103 109 122 131 139 145 139 145 156 155 159 159 157 151 144 134 116 94 93 93 90 82 85 97 106 114 121 118 111 114 116 122 126 129 130 128 125 124 137 147 152 151 149 143 137 128 114 105 96 96 103 114 125 133 137 139 140 140 140 136 133 130 128 126 123 121 118 117 115 112 112 112 112 111 113 113 114 115 118 121 121 122 124 127 130 132 134 135 136 136 133 130 125 121 116 111 108 106 104 102 101 100 100 99 98 96 96 96 96 94 94 93 91 91 91 90 91 90 89 88 87 86 85 85 84 84 81 81 81 82 81 81 79 79 78 78 77 76 74 75 75 74 74 73 73 72 71 70 70 71 70 68 68 67 68 65 67 65 64 63 62 61 60 60 59 57 57 56 55 54 53 53 51 50 49 49 47 46 13 0 0 0 
0 0 0 0 0 0 0 0 0 0 0 0 0 0 0 0 0 0 0 0 0 0 0 0 0 0 0 0 0 0 6 91 90 88 85 82 80 83 85 90 93 92 90 91 93 97 98 99 98 97 97 97 99 100 97 104 112 115 120 132 130 131 135 136 136 137 137 138 139 140 142 141 141 142 142 143 144 144 143 142 138 136 135 136 138 138 137 134 132 130 129 128 124 118 115 114 113 112 110 108 104 100 96 92 87 81 76 74 76 78 83 91 96 102 107 110 113 116 120 124 127 127 128 130 129 128 130 129 124 122 122 122 120 117 114 110 106 101 95 93 88 81 88 95 89 80 75 77 80 79 85 91 89 86 81 75 72 72 86 100 97 96 95 85 72 66 61 73 68 57 59 70 85 86 96 98 94 96 106 110 110 115 109 96 81 73 78 99 112 116 129 132 112 95 103 104 83 85 96 107 88 103 113 99 87 82 98 119 132 141 145 142 140 139 139 129 119 101 81 53 37 26 23 21 21 23 30 37 39 43 51 61 67 68 69 71 74 75 72 63 55 55 52 48 44 40 38 35 30 32 39 50 58 67 74 78 78 71 48 39 29 24 22 25 28 34 42 63 86 105 125 135 131 133 146 153 147 139 145 153 154 150 145 142 143 143 141 144 142 146 146 141 136 137 142 136 124 112 94 113 116 121 125 129 130 122 116 137 140 137 133 130 127 134 136 139 145 148 127 132 131 123 122 128 137 130 134 135 143 137 135 138 134 133 141 140 132 149 159 151 144 149 154 157 163 166 164 165 160 150 129 128 132 119 106 114 123 141 143 145 140 138 146 153 154 158 159 155 146 145 129 111 101 97 92 89 80 93 106 113 113 109 106 107 112 118 128 135 138 136 132 133 142 150 155 151 146 143 141 137 130 120 107 97 98 105 114 125 133 137 141 143 142 141 139 136 134 133 130 126 123 120 119 117 115 112 112 112 112 114 116 118 119 121 124 125 127 129 133 135 137 138 139 138 136 133 130 125 120 115 110 107 105 104 103 102 102 101 99 99 98 97 97 96 94 94 94 92 92 92 91 91 90 89 88 87 85 86 86 85 85 84 83 83 83 82 82 80 80 79 78 78 77 76 76 75 75 74 74 75 74 73 72 72 72 69 70 69 68 67 67 67 66 66 64 64 62 61 61 60 59 58 57 57 56 55 55 53 53 52 51 51 37 0 0 0 0 
0 0 0 0 0 0 0 0 0 0 0 0 0 0 0 0 0 0 0 0 0 0 0 0 0 0 0 0 0 0 49 96 94 92 88 84 82 83 87 91 94 93 91 91 91 96 98 99 96 95 95 95 97 99 97 95 95 101 104 108 123 138 138 144 145 140 140 141 139 140 141 143 144 145 145 143 144 144 143 141 138 134 132 132 134 136 133 132 131 131 132 131 127 121 118 114 113 111 110 110 107 104 99 94 88 83 77 74 74 75 79 85 92 101 109 114 118 120 123 126 127 127 128 129 129 130 131 129 127 124 125 124 123 121 119 114 109 106 105 102 96 89 86 89 91 95 91 84 78 78 81 90 100 98 94 86 79 79 82 89 100 103 100 98 86 72 68 70 72 62 54 63 87 100 94 106 106 105 92 103 121 126 117 104 95 85 88 101 112 117 120 122 119 107 105 105 96 75 88 106 102 94 107 108 107 99 99 114 129 135 141 149 147 141 139 138 134 116 98 81 61 41 28 22 20 19 24 27 29 27 28 32 34 40 43 43 43 44 44 41 37 37 38 35 32 33 31 33 37 44 53 59 62 67 73 71 60 46 37 32 25 22 22 26 30 37 48 68 92 116 128 139 135 143 153 147 144 145 148 153 152 143 141 148 138 140 144 143 143 142 138 125 128 138 137 122 114 111 113 124 125 126 111 118 119 127 134 128 121 130 132 132 133 128 121 125 141 134 116 122 122 115 127 134 133 133 135 140 140 131 130 138 134 138 143 128 132 151 154 143 134 142 148 154 160 161 161 161 153 140 131 136 136 120 107 120 132 146 152 148 136 130 151 151 156 155 154 148 145 143 124 110 114 103 84 76 83 100 110 109 101 101 107 108 114 119 129 137 143 140 138 137 147 150 144 136 136 136 134 130 121 109 103 95 99 107 118 125 133 139 144 145 144 143 141 139 136 134 129 126 123 121 120 118 115 113 112 111 112 114 117 120 122 125 127 128 130 134 137 139 141 143 141 139 136 133 128 123 118 112 109 106 105 103 103 102 102 102 101 100 99 99 97 97 96 95 94 93 93 93 94 91 90 89 88 88 86 87 87 86 86 85 85 85 83 83 82 81 81 79 79 78 78 78 77 77 76 75 75 75 74 74 73 72 72 70 70 70 69 69 69 67 67 66 66 65 64 64 62 62 61 60 59 59 59 57 56 55 55 52 52 51 16 0 0 0 0 
0 0 0 0 0 0 0 0 0 0 0 0 0 0 0 0 0 0 0 0 0 0 0 0 0 0 0 0 0 3 89 95 93 92 90 86 83 84 86 89 94 93 91 89 89 92 95 96 93 94 93 92 96 98 98 96 97 99 99 98 100 109 128 139 144 151 149 146 144 143 144 144 145 146 146 145 144 144 143 141 140 136 134 132 132 133 132 130 127 128 131 130 129 126 123 120 116 112 111 110 109 107 102 96 91 86 80 75 73 75 77 81 86 95 102 111 119 125 129 131 133 131 130 131 132 132 133 134 131 129 128 127 124 123 122 118 112 107 104 105 102 95 87 83 87 92 95 98 95 82 74 79 87 96 99 94 85 83 83 88 100 110 107 102 93 81 74 71 70 71 62 63 81 100 101 104 107 116 100 87 111 128 132 115 102 97 98 97 97 106 111 109 113 119 111 97 96 74 72 96 116 104 99 110 121 111 102 113 125 140 142 143 147 146 142 141 136 124 123 102 81 59 41 31 26 21 21 21 24 24 22 23 28 30 25 26 26 26 26 26 27 29 31 30 33 36 40 45 51 55 62 72 77 76 67 52 38 31 30 26 23 22 24 27 31 38 49 73 105 117 130 140 144 144 144 133 140 149 152 150 141 145 145 142 139 144 148 143 147 135 125 127 138 138 124 111 107 110 105 121 127 117 109 116 122 134 135 111 116 123 129 130 127 122 117 118 148 123 115 109 112 128 135 135 134 133 140 150 138 130 130 133 133 139 143 125 136 150 142 132 129 135 145 154 158 157 156 154 137 134 138 138 130 118 117 130 126 143 151 138 127 138 154 153 158 153 150 144 149 141 128 123 117 95 72 75 98 103 100 100 101 105 107 109 115 124 136 142 140 139 137 138 141 137 130 130 128 123 116 111 107 106 105 108 113 116 117 123 132 139 143 143 143 142 142 140 138 134 129 126 124 123 122 119 115 112 111 113 115 117 119 122 125 128 130 132 134 137 140 142 144 145 144 140 136 130 126 120 114 110 108 106 105 104 103 102 102 102 102 101 99 99 98 99 97 96 95 95 94 94 93 92 91 91 90 89 88 88 88 88 87 86 85 85 83 82 83 83 82 81 80 79 79 79 78 78 76 76 75 75 75 75 73 72 73 72 72 71 71 70 69 68 67 66 66 66 66 64 64 64 62 61 62 62 60 58 58 57 56 54 54 40 0 0 0 0 0 
0 0 0 0 0 0 0 0 0 0 0 0 0 0 0 0 0 0 0 0 0 0 0 0 0 0 0 0 0 42 90 88 90 92 91 87 83 83 83 86 88 89 90 87 84 87 89 89 88 88 87 88 92 96 97 97 97 100 101 100 99 101 114 128 136 141 147 152 150 149 150 148 146 147 148 147 146 145 144 142 140 137 133 132 133 132 129 130 129 128 127 127 128 128 127 126 123 118 115 112 111 109 104 100 94 88 82 76 74 75 77 78 82 87 92 102 111 121 127 130 133 133 133 134 134 135 134 132 133 132 130 127 126 123 123 122 118 112 106 106 102 97 93 88 87 86 89 95 99 98 87 79 78 88 97 98 94 92 88 90 97 107 111 105 97 91 83 78 78 77 73 66 70 90 106 107 104 102 111 107 108 103 107 113 105 93 91 92 102 106 105 99 99 101 114 117 109 100 79 79 106 112 95 99 119 113 99 105 110 115 133 146 149 152 147 143 137 125 116 112 97 82 60 48 36 26 22 19 21 20 20 23 26 27 24 23 20 21 23 27 29 35 37 44 45 49 52 56 60 67 81 95 102 73 48 34 29 28 26 23 21 21 24 27 33 41 54 77 99 115 131 140 144 135 137 140 150 157 157 153 147 151 143 140 142 146 147 145 144 135 136 145 135 116 118 105 98 96 94 127 120 95 106 127 128 131 129 118 115 125 134 135 124 128 120 131 142 126 113 113 116 144 132 137 133 130 138 142 132 131 131 132 132 144 134 132 138 141 133 123 118 122 142 154 159 160 157 150 137 136 142 140 136 133 134 125 126 143 143 122 122 149 153 158 158 151 144 144 151 144 136 128 98 79 81 91 96 93 92 102 108 102 96 102 112 121 129 131 129 130 129 134 141 142 141 136 127 112 108 110 115 120 119 119 115 112 114 120 130 134 136 138 141 142 142 141 139 134 130 127 126 125 122 120 117 115 114 116 118 121 124 127 129 132 135 136 137 140 143 145 146 146 143 138 133 127 122 117 111 109 108 107 105 104 104 104 103 103 103 102 100 100 99 99 98 97 96 96 95 94 94 92 92 92 91 90 90 89 89 88 86 87 86 86 85 84 83 83 83 81 81 80 80 80 79 78 77 78 76 76 76 75 73 73 73 73 72 73 72 71 70 69 68 68 67 67 67 66 66 64 63 62 62 63 61 60 60 59 57 56 56 17 0 0 0 0 0 
0 0 0 0 0 0 0 0 0 0 0 0 0 0 0 0 0 0 0 0 0 0 0 0 0 0 0 0 3 83 86 83 84 87 90 88 84 82 81 81 82 85 88 86 84 83 83 85 83 82 81 83 87 91 95 98 99 103 106 105 100 102 109 120 132 139 143 144 147 150 150 152 154 151 148 149 148 147 145 143 141 138 134 132 132 132 130 131 131 129 127 126 124 125 126 128 128 126 123 120 116 112 108 103 97 91 84 78 75 75 75 78 80 81 85 91 99 107 116 124 129 131 132 134 136 136 136 133 133 135 134 132 129 125 124 123 122 118 116 112 108 103 97 93 91 91 89 90 95 99 98 92 85 82 86 95 96 97 92 93 97 101 109 108 99 101 98 88 82 78 71 66 59 70 88 96 105 102 106 126 115 103 97 90 88 86 109 97 91 104 96 96 99 103 109 120 118 119 89 79 90 109 113 100 104 110 111 117 107 105 119 133 145 153 150 147 144 136 128 120 112 99 89 71 54 41 32 24 24 21 21 19 20 21 20 23 21 23 28 31 37 42 45 49 54 56 66 70 74 77 82 79 68 47 30 26 25 26 23 22 20 20 24 29 36 44 63 87 106 123 129 136 142 144 155 159 159 161 158 153 147 147 148 151 152 146 143 143 144 145 145 137 123 114 126 102 96 98 103 109 103 107 119 129 128 130 122 101 122 130 135 128 120 125 119 139 127 128 130 129 135 137 131 136 132 133 139 131 129 133 134 134 139 147 129 138 136 137 126 114 112 121 140 156 162 162 154 149 138 140 143 145 148 143 140 122 134 141 130 127 139 152 155 159 154 150 145 150 153 150 136 109 83 83 98 99 86 87 95 105 103 92 85 92 99 109 117 118 119 125 137 149 155 154 142 130 120 115 114 117 122 121 119 115 110 108 112 118 124 126 131 135 139 142 144 143 139 135 132 130 128 126 123 121 118 118 118 121 123 125 128 131 133 135 138 139 140 143 146 147 146 144 140 133 129 123 118 114 110 108 107 106 105 105 105 105 104 103 103 102 101 101 100 99 99 98 97 97 96 95 94 94 93 93 91 91 90 90 89 88 89 88 88 87 86 86 84 83 83 82 82 81 81 80 80 79 78 78 78 77 76 75 74 74 73 72 72 72 72 72 71 71 70 70 68 68 67 66 66 65 65 65 63 62 62 62 62 61 59 58 44 0 0 0 0 0 0 
0 0 0 0 0 0 0 0 0 0 0 0 0 0 0 0 0 0 0 0 0 0 0 0 0 0 0 0 42 88 83 81 80 83 88 89 87 84 80 78 78 82 86 85 81 79 81 81 80 78 77 78 83 87 93 98 102 106 111 111 107 106 108 116 128 137 142 144 144 143 146 150 152 154 156 154 151 149 146 144 142 139 137 134 132 131 130 131 132 131 128 126 124 122 122 124 126 127 127 126 122 119 115 109 102 96 89 81 75 75 75 78 79 80 81 84 89 95 103 111 120 127 130 132 133 135 135 134 135 136 136 136 133 130 127 123 121 120 119 118 116 109 104 99 93 93 93 93 91 90 97 101 92 86 87 90 95 97 97 99 103 104 106 106 100 107 108 105 97 87 82 73 60 58 61 72 103 115 96 109 121 110 103 82 74 85 109 114 105 108 113 100 89 96 99 107 119 128 110 90 89 90 101 99 97 100 104 112 111 104 115 120 136 144 150 156 152 146 136 123 114 111 104 87 68 60 47 39 35 27 24 27 24 22 22 21 21 22 24 26 32 34 41 51 62 78 82 83 69 56 45 39 35 30 26 24 23 24 21 22 21 22 26 32 37 48 69 97 119 132 132 144 147 152 156 160 160 159 155 152 144 152 153 152 147 144 136 138 139 140 137 130 129 129 115 101 104 112 109 107 117 123 114 123 120 115 106 102 130 130 134 115 114 117 117 110 103 124 136 138 143 131 131 136 139 139 137 132 132 136 134 135 143 139 132 134 135 137 125 116 122 129 146 159 162 155 151 147 136 145 142 151 152 144 139 133 136 134 127 140 151 156 158 158 153 149 147 155 158 152 127 96 85 89 98 96 86 92 96 102 91 85 87 95 102 109 116 121 130 147 157 161 157 150 142 134 132 127 122 119 122 121 116 109 107 107 112 117 123 126 132 138 141 143 144 143 140 134 131 129 127 124 122 120 120 121 122 126 127 128 132 134 136 139 141 142 144 146 146 147 144 140 135 130 124 119 115 110 107 107 107 107 106 106 105 105 105 103 104 104 102 102 101 100 100 99 98 98 96 96 95 94 93 92 92 91 91 91 90 90 90 89 88 87 86 86 86 85 84 84 83 82 82 81 81 80 78 78 79 78 77 76 76 75 74 74 73 73 73 72 71 71 71 70 70 69 69 69 67 67 66 66 65 66 64 63 63 62 60 59 20 0 0 0 0 0 0 
0 0 0 0 0 0 0 0 0 0 0 0 0 0 0 0 0 0 0 0 0 0 0 0 0 0 0 0 85 88 84 83 82 83 88 90 90 88 82 77 77 78 81 82 79 77 77 78 81 80 77 77 81 86 93 98 104 108 114 117 115 112 112 115 124 133 140 144 145 145 145 145 147 148 151 156 158 154 151 148 144 140 137 135 133 131 131 130 132 134 131 127 124 121 120 120 121 123 125 126 125 125 120 116 110 104 96 88 83 78 74 78 81 82 81 80 82 88 94 102 111 120 126 129 131 132 134 133 133 134 133 133 133 132 129 125 123 121 121 122 121 116 111 108 101 99 93 89 91 92 91 91 92 93 94 91 88 97 105 104 106 107 105 102 101 112 115 109 103 103 101 89 75 65 63 55 71 100 108 105 117 125 115 92 84 90 113 124 129 115 106 102 96 94 93 101 99 120 127 111 95 79 79 86 85 92 102 104 102 103 105 112 128 139 144 149 153 151 144 138 131 126 119 107 92 84 72 63 52 39 32 29 27 24 24 23 23 22 21 23 24 25 28 39 56 67 68 60 43 27 25 26 28 27 26 23 24 24 22 22 23 24 28 32 38 42 64 100 123 131 130 138 141 152 156 156 154 158 156 151 146 149 149 149 149 147 144 140 137 137 136 137 137 125 98 111 128 132 117 113 115 118 118 128 121 120 118 115 122 116 107 88 99 110 115 91 108 130 137 135 133 132 134 137 144 138 134 135 138 137 136 137 140 129 128 134 140 142 132 128 129 136 154 161 163 161 152 144 141 143 143 150 145 140 140 134 137 137 140 151 156 159 160 155 150 150 154 157 155 143 122 96 85 90 97 87 85 91 95 97 95 100 105 108 115 121 124 132 146 155 159 159 156 152 150 140 137 133 132 128 127 117 106 101 106 110 113 116 122 129 136 142 146 146 145 141 136 132 127 124 122 121 119 120 123 124 125 127 129 132 135 138 141 142 145 147 147 147 147 144 141 136 131 126 120 116 112 109 107 106 107 108 107 106 106 106 105 104 105 104 103 103 101 102 101 100 99 98 98 97 95 95 95 94 93 93 92 91 91 90 91 89 88 87 87 87 86 85 85 85 85 84 83 82 82 81 80 80 79 78 77 78 77 76 76 76 75 75 74 73 72 73 71 71 71 70 69 69 69 68 67 66 66 66 66 65 64 63 62 50 0 0 0 0 0 0 0 
0 0 0 0 0 0 0 0 0 0 0 0 0 0 0 0 0 0 0 0 0 0 0 0 0 0 0 43 95 90 87 86 85 87 89 91 92 91 86 83 79 78 80 77 77 76 74 76 81 83 81 80 82 89 95 102 107 111 116 121 124 118 117 117 120 129 137 142 146 147 146 147 145 146 147 149 152 155 157 153 150 145 140 137 133 132 131 131 132 133 132 129 124 122 119 118 118 119 121 121 122 122 121 119 116 113 106 98 92 87 84 84 84 85 83 82 81 83 88 93 102 111 118 124 128 131 133 132 131 131 131 131 131 131 130 129 127 125 123 122 122 121 121 116 111 106 102 95 89 87 88 89 91 92 96 98 94 95 100 103 102 104 105 103 100 105 115 116 109 98 105 106 98 89 90 73 64 82 90 103 105 117 124 109 97 125 124 120 127 134 114 100 95 91 78 79 76 83 120 130 108 95 79 83 91 86 92 101 94 100 105 106 121 134 141 146 148 149 147 143 142 135 129 124 115 101 92 85 77 64 43 41 37 32 31 31 29 24 24 25 22 23 23 25 27 34 34 32 26 26 24 25 25 25 25 24 24 24 23 22 22 25 31 36 44 51 68 100 123 127 125 136 146 154 153 149 151 156 151 139 144 148 154 153 150 148 141 139 136 142 141 137 133 124 121 133 139 128 113 113 103 111 117 125 127 125 117 115 132 97 91 99 108 120 111 102 125 147 132 128 133 134 139 144 145 141 139 141 144 141 142 141 137 129 131 140 146 152 140 140 136 146 158 162 162 159 149 139 142 142 149 143 136 138 138 133 139 146 149 157 158 158 158 154 152 156 158 158 148 134 117 104 101 98 91 82 82 89 97 105 110 116 117 122 127 130 130 138 147 155 158 161 163 164 159 152 144 141 135 126 118 111 106 108 111 114 113 111 121 129 135 142 146 146 144 140 133 129 125 123 121 120 121 123 124 126 128 130 132 135 138 141 143 145 148 149 150 147 144 140 137 132 126 121 117 113 110 107 106 107 107 108 108 107 107 106 106 106 106 105 104 103 103 103 101 100 100 99 98 98 97 95 95 94 93 94 93 92 92 92 92 90 88 87 87 88 87 86 86 85 84 83 84 84 83 81 81 81 79 79 79 79 78 77 77 76 75 76 75 73 73 73 72 72 72 70 70 70 69 69 68 68 66 66 66 65 65 64 65 24 0 0 0 0 0 0 0 
0 0 0 0 0 0 0 0 0 0 0 0 0 0 0 0 0 0 0 0 0 0 0 0 0 0 0 86 94 90 90 88 87 87 89 90 89 90 89 86 83 79 78 76 75 74 71 74 80 83 83 82 84 91 98 105 111 116 119 123 126 124 121 119 120 126 132 138 143 146 147 146 146 145 147 148 149 150 150 153 155 151 149 143 136 132 131 131 132 131 130 128 124 122 119 119 115 115 117 117 117 117 117 115 115 113 109 107 101 96 93 92 92 92 89 87 84 85 86 89 95 101 110 119 125 127 128 129 130 128 127 128 129 130 129 132 129 129 125 122 123 124 123 121 119 112 107 104 98 92 88 88 90 92 95 103 103 97 96 97 94 96 101 101 99 98 106 118 118 104 102 109 104 103 105 102 75 84 82 90 113 115 112 117 84 83 112 122 117 128 123 104 108 102 96 79 79 82 94 112 122 119 98 78 94 112 106 101 99 103 106 101 109 121 133 143 145 149 149 148 147 146 140 137 129 113 106 103 99 82 69 67 57 48 42 35 35 32 30 26 24 23 21 21 23 25 23 24 23 24 23 22 23 23 24 25 25 24 23 23 23 28 37 39 52 62 79 102 121 129 136 144 151 157 151 147 147 153 151 151 155 155 162 152 146 146 145 142 137 136 132 129 136 132 138 136 129 116 101 89 103 109 117 132 131 119 124 131 123 100 103 113 128 134 107 115 133 130 117 121 132 136 145 149 145 145 143 143 143 141 149 149 140 134 137 144 150 150 143 141 140 151 162 160 158 159 145 139 143 147 149 136 130 136 135 137 144 149 151 154 153 154 159 153 157 161 158 150 141 129 116 115 109 95 86 77 79 91 103 111 116 120 121 124 134 140 138 141 149 158 166 168 164 156 151 144 138 133 129 126 125 122 121 122 118 109 104 106 114 124 131 141 144 143 142 138 132 129 126 124 122 121 122 125 127 129 131 133 135 137 140 144 145 146 147 148 147 143 140 136 131 125 121 116 113 111 109 107 106 106 106 107 107 108 108 108 107 107 106 105 104 104 104 102 102 101 101 100 100 99 99 98 96 95 94 94 94 94 92 90 92 90 89 89 89 89 88 87 86 85 84 85 84 84 84 82 82 83 81 81 80 79 79 79 78 77 77 77 75 75 74 72 72 72 72 71 71 71 70 69 69 69 69 68 66 66 66 64 53 0 0 0 0 0 0 0 0 
0 0 0 0 0 0 0 0 0 0 0 0 0 0 0 0 0 0 0 0 0 0 0 0 0 0 38 93 90 87 88 86 84 84 87 86 86 88 89 89 85 82 78 74 73 72 70 72 77 81 84 81 83 90 99 108 115 119 121 125 128 127 124 121 121 124 128 134 139 143 147 148 148 147 147 148 149 151 149 147 148 150 152 150 148 142 134 131 131 129 130 128 125 121 119 118 114 112 111 112 114 113 112 111 109 107 104 100 98 97 95 96 99 98 97 94 94 92 90 93 94 98 105 113 121 125 126 126 126 126 125 126 125 127 131 133 131 131 128 127 124 124 123 120 119 117 115 111 107 99 95 93 91 91 93 99 104 106 101 100 97 88 80 85 92 92 94 105 121 118 104 104 100 91 99 121 108 93 100 78 78 100 99 104 97 72 79 110 117 124 128 105 106 112 109 97 93 93 84 86 112 129 120 93 89 101 103 98 90 100 116 106 108 116 123 138 145 150 152 150 149 149 147 145 137 126 122 117 115 100 91 87 77 62 54 47 46 43 39 33 30 29 25 25 26 27 24 23 22 21 23 22 23 24 23 25 25 23 21 23 26 31 37 44 52 62 81 110 128 138 140 144 147 147 145 149 157 163 162 156 159 158 157 153 150 147 145 136 132 130 125 131 136 130 125 120 118 110 108 116 119 117 122 131 126 124 144 141 130 117 105 119 129 127 115 118 124 93 105 130 135 137 144 146 144 147 146 144 139 143 151 147 143 142 141 144 148 144 144 143 148 155 158 157 159 165 148 145 146 146 143 140 135 135 138 143 145 148 151 150 149 155 159 158 163 162 157 146 141 130 124 111 95 84 73 67 74 95 106 112 117 122 126 132 141 146 143 148 156 156 152 146 141 137 136 136 133 132 130 134 132 131 124 122 116 104 103 105 113 124 133 141 145 145 141 136 132 131 128 126 124 123 124 127 129 132 135 135 137 139 141 143 144 145 143 142 141 137 134 130 124 118 114 112 110 108 108 107 106 105 106 107 107 108 108 108 107 107 106 106 105 105 104 102 102 103 103 100 100 100 99 99 97 96 96 95 94 95 93 92 91 89 90 90 90 89 88 88 88 86 86 86 85 85 85 84 83 82 82 82 80 81 80 79 78 78 78 77 76 76 75 74 74 74 73 73 71 71 71 70 69 70 70 69 69 69 67 66 24 0 0 0 0 0 0 0 0 
0 0 0 0 0 0 0 0 0 0 0 0 0 0 0 0 0 0 0 0 0 0 0 0 0 0 76 87 84 83 83 82 79 78 81 80 80 84 90 89 86 84 79 74 73 71 71 71 75 79 81 80 80 88 98 107 115 122 124 127 130 129 126 123 124 126 130 132 136 140 146 149 150 149 148 148 149 150 149 148 147 145 143 146 149 147 149 144 135 129 128 126 124 122 120 117 114 111 109 110 110 112 111 109 106 103 99 94 89 84 85 86 91 95 97 98 101 99 97 98 98 100 104 110 118 121 123 126 126 125 125 125 124 123 126 128 130 129 129 127 125 124 123 121 117 117 116 113 110 106 102 97 94 91 91 94 100 103 104 101 98 90 76 68 85 94 96 101 116 123 111 97 98 94 96 110 118 101 99 95 92 98 100 100 88 66 53 73 113 137 135 118 105 110 105 103 91 96 102 93 87 105 127 118 95 101 99 89 85 77 96 111 114 118 129 136 145 150 154 153 151 151 153 141 134 134 135 136 134 121 113 101 93 76 70 66 59 54 50 41 39 39 38 33 31 31 28 26 22 20 22 23 23 23 23 21 22 21 21 23 28 34 40 44 53 70 90 114 130 141 140 152 144 149 157 161 160 155 151 152 160 154 156 157 151 139 137 133 137 132 124 129 125 118 107 117 128 127 127 117 110 105 128 121 120 131 142 142 128 113 104 122 125 128 132 110 98 97 121 140 135 134 139 147 149 148 145 142 137 143 149 141 144 143 143 139 141 143 146 149 153 157 158 159 167 163 152 148 148 147 143 149 135 135 145 149 147 146 147 147 148 155 159 160 163 160 152 147 145 135 121 95 79 71 68 72 80 94 104 112 121 127 134 139 143 146 145 144 140 131 122 129 131 133 134 135 134 131 127 128 123 122 119 114 110 107 108 111 120 128 137 142 145 143 140 136 133 131 128 126 126 126 127 129 132 134 135 137 139 138 140 141 139 139 137 135 133 130 126 122 117 113 110 109 109 108 107 105 104 104 105 106 107 108 108 108 108 108 105 106 106 106 105 104 104 103 102 103 101 99 100 98 97 98 97 96 96 95 94 94 92 92 92 91 90 90 89 88 88 87 86 87 87 86 85 84 84 84 83 82 81 81 80 79 79 78 78 78 77 77 76 75 74 74 73 73 72 72 71 72 72 71 70 70 69 69 68 57 0 0 0 0 0 0 0 0 0 
0 0 0 0 0 0 0 0 0 0 0 0 0 0 0 0 0 0 0 0 0 0 0 0 0 36 89 86 82 78 79 77 73 71 72 74 74 78 84 86 88 86 83 78 75 72 72 72 75 78 82 80 77 83 92 103 112 121 127 133 132 130 129 128 128 131 133 134 135 138 144 148 151 151 149 149 148 149 149 149 148 146 143 141 140 142 144 146 149 144 134 126 125 123 121 119 116 112 109 110 111 111 110 107 104 101 97 93 85 80 76 73 77 80 85 92 96 99 102 102 103 103 106 110 115 118 120 122 122 123 123 121 119 121 122 124 125 124 125 125 126 124 122 121 119 117 115 112 111 110 106 102 96 93 92 92 95 99 104 107 103 94 81 68 70 90 103 100 111 120 119 103 97 100 101 100 115 129 107 101 101 100 98 98 100 87 77 86 97 117 132 116 97 106 110 95 87 101 105 108 98 96 113 119 107 101 102 107 99 68 79 101 112 114 112 122 134 142 155 159 157 155 156 152 142 142 148 148 138 131 122 113 104 93 89 83 75 71 63 63 56 51 46 43 43 39 37 32 27 25 24 24 23 24 23 21 22 21 23 26 34 40 44 50 62 85 102 125 136 142 143 149 153 162 163 161 151 144 143 146 151 153 155 151 147 147 149 147 138 130 124 122 117 112 108 121 126 117 98 108 113 123 121 111 119 125 133 138 117 90 84 111 130 137 134 86 104 123 134 135 126 127 139 146 148 147 145 139 138 146 148 142 144 143 142 136 141 146 148 151 151 156 157 157 162 158 151 151 150 147 146 140 134 143 151 149 142 144 143 144 151 156 158 158 159 156 150 152 146 128 105 79 69 71 77 83 87 96 104 114 122 128 134 135 138 139 136 127 129 129 136 142 145 137 132 129 125 124 123 121 117 114 113 111 109 114 118 122 125 128 134 137 142 138 137 136 134 132 130 129 129 129 129 130 132 133 135 137 137 136 136 134 131 130 129 127 126 123 119 115 112 110 108 106 107 108 107 104 103 104 106 108 108 108 109 108 108 108 107 107 107 106 105 105 104 104 103 102 101 101 101 99 98 99 97 97 95 95 95 94 93 93 93 92 90 90 90 89 89 89 88 89 88 86 85 84 84 84 84 84 83 82 81 80 80 79 80 79 78 78 77 77 75 75 74 75 74 73 72 72 72 72 70 71 70 69 69 28 0 0 0 0 0 0 0 0 0 
0 0 0 0 0 0 0 0 0 0 0 0 0 0 0 0 0 0 0 0 0 0 0 0 0 75 91 89 83 77 75 72 69 64 63 66 68 72 78 82 85 86 86 81 78 75 73 74 77 82 86 85 84 83 86 98 109 119 128 134 136 135 134 133 132 134 136 138 138 139 141 147 151 152 150 149 149 149 149 149 148 147 144 141 139 136 134 137 140 144 150 143 133 125 124 120 118 115 112 111 111 111 111 108 103 101 98 94 87 82 75 69 69 73 77 80 82 87 92 97 101 102 104 107 113 118 120 118 118 118 119 119 119 120 121 121 120 120 120 122 125 126 124 122 122 122 118 114 112 111 106 105 100 95 91 91 94 98 100 103 106 102 89 79 71 77 88 94 98 111 126 114 94 91 100 102 102 111 109 104 111 109 98 88 85 88 85 84 104 123 128 118 84 78 103 112 104 113 120 114 109 98 102 110 116 111 101 92 98 97 88 97 106 110 107 110 117 130 141 153 162 158 157 154 152 153 153 154 144 140 135 122 113 104 100 101 96 86 75 76 73 66 61 49 48 48 45 42 40 34 30 27 25 24 24 23 23 22 24 29 37 44 47 57 74 94 113 128 134 142 145 158 163 164 154 153 152 154 150 146 145 147 151 157 159 157 150 141 128 118 114 121 113 120 120 125 128 119 121 119 129 133 108 118 121 124 132 134 110 91 95 129 141 137 102 96 116 133 136 129 115 121 148 149 145 149 146 140 142 147 140 135 144 142 138 140 145 150 150 147 148 155 153 153 153 152 149 149 148 143 142 127 142 149 149 143 140 142 139 141 155 157 157 159 158 155 152 147 137 115 97 78 76 82 83 87 93 99 103 111 117 120 120 125 130 135 142 144 145 153 146 144 136 131 129 131 132 134 133 127 120 113 111 112 117 122 125 127 124 121 123 130 130 134 135 137 137 136 134 134 133 132 130 128 129 130 132 133 133 131 129 127 124 122 121 120 117 115 113 110 107 106 106 105 105 106 106 104 103 104 105 105 107 108 109 108 108 108 108 108 108 106 106 106 105 104 103 103 102 102 102 101 100 99 98 97 97 96 95 95 94 95 94 93 92 91 90 89 89 89 89 90 88 87 86 85 85 84 85 84 83 83 83 82 81 80 80 80 80 79 78 76 76 76 75 75 75 73 74 72 72 72 71 70 70 70 60 0 0 0 0 0 0 0 0 0 0 
0 0 0 0 0 0 0 0 0 0 0 0 0 0 0 0 0 0 0 0 0 0 0 0 34 90 94 92 86 80 75 72 67 62 60 61 65 68 73 77 82 85 86 84 82 77 74 75 80 86 91 94 92 89 89 96 104 117 129 134 138 140 140 138 137 137 139 140 141 141 142 145 149 151 151 149 148 148 149 149 148 146 145 143 140 136 133 130 129 133 137 143 151 146 135 126 123 118 114 113 112 111 110 109 106 102 100 96 92 87 80 74 71 72 76 77 76 78 79 89 94 96 96 102 112 119 123 123 121 118 118 117 119 121 122 121 120 118 118 120 123 125 125 124 122 121 121 119 115 109 106 104 102 98 93 91 89 93 100 104 106 103 97 88 75 66 73 88 95 99 103 114 115 102 104 116 107 88 105 118 117 112 102 93 106 89 78 80 94 119 125 118 95 73 87 107 105 102 116 117 107 106 114 117 125 126 111 97 91 98 104 117 112 105 105 115 120 124 133 139 146 152 155 155 150 151 151 148 149 147 140 135 128 122 121 122 116 106 101 94 97 96 82 64 58 53 50 46 44 39 35 32 29 28 24 21 25 27 28 35 40 45 51 57 77 102 122 133 137 143 152 159 161 154 144 155 153 161 160 157 154 159 165 164 160 148 136 120 113 100 102 112 116 126 129 141 135 130 118 121 122 124 117 119 114 133 136 115 112 121 129 141 141 124 88 118 132 136 127 123 121 133 154 152 147 156 143 142 145 142 133 135 145 140 132 146 157 156 152 151 152 157 153 153 144 150 146 142 138 136 131 129 147 147 146 140 145 139 138 147 155 156 156 158 155 154 149 131 119 109 94 80 82 84 87 85 90 98 103 110 116 119 124 134 142 152 158 157 151 143 137 129 128 130 137 144 146 142 134 129 121 119 120 123 124 126 125 122 120 120 125 131 134 138 140 141 141 140 139 137 134 133 129 127 126 126 126 126 125 123 121 118 116 115 112 112 110 109 108 107 104 104 105 104 104 104 103 102 102 103 104 105 107 108 109 109 109 109 109 109 108 107 106 106 106 105 105 104 103 103 102 101 101 100 99 99 98 97 97 96 95 95 95 94 93 92 91 92 91 90 88 90 89 88 86 86 86 85 85 84 84 84 84 82 82 82 80 79 79 80 80 78 78 77 76 76 76 75 74 73 73 73 73 71 71 71 30 0 0 0 0 0 0 0 0 0 0 
0 0 0 0 0 0 0 0 0 0 0 0 0 0 0 0 0 0 0 0 0 0 0 0 74 91 93 93 90 83 77 72 69 65 61 59 64 67 72 75 79 82 83 84 83 79 75 75 79 86 94 102 101 99 99 99 103 115 126 134 139 143 144 143 141 141 142 142 143 143 143 144 147 150 152 150 149 149 149 149 148 147 145 144 141 139 135 132 129 127 126 132 137 144 152 149 135 124 120 116 114 114 113 109 108 105 102 98 91 88 85 79 76 76 79 81 82 80 80 83 88 94 93 100 105 115 122 125 125 123 120 118 119 116 117 118 117 117 118 119 120 122 124 124 122 121 122 123 120 112 108 103 101 100 98 93 90 90 94 100 102 104 102 97 83 69 68 78 90 97 100 107 128 120 97 102 116 103 96 105 107 117 109 107 115 105 86 87 101 118 133 128 111 97 84 85 96 90 100 122 116 109 124 121 113 118 127 115 97 93 98 97 110 113 115 120 121 120 121 127 134 141 150 153 151 153 156 155 151 146 141 144 140 139 134 130 122 115 113 112 114 113 97 84 69 60 54 49 47 40 41 38 35 32 26 24 25 30 33 39 42 50 54 71 89 110 126 133 129 147 157 157 152 146 148 148 153 160 166 169 167 170 166 157 149 137 122 114 109 103 104 117 130 136 133 133 121 121 120 129 111 118 120 117 122 128 113 91 126 138 137 135 126 107 102 123 129 126 115 129 134 149 154 150 155 156 143 148 152 148 135 135 141 138 134 145 153 156 154 151 154 153 153 146 145 148 139 132 126 129 122 139 143 140 140 141 146 140 138 153 156 154 153 153 151 151 142 120 119 112 90 83 81 84 85 80 86 98 105 113 121 128 136 143 150 157 160 154 148 147 141 138 137 140 143 147 150 142 137 133 127 124 124 123 123 125 122 120 121 127 133 138 142 142 142 143 143 140 140 138 134 130 125 123 121 119 118 118 117 115 114 111 108 107 105 105 104 104 103 103 103 102 102 103 103 102 100 100 101 102 103 104 106 107 108 108 108 108 108 109 108 108 108 107 106 106 105 104 104 103 102 101 101 100 100 100 98 98 97 97 96 96 96 96 94 92 93 94 93 91 91 91 90 89 89 88 86 86 86 86 84 84 84 83 83 83 82 81 80 80 80 80 79 78 78 78 76 77 76 75 75 75 74 74 73 66 0 0 0 0 0 0 0 0 0 0 0 
0 0 0 0 0 0 0 0 0 0 0 0 0 0 0 0 0 0 0 0 0 0 0 32 92 92 94 94 90 85 79 75 71 67 64 62 65 69 73 78 81 82 82 82 82 80 75 75 76 82 92 102 106 108 109 110 112 116 125 131 137 142 146 146 145 144 145 144 145 145 145 145 145 147 149 150 151 149 148 148 147 146 145 143 142 141 137 135 132 128 126 127 128 132 135 143 152 149 135 123 119 116 115 113 111 109 106 101 94 89 86 84 82 83 84 86 90 93 93 91 94 98 102 104 108 114 119 124 127 127 125 123 122 118 115 108 108 112 116 119 123 123 121 123 122 120 120 121 119 116 111 106 102 100 100 95 92 91 93 98 103 105 104 102 94 83 78 74 82 94 99 95 96 120 137 112 107 103 89 90 94 98 109 112 116 115 97 87 89 103 111 119 110 100 100 97 94 101 94 103 112 121 129 124 106 99 106 112 110 104 95 85 94 111 124 124 125 122 119 124 133 136 135 146 152 155 158 157 154 151 148 145 143 137 133 127 127 124 122 120 119 114 103 89 73 68 63 53 46 41 42 45 44 39 28 29 29 32 40 42 44 49 57 75 94 110 123 136 144 149 148 149 144 149 155 158 161 165 166 165 164 162 157 146 146 142 135 126 120 119 122 125 133 123 119 118 121 130 129 118 96 106 104 118 118 103 88 113 130 129 127 119 112 114 113 126 120 121 123 131 141 157 151 139 157 147 150 154 155 148 135 132 141 143 136 148 157 156 153 151 150 145 150 147 150 137 127 125 125 124 125 141 136 133 140 141 146 143 143 152 152 150 147 148 151 150 137 128 123 111 99 93 88 86 79 80 93 102 107 116 124 131 137 144 144 146 148 150 151 150 145 138 139 137 135 136 139 138 133 132 127 123 125 124 119 119 121 123 125 129 136 141 146 145 146 143 140 139 137 135 131 124 120 117 114 112 111 110 109 108 107 105 103 100 99 100 100 101 100 100 101 100 101 100 101 100 99 98 99 101 102 102 105 107 108 108 108 109 108 109 108 108 108 108 108 107 107 106 105 104 103 102 102 101 102 100 99 98 98 98 98 97 96 96 95 95 94 94 93 93 92 92 90 90 89 88 88 88 88 87 85 85 86 85 84 84 83 82 82 81 82 82 79 79 78 78 78 77 76 76 76 75 75 72 73 35 0 0 0 0 0 0 0 0 0 0 0 
0 0 0 0 0 0 0 0 0 0 0 0 0 0 0 0 0 0 0 0 0 0 0 72 92 94 96 95 91 84 79 76 72 69 66 65 66 69 75 82 85 84 81 81 81 78 75 74 73 78 85 95 104 113 117 120 120 120 126 129 134 141 146 147 148 148 147 146 146 146 148 147 146 146 148 149 149 149 150 149 148 147 145 143 142 141 139 137 134 130 127 127 128 127 126 129 134 143 152 149 135 123 119 114 114 113 110 107 100 93 91 90 89 90 93 95 98 103 104 105 104 107 109 110 112 114 117 122 126 128 128 127 125 121 117 112 108 106 110 115 122 125 125 124 122 121 120 119 117 114 112 110 105 104 103 100 97 94 92 97 105 104 104 104 100 90 88 93 85 90 99 98 86 94 114 118 110 100 96 85 96 91 101 117 114 117 105 92 95 97 107 117 126 114 103 102 98 99 94 101 103 89 112 128 122 103 93 105 117 115 109 94 80 89 111 124 126 133 127 130 140 141 142 142 142 147 150 154 158 159 155 155 151 144 133 127 128 129 128 118 115 109 100 92 85 76 66 54 48 44 40 44 44 39 34 37 37 34 46 43 40 49 63 78 92 109 125 138 144 149 158 155 151 154 156 160 156 161 162 163 161 159 156 154 151 145 141 130 128 124 131 127 123 119 117 122 131 146 117 117 107 108 105 101 89 91 102 143 117 125 120 112 111 118 115 118 111 131 129 131 151 160 153 147 152 147 159 160 158 146 134 133 138 141 139 149 155 152 155 152 141 138 143 147 143 122 112 125 123 120 128 128 128 132 139 138 148 141 139 147 149 145 146 151 155 149 135 131 116 110 102 98 94 89 87 95 103 102 104 110 122 132 138 138 135 136 142 149 150 150 145 142 141 139 136 133 140 139 130 124 121 120 122 122 120 122 123 127 130 133 137 141 145 145 145 143 142 141 138 132 124 118 113 110 106 104 105 103 102 101 100 99 99 99 98 98 98 99 98 99 99 100 99 99 99 99 97 98 98 99 101 102 105 106 107 107 108 109 109 107 108 108 108 108 108 107 106 106 105 105 104 104 103 103 102 101 100 99 99 100 99 98 96 96 95 95 94 94 94 93 92 92 91 90 89 89 90 88 87 87 86 86 86 85 85 85 84 83 83 82 82 82 80 79 79 78 79 78 78 77 78 77 76 75 66 0 0 0 0 0 0 0 0 0 0 0 0 
0 0 0 0 0 0 0 0 0 0 0 0 0 0 0 0 0 0 0 0 0 0 32 93 91 95 97 95 90 82 76 74 73 71 69 67 67 70 77 85 87 86 86 84 84 76 75 74 74 76 79 86 97 111 121 128 129 128 129 130 133 137 142 145 148 149 148 148 148 148 149 150 148 147 148 149 148 149 149 149 148 147 146 144 142 140 138 138 135 131 128 127 128 128 128 125 125 129 132 139 150 151 136 122 120 117 115 112 108 102 99 95 92 91 97 97 99 100 103 104 106 111 112 113 113 113 116 120 123 125 126 127 127 123 120 118 114 110 109 111 117 124 127 129 128 126 124 123 120 118 114 111 107 106 105 103 99 97 96 99 103 105 105 107 103 93 83 88 91 92 96 105 94 80 89 104 104 93 90 91 95 93 83 94 101 90 97 84 96 103 114 121 119 123 114 110 103 99 88 86 104 101 99 115 123 129 116 109 120 119 113 106 89 82 89 98 112 117 120 124 129 136 139 146 149 144 146 152 156 158 159 157 149 138 132 127 122 118 119 119 116 111 98 98 87 78 65 57 52 45 37 38 40 40 44 44 39 39 43 45 45 50 66 83 87 105 124 138 152 158 156 154 157 157 159 151 153 157 160 154 155 158 157 155 152 139 132 129 124 125 135 124 119 119 119 134 128 112 110 119 120 126 92 102 100 119 130 127 118 118 107 117 109 122 114 93 116 139 141 144 159 160 146 151 148 152 155 157 156 145 135 131 136 139 139 151 154 152 154 147 137 139 144 150 135 111 114 125 120 117 122 118 131 128 131 139 138 133 135 144 144 140 152 155 151 142 131 124 117 112 104 99 94 91 95 99 102 103 107 114 126 135 137 137 138 142 149 154 157 158 156 155 155 150 144 142 136 129 121 115 115 116 116 116 118 123 126 129 132 136 139 143 145 145 144 144 143 142 138 130 121 112 105 102 100 99 98 97 96 95 95 95 96 97 97 96 97 97 97 97 97 97 99 98 96 95 95 96 97 97 99 101 104 105 106 107 107 108 108 108 108 108 108 108 108 107 106 105 106 105 105 105 104 103 102 101 101 100 99 99 99 98 98 97 95 96 95 95 95 94 93 93 92 92 91 90 90 89 87 88 89 87 86 86 86 85 85 85 84 83 83 82 81 80 79 79 80 79 78 78 78 78 77 76 35 0 0 0 0 0 0 0 0 0 0 0 0 
0 0 0 0 0 0 0 0 0 0 0 0 0 0 0 0 0 0 0 0 0 0 72 92 91 94 97 95 90 81 73 72 71 71 70 68 68 70 76 85 89 92 90 88 85 78 75 75 77 78 78 81 92 109 121 129 133 135 133 133 133 134 137 140 144 147 149 148 149 150 150 150 150 149 149 149 148 149 148 149 149 148 146 145 143 140 138 137 136 133 129 128 128 128 128 126 124 123 122 124 130 139 151 153 136 123 119 114 110 106 99 92 88 85 87 89 91 92 95 97 100 102 107 111 112 111 114 118 121 123 123 125 126 123 120 116 115 115 114 113 116 122 127 132 134 132 132 129 127 124 119 115 110 106 106 108 105 100 101 102 106 108 106 107 109 102 84 79 86 91 89 96 97 88 82 92 99 90 85 91 94 93 85 77 85 91 95 91 85 113 113 123 120 111 116 112 111 111 94 79 98 114 96 83 101 127 129 116 115 118 115 109 86 80 87 89 98 103 108 115 118 117 125 137 143 142 141 147 148 147 145 143 142 138 130 128 126 125 127 122 120 114 105 97 85 74 58 55 50 42 38 37 43 48 48 43 39 43 46 47 50 55 63 82 95 118 132 142 152 154 154 151 147 145 141 139 140 148 152 157 155 157 157 157 150 139 129 131 124 131 133 123 116 122 125 133 111 107 123 122 118 99 104 126 126 132 108 112 111 89 103 115 118 120 104 89 128 144 142 151 159 151 144 149 147 154 147 161 147 141 139 135 139 142 140 148 152 152 154 143 140 142 144 144 129 107 123 125 116 113 120 129 132 125 132 138 130 130 138 141 140 147 154 150 143 132 127 122 113 102 94 90 88 87 97 104 109 114 120 126 131 133 138 137 144 149 155 161 166 161 157 154 151 145 140 130 128 122 117 119 120 121 121 118 118 124 126 128 127 130 136 141 144 144 144 144 142 138 132 125 117 109 101 98 97 96 95 94 93 92 93 94 94 94 94 93 95 95 96 96 96 96 96 97 94 92 92 94 96 96 97 99 102 104 105 106 107 107 108 107 107 107 108 107 107 108 107 106 106 106 105 105 105 104 102 102 101 101 101 101 100 98 98 97 96 96 96 95 95 95 94 93 93 93 91 92 91 91 90 89 89 89 88 88 88 86 85 86 85 84 84 83 82 81 80 80 80 80 80 79 79 78 77 72 2 0 0 0 0 0 0 0 0 0 0 0 0 
0 0 0 0 0 0 0 0 0 0 0 0 0 0 0 0 0 0 0 0 0 28 91 91 90 92 95 96 90 81 72 69 68 70 71 70 70 70 74 81 87 92 94 91 86 79 76 78 81 81 81 82 89 105 121 130 135 137 137 136 135 135 135 136 139 143 146 148 150 152 152 152 151 150 150 149 149 149 149 149 149 148 148 146 144 142 140 138 136 134 131 130 128 128 127 124 123 122 122 121 122 128 131 139 151 153 134 113 109 102 95 88 81 77 76 81 84 87 88 91 95 96 99 105 109 112 114 116 118 120 121 124 125 124 120 116 112 112 117 118 118 121 126 130 133 136 138 134 130 127 124 119 116 112 109 107 109 107 106 106 108 113 111 110 109 108 99 87 81 87 88 83 88 95 86 82 93 90 83 83 81 88 90 78 74 88 93 97 83 87 103 96 104 85 92 109 102 102 108 96 86 99 104 87 82 86 107 120 124 119 120 115 106 95 87 89 95 104 106 109 113 114 113 118 127 136 135 138 143 143 140 138 138 130 127 126 129 129 123 118 117 110 94 85 79 71 55 51 47 42 40 41 50 55 49 43 42 46 50 53 58 60 70 86 105 127 137 146 150 154 147 145 153 154 155 150 151 154 161 160 157 159 155 153 146 137 133 132 128 126 128 128 126 137 143 128 118 121 129 123 122 105 127 145 119 101 100 107 96 96 132 120 112 98 95 111 135 147 141 149 158 145 137 149 156 150 151 156 144 141 144 138 142 142 141 146 148 151 153 145 142 144 145 142 131 121 119 115 111 111 129 138 125 130 136 134 128 131 140 138 141 151 147 141 136 130 121 109 93 78 77 75 77 88 103 115 123 126 131 136 142 145 144 141 137 140 146 155 155 151 151 150 149 145 145 140 133 128 122 120 123 121 119 121 123 124 126 126 126 129 136 142 145 144 143 141 138 134 127 122 116 108 104 100 97 96 95 95 95 93 93 93 93 92 93 93 93 95 95 96 95 95 95 94 91 90 91 93 94 94 96 100 102 103 105 105 106 107 106 107 107 107 109 109 108 107 107 107 107 107 106 105 105 105 104 102 101 101 102 101 101 99 99 99 98 97 97 96 96 95 95 94 94 94 93 93 92 92 91 91 91 90 90 89 88 87 86 86 85 84 84 83 83 83 82 81 81 80 79 80 78 79 77 38 0 0 0 0 0 0 0 0 0 0 0 0 0 
0 0 0 0 0 0 0 0 0 0 0 0 0 0 0 0 0 0 0 0 0 64 89 91 91 90 93 96 92 83 73 69 70 71 71 72 72 71 73 77 82 87 92 91 86 81 80 84 86 83 83 83 89 102 118 130 135 139 138 138 138 138 136 134 135 138 142 146 151 152 153 153 152 152 151 150 150 149 150 149 149 149 148 147 146 143 141 139 137 134 131 129 128 127 126 123 123 122 123 121 121 122 121 123 126 134 147 150 128 103 97 88 80 72 70 74 78 83 87 88 91 93 94 99 104 110 112 114 117 119 120 123 125 124 122 119 115 113 117 120 121 122 126 129 133 137 137 137 135 130 128 125 122 119 114 110 111 114 112 111 113 116 117 116 114 111 105 97 82 84 92 92 82 85 92 87 88 93 87 79 66 75 89 87 83 82 84 91 87 74 89 86 82 87 89 109 95 83 100 111 109 106 108 108 94 83 88 99 122 126 119 116 116 113 101 85 74 96 107 104 107 109 109 107 117 126 128 132 146 147 148 140 135 128 115 110 115 116 111 109 105 96 83 75 72 73 54 50 44 42 45 51 55 54 46 41 43 47 48 54 60 65 78 94 113 132 137 142 148 157 157 164 162 165 158 152 151 157 156 159 159 152 147 144 140 144 139 135 126 120 125 125 125 139 137 124 127 133 140 128 125 123 132 137 97 105 122 114 115 133 140 117 86 84 113 135 136 140 139 151 155 146 140 153 157 143 156 152 145 142 142 140 141 141 145 141 138 150 152 144 139 145 148 142 131 116 112 119 119 124 129 129 126 133 138 132 128 134 141 144 148 148 142 141 135 124 105 86 76 74 77 80 86 98 111 119 126 129 134 140 144 144 140 133 130 132 143 145 143 141 137 139 138 138 139 135 136 132 131 131 125 119 116 114 119 123 121 122 126 131 140 145 147 145 142 139 134 130 125 121 116 110 107 104 101 99 97 97 95 94 93 93 93 94 94 92 94 95 95 94 93 94 93 91 87 87 89 91 93 95 97 99 102 102 104 105 106 106 106 108 108 108 109 109 109 108 108 107 108 107 106 105 105 105 104 102 102 103 103 102 101 101 100 99 99 99 97 97 97 96 95 96 95 95 94 93 94 93 92 91 91 91 90 89 89 88 88 87 87 87 85 84 84 84 83 83 82 81 80 80 80 80 77 5 0 0 0 0 0 0 0 0 0 0 0 0 0 
0 0 0 0 0 0 0 0 0 0 0 0 0 0 0 0 0 0 0 0 23 84 89 92 94 92 92 94 91 85 77 74 73 72 72 74 74 74 73 74 76 80 84 86 84 83 81 85 88 87 84 86 90 100 113 127 134 137 139 140 139 140 138 136 136 136 139 142 147 151 153 153 153 153 153 152 151 150 150 150 150 149 149 147 146 144 142 139 137 136 133 130 127 128 127 125 123 122 121 120 118 117 117 116 115 117 122 132 145 148 122 95 83 75 70 69 72 77 82 85 90 92 91 94 99 105 110 112 115 118 120 122 123 123 123 122 118 115 115 117 121 124 127 131 133 136 136 135 133 133 132 130 127 124 121 116 113 114 115 116 117 122 121 119 117 112 104 100 87 82 85 91 84 81 87 91 84 85 88 81 66 64 85 94 84 77 68 81 84 82 86 87 76 74 85 105 111 89 78 100 116 99 103 105 108 102 94 109 122 123 112 113 114 118 120 99 82 92 104 108 110 106 112 116 114 110 122 129 134 139 138 134 126 124 120 109 104 103 99 93 90 74 74 74 74 68 60 51 45 45 51 56 57 50 43 42 44 45 44 48 64 70 88 105 112 124 134 137 144 156 159 154 143 139 146 149 157 156 156 153 153 150 143 142 140 135 131 128 124 118 122 119 123 127 129 132 133 134 129 107 116 120 122 109 102 111 116 116 124 143 124 113 101 113 133 137 134 141 136 155 154 140 146 156 146 142 153 148 137 139 145 140 140 146 146 137 136 148 152 143 128 139 145 142 126 113 115 128 133 128 126 124 128 132 131 129 132 139 145 144 145 142 142 141 134 118 94 77 80 85 88 95 96 102 109 117 125 131 138 141 144 145 145 146 146 148 148 146 146 145 140 137 140 137 131 126 120 120 126 126 125 121 115 114 118 121 120 118 120 127 135 142 146 145 142 139 133 127 123 118 114 111 109 107 103 101 101 99 98 98 95 95 95 94 94 93 93 95 94 92 92 91 89 87 86 86 87 89 91 94 96 98 100 101 103 104 105 105 108 107 107 107 108 108 109 109 108 108 109 108 106 106 106 106 105 104 103 104 104 102 102 101 100 100 100 99 98 98 98 97 96 96 95 95 95 94 95 94 93 92 92 91 90 90 91 89 88 87 87 88 86 85 85 84 83 83 82 82 82 81 81 81 43 0 0 0 0 0 0 0 0 0 0 0 0 0 0 
0 0 0 0 0 0 0 0 0 0 0 0 0 0 0 0 0 0 0 0 73 96 90 97 98 96 91 91 90 84 78 76 74 75 75 76 77 77 76 73 70 72 74 75 76 77 80 84 90 89 87 88 92 97 107 121 131 135 138 139 139 139 139 139 138 137 138 141 145 148 150 152 154 154 154 153 151 151 151 151 151 149 149 148 146 144 142 139 138 136 135 133 131 130 128 126 123 119 119 118 117 116 116 116 116 114 110 116 123 132 141 143 113 80 72 69 68 73 77 82 87 88 89 90 94 100 107 109 115 119 121 122 122 122 123 124 122 117 112 113 117 123 127 129 132 134 134 135 135 134 134 134 132 128 125 122 117 116 119 123 122 121 122 121 117 116 110 107 101 92 81 81 80 75 71 76 78 85 90 93 75 63 71 93 105 92 75 75 94 98 91 91 89 79 82 94 123 109 88 75 69 85 103 111 109 112 99 86 106 120 113 114 112 109 113 118 101 94 98 108 118 110 101 108 112 119 121 129 127 121 123 124 120 116 118 108 100 100 98 97 87 82 77 71 67 58 56 55 51 49 52 56 57 51 41 39 42 43 44 52 63 71 88 109 109 120 131 134 136 139 140 141 138 151 156 155 160 155 150 152 157 155 150 141 133 126 125 128 124 120 124 128 126 124 128 133 134 126 109 97 94 94 98 99 98 106 111 115 118 117 113 116 117 142 155 142 146 143 147 152 147 141 145 151 133 141 151 143 136 140 143 137 140 150 147 135 140 149 150 134 123 136 141 140 119 119 125 130 129 127 120 115 123 129 124 127 137 142 139 136 138 137 140 139 130 113 97 93 92 93 96 93 95 104 113 123 129 133 137 142 148 150 153 152 151 151 152 156 153 151 146 150 152 146 136 129 127 126 124 127 125 123 118 116 120 125 125 123 123 125 129 135 138 138 137 135 134 131 126 121 118 115 113 111 108 105 103 102 101 100 98 97 96 95 94 94 94 94 93 91 90 88 85 84 84 85 87 89 91 93 95 98 99 101 102 104 104 105 106 106 106 107 108 109 108 109 109 109 109 108 107 107 106 106 105 105 104 104 104 103 102 102 101 101 100 100 99 98 98 98 97 96 96 96 95 95 95 94 94 94 93 93 91 91 90 89 88 87 88 88 87 87 86 85 85 85 83 82 83 82 82 79 7 0 0 0 0 0 0 0 0 0 0 0 0 0 0 
0 0 0 0 0 0 0 0 0 0 0 0 0 0 0 0 0 0 0 29 115 117 120 114 119 113 103 102 94 87 83 72 72 72 76 80 80 80 78 74 67 66 63 62 66 70 77 84 88 90 86 87 90 94 102 114 124 132 136 137 138 138 140 142 142 140 140 141 143 147 149 151 154 154 155 154 153 152 152 152 152 150 150 148 146 144 142 139 138 137 137 135 132 129 126 124 122 120 118 119 118 118 117 118 117 116 114 112 112 115 120 128 138 139 108 78 71 71 75 80 84 85 86 87 90 97 105 110 114 119 122 125 124 122 122 123 122 121 119 115 113 118 124 128 129 132 132 133 135 136 134 133 134 132 129 127 124 122 122 125 126 125 124 123 118 116 115 114 111 106 101 88 77 73 64 64 73 84 88 80 70 65 70 79 96 101 100 85 89 101 100 100 105 101 94 102 123 134 111 95 66 77 99 120 126 121 109 89 84 89 107 98 104 113 112 110 99 89 106 108 98 99 93 100 107 110 116 118 121 124 119 113 110 106 99 100 95 93 98 91 83 81 76 68 64 59 54 55 55 52 56 58 61 52 42 38 41 44 48 55 65 74 89 100 111 123 135 138 134 125 143 150 157 156 158 155 162 162 156 156 157 149 146 140 134 128 124 129 131 127 133 142 135 129 130 133 134 123 109 94 91 102 107 104 105 118 119 113 105 96 121 119 130 148 151 145 145 144 154 142 141 142 147 142 136 140 148 143 139 146 140 137 140 150 143 135 143 151 148 127 128 137 140 130 120 122 124 129 126 127 112 106 115 123 125 130 141 136 131 133 136 140 138 132 122 111 111 101 93 99 98 99 107 119 124 129 131 133 134 143 148 149 147 143 140 140 143 146 148 149 145 145 149 149 144 140 141 138 141 137 135 131 126 123 124 126 128 129 128 127 128 131 133 133 132 132 130 129 129 127 123 123 119 114 111 107 104 103 102 101 99 99 98 96 96 95 93 93 92 90 88 85 83 82 82 84 86 89 90 92 95 97 99 101 101 102 102 104 105 105 106 108 109 109 109 109 109 109 109 108 108 107 106 105 105 105 105 105 104 103 104 103 102 101 101 99 99 100 99 98 98 98 98 97 96 96 95 95 95 94 94 94 93 92 92 91 90 90 90 89 87 87 86 86 86 86 84 85 84 85 83 44 0 0 0 0 0 0 0 0 0 0 0 0 0 0 0 
0 0 0 0 0 0 0 0 0 0 0 0 0 0 0 0 0 0 0 63 100 100 103 112 111 115 125 114 122 113 104 102 89 83 90 86 86 87 82 77 69 63 58 56 57 61 66 76 82 85 83 83 86 89 97 107 117 127 133 135 137 138 141 143 144 144 143 144 144 146 149 151 153 153 154 155 154 153 153 153 152 151 150 148 146 145 142 141 140 137 135 132 130 126 124 122 121 118 117 118 119 119 120 120 120 118 115 114 113 110 106 109 118 127 136 137 107 80 75 79 81 83 85 86 88 94 101 107 114 119 123 126 126 125 124 124 122 123 121 118 117 119 121 126 127 130 131 129 132 136 135 133 133 133 133 131 129 127 125 126 128 128 126 124 121 114 114 119 115 109 104 98 92 83 79 75 69 75 88 94 76 65 68 70 81 95 97 99 95 100 114 116 121 113 102 90 111 129 127 122 97 79 104 129 141 128 117 107 97 86 96 106 108 113 118 100 86 80 95 110 109 103 111 112 109 110 115 115 114 117 113 119 115 112 107 100 97 90 83 79 71 75 70 71 67 61 61 57 58 61 60 59 60 50 38 39 40 43 47 59 73 82 93 84 105 131 141 143 141 138 150 160 164 164 164 159 161 162 161 160 153 148 144 137 133 133 139 135 138 136 140 144 136 132 134 130 117 111 111 112 114 124 120 116 121 131 124 113 108 114 126 112 130 142 144 147 142 146 147 139 138 140 152 138 143 147 143 139 143 149 143 140 141 153 138 139 147 147 140 126 125 138 138 119 122 121 127 125 124 122 103 96 106 128 132 135 137 134 133 135 139 137 129 128 120 112 104 100 103 105 106 109 119 124 128 131 133 138 141 144 145 145 140 138 134 132 130 128 131 131 130 125 131 139 136 135 131 130 128 130 131 128 132 130 128 128 129 131 130 131 132 134 134 134 135 133 130 128 125 124 122 123 124 124 118 111 107 106 104 101 100 99 97 96 96 95 93 92 90 87 85 81 80 80 82 83 85 88 90 92 95 97 98 99 101 101 102 103 105 106 107 106 107 108 109 109 109 109 109 109 109 108 107 106 106 106 106 106 105 105 105 104 102 101 102 100 100 99 100 99 99 98 98 98 98 97 97 97 97 94 94 94 94 93 93 92 91 91 91 90 89 89 88 87 88 86 86 86 84 84 83 7 0 0 0 0 0 0 0 0 0 0 0 0 0 0 0 
0 0 0 0 0 0 0 0 0 0 0 0 0 0 0 0 0 0 24 94 93 93 95 96 96 90 90 96 94 100 107 99 110 112 109 123 111 107 106 92 83 73 59 58 55 56 58 65 74 79 79 80 84 83 90 98 108 119 128 132 135 137 139 143 144 145 145 145 146 149 150 150 151 152 154 155 154 153 154 153 152 151 150 149 147 145 143 143 140 136 132 129 126 123 120 118 117 116 115 116 117 120 121 122 121 120 117 114 112 109 106 104 100 105 117 131 134 133 106 84 81 84 87 87 88 92 97 104 109 116 124 127 127 127 127 126 125 124 123 119 117 119 123 123 126 129 131 130 129 132 135 138 135 134 134 134 133 132 130 129 131 130 129 127 125 121 116 117 118 113 105 102 98 88 70 72 81 81 73 82 79 66 67 77 81 88 97 102 101 97 91 110 126 122 108 96 103 121 125 111 98 95 109 131 138 128 122 119 117 89 82 104 119 125 124 131 110 85 91 107 115 112 110 114 113 112 114 111 103 106 109 103 108 101 102 103 98 91 89 77 73 67 70 73 71 68 65 63 67 69 60 58 53 44 32 34 34 41 44 61 79 91 102 114 118 129 136 145 147 154 157 159 162 160 159 157 157 157 159 158 150 147 143 138 132 133 138 131 128 138 140 135 133 128 122 112 113 131 112 118 125 121 118 116 122 130 127 121 119 124 113 111 121 133 142 147 140 148 146 143 139 144 145 140 148 152 141 133 147 148 140 144 148 147 139 142 149 139 136 117 114 123 125 119 122 121 133 122 130 115 96 101 121 135 138 137 138 138 141 140 136 130 128 127 119 109 98 99 105 111 116 120 126 131 133 134 134 140 142 140 139 139 140 140 136 129 118 118 110 110 113 110 113 113 119 118 117 119 122 118 113 119 130 134 135 136 132 128 129 133 136 137 135 133 134 134 134 130 126 124 122 121 121 122 123 124 118 110 107 104 103 101 99 98 97 95 92 89 87 84 82 80 79 80 82 83 85 88 90 93 95 96 97 99 100 101 102 103 105 106 106 105 107 108 109 110 109 109 109 109 109 109 107 107 107 105 107 105 106 106 105 104 102 103 102 101 101 101 101 100 100 99 99 98 98 97 98 98 99 96 95 95 94 93 93 93 92 91 92 92 91 91 89 88 87 88 86 86 85 85 47 0 0 0 0 0 0 0 0 0 0 0 0 0 0 0 0 
0 0 0 0 0 0 0 0 0 0 0 0 0 0 0 0 0 0 69 97 94 94 95 96 95 88 82 82 82 82 79 80 74 81 90 97 113 120 118 130 115 106 101 83 75 72 57 64 69 72 76 78 82 85 88 92 101 111 124 130 133 136 138 141 143 147 147 148 149 150 151 150 150 151 153 154 153 153 153 153 152 151 151 150 148 147 145 142 137 133 129 127 124 120 116 115 114 114 113 113 115 118 120 122 121 121 119 115 112 109 106 104 100 98 96 103 120 134 135 130 108 92 90 92 94 96 99 103 106 111 118 124 128 129 129 131 129 128 125 121 118 119 120 122 125 128 132 133 131 131 133 137 138 138 136 136 136 135 132 131 131 131 130 129 126 125 120 115 118 119 111 104 103 98 91 78 76 84 80 76 77 73 69 75 86 93 94 98 104 100 91 93 117 125 113 98 92 95 110 111 97 103 111 121 124 118 114 120 130 108 67 76 106 101 101 120 124 123 108 99 101 111 118 114 108 110 109 106 102 98 104 103 96 96 90 96 92 88 85 80 71 66 67 70 69 72 72 75 72 70 63 56 53 47 35 28 31 42 53 65 78 91 101 117 123 136 140 149 151 151 151 151 156 155 156 157 157 159 158 156 153 154 143 140 141 136 128 123 125 136 132 134 132 124 123 126 118 117 118 135 133 123 105 92 107 119 120 119 115 115 106 114 114 134 143 142 141 145 146 145 146 146 142 138 148 149 141 141 150 147 137 149 148 145 143 148 148 141 134 115 103 116 121 122 123 129 131 128 127 110 100 117 136 136 136 139 141 141 141 137 136 132 126 116 106 101 100 106 115 118 121 124 130 133 133 133 136 139 143 141 139 133 140 143 143 140 137 129 123 120 123 124 118 115 113 110 113 115 121 121 119 115 119 131 135 134 133 130 129 133 137 136 133 130 130 131 131 130 129 127 124 123 121 121 121 122 124 127 120 111 107 105 103 101 100 97 94 91 86 83 81 80 79 80 81 83 85 88 91 93 94 96 97 99 100 101 101 103 104 105 106 107 108 108 109 110 110 110 110 110 110 110 108 107 106 106 106 105 106 105 105 105 105 104 102 102 101 101 101 101 101 99 100 99 99 99 98 98 98 96 96 96 96 95 93 94 93 93 93 93 92 92 91 90 90 89 87 87 86 86 10 0 0 0 0 0 0 0 0 0 0 0 0 0 0 0 0 
0 0 0 0 0 0 0 0 0 0 0 0 0 0 0 0 0 21 101 101 98 94 96 98 95 89 83 80 80 83 81 77 73 71 73 81 86 95 102 101 110 108 102 112 106 99 112 96 92 94 84 85 88 86 89 92 98 107 118 127 130 134 135 138 141 145 146 148 149 153 152 150 150 150 150 151 152 153 153 152 152 151 151 150 149 147 146 141 136 132 129 126 124 120 115 113 113 113 111 112 113 114 116 119 120 121 120 115 113 110 107 103 99 97 96 94 92 101 123 141 138 128 113 101 100 102 103 105 108 110 112 118 123 126 130 132 132 133 129 125 122 121 122 123 123 127 132 135 135 132 131 132 138 142 139 137 137 136 135 133 133 132 132 131 127 126 124 118 116 116 115 106 103 105 100 90 80 86 94 89 76 66 69 74 85 103 104 98 107 93 85 82 85 104 111 100 92 92 102 103 89 82 98 110 114 112 113 111 126 129 119 96 102 108 83 84 111 119 113 117 107 89 89 101 105 109 111 112 111 107 98 100 96 98 100 101 98 86 90 88 80 73 67 67 63 76 73 75 76 73 71 66 54 49 35 27 29 43 53 65 76 86 99 115 126 131 144 155 155 154 152 150 148 150 151 155 157 160 157 156 154 146 140 142 144 130 125 122 125 129 131 137 135 132 132 121 109 129 132 122 127 119 104 103 117 121 123 116 116 118 118 118 124 145 147 144 137 150 146 145 144 146 143 138 146 143 139 148 145 142 139 143 148 148 146 153 144 143 139 122 116 121 126 126 125 131 129 129 123 120 122 130 136 134 135 140 140 139 139 137 135 129 117 103 102 105 105 110 117 121 123 127 133 137 139 138 142 147 151 153 148 148 152 156 154 153 149 140 132 132 135 135 132 125 119 114 115 119 125 130 128 122 122 130 133 133 128 128 128 128 131 134 131 128 128 129 130 129 128 128 128 126 124 124 123 123 122 121 124 126 118 111 108 105 103 101 96 93 88 85 82 81 80 81 81 83 86 87 90 92 94 96 97 99 100 100 102 103 104 105 106 106 107 107 109 110 109 110 110 110 110 110 107 108 106 107 106 106 106 106 106 105 104 104 103 103 102 103 102 102 102 101 100 100 101 100 99 99 98 97 96 97 96 95 93 94 94 93 93 93 93 92 92 90 90 91 89 88 88 51 0 0 0 0 0 0 0 0 0 0 0 0 0 0 0 0 0 
0 0 0 0 0 0 0 0 0 0 0 0 0 0 0 0 0 62 96 98 98 94 93 95 95 92 86 82 81 81 81 79 77 77 76 78 80 85 92 97 96 91 86 77 81 83 80 98 108 105 124 114 113 118 108 104 107 106 115 122 128 134 137 138 140 144 146 147 149 152 152 152 151 150 149 150 152 153 153 152 152 151 149 149 149 147 145 142 138 134 130 126 125 121 117 113 112 113 113 112 111 111 111 112 116 119 119 118 116 113 108 103 98 95 94 92 91 91 92 103 128 148 138 128 117 111 108 109 112 113 114 117 118 120 123 126 128 130 130 130 128 127 127 126 125 126 129 134 136 136 134 133 137 142 142 140 138 136 135 135 135 133 134 133 132 129 126 121 119 121 119 117 106 110 111 100 86 84 87 91 91 75 63 78 81 92 113 121 107 97 79 85 80 80 96 103 90 91 104 105 88 72 91 95 97 104 107 102 110 130 134 116 111 121 119 109 104 94 93 93 101 98 87 90 96 107 113 112 122 122 126 117 118 109 105 94 91 88 85 86 78 77 80 80 87 83 84 85 81 73 63 52 48 49 36 29 33 44 53 63 77 95 110 124 132 138 147 155 155 152 152 151 154 153 159 160 160 158 155 152 142 134 139 133 135 130 129 127 132 135 143 143 139 127 131 129 134 130 123 120 119 106 101 108 113 120 125 125 124 118 113 123 136 149 145 136 138 150 148 149 144 149 144 141 139 137 140 144 136 139 137 142 150 148 146 148 142 140 136 123 122 127 126 125 128 129 127 127 126 128 132 135 135 137 138 137 136 138 139 138 133 122 116 117 115 106 100 101 113 119 120 125 132 135 136 138 142 147 152 155 150 150 152 157 157 157 154 150 144 139 137 138 138 133 126 119 118 122 129 131 130 127 130 133 136 136 136 130 127 124 125 128 131 132 130 128 129 128 129 129 129 128 126 125 126 125 124 122 120 119 121 124 118 110 106 103 99 95 90 88 84 83 82 83 83 84 86 87 90 91 95 96 98 99 99 101 102 103 104 105 105 106 107 108 109 110 110 110 110 111 111 109 110 109 108 108 107 107 106 106 106 105 105 105 104 104 105 103 103 103 103 102 102 101 101 101 101 100 98 98 98 98 97 96 95 96 95 94 94 95 93 93 92 91 91 90 89 89 89 14 0 0 0 0 0 0 0 0 0 0 0 0 0 0 0 0 0 
0 0 0 0 0 0 0 0 0 0 0 0 0 0 0 0 16 89 89 90 94 92 89 90 91 91 88 85 82 80 80 78 78 80 79 78 78 79 86 93 97 97 90 83 77 70 65 62 70 77 79 100 114 118 133 133 128 134 130 127 133 133 137 140 141 143 145 147 149 152 153 154 154 153 150 150 151 153 153 153 153 151 148 148 148 146 145 144 139 135 131 127 125 124 120 117 113 114 114 112 110 110 109 109 111 115 117 118 116 113 109 103 98 94 92 91 92 89 89 90 93 107 132 153 142 128 118 115 114 116 119 120 119 120 117 119 122 124 127 128 128 129 130 131 131 129 129 131 132 135 137 136 135 137 141 141 138 137 137 135 134 135 135 135 136 132 128 125 121 121 120 118 111 104 111 114 106 88 83 86 92 89 71 73 84 92 107 120 110 96 85 77 80 73 76 99 103 89 104 100 99 97 94 90 93 111 114 110 110 118 131 123 106 111 131 128 131 117 93 86 95 94 97 93 86 89 95 98 96 110 113 112 110 105 95 95 95 97 82 73 77 81 80 78 73 82 82 75 69 65 59 51 43 41 35 32 38 56 65 66 76 100 115 123 125 120 134 135 145 143 149 153 158 164 164 161 161 155 151 147 139 135 135 135 133 131 131 136 138 141 137 126 111 112 124 134 129 124 121 110 99 93 93 89 100 116 130 132 114 105 108 125 135 151 136 131 144 148 153 152 148 147 141 138 142 140 147 137 136 140 141 143 145 139 136 141 137 138 129 117 120 127 125 126 132 128 126 128 133 136 135 138 137 137 136 137 135 139 139 132 124 123 122 119 110 104 106 113 118 121 121 121 125 131 136 141 141 144 144 146 145 146 150 153 156 155 154 154 151 145 144 142 141 141 135 128 126 129 133 130 126 124 127 133 137 136 134 133 133 131 131 132 133 134 134 133 132 129 130 131 131 129 128 126 125 126 125 124 122 120 119 118 121 123 117 108 102 98 93 90 86 86 86 86 87 87 88 89 91 93 95 97 98 100 100 101 101 103 103 105 105 106 107 109 109 109 110 111 111 111 110 109 110 110 110 108 108 107 107 107 107 107 106 105 105 104 104 104 104 104 103 103 103 102 102 101 101 101 99 98 98 99 98 97 98 97 96 95 95 95 94 94 93 93 92 91 90 89 52 0 0 0 0 0 0 0 0 0 0 0 0 0 0 0 0 0 0 
0 0 0 0 0 0 0 0 0 0 0 0 0 0 0 0 56 86 82 83 87 88 83 85 88 90 88 86 83 80 78 77 77 80 80 78 76 77 81 89 95 99 93 92 87 80 72 66 65 65 69 74 83 98 105 119 128 131 139 144 143 150 149 147 147 147 146 147 149 151 154 156 157 155 153 152 151 152 153 152 152 151 149 147 145 146 144 142 140 137 132 130 127 125 123 121 117 115 114 114 112 111 108 108 110 112 115 117 115 113 110 104 98 96 92 91 89 88 88 88 90 94 98 109 137 158 143 126 120 118 121 126 126 125 122 121 120 122 124 125 126 126 130 133 133 134 133 131 128 130 133 135 134 135 138 140 140 141 140 135 135 133 134 135 136 134 131 129 125 124 122 121 116 110 107 112 113 108 99 93 96 101 95 83 81 90 104 118 120 114 103 105 103 87 71 78 90 92 93 97 86 101 118 117 101 109 116 112 107 91 94 117 115 100 102 118 123 121 124 114 113 113 106 97 94 87 89 93 92 100 114 112 115 110 108 104 105 103 84 89 87 82 81 75 83 83 81 68 63 58 53 48 40 38 38 42 47 59 67 74 81 98 111 117 130 128 126 141 144 154 155 162 160 161 159 154 152 147 146 147 140 137 136 134 130 137 140 139 139 138 126 111 120 132 143 135 133 131 132 115 101 92 99 94 110 122 127 120 87 99 125 131 136 134 129 138 146 149 156 153 147 142 135 138 143 147 147 139 146 142 139 142 141 131 127 131 135 137 127 119 126 124 124 126 129 130 127 131 136 137 137 137 136 134 134 134 136 139 134 128 127 125 120 112 109 109 112 117 122 120 124 127 129 132 136 142 148 147 148 149 150 151 151 151 153 156 155 157 153 150 145 145 145 144 146 141 138 140 138 134 126 121 120 123 129 131 131 132 134 135 135 134 136 137 136 136 136 136 134 132 133 132 131 130 130 128 126 126 124 123 121 120 119 118 119 120 113 103 96 94 93 90 88 89 89 90 93 93 93 95 96 98 98 99 101 101 101 102 103 105 106 106 107 109 110 110 111 111 110 111 110 108 108 109 110 108 108 108 108 108 107 106 106 106 106 105 105 104 103 103 103 103 103 103 103 102 102 101 101 100 100 99 99 99 99 98 96 96 97 96 96 95 94 94 93 91 91 91 14 0 0 0 0 0 0 0 0 0 0 0 0 0 0 0 0 0 0 
0 0 0 0 0 0 0 0 0 0 0 0 0 0 0 19 96 89 85 82 82 84 83 84 87 88 86 86 84 79 76 72 73 77 78 77 77 77 79 84 91 95 97 100 98 92 85 78 75 71 71 75 82 94 103 109 115 122 126 132 138 139 148 157 154 157 158 153 153 154 154 156 157 157 156 155 152 153 153 154 152 150 149 148 147 147 145 142 141 138 134 132 129 127 125 124 121 119 117 116 115 114 111 110 111 112 114 116 116 114 111 106 101 98 94 92 88 87 87 87 86 88 91 94 101 114 139 162 146 126 122 126 129 130 129 127 125 123 122 124 125 127 129 130 132 135 136 135 132 131 131 133 134 134 136 139 142 145 143 141 138 135 134 135 136 134 134 131 128 124 120 120 119 117 108 99 109 115 111 109 105 104 105 99 103 97 101 118 117 110 105 97 108 112 84 75 82 99 96 99 100 94 109 120 108 77 92 100 101 91 87 94 105 107 105 112 123 127 125 127 119 110 110 105 102 103 94 94 111 111 107 109 103 101 88 83 86 88 89 84 84 88 83 81 83 77 75 71 70 60 55 45 39 41 37 41 47 61 70 82 89 92 101 118 131 140 143 151 155 155 157 160 161 160 158 153 147 144 142 143 142 141 140 134 136 147 144 136 139 141 127 123 124 130 126 126 119 127 129 125 123 133 145 139 118 112 112 98 96 114 128 128 126 127 129 140 143 147 150 147 144 142 138 142 142 150 145 148 150 140 136 141 142 127 127 131 135 133 125 123 123 120 122 126 129 131 132 134 138 139 138 137 136 136 133 135 139 137 133 128 124 119 114 115 112 113 116 121 124 128 129 132 132 135 135 135 138 144 147 145 147 146 146 143 147 151 153 152 150 150 147 144 144 141 140 142 142 141 138 134 131 128 122 117 123 126 128 130 132 135 139 137 133 136 137 137 137 138 138 139 138 136 134 133 133 133 132 130 127 126 124 121 120 119 117 114 115 116 109 100 96 95 94 93 94 94 95 95 95 96 98 99 99 99 101 102 103 103 104 105 106 106 108 108 109 110 111 112 111 111 110 110 110 110 110 110 109 108 108 107 108 107 106 105 106 106 106 105 104 104 105 103 104 104 103 103 103 101 102 102 101 101 100 100 100 98 98 97 96 97 95 95 96 95 94 94 93 58 0 0 0 0 0 0 0 0 0 0 0 0 0 0 0 0 0 0 0 
0 0 0 0 0 0 0 0 0 0 0 0 0 0 0 68 104 99 94 90 87 87 87 87 86 86 86 87 86 81 76 70 69 69 72 74 75 76 77 80 84 89 95 102 104 102 97 93 87 78 77 78 84 93 104 111 116 122 126 130 132 134 137 140 146 150 155 160 159 160 162 161 161 160 159 157 155 154 152 153 153 151 149 149 149 148 146 144 142 140 137 134 132 129 127 126 125 123 121 120 119 117 115 114 112 113 115 118 117 116 113 109 105 100 95 92 89 87 86 84 83 85 88 90 92 98 108 122 146 162 143 129 128 130 131 130 130 128 125 125 125 128 130 130 133 135 137 138 137 137 136 133 132 133 134 136 140 143 143 142 141 139 135 134 135 134 133 132 130 126 124 121 119 120 116 105 103 107 108 113 113 103 98 102 110 108 100 112 131 124 108 86 97 116 104 94 95 93 85 82 87 96 93 103 117 106 86 97 99 114 113 101 102 116 126 122 116 130 140 138 125 113 110 118 100 74 84 98 103 120 111 108 115 102 93 90 98 92 85 90 86 88 86 77 71 64 70 73 65 53 47 46 46 45 39 41 45 59 72 87 98 101 116 127 134 143 153 158 159 153 155 154 157 158 153 149 142 139 141 142 141 136 133 134 138 138 129 139 142 127 116 110 122 121 120 118 113 120 122 126 142 152 142 128 116 112 111 121 125 125 126 126 126 130 135 138 139 148 144 142 148 149 145 142 143 148 142 149 147 133 132 140 138 126 124 130 134 126 118 118 116 120 128 129 131 133 135 136 139 139 137 137 137 138 139 142 140 135 133 130 125 121 121 119 118 116 120 121 124 125 124 126 128 132 131 131 129 131 132 133 135 137 139 140 143 147 147 145 147 146 145 142 140 139 138 140 140 139 135 132 131 129 126 121 120 121 125 127 129 133 138 140 140 138 138 139 139 139 140 141 141 141 138 137 137 135 135 135 134 130 129 126 122 121 118 114 111 111 113 112 107 101 97 97 98 98 97 97 97 98 98 98 100 101 102 100 102 104 105 105 106 106 107 108 109 110 111 111 112 112 111 111 111 110 110 109 108 108 108 108 107 108 107 107 106 105 106 106 104 104 104 105 104 104 105 104 102 102 102 102 102 102 102 101 101 98 99 98 98 97 96 96 96 95 95 94 94 17 0 0 0 0 0 0 0 0 0 0 0 0 0 0 0 0 0 0 0 
0 0 0 0 0 0 0 0 0 0 0 0 0 0 17 111 109 108 105 102 97 94 92 91 90 88 86 89 90 85 79 74 70 67 68 67 71 73 75 77 80 83 90 97 101 103 104 103 98 93 86 84 88 95 104 114 120 123 127 130 134 136 137 138 141 144 148 151 154 156 157 161 165 163 168 165 160 157 156 153 153 153 151 150 151 148 147 146 145 142 138 136 134 131 130 129 127 125 124 125 124 122 121 119 116 114 116 118 119 118 116 113 108 102 97 91 90 88 85 83 81 82 83 87 90 94 99 108 120 135 149 158 145 132 128 130 132 131 132 130 129 130 132 135 134 135 136 139 138 138 139 137 135 133 132 133 137 141 143 144 143 142 138 134 135 136 135 130 129 128 125 124 121 122 125 117 106 103 104 98 109 112 100 97 109 114 109 101 116 125 120 99 84 107 111 101 101 108 93 72 71 97 114 102 101 121 129 123 102 96 117 121 104 95 114 135 136 127 125 130 126 112 109 108 106 94 83 77 76 67 83 93 98 107 99 99 89 94 96 92 93 87 80 72 71 75 73 70 59 52 52 59 63 47 39 47 48 54 68 89 106 121 125 134 138 147 158 160 157 153 150 151 153 153 146 141 144 146 141 137 132 131 128 131 132 133 135 141 138 132 125 133 129 112 113 114 111 111 115 123 136 139 109 123 121 123 134 143 136 132 131 133 125 133 134 139 145 147 142 143 151 151 146 144 142 140 142 144 140 133 136 138 128 118 120 130 131 120 112 113 116 128 139 134 136 135 137 139 139 138 138 140 143 145 143 138 134 130 129 127 122 118 116 114 111 109 110 110 111 113 111 113 115 118 122 124 123 122 124 125 125 131 133 138 141 142 143 142 142 144 144 148 147 139 139 141 141 140 135 131 126 125 125 125 120 119 123 127 128 130 135 140 142 142 142 143 143 142 141 140 141 140 138 138 137 136 136 136 136 134 133 130 129 125 123 118 114 112 112 113 113 111 106 101 100 100 99 99 99 100 100 99 100 102 102 101 101 103 104 105 105 107 108 109 110 111 111 111 112 113 112 111 111 111 110 109 108 109 107 108 109 109 107 107 108 108 107 106 105 105 106 106 105 104 104 103 103 103 104 103 101 102 102 101 100 99 99 99 99 98 98 97 98 97 96 95 62 0 0 0 0 0 0 0 0 0 0 0 0 0 0 0 0 0 0 0 0 
0 0 0 0 0 0 0 0 0 0 0 0 0 0 60 105 108 111 112 111 106 102 99 97 97 93 89 90 93 89 85 81 76 72 71 69 69 68 68 69 72 75 81 89 96 100 105 109 109 104 98 96 96 100 109 119 126 129 131 132 133 137 138 139 141 143 146 150 151 151 151 152 155 158 160 165 170 165 162 161 157 153 153 152 151 149 148 147 146 144 142 138 134 132 131 130 129 128 126 126 125 125 124 122 119 116 114 116 116 116 117 115 111 107 100 94 92 87 86 83 83 82 85 86 88 92 98 105 108 117 129 145 152 153 142 132 129 130 132 133 133 133 134 136 136 136 136 136 136 136 138 140 138 134 132 133 133 137 140 142 144 143 141 139 136 136 134 131 131 130 128 127 126 125 125 123 117 110 109 102 102 112 104 96 105 107 104 95 88 112 125 112 81 83 106 108 101 102 104 89 70 82 104 112 111 106 109 117 117 96 98 109 107 95 97 118 127 129 126 121 112 108 98 96 98 109 104 100 90 96 93 95 99 106 109 108 109 105 100 82 75 78 73 72 73 72 75 70 53 55 62 72 66 51 43 49 58 62 58 71 97 109 121 129 133 141 148 155 155 155 156 155 153 147 142 143 140 138 134 138 144 142 133 129 131 136 147 142 146 132 131 124 120 120 126 123 102 117 121 114 114 119 107 110 119 124 140 135 134 133 134 134 135 139 135 144 152 148 144 140 145 146 145 143 138 138 145 140 132 135 134 130 122 115 116 128 127 114 111 117 126 135 140 138 139 139 140 141 139 138 142 144 144 139 135 129 126 120 117 116 110 105 100 97 93 92 95 93 96 95 94 94 98 105 110 114 119 127 130 127 128 132 137 136 137 137 139 141 138 137 140 145 146 147 145 144 144 142 140 135 128 125 124 125 122 121 122 123 125 127 130 135 140 144 147 149 149 147 145 141 139 137 137 138 137 135 136 137 136 136 135 133 131 128 126 123 120 116 113 112 113 115 113 108 104 103 103 102 101 102 102 101 102 102 102 101 102 103 104 104 105 107 107 109 110 111 112 112 112 112 112 112 111 110 110 110 110 109 108 108 109 109 107 108 108 108 107 108 107 107 107 105 105 105 104 103 103 104 104 103 102 102 102 101 101 101 100 100 99 100 99 98 98 97 96 97 21 0 0 0 0 0 0 0 0 0 0 0 0 0 0 0 0 0 0 0 0 
0 0 0 0 0 0 0 0 0 0 0 0 0 11 92 97 102 108 111 112 109 108 106 103 103 97 91 89 91 91 90 87 83 78 77 74 71 69 66 64 64 68 75 80 83 90 99 107 112 111 108 107 106 110 115 124 130 134 137 138 137 138 140 141 141 144 146 148 150 152 152 153 154 154 156 157 158 162 163 163 167 165 160 158 155 151 150 148 146 145 142 140 136 133 130 129 130 129 128 127 125 123 122 122 120 118 115 113 112 114 116 115 114 111 106 100 95 90 87 84 83 84 85 87 87 93 100 106 108 110 112 120 137 154 155 147 138 130 128 129 130 132 136 135 136 137 136 135 135 135 137 140 139 139 138 136 133 134 135 138 142 143 141 140 136 134 133 132 132 131 129 129 127 126 126 124 124 117 110 109 103 103 107 99 103 104 98 104 106 103 110 113 100 75 96 116 115 102 98 113 91 68 78 96 111 93 87 100 99 98 93 101 113 108 97 78 91 101 110 121 117 106 106 102 105 118 124 125 117 117 107 83 92 94 103 99 89 92 87 87 97 90 86 80 83 79 72 65 65 65 64 77 63 55 46 45 48 60 72 80 96 112 119 120 127 133 138 142 147 150 148 152 145 138 138 136 137 136 137 147 149 128 127 132 133 132 126 128 133 131 132 127 134 133 123 101 109 125 131 118 121 119 102 119 133 129 126 126 131 120 133 140 145 143 138 139 146 149 147 142 146 142 143 138 139 141 141 133 127 135 131 125 121 118 118 121 117 112 116 126 136 141 141 140 142 142 140 140 138 140 142 140 131 124 119 111 104 97 92 88 80 74 66 65 63 62 63 65 63 63 59 65 72 78 88 95 104 120 126 129 128 129 130 130 130 133 139 141 140 137 133 134 136 138 143 149 149 144 142 142 139 131 126 124 125 125 124 123 122 123 126 130 137 140 144 148 150 149 149 144 142 139 137 137 139 140 139 138 138 136 136 136 134 131 128 127 124 121 117 115 114 112 115 118 115 108 105 105 104 104 104 103 103 104 104 104 104 103 104 104 105 106 108 109 111 111 113 113 112 112 112 113 111 111 111 110 110 109 109 108 108 108 108 108 108 108 107 108 107 107 105 106 106 106 105 104 104 105 106 104 102 103 104 102 102 102 101 101 101 101 99 99 99 99 98 67 0 0 0 0 0 0 0 0 0 0 0 0 0 0 0 0 0 0 0 0 0 
0 0 0 0 0 0 0 0 0 0 0 0 0 48 86 88 94 100 103 106 107 109 108 107 103 98 91 88 89 90 91 90 88 85 83 81 76 73 69 63 60 63 68 74 78 82 88 97 106 110 112 113 113 115 120 125 132 137 141 143 142 141 141 142 143 144 146 147 149 151 152 153 153 152 153 155 157 157 158 158 156 159 163 162 162 165 159 153 150 147 144 141 137 133 129 129 130 129 127 125 124 122 122 122 121 120 117 112 111 112 112 113 113 112 109 104 98 93 88 84 83 84 85 87 91 96 100 106 107 110 110 113 117 126 145 161 153 142 132 128 126 128 130 132 136 136 136 133 134 134 134 135 136 138 138 139 137 136 137 137 140 141 139 139 137 136 134 133 135 133 132 131 129 127 125 123 124 123 116 114 113 107 104 96 98 103 91 94 99 102 100 105 119 96 76 103 127 127 84 61 89 88 74 92 114 105 93 101 118 121 114 114 121 119 111 110 94 85 96 109 115 104 104 109 100 106 115 115 114 106 101 95 105 102 105 93 86 89 90 86 80 80 75 78 81 74 76 75 76 63 63 70 59 52 54 57 61 64 68 82 101 115 120 122 129 137 127 134 141 143 144 145 140 136 130 126 129 140 142 147 144 143 138 141 136 127 125 126 133 135 135 130 128 125 122 122 132 137 130 135 130 129 130 134 132 112 116 127 126 125 136 144 147 146 139 140 146 152 150 149 148 144 141 136 143 144 136 127 130 138 134 125 121 123 122 117 110 117 126 135 142 143 141 141 141 141 139 137 135 135 130 120 108 96 85 73 63 56 50 41 37 28 28 23 27 28 32 37 40 40 41 47 50 56 60 65 73 82 97 109 111 117 118 119 118 126 134 138 140 139 139 137 134 131 138 143 148 148 144 142 139 134 127 124 121 123 125 123 123 123 125 131 137 139 140 143 146 148 148 147 146 143 141 140 139 141 143 143 140 138 138 137 136 134 132 130 127 124 122 120 118 115 114 113 117 118 113 108 106 106 106 105 104 105 104 105 105 105 105 105 106 107 108 110 111 112 113 113 114 113 112 112 112 113 112 111 110 109 109 109 109 108 108 108 109 108 107 107 108 107 106 107 108 108 107 105 105 106 106 105 105 105 105 103 103 102 102 102 102 102 100 99 99 99 98 24 0 0 0 0 0 0 0 0 0 0 0 0 0 0 0 0 0 0 0 0 0 
0 0 0 0 0 0 0 0 0 0 0 0 7 83 81 80 84 90 94 97 100 103 105 106 102 97 91 86 85 86 88 90 90 88 87 84 81 77 73 68 63 62 66 71 74 80 83 88 93 101 107 111 113 117 120 125 131 137 141 144 145 144 143 143 144 145 146 148 148 151 152 152 153 154 154 156 157 158 158 157 156 154 152 155 155 157 163 165 159 158 155 147 141 137 131 128 128 126 125 123 121 120 120 120 121 120 118 114 112 111 110 110 110 110 107 104 100 96 92 87 83 83 85 90 94 97 101 105 109 111 110 112 115 119 122 129 148 166 152 136 128 126 125 128 129 132 134 134 135 134 132 131 134 136 137 136 136 138 139 138 138 140 139 139 139 138 135 134 135 134 134 135 131 128 121 119 116 122 126 121 115 111 110 102 98 101 97 82 86 101 107 95 100 114 111 115 130 134 109 85 96 100 73 67 100 121 119 107 104 122 148 143 144 140 121 108 113 121 109 108 122 112 111 119 123 109 125 123 127 119 125 123 120 103 99 94 90 87 83 83 86 79 75 77 78 74 73 77 80 67 51 59 56 53 61 62 57 63 65 81 98 106 116 123 124 126 125 136 133 139 141 145 145 136 122 123 132 136 130 135 135 137 134 126 131 136 133 130 129 128 120 127 129 130 133 134 129 123 121 121 128 129 121 117 114 115 122 127 127 119 134 146 152 145 142 145 150 156 151 149 151 147 139 139 141 140 138 132 129 137 138 122 121 124 121 114 116 128 136 143 146 142 138 138 138 136 134 131 126 119 100 84 69 58 48 42 34 28 22 17 13 11 11 11 11 11 18 25 34 35 39 45 49 51 50 53 54 59 65 68 78 88 95 107 116 121 127 133 135 139 144 146 142 138 138 139 144 149 147 144 141 134 128 126 124 123 122 123 124 124 127 131 137 141 141 141 142 144 146 148 148 149 148 146 145 144 144 145 143 141 140 139 138 136 134 133 130 128 126 124 121 119 117 116 115 116 116 113 110 109 107 106 105 106 105 105 105 105 106 107 107 108 109 110 111 112 113 114 114 113 112 112 112 113 112 111 110 110 110 109 109 109 108 108 108 107 107 108 108 108 108 108 108 108 107 107 106 106 106 105 105 105 105 104 103 103 103 103 103 102 101 101 100 99 68 0 0 0 0 0 0 0 0 0 0 0 0 0 0 0 0 0 0 0 0 0 0 
0 0 0 0 0 0 0 0 0 0 0 0 44 81 79 77 78 85 89 91 93 96 99 99 97 93 88 82 79 80 83 86 88 87 85 84 83 79 75 70 68 68 69 71 74 80 85 85 85 91 96 103 108 113 118 123 127 132 138 141 143 144 144 145 145 146 145 147 148 149 150 152 153 152 154 154 156 158 158 157 156 154 153 152 152 152 151 154 158 159 160 166 159 147 141 135 127 125 121 120 119 119 117 118 119 119 117 116 114 111 109 108 106 106 104 102 100 98 94 88 85 84 85 86 89 96 100 107 109 110 112 113 116 117 118 121 125 133 151 165 151 132 124 125 125 127 130 132 135 135 134 134 135 136 137 136 135 135 137 138 138 139 140 139 138 139 136 133 135 137 138 138 133 130 122 119 116 118 123 125 118 114 115 111 100 95 109 92 85 88 101 109 109 118 129 133 143 142 115 98 114 123 97 80 88 103 102 108 105 105 114 140 156 150 150 138 110 96 105 110 119 124 116 105 111 120 111 118 113 116 112 112 104 105 97 91 87 80 84 81 81 81 84 85 81 66 71 74 73 58 53 58 58 57 57 57 56 58 67 83 98 100 101 110 109 113 118 126 127 129 134 136 135 128 127 128 145 142 133 132 135 142 128 126 131 118 115 118 123 126 128 129 126 125 136 135 127 123 124 125 119 112 116 124 136 131 118 117 113 123 137 146 151 142 144 143 153 150 145 150 150 142 137 140 135 141 141 135 131 135 135 129 127 127 122 121 131 139 144 147 148 142 138 136 133 130 122 111 97 80 66 54 47 41 38 31 27 25 17 16 14 14 15 15 12 9 16 27 35 39 43 48 52 53 55 56 55 54 51 50 50 48 61 76 97 117 127 131 136 141 148 151 151 147 146 143 143 147 151 151 146 139 133 129 127 127 128 128 128 128 130 131 135 138 142 144 143 142 144 147 149 151 150 150 149 148 148 148 148 148 145 140 140 139 138 135 132 131 128 126 124 122 120 118 117 115 117 121 117 112 109 108 108 108 107 106 105 106 107 107 108 109 111 112 112 113 114 114 114 113 111 113 113 112 111 111 110 109 110 111 110 109 109 109 109 109 108 108 108 108 108 108 107 107 107 107 107 107 107 107 106 106 105 104 105 104 104 103 103 102 102 103 102 100 25 0 0 0 0 0 0 0 0 0 0 0 0 0 0 0 0 0 0 0 0 0 0 
0 0 0 0 0 0 0 0 0 0 0 8 87 84 82 80 79 83 88 89 89 91 93 94 91 86 84 80 77 77 80 83 83 84 83 83 82 77 72 68 68 70 74 74 74 80 86 88 87 87 88 94 101 110 117 123 127 132 134 135 138 142 144 145 146 147 148 149 147 148 148 150 152 152 153 156 157 157 156 156 157 154 154 153 152 151 150 150 150 150 150 150 155 162 155 152 150 138 126 123 118 116 113 112 115 117 118 118 116 113 110 109 107 104 102 101 100 98 94 91 88 86 83 80 82 87 95 103 106 109 111 113 116 117 118 120 121 124 131 142 156 164 146 131 127 126 128 131 134 135 137 138 138 136 137 136 135 133 135 138 140 139 138 139 137 138 137 134 135 139 139 136 133 130 126 121 118 118 121 126 132 126 120 115 103 94 106 117 104 98 110 105 107 113 124 131 134 138 133 107 113 120 113 93 91 89 86 90 110 115 105 121 138 145 129 127 130 108 91 84 102 108 110 134 132 137 130 121 112 118 113 106 91 98 103 96 89 85 90 77 76 82 81 74 65 61 60 60 61 57 66 69 57 59 54 49 53 57 70 80 81 93 100 114 120 119 116 122 125 119 131 141 141 136 137 136 137 140 132 131 131 129 131 126 123 112 114 109 121 122 131 125 121 120 120 126 126 120 110 112 117 109 115 129 125 110 107 113 119 136 143 146 149 147 144 146 152 147 135 151 145 141 138 139 138 140 141 136 129 133 131 128 132 133 133 138 144 146 148 150 149 143 138 133 126 111 94 78 63 57 52 47 45 41 35 35 40 42 36 28 22 21 24 23 19 17 18 27 37 42 46 50 54 57 60 61 61 58 54 51 45 39 37 43 64 90 109 127 138 142 145 149 151 152 153 150 147 148 152 154 151 146 140 133 129 129 130 132 132 133 134 135 135 138 142 143 145 145 145 146 149 150 150 150 151 150 150 150 149 149 148 147 145 143 141 138 136 134 132 129 127 125 123 121 120 118 116 117 119 120 115 110 108 109 108 107 106 105 106 107 108 109 111 112 113 113 114 114 113 113 113 112 112 112 112 111 111 111 110 109 110 112 111 109 109 109 109 109 109 109 109 109 108 108 107 108 107 108 108 107 107 107 107 105 106 105 104 103 102 103 103 103 102 73 0 0 0 0 0 0 0 0 0 0 0 0 0 0 0 0 0 0 0 0 0 0 0 
0 0 0 0 0 0 0 0 0 0 0 48 90 88 88 87 84 85 87 90 90 88 88 90 90 87 83 79 77 77 79 81 80 81 81 82 82 76 69 66 65 68 73 75 75 78 83 88 90 89 89 92 100 109 118 124 127 132 135 134 135 136 141 145 146 147 149 149 149 148 148 148 150 151 153 154 156 156 155 155 155 155 155 154 154 152 151 150 149 148 147 145 143 142 147 151 151 157 155 140 129 124 114 112 111 113 117 118 117 115 113 111 109 107 103 101 100 98 97 93 87 81 77 74 75 78 84 93 99 104 108 112 115 118 120 122 122 124 125 130 138 150 157 158 145 132 128 129 131 133 136 139 140 138 137 137 136 134 134 136 139 140 139 139 137 136 140 137 135 136 138 137 136 133 129 126 121 121 119 123 132 137 134 122 112 100 97 108 117 122 123 122 115 115 115 114 114 115 121 114 102 108 112 109 105 106 94 99 110 131 125 122 134 142 158 133 126 130 123 124 108 105 105 100 125 131 127 125 119 112 112 101 102 113 114 91 86 91 95 88 77 70 66 58 74 60 61 63 62 64 68 66 53 54 53 51 55 59 66 76 87 102 111 109 112 109 110 113 119 120 129 137 140 142 146 147 143 139 133 126 126 131 137 139 135 126 125 128 134 135 131 122 128 117 121 121 116 120 121 123 118 116 111 135 118 115 113 114 121 132 133 138 138 149 141 146 149 140 141 147 142 144 138 138 138 138 136 132 132 134 133 129 133 132 140 146 147 149 150 151 147 140 134 123 104 82 66 60 55 53 49 46 42 35 29 43 56 58 52 42 32 24 24 25 22 20 22 30 39 46 49 53 56 60 63 64 62 61 58 54 49 40 30 28 37 52 79 108 126 139 145 147 150 154 154 153 152 150 148 149 152 153 147 139 134 131 131 130 132 134 135 136 139 141 143 145 145 145 147 146 148 150 150 150 151 151 150 150 150 149 149 149 147 145 144 142 139 137 136 134 131 129 127 124 122 121 120 118 117 117 117 114 110 109 108 107 106 105 107 108 109 110 112 113 113 113 113 113 114 114 114 113 112 112 111 112 111 111 111 111 110 110 110 110 110 110 110 109 110 109 107 109 108 108 108 108 108 108 108 108 107 107 106 107 106 106 105 104 103 104 103 103 103 28 0 0 0 0 0 0 0 0 0 0 0 0 0 0 0 0 0 0 0 0 0 0 0 
0 0 0 0 0 0 0 0 0 0 6 89 93 94 95 95 92 90 90 91 89 87 87 88 89 88 85 81 77 78 81 82 81 80 80 81 81 77 70 66 63 64 69 74 77 79 82 86 91 93 93 94 97 107 117 124 131 135 136 136 136 136 140 142 145 147 148 149 149 148 149 148 149 151 152 152 153 154 154 154 154 154 155 155 154 153 152 150 149 148 147 145 144 143 140 138 140 140 144 156 156 144 140 131 117 114 116 118 118 118 118 118 114 110 108 105 103 101 100 94 86 79 75 72 70 71 74 78 87 95 102 109 113 117 121 123 123 125 125 125 127 133 146 158 158 152 142 134 133 133 135 138 139 138 137 138 139 138 135 133 137 141 140 138 136 136 139 139 137 135 140 140 137 133 130 131 127 123 121 122 129 137 138 130 113 106 104 107 108 107 119 130 126 125 119 98 89 94 102 119 121 120 116 115 113 107 97 82 90 115 115 127 131 122 130 141 142 135 127 123 140 132 125 131 128 121 121 104 93 95 96 101 105 107 90 76 80 103 103 90 75 69 69 72 73 62 72 77 62 63 69 53 48 55 55 50 50 58 66 71 81 86 89 90 91 94 102 110 108 115 119 133 142 147 146 146 139 138 137 129 122 129 121 126 126 125 131 137 137 133 128 118 120 121 122 119 129 132 132 117 118 126 128 120 110 110 125 120 124 119 122 130 136 139 131 138 143 140 144 140 145 143 136 134 134 135 135 126 128 133 135 130 127 131 141 148 149 152 152 150 142 129 113 95 77 62 57 57 54 50 47 41 32 24 25 48 67 69 61 53 39 28 23 23 21 20 22 32 43 49 53 56 59 63 66 66 64 63 61 59 53 44 34 26 26 32 48 70 97 122 137 147 152 153 153 154 153 153 148 148 152 154 151 146 139 134 130 129 130 134 137 137 139 142 144 147 148 148 149 149 150 151 152 151 151 150 150 150 151 150 149 149 149 148 145 143 142 140 138 137 135 132 129 127 125 124 122 120 118 116 117 119 115 112 110 107 104 106 107 109 110 111 112 113 114 113 114 115 115 114 114 114 114 112 112 112 112 112 111 111 111 110 110 111 110 110 109 109 109 109 109 109 109 109 109 108 108 108 108 108 108 107 106 107 107 106 106 105 104 104 103 104 77 0 0 0 0 0 0 0 0 0 0 0 0 0 0 0 0 0 0 0 0 0 0 0 0 
0 0 0 0 0 0 0 0 0 0 46 94 97 99 100 101 102 100 97 94 90 88 85 85 85 85 85 83 80 81 83 83 83 83 82 83 82 79 74 69 65 65 69 74 79 84 86 88 92 96 98 99 101 105 113 121 130 136 138 138 138 139 140 141 143 146 147 148 149 149 149 150 150 151 153 152 152 152 153 154 154 154 155 154 154 154 152 151 149 149 148 146 145 144 142 139 137 135 135 134 141 149 150 150 154 140 126 123 122 119 120 120 118 117 114 110 106 103 100 96 90 83 77 73 69 70 70 73 78 84 93 102 107 113 119 123 126 126 126 126 127 130 133 138 151 165 159 151 144 139 137 137 137 137 136 139 142 142 139 136 136 138 140 137 136 137 138 141 141 137 138 141 138 135 131 133 134 127 125 128 129 135 140 139 121 108 112 112 108 105 104 107 118 126 123 122 105 101 106 113 114 125 116 103 118 116 111 109 98 90 101 106 117 107 107 121 127 128 129 126 127 128 119 124 129 129 120 127 115 121 116 117 107 92 90 96 101 103 93 91 84 75 77 72 62 58 72 73 65 67 66 46 44 49 46 42 45 49 62 71 77 80 84 81 78 93 102 111 109 107 114 119 138 138 136 138 136 129 135 131 126 126 125 128 128 129 128 130 128 125 132 137 129 127 131 120 122 123 109 96 100 120 118 117 116 117 123 123 121 117 122 128 133 131 125 134 144 142 138 140 146 137 129 132 124 128 129 125 124 129 133 128 125 134 144 149 151 152 150 144 130 106 85 71 62 59 58 55 53 49 44 35 21 14 24 51 70 73 66 58 44 29 23 21 21 21 23 34 47 52 57 58 59 64 67 68 68 66 65 65 60 50 38 29 23 25 29 39 62 87 111 134 146 149 151 152 155 155 153 152 152 153 150 149 145 138 132 131 132 136 140 139 140 141 142 144 147 149 151 152 153 154 154 155 154 152 152 151 151 151 150 150 149 149 148 146 145 143 140 139 137 135 131 129 128 126 123 122 119 117 115 115 117 115 110 107 106 106 107 108 110 111 113 113 113 113 113 114 115 114 114 114 114 113 113 112 111 112 112 111 110 111 111 110 110 110 110 109 110 110 111 110 110 109 109 109 109 109 109 108 109 108 107 106 107 107 106 106 106 106 106 105 32 0 0 0 0 0 0 0 0 0 0 0 0 0 0 0 0 0 0 0 0 0 0 0 0 
0 0 0 0 0 0 0 0 0 3 87 97 100 101 100 102 106 108 105 100 95 91 86 83 82 83 84 84 84 86 86 85 87 89 87 87 85 82 78 74 72 72 71 75 83 89 93 95 95 97 102 106 109 109 113 119 128 136 141 141 142 144 143 142 143 144 146 149 149 150 149 152 152 152 153 153 152 152 152 153 154 155 155 154 154 153 153 151 150 149 148 147 146 145 143 141 139 137 135 134 131 132 138 142 145 154 165 149 139 134 126 122 122 120 117 113 109 105 101 99 93 86 81 76 73 73 72 73 77 82 88 95 103 110 117 123 126 128 129 129 131 133 133 134 136 142 156 173 163 151 144 139 138 138 137 139 140 141 142 140 137 136 139 141 138 135 135 139 142 137 135 139 140 134 131 129 138 138 129 129 132 131 136 138 131 114 103 109 108 102 109 114 110 111 120 124 118 124 121 117 111 111 112 106 108 116 115 115 126 125 116 120 124 138 135 133 128 132 132 133 132 128 122 111 108 108 111 116 125 123 122 112 108 104 99 104 104 103 96 101 82 79 80 75 69 66 84 78 65 66 58 48 49 47 46 43 51 51 57 59 69 76 81 86 101 108 125 115 115 110 109 120 125 129 132 128 138 136 140 138 128 125 132 131 127 123 134 128 138 138 137 137 125 114 123 123 114 116 119 113 125 122 118 117 111 111 118 124 119 120 130 133 134 131 131 134 141 138 128 135 134 120 119 120 110 108 121 122 121 128 126 124 127 140 148 150 151 151 145 130 108 84 68 62 58 58 58 55 53 48 39 26 13 11 22 49 70 75 70 61 46 30 23 20 19 22 25 37 49 56 60 60 62 66 69 69 70 71 72 71 65 56 44 33 24 22 25 29 38 52 78 106 128 141 145 147 149 154 157 156 155 152 149 150 147 142 133 130 133 137 140 141 143 141 139 142 143 147 149 151 153 154 155 155 156 156 154 154 154 153 153 152 150 151 150 149 147 145 142 140 138 136 133 132 130 128 125 123 121 119 116 115 115 115 112 108 107 106 107 109 111 111 112 113 114 113 113 114 114 114 113 113 114 113 113 113 113 111 111 111 111 111 110 110 112 110 110 110 111 110 110 111 110 110 111 110 110 109 109 109 108 108 108 107 107 107 107 106 106 106 106 79 0 0 0 0 0 0 0 0 0 0 0 0 0 0 0 0 0 0 0 0 0 0 0 0 0 
0 0 0 0 0 0 0 0 0 43 93 96 99 100 99 100 104 108 108 107 101 96 91 87 85 84 84 86 88 90 92 90 90 91 91 91 88 86 83 81 80 79 77 78 83 90 97 99 99 102 106 113 116 117 118 122 129 137 141 143 146 149 149 147 146 146 147 148 150 150 151 152 152 154 155 155 154 153 153 153 153 154 155 155 155 154 153 152 152 150 148 147 147 146 144 143 140 139 136 134 132 131 133 133 135 137 139 151 161 152 149 144 131 120 120 115 111 106 102 99 93 87 84 79 75 75 76 77 79 83 89 97 103 108 115 122 127 129 131 132 133 135 137 137 136 137 139 144 160 174 162 149 143 140 140 139 137 140 144 143 139 136 136 140 140 137 135 136 139 140 137 138 137 134 130 130 137 143 136 130 134 137 136 136 132 130 120 111 109 105 101 114 131 125 117 121 118 112 120 138 133 114 117 121 116 109 102 99 116 127 127 121 125 117 131 150 140 132 133 133 128 129 128 114 116 121 119 114 113 116 114 103 117 115 108 97 99 100 110 101 83 98 95 82 77 83 86 81 62 57 52 46 48 42 35 41 48 57 61 60 70 81 83 94 112 122 117 109 108 119 119 130 144 140 138 139 136 139 133 126 120 125 127 125 125 119 118 125 124 124 120 120 121 121 118 112 123 132 133 136 122 119 123 124 117 118 122 125 126 129 138 130 132 136 132 133 134 128 117 125 121 110 116 117 109 108 117 120 116 124 119 125 137 146 150 151 153 147 133 109 81 67 61 59 58 57 57 56 52 46 34 17 10 11 19 40 63 73 73 64 44 28 23 21 22 23 28 40 52 62 62 63 66 69 71 71 73 75 79 77 70 63 51 37 25 22 26 29 31 38 55 75 102 122 133 140 144 150 155 158 155 153 151 149 146 142 135 129 131 136 138 142 143 144 144 142 141 145 147 150 152 153 154 156 156 157 156 155 155 155 155 155 154 152 151 151 149 147 144 142 140 138 136 134 132 129 126 124 122 120 118 116 114 113 113 113 110 109 109 110 111 113 113 113 114 114 113 113 114 114 114 115 114 113 113 112 113 112 112 111 113 112 110 110 111 110 110 110 110 110 110 110 110 111 110 110 110 109 109 110 109 109 109 109 108 109 108 107 107 107 106 33 0 0 0 0 0 0 0 0 0 0 0 0 0 0 0 0 0 0 0 0 0 0 0 0 0 
0 0 0 0 0 0 0 0 3 82 91 91 93 95 95 96 98 104 106 109 104 102 98 94 91 88 88 90 90 95 98 95 93 91 92 92 89 86 83 85 85 87 86 84 86 90 94 98 100 103 109 117 122 124 125 128 133 139 142 145 149 151 153 153 152 150 150 151 151 152 153 153 154 154 155 155 154 153 153 154 153 153 154 154 155 155 154 153 152 150 149 148 147 146 145 144 141 140 137 135 133 132 132 132 133 135 136 135 136 145 150 149 156 150 134 122 118 109 104 100 93 88 84 79 75 74 75 78 82 85 90 97 103 107 113 117 123 127 130 133 134 135 137 138 140 139 138 139 142 150 162 171 160 148 143 141 137 139 142 143 142 137 135 136 139 140 136 137 140 141 140 138 136 136 130 131 138 150 146 142 136 137 139 135 129 134 131 124 117 111 103 102 124 130 120 120 121 114 110 118 132 129 118 119 116 106 93 87 75 102 108 99 118 135 117 103 123 128 128 136 139 129 119 115 115 118 98 95 97 108 117 122 124 121 99 73 77 99 111 110 109 101 98 75 70 78 78 68 48 49 55 48 44 46 46 46 59 75 73 74 82 94 96 112 112 117 107 107 110 118 127 134 135 136 125 129 133 130 122 115 115 124 130 129 128 125 128 129 125 121 115 119 122 132 133 134 126 130 120 116 120 123 115 120 114 127 125 133 136 137 133 129 133 137 135 144 136 121 118 120 117 113 119 120 114 110 116 111 113 117 123 137 146 151 151 150 149 137 110 84 68 61 60 59 59 56 57 54 49 39 25 13 8 10 17 37 62 75 74 61 42 26 22 22 23 24 31 44 57 65 67 66 70 73 74 74 75 78 80 79 75 69 58 42 25 22 27 33 36 40 47 62 82 102 120 133 140 146 153 157 159 156 154 149 144 141 136 132 131 133 136 141 143 145 145 144 145 146 146 148 151 153 154 156 157 158 158 158 157 156 157 156 155 154 152 151 150 149 146 144 141 140 138 137 134 131 129 126 123 121 119 117 114 111 110 111 111 109 109 108 110 112 113 113 113 114 114 113 114 114 115 115 114 114 114 113 113 112 112 113 113 111 111 111 111 111 110 111 111 111 111 110 110 111 110 110 110 110 110 110 109 109 108 108 109 109 109 108 107 107 83 0 0 0 0 0 0 0 0 0 0 0 0 0 0 0 0 0 0 0 0 0 0 0 0 0 0 
0 0 0 0 0 0 0 0 40 88 88 87 86 88 88 89 92 95 99 103 104 107 105 102 98 95 94 94 95 98 101 98 96 93 93 90 87 83 81 83 87 92 91 90 90 91 92 95 99 102 109 117 124 128 131 133 138 141 143 145 148 151 154 155 158 155 154 153 153 154 155 155 156 154 154 154 153 154 154 154 153 153 153 154 154 154 154 153 152 151 151 149 149 147 145 144 143 141 139 136 135 133 132 133 134 136 136 134 133 131 129 133 135 144 156 152 139 129 118 103 99 90 84 79 73 73 74 77 82 87 92 99 104 108 112 115 121 124 128 130 132 134 134 137 139 139 139 139 140 143 148 155 162 167 158 147 141 140 140 141 143 139 137 134 136 138 138 138 140 141 140 139 139 138 135 133 137 148 145 138 139 137 143 153 139 129 130 130 128 115 109 94 94 118 129 121 120 121 112 108 118 124 118 109 111 105 95 99 116 113 118 105 102 117 122 115 109 109 108 115 131 123 120 122 120 109 99 102 114 127 117 102 114 116 103 95 98 112 109 104 83 76 78 68 64 73 76 65 44 54 60 50 50 55 57 57 64 78 73 76 87 97 102 101 99 93 99 105 119 123 131 133 130 125 121 121 127 120 120 114 121 129 126 121 120 120 125 131 133 127 129 123 114 119 123 117 120 117 113 105 122 126 121 123 133 130 121 129 129 135 130 132 141 140 142 145 135 121 127 123 117 112 116 119 112 110 117 113 109 107 130 144 151 150 149 148 139 118 85 69 62 61 59 58 59 59 57 54 46 32 17 10 8 10 18 39 64 75 74 58 38 26 22 20 22 25 34 48 62 69 70 68 72 76 77 77 78 81 83 83 78 73 63 47 31 24 29 38 44 46 50 58 73 92 111 127 136 143 148 152 155 157 156 150 145 142 139 136 134 136 138 139 142 144 145 147 148 147 149 150 151 153 155 157 157 157 158 158 158 157 157 158 157 155 154 152 150 149 149 147 143 141 140 138 135 131 130 127 124 121 119 116 113 111 110 110 112 113 111 110 110 111 112 112 112 113 111 113 113 113 114 114 114 115 115 114 113 112 112 113 112 112 112 112 112 111 110 111 111 112 112 111 110 110 111 110 110 110 110 109 110 110 110 110 109 109 109 109 108 108 37 0 0 0 0 0 0 0 0 0 0 0 0 0 0 0 0 0 0 0 0 0 0 0 0 0 0 
0 0 0 0 0 0 0 0 77 84 84 84 81 82 82 84 86 86 90 94 100 105 106 106 104 102 101 98 97 100 102 101 100 97 93 87 84 80 78 81 86 93 95 95 96 94 93 95 96 101 108 116 123 129 134 138 142 145 145 145 146 148 151 155 158 158 156 156 156 156 157 158 157 156 155 153 153 154 155 155 154 154 153 153 152 152 153 155 153 152 152 151 150 149 147 145 143 141 140 138 136 133 132 133 133 133 133 132 132 131 128 125 123 127 127 135 152 150 144 142 127 111 101 89 85 78 72 77 82 87 95 100 105 110 114 117 124 128 130 131 132 133 132 135 136 138 139 140 142 142 143 145 151 159 163 165 156 146 141 140 141 141 140 136 134 136 139 138 140 142 141 139 139 140 138 135 136 147 159 144 139 141 137 145 150 142 134 128 134 130 121 115 113 114 120 125 109 109 113 108 103 102 108 117 112 102 104 95 94 106 118 119 113 117 122 118 105 98 106 100 113 124 123 125 121 118 117 111 116 113 106 115 115 114 109 91 93 91 102 98 93 85 85 70 63 76 72 64 55 55 59 62 61 66 62 66 67 74 77 79 90 93 98 98 95 97 104 101 113 124 125 124 130 126 132 121 123 128 132 129 124 121 118 120 123 119 124 128 127 123 117 121 123 128 137 135 131 133 126 128 128 115 120 119 122 127 130 132 135 132 129 133 147 143 141 142 127 121 125 121 114 109 116 120 108 114 120 111 103 114 138 152 155 152 149 144 122 96 76 66 62 59 57 55 58 57 57 53 42 27 13 9 8 11 17 43 65 73 68 52 33 22 21 21 21 27 38 53 66 72 72 71 76 79 79 78 80 83 85 84 80 76 66 51 32 27 33 43 51 55 58 61 72 88 105 119 130 140 144 145 148 154 155 151 147 145 143 141 139 138 140 140 141 145 146 147 149 149 151 153 154 155 156 158 159 159 159 159 159 159 159 157 158 156 155 153 150 149 149 148 146 143 141 139 136 134 130 128 125 122 119 116 113 111 109 109 109 111 113 112 111 111 112 112 112 112 112 112 114 114 113 114 114 114 115 115 113 114 114 113 112 112 114 113 111 112 112 111 111 112 113 112 111 111 111 110 111 110 110 110 111 110 110 110 110 109 109 109 108 88 0 0 0 0 0 0 0 0 0 0 0 0 0 0 0 0 0 0 0 0 0 0 0 0 0 0 0 
0 0 0 0 0 0 0 36 84 83 82 80 80 83 83 84 82 82 84 87 92 98 102 104 105 104 102 99 97 99 102 101 101 99 98 91 83 79 77 78 82 90 97 100 101 102 102 102 102 106 108 117 123 129 135 139 143 146 147 147 146 146 148 152 156 157 158 158 159 159 159 160 159 158 157 155 155 154 154 155 155 154 153 152 151 152 152 153 153 153 153 152 150 149 148 146 144 142 141 138 136 134 133 132 132 130 129 129 132 132 129 127 126 122 119 118 116 127 139 143 148 155 136 115 103 100 96 88 91 94 94 100 104 109 113 117 123 128 131 133 131 131 133 134 136 138 139 141 142 143 143 143 144 148 155 161 163 161 152 144 140 143 142 138 135 136 140 139 138 140 140 139 139 140 139 137 136 141 159 154 142 141 138 137 146 148 141 134 134 136 134 129 127 122 110 117 106 97 98 102 99 95 94 97 103 106 101 95 95 97 114 126 117 117 125 114 110 114 114 110 104 90 113 122 122 126 122 111 103 114 117 109 102 106 102 87 87 106 117 118 108 81 73 73 78 81 64 59 57 56 64 59 57 62 67 66 65 73 81 81 88 96 93 93 93 94 104 112 110 127 129 127 126 133 135 130 124 120 127 125 107 110 119 124 124 127 128 130 120 124 126 129 135 134 129 128 125 124 131 123 126 124 107 107 109 111 115 135 133 132 130 137 147 144 137 135 120 113 125 114 107 109 115 115 113 121 123 110 100 122 147 156 156 153 148 132 102 78 70 66 62 59 56 55 56 57 55 50 40 22 11 7 8 11 21 44 66 73 63 43 28 21 20 21 22 29 42 59 71 75 72 75 80 82 81 80 83 85 87 87 83 76 67 53 35 29 36 46 55 64 70 72 75 86 100 112 123 135 144 146 145 148 152 152 149 148 146 145 143 142 141 141 142 144 145 148 150 150 152 154 156 157 159 159 159 160 161 161 161 161 161 159 158 157 155 154 153 151 148 147 147 145 142 139 135 134 130 128 124 122 118 116 113 111 110 109 109 109 112 113 112 112 112 113 111 112 111 112 114 113 113 113 114 114 115 115 114 114 114 114 113 113 114 113 112 112 112 112 112 111 112 112 111 111 111 112 111 111 111 111 111 110 110 110 111 110 109 108 109 40 0 0 0 0 0 0 0 0 0 0 0 0 0 0 0 0 0 0 0 0 0 0 0 0 0 0 0 
0 0 0 0 0 0 0 73 87 89 87 85 86 88 89 89 85 84 84 86 88 92 96 100 102 100 98 96 93 92 94 97 98 99 101 96 87 83 81 81 82 86 93 101 105 108 110 111 112 114 116 119 125 130 136 140 144 145 147 149 147 146 149 150 152 155 157 158 159 159 160 161 161 161 159 158 157 155 155 155 155 155 155 153 152 153 152 153 153 154 153 152 151 150 149 147 145 143 142 141 139 137 135 133 132 130 129 129 131 131 129 127 126 123 120 117 113 111 107 114 123 130 145 159 135 109 106 103 95 102 111 107 109 113 113 116 120 124 127 129 129 129 133 135 137 139 141 142 143 143 143 143 143 144 145 147 156 167 164 157 148 144 143 138 134 136 140 140 137 140 141 140 139 139 137 140 134 136 151 158 149 139 132 128 129 137 141 132 130 132 136 138 135 138 127 115 118 109 98 104 113 112 98 102 98 91 95 105 113 109 102 115 119 114 135 120 106 113 106 107 112 120 124 135 121 115 121 120 114 104 84 90 106 114 87 82 96 95 94 84 81 73 78 77 80 86 59 53 62 65 62 55 53 58 72 72 71 78 82 85 97 101 87 85 86 94 97 109 111 106 109 117 117 122 118 120 118 109 110 116 122 118 127 127 120 112 125 130 122 111 116 130 140 133 130 129 123 126 128 124 112 107 106 111 117 122 130 135 135 135 135 136 150 138 130 124 113 115 119 111 108 111 115 116 120 125 123 116 115 132 153 159 157 153 143 114 87 74 70 67 64 60 59 58 59 58 56 48 34 17 8 8 8 11 20 40 60 66 53 34 22 19 19 19 23 34 49 63 74 77 73 78 83 84 83 83 85 86 89 90 85 78 69 54 37 33 40 51 61 71 80 84 84 89 97 108 120 132 142 147 147 147 150 153 152 149 146 144 145 144 143 142 143 144 145 148 150 152 153 154 156 158 161 161 162 161 162 162 162 162 161 160 158 157 156 154 153 151 149 147 146 146 144 140 136 132 130 127 124 121 118 115 112 110 109 109 109 108 109 112 113 112 111 111 111 110 110 111 112 112 114 113 113 114 114 114 114 115 114 114 113 113 114 114 113 113 113 112 112 111 110 112 111 111 112 112 112 111 111 110 112 112 111 111 111 111 110 110 92 0 0 0 0 0 0 0 0 0 0 0 0 0 0 0 0 0 0 0 0 0 0 0 0 0 0 0 0 
0 0 0 0 0 0 32 82 90 95 93 94 94 94 95 95 91 89 90 89 90 92 94 98 98 96 95 91 87 84 86 90 92 95 98 98 96 91 87 86 87 88 89 97 105 111 115 117 120 123 122 124 128 133 136 141 143 143 146 148 147 150 151 152 152 154 156 158 159 160 162 163 162 161 160 159 159 159 157 156 156 156 155 154 154 153 153 152 153 154 153 153 151 150 149 148 146 144 144 143 141 139 137 136 133 132 131 130 131 130 128 128 127 125 123 120 117 113 107 103 100 106 109 117 139 157 133 118 113 97 94 107 114 115 124 123 122 125 127 129 129 131 132 134 136 138 142 144 145 142 142 142 142 142 144 145 146 150 160 170 164 151 143 138 136 137 140 141 135 137 142 141 141 137 137 141 137 131 138 151 154 146 138 130 118 123 132 133 126 133 134 138 134 130 126 113 110 121 121 108 111 114 121 120 111 103 105 102 118 122 112 100 106 109 102 118 133 122 122 106 106 115 124 119 117 94 113 107 110 104 95 83 81 94 94 86 87 85 83 66 79 88 81 78 82 77 50 49 70 62 53 48 63 71 73 68 69 72 71 78 89 90 84 88 95 96 105 110 100 92 93 102 114 119 115 110 112 107 112 108 104 117 127 125 128 125 125 137 129 128 124 118 123 131 133 134 124 131 131 124 121 119 128 141 133 124 133 132 130 134 131 133 141 133 122 117 111 122 114 110 108 114 116 116 121 130 128 123 131 145 155 158 156 149 131 99 75 70 70 68 64 63 62 61 61 60 56 47 27 12 9 11 12 10 15 31 51 56 42 25 19 18 18 21 27 40 57 71 77 78 77 80 85 85 84 84 86 88 92 91 85 79 70 55 37 35 46 54 65 76 87 92 91 93 99 108 119 130 140 146 147 147 149 153 154 150 145 142 142 144 145 144 144 145 146 149 149 151 153 155 157 158 160 161 162 162 164 164 163 162 161 160 159 158 156 155 153 151 149 147 146 145 145 140 136 132 129 126 123 120 118 115 111 109 109 109 108 106 107 110 112 112 111 111 110 110 110 111 112 112 112 113 114 113 114 114 114 115 115 114 114 114 114 114 114 113 112 112 113 112 112 113 112 112 112 113 112 112 112 112 112 112 112 111 111 110 110 110 44 0 0 0 0 0 0 0 0 0 0 0 0 0 0 0 0 0 0 0 0 0 0 0 0 0 0 0 0 
0 0 0 0 0 0 64 82 90 96 100 103 102 102 101 99 97 94 93 93 95 95 96 99 98 96 93 89 85 80 81 82 84 88 94 98 99 99 98 94 91 92 90 95 103 110 117 122 125 128 129 130 132 137 141 144 146 146 146 147 148 150 153 154 154 155 156 158 159 160 161 163 163 162 162 161 160 160 158 158 157 156 156 156 156 155 154 153 153 153 153 153 152 151 149 148 146 146 146 144 143 142 141 139 137 135 134 133 132 130 129 129 128 125 124 123 120 116 110 105 101 99 96 95 93 99 124 146 135 139 127 105 101 107 109 121 129 128 132 134 131 129 131 131 133 137 140 140 141 140 139 140 140 140 138 139 142 144 147 151 162 172 160 144 139 138 138 141 139 137 140 141 141 139 134 136 138 141 140 141 148 154 153 144 142 132 121 121 117 116 124 129 128 114 112 117 120 121 125 109 95 101 107 111 131 131 125 112 111 129 128 120 118 119 121 112 106 114 110 103 90 106 127 135 128 109 106 101 104 101 88 83 94 99 71 72 88 102 101 94 89 81 72 72 69 62 58 58 69 66 50 52 73 71 82 71 70 66 73 87 94 89 85 90 90 101 102 108 112 112 106 109 110 117 119 120 114 101 100 110 120 120 124 129 126 127 126 127 125 122 132 129 123 125 132 136 139 136 135 132 135 120 115 119 131 136 130 124 125 133 133 125 131 126 113 115 122 125 113 109 106 104 117 114 122 130 131 133 142 153 157 157 152 138 110 86 73 70 69 67 65 64 62 62 61 61 57 44 25 11 12 22 24 16 14 21 34 39 30 17 16 18 19 23 32 47 63 75 80 80 79 84 86 86 85 86 88 90 94 93 87 81 69 51 37 36 46 57 68 79 91 97 99 100 103 110 119 128 139 146 147 146 148 152 153 150 145 142 141 142 145 145 146 146 147 148 148 151 153 155 156 158 160 161 162 163 164 165 163 163 162 161 160 159 157 155 153 152 150 148 145 144 142 140 137 133 129 125 123 119 117 115 112 109 109 107 106 106 107 109 110 111 111 110 109 109 110 111 112 111 111 112 113 113 114 114 114 115 114 114 115 114 114 113 114 113 112 113 113 113 113 113 113 113 113 113 112 113 112 113 111 112 112 111 112 111 111 93 0 0 0 0 0 0 0 0 0 0 0 0 0 0 0 0 0 0 0 0 0 0 0 0 0 0 0 0 0 
0 0 0 0 0 26 71 80 86 94 102 106 107 106 105 103 101 96 95 96 98 98 100 102 102 101 96 93 88 80 80 77 79 82 89 95 99 101 102 101 102 99 97 98 103 109 117 124 129 132 134 136 138 139 143 147 150 150 148 148 149 151 153 155 156 156 157 158 158 160 161 162 162 161 161 161 160 160 159 159 158 158 158 157 156 156 156 155 154 154 152 152 151 151 150 149 148 148 147 144 143 143 142 141 140 139 138 136 135 132 130 129 127 126 125 124 122 118 113 108 104 100 96 91 85 80 77 80 106 128 134 151 143 124 116 116 117 123 126 130 137 138 136 138 136 134 137 135 138 139 140 139 139 138 135 135 135 135 140 143 148 154 161 165 155 142 138 140 139 138 137 138 138 136 130 130 135 142 144 147 150 151 150 148 146 146 143 131 125 126 120 123 128 118 106 114 127 112 109 111 108 106 99 102 115 132 135 126 104 110 129 138 132 116 107 117 123 115 115 105 103 107 107 107 110 120 119 114 105 103 111 106 91 77 64 95 117 104 118 88 85 76 74 81 78 75 71 67 77 80 62 59 71 73 86 70 88 86 86 98 102 98 91 90 89 103 105 115 117 117 122 118 108 111 122 133 125 110 111 110 119 127 129 135 139 132 130 130 129 126 132 135 126 119 126 133 133 137 134 136 134 125 121 122 118 122 132 130 130 131 135 127 125 120 105 119 131 125 117 119 111 105 118 123 124 132 135 144 151 156 157 155 146 123 91 75 72 70 69 68 67 66 65 64 62 62 55 39 20 11 15 24 30 22 13 15 22 21 18 15 16 19 21 27 39 57 68 78 81 82 82 86 89 89 88 89 92 93 95 93 88 81 68 47 33 35 44 56 69 81 91 100 104 106 108 110 115 124 135 144 148 148 148 150 153 151 146 141 139 140 142 143 145 146 148 147 149 151 153 155 156 158 160 161 162 163 164 165 163 163 163 161 159 158 156 155 153 152 150 148 146 144 141 139 137 134 128 124 121 118 115 112 110 108 107 105 105 106 107 107 108 109 111 109 108 108 108 109 110 111 111 112 113 112 112 113 115 114 114 114 114 114 113 113 115 114 114 113 113 113 113 114 114 113 114 113 113 113 113 113 111 111 111 111 112 112 112 45 0 0 0 0 0 0 0 0 0 0 0 0 0 0 0 0 0 0 0 0 0 0 0 0 0 0 0 0 0 
0 0 0 0 0 47 64 72 78 86 94 101 107 110 107 107 104 100 97 97 99 99 101 103 106 105 102 98 92 87 83 78 77 78 83 89 95 101 104 105 107 107 107 105 106 110 117 125 132 137 139 140 142 143 144 147 150 151 151 150 150 152 153 155 157 158 159 158 159 160 162 161 161 161 161 161 161 160 160 160 159 159 158 158 158 156 156 156 155 154 153 153 152 151 151 149 148 147 146 145 144 144 143 142 142 141 139 137 136 133 132 130 127 126 125 123 121 119 115 110 105 101 99 95 87 79 74 70 70 77 97 114 133 160 153 135 129 127 122 125 128 134 137 138 142 145 141 140 141 138 139 140 140 136 134 134 133 133 135 138 141 144 150 161 163 158 148 143 140 139 138 139 137 135 133 129 131 135 139 144 147 153 149 147 151 149 147 146 155 145 138 129 132 127 111 107 116 121 119 128 124 120 115 108 111 129 129 128 115 106 119 128 123 123 109 100 104 106 112 119 127 124 104 99 88 97 109 105 106 109 118 92 90 85 97 104 101 99 96 84 87 73 82 94 89 85 78 81 80 76 53 55 60 83 90 92 93 90 87 93 99 94 94 95 97 103 112 113 114 112 116 114 112 112 117 111 122 138 131 127 129 126 123 130 134 133 128 127 133 128 125 133 129 130 130 133 133 131 131 133 138 133 122 117 120 123 126 124 131 140 140 126 124 119 112 120 129 123 122 129 121 112 121 126 126 130 139 151 156 158 156 154 138 104 81 75 73 72 71 69 69 68 67 66 63 59 49 33 14 8 12 16 16 14 12 13 14 13 15 16 18 20 23 34 49 63 73 81 82 83 86 89 92 92 92 94 96 96 96 93 90 80 63 43 33 34 42 54 68 81 91 100 105 110 111 111 112 119 130 140 146 148 148 150 151 149 146 140 137 137 140 140 141 143 145 147 149 151 154 155 157 158 159 161 162 162 163 164 164 163 162 161 159 158 156 154 153 152 150 147 145 142 140 136 134 133 129 123 119 117 114 111 108 106 104 103 103 105 106 105 106 107 108 109 108 107 108 108 108 108 110 112 111 111 113 113 114 115 114 114 114 114 114 114 115 115 115 114 113 113 114 113 113 114 114 113 113 113 113 113 113 113 112 111 112 112 98 0 0 0 0 0 0 0 0 0 0 0 0 0 0 0 0 0 0 0 0 0 0 0 0 0 0 0 0 0 0 
0 0 0 0 17 47 54 60 67 74 82 91 101 106 109 110 108 105 99 96 98 100 100 103 106 107 106 102 100 94 90 84 81 78 81 84 90 96 102 107 110 112 112 111 111 114 118 125 133 139 142 146 147 147 146 147 151 152 153 152 152 153 154 155 157 159 160 158 159 160 160 160 160 160 161 162 161 161 161 160 159 159 158 159 157 155 155 156 156 155 154 153 154 152 152 151 149 147 146 145 145 145 144 143 142 142 139 137 135 133 132 130 127 126 125 123 120 117 115 111 106 103 101 97 91 81 76 72 69 69 71 78 98 108 135 158 155 146 142 136 130 132 135 137 137 141 145 146 145 147 144 141 140 138 135 135 134 134 133 133 136 140 141 143 155 167 163 155 147 141 138 137 138 136 134 135 130 133 132 136 141 141 143 145 149 149 143 138 139 145 140 130 131 131 119 110 109 99 111 131 134 117 112 120 127 135 135 125 121 111 108 112 116 120 113 108 115 114 110 118 115 110 98 99 89 97 106 96 104 99 106 102 103 104 106 103 98 99 99 95 85 78 87 96 83 74 71 70 74 67 58 61 73 96 94 97 95 95 88 94 101 98 92 99 107 111 118 111 102 107 107 104 103 112 120 116 112 113 124 128 123 119 120 128 133 135 141 125 120 124 120 130 133 125 133 137 138 133 132 127 123 131 137 124 118 123 123 128 126 137 140 132 118 118 117 120 122 122 127 127 123 117 123 128 126 129 141 153 158 157 154 148 124 85 75 76 76 74 72 71 70 68 67 66 64 59 46 26 11 7 7 8 9 9 8 10 13 15 19 21 21 22 28 43 58 68 77 81 82 84 87 91 94 94 94 95 97 98 97 94 88 77 59 36 33 36 45 56 69 81 92 100 105 110 111 110 108 114 124 134 141 146 149 151 152 149 147 143 139 135 137 138 139 138 140 144 148 150 153 154 156 158 158 160 161 162 162 162 162 162 161 160 158 157 156 154 152 151 149 146 144 141 138 135 133 130 129 122 117 116 113 109 106 105 102 101 102 103 104 104 105 106 106 108 107 106 106 106 107 108 109 110 110 111 113 114 113 113 113 113 113 114 113 115 115 115 114 114 114 114 114 113 114 114 113 113 113 114 113 113 113 113 112 112 112 112 49 0 0 0 0 0 0 0 0 0 0 0 0 0 0 0 0 0 0 0 0 0 0 0 0 0 0 0 0 0 0 
0 0 0 0 36 46 49 53 59 64 70 79 88 98 104 107 110 110 104 100 99 98 99 102 103 106 107 107 106 101 96 93 88 86 86 86 88 93 100 106 111 114 114 116 116 117 120 124 129 136 142 146 149 152 152 151 152 153 153 154 155 155 154 156 156 158 159 160 160 160 159 158 160 160 160 161 161 161 162 160 159 159 159 159 157 156 156 155 156 156 155 154 154 153 153 152 151 149 146 145 144 144 145 144 143 142 141 138 136 134 133 132 129 127 125 122 120 118 115 112 108 104 101 98 92 87 82 80 78 79 82 87 93 104 111 119 135 151 155 153 153 145 132 134 136 136 138 139 140 143 146 148 145 142 140 138 136 136 136 133 131 136 139 140 140 146 161 173 163 148 139 133 131 135 134 133 133 126 127 131 137 142 134 134 140 149 145 133 126 134 137 128 111 116 121 117 119 128 118 127 139 137 122 124 134 126 126 124 120 125 127 129 128 129 123 114 123 125 119 108 105 100 89 99 109 102 113 101 110 114 110 105 87 81 86 99 95 90 76 88 85 78 86 88 80 71 71 78 73 69 71 70 83 93 96 98 102 101 94 101 107 93 92 100 109 113 115 117 108 105 108 104 112 117 112 113 120 125 115 102 114 122 123 126 128 129 131 125 113 123 128 137 141 138 137 138 139 144 140 133 124 120 125 135 140 131 127 135 121 122 135 124 111 109 115 116 119 115 123 118 117 121 128 131 130 133 143 153 157 155 152 137 103 80 74 76 76 74 72 73 70 68 66 66 63 57 43 23 8 5 6 5 5 6 7 9 12 17 23 27 27 30 40 53 64 73 79 82 82 84 88 93 96 97 97 98 98 99 100 95 86 72 52 37 36 43 54 62 75 84 94 101 104 106 109 108 106 110 122 132 138 145 149 151 151 148 147 143 140 136 134 135 137 136 137 142 146 149 150 153 155 157 158 159 160 162 162 162 161 161 160 159 157 157 155 154 152 150 148 146 144 141 138 135 131 127 126 123 117 114 111 108 105 103 100 100 101 102 102 103 103 104 104 103 104 105 104 105 106 107 108 110 110 111 112 113 113 113 114 114 114 114 115 115 115 114 116 115 115 114 114 114 114 114 114 113 114 113 113 113 113 112 113 113 113 102 0 0 0 0 0 0 0 0 0 0 0 0 0 0 0 0 0 0 0 0 0 0 0 0 0 0 0 0 0 0 0 
0 0 0 16 48 48 49 55 58 59 63 68 74 84 94 101 107 109 109 105 101 98 98 99 100 104 105 109 107 106 104 100 97 96 94 93 92 95 101 105 111 114 116 118 119 121 124 125 127 132 137 143 149 152 154 156 155 155 154 155 156 156 156 156 156 158 157 158 160 160 159 159 160 160 160 160 161 162 162 161 160 159 159 158 157 156 156 156 156 154 155 155 154 154 153 151 150 149 148 146 145 144 145 145 144 142 142 141 138 136 136 134 133 130 127 124 121 119 116 112 109 105 104 101 97 94 90 88 89 85 87 87 91 95 102 104 113 116 133 149 155 159 160 146 133 136 133 135 135 136 140 142 145 148 146 146 146 142 140 139 134 134 139 142 140 141 148 153 161 167 155 138 131 133 132 126 119 114 111 116 122 127 125 126 126 129 135 138 132 123 120 123 115 102 102 107 119 121 127 126 128 129 121 96 96 107 109 119 130 121 122 122 140 146 138 124 124 137 130 130 119 111 110 100 105 106 101 102 105 107 97 90 83 85 84 93 86 76 80 82 73 72 84 78 75 73 73 76 76 77 80 86 85 85 95 99 99 96 98 100 98 93 96 99 105 91 98 105 108 102 103 108 111 113 113 112 116 120 121 119 114 112 115 109 121 123 126 128 127 122 130 138 131 134 141 143 135 139 141 142 135 121 116 127 140 134 143 139 133 126 128 123 107 103 115 118 114 113 115 113 114 125 131 130 130 137 147 153 154 151 144 121 87 76 78 78 78 76 73 72 70 67 65 65 62 56 41 21 8 5 6 6 6 5 6 7 10 16 24 30 34 41 53 63 70 75 78 80 82 86 91 95 97 97 97 99 100 101 99 94 84 67 43 36 42 52 63 73 81 88 94 99 103 105 107 107 107 112 122 131 136 143 147 150 149 149 146 143 139 137 133 132 135 137 138 142 146 147 149 151 153 155 157 158 160 161 161 161 160 160 160 159 157 156 154 152 151 149 147 145 143 140 137 134 129 125 122 123 120 113 108 106 103 100 99 99 99 99 99 99 101 104 102 102 103 103 104 104 105 106 107 109 110 111 112 112 112 112 113 114 114 114 116 115 115 115 115 116 115 114 115 114 114 115 114 114 114 114 114 113 114 113 113 113 112 52 0 0 0 0 0 0 0 0 0 0 0 0 0 0 0 0 0 0 0 0 0 0 0 0 0 0 0 0 0 0 0 
0 0 0 41 52 53 54 57 58 60 62 65 68 74 81 90 97 103 106 105 102 98 97 97 97 100 102 106 106 107 106 106 105 104 104 102 101 103 106 110 115 117 118 117 119 123 125 127 127 131 133 138 145 149 152 156 156 157 157 156 157 157 157 157 157 158 159 160 160 160 160 158 159 158 160 160 161 162 162 161 162 161 159 158 157 157 157 156 155 154 154 155 154 153 153 152 151 150 149 147 145 145 144 144 144 144 143 141 139 138 137 136 135 133 130 127 124 122 118 115 113 109 107 102 98 95 90 86 79 78 76 79 82 90 97 103 108 114 119 123 134 144 150 159 168 156 145 142 140 140 140 141 142 143 144 143 144 147 147 144 142 138 137 142 143 142 144 144 147 156 162 163 147 133 128 126 124 115 106 111 107 111 118 121 122 126 129 126 132 132 124 119 117 110 103 113 120 125 116 116 119 122 121 122 106 100 106 97 99 104 93 101 101 108 121 119 109 99 114 112 112 110 119 125 123 112 99 96 105 104 103 105 108 106 95 93 85 76 87 88 71 64 67 72 62 67 77 77 72 66 80 91 85 81 93 95 92 92 93 95 88 82 86 90 103 101 95 98 106 91 100 107 105 97 95 110 117 123 117 117 120 120 112 113 123 128 134 127 132 127 126 134 131 127 137 144 135 133 137 134 132 128 122 126 140 136 136 134 131 128 119 117 104 106 112 108 112 110 119 120 121 125 127 129 136 143 152 155 152 149 134 105 81 76 80 82 82 79 76 73 70 67 67 66 63 58 41 19 7 6 5 4 5 5 6 6 8 14 23 30 40 50 61 69 75 77 78 78 82 88 93 95 96 98 99 101 103 102 101 95 80 59 42 41 49 63 77 83 87 92 93 96 100 104 105 106 107 113 124 132 137 140 143 146 146 146 145 142 138 135 133 132 134 136 138 141 144 146 149 150 152 154 156 158 159 159 159 159 158 159 158 157 155 155 153 151 150 147 146 144 141 139 137 133 128 124 121 119 117 112 106 103 100 97 97 98 96 96 98 98 100 100 100 101 101 100 102 102 103 105 106 107 108 109 111 111 112 113 113 114 114 114 116 116 115 116 115 115 115 116 116 115 114 115 114 114 114 115 114 113 114 113 113 113 102 3 0 0 0 0 0 0 0 0 0 0 0 0 0 0 0 0 0 0 0 0 0 0 0 0 0 0 0 0 0 0 0 
0 0 16 53 54 55 58 58 59 60 63 65 67 69 73 79 86 94 100 102 102 99 96 94 93 94 99 103 105 105 105 106 106 107 108 108 108 109 112 115 117 117 118 119 120 125 127 129 133 134 134 137 140 144 148 152 154 157 157 158 158 158 158 160 160 159 159 160 161 160 160 160 160 160 160 160 161 161 161 161 162 162 160 158 157 158 158 157 156 155 155 155 154 154 154 153 152 151 149 148 147 146 145 145 144 144 143 142 140 139 138 136 136 134 132 129 127 125 121 118 115 112 107 101 96 91 87 83 78 74 73 76 82 88 95 102 106 112 116 119 121 124 130 137 146 162 173 161 153 149 144 140 140 141 140 141 139 137 140 143 143 143 143 144 148 147 145 143 139 139 149 158 156 151 138 130 124 124 125 125 130 122 119 128 125 114 122 137 136 141 136 134 137 135 136 135 123 123 123 121 121 121 115 100 102 98 101 107 104 110 119 112 116 111 88 94 92 90 102 109 103 124 118 125 104 90 87 99 119 116 119 108 108 100 89 98 89 81 79 79 75 68 72 79 76 75 77 75 72 71 74 82 88 79 89 86 85 84 88 90 84 78 88 97 107 105 108 109 99 93 105 110 102 103 102 115 124 130 129 127 125 128 119 122 126 139 138 127 127 137 134 133 126 125 116 132 136 130 127 122 123 135 130 132 136 143 137 130 127 127 113 114 93 111 120 120 115 111 120 125 123 126 126 132 142 148 151 151 149 143 126 92 74 75 79 83 83 82 79 76 74 68 69 68 67 60 44 22 8 5 4 4 5 5 5 6 9 14 21 32 42 53 66 73 78 81 81 82 86 92 96 97 98 101 102 104 105 103 101 94 75 49 40 45 57 72 85 92 93 94 92 92 98 102 103 105 108 114 123 132 137 140 141 142 143 142 141 140 138 134 131 132 134 136 137 139 142 144 148 150 151 152 154 156 158 158 158 158 157 157 156 155 154 153 152 151 149 146 145 143 139 136 134 130 126 123 119 116 114 114 106 101 96 96 95 95 95 95 96 97 99 98 98 98 98 99 101 102 103 104 105 106 109 108 110 110 112 113 113 114 114 116 116 115 115 116 116 116 116 116 116 116 115 115 114 115 115 114 114 115 114 114 113 113 53 0 0 0 0 0 0 0 0 0 0 0 0 0 0 0 0 0 0 0 0 0 0 0 0 0 0 0 0 0 0 0 0 
0 0 34 49 52 55 57 56 60 62 64 67 69 70 71 74 80 88 95 101 102 102 102 99 100 99 104 105 112 110 113 112 113 115 116 119 116 121 122 127 125 125 127 125 128 128 133 134 138 141 141 142 143 146 147 150 154 156 157 158 158 158 159 160 159 160 160 160 161 160 161 161 161 161 161 160 161 162 161 161 162 161 160 159 159 159 157 157 156 156 155 154 155 155 154 154 153 151 150 149 148 146 145 144 144 144 143 141 140 138 138 136 136 134 132 131 129 127 123 120 117 113 108 102 96 92 86 82 76 73 72 71 77 84 91 99 103 108 112 113 117 119 121 125 132 138 145 160 171 162 157 150 141 137 138 139 138 137 138 133 134 141 144 145 151 152 152 149 143 137 135 132 144 159 151 141 131 124 130 132 134 129 118 123 128 121 111 112 126 129 128 128 129 136 144 151 150 127 114 113 117 120 118 114 101 105 110 115 119 109 113 124 129 126 128 114 104 98 100 104 101 110 118 112 107 96 99 99 98 88 75 71 65 71 82 89 85 75 73 77 82 85 84 78 82 89 96 76 73 70 59 67 79 76 78 75 78 69 79 82 74 84 92 97 100 106 120 124 98 107 110 105 105 111 111 116 113 132 131 130 134 133 126 122 128 139 142 141 134 128 133 133 128 133 129 126 125 123 117 124 121 126 129 129 131 142 140 133 129 128 121 117 115 116 126 125 120 123 125 124 120 126 131 136 147 151 152 149 146 137 110 85 76 78 80 81 84 84 82 79 75 72 70 69 69 63 49 25 9 4 4 5 6 6 6 7 11 19 29 38 48 58 68 75 82 86 87 89 93 97 99 100 102 105 107 108 108 107 103 88 65 45 41 52 66 83 95 100 101 97 92 92 95 99 99 102 108 113 120 129 135 140 142 142 140 137 136 134 134 132 130 131 134 135 137 138 140 141 145 148 150 151 153 154 155 156 157 157 156 156 154 153 152 151 150 149 147 144 142 140 137 134 131 128 124 120 117 112 109 109 106 98 94 94 94 93 92 94 95 95 95 95 96 98 98 97 100 102 103 103 104 105 107 108 110 110 111 112 113 113 114 116 115 116 116 116 116 117 116 116 115 117 116 115 115 116 115 114 114 115 114 115 114 107 3 0 0 0 0 0 0 0 0 0 0 0 0 0 0 0 0 0 0 0 0 0 0 0 0 0 0 0 0 0 0 0 0 
0 15 47 48 48 52 56 60 63 66 71 72 81 81 88 87 96 98 107 108 114 114 115 114 115 119 119 124 121 128 122 126 123 126 128 126 131 127 134 132 137 136 136 139 138 148 142 147 147 147 150 150 154 153 154 156 156 160 160 163 162 161 164 164 162 161 162 163 160 161 161 162 163 162 161 161 161 161 161 161 161 160 158 159 160 160 158 157 156 156 155 154 155 154 154 154 153 152 151 149 148 147 145 145 144 144 143 142 141 140 139 137 135 135 133 132 130 128 125 123 120 115 111 106 100 94 90 82 77 73 71 69 72 79 89 95 101 107 112 115 117 119 120 125 129 132 136 138 144 156 166 162 160 153 142 135 137 139 141 142 136 132 135 139 141 148 156 154 154 150 143 132 127 133 147 152 142 119 110 120 130 128 129 129 132 133 126 117 113 115 113 109 112 112 119 133 134 128 120 108 103 113 112 119 115 114 119 116 119 124 119 116 110 112 110 123 131 119 122 123 124 122 122 113 114 112 115 103 102 74 55 63 69 74 74 82 83 79 82 91 88 88 94 86 91 93 92 73 65 63 51 58 72 74 71 71 76 73 73 75 72 86 102 101 90 101 116 115 110 117 111 113 111 121 120 107 111 123 121 119 131 131 134 133 137 139 133 132 137 125 128 138 132 142 139 128 129 123 115 128 118 127 129 129 132 129 132 133 131 128 128 123 112 117 124 125 123 129 129 127 117 127 133 143 150 151 149 146 140 128 98 80 79 81 82 83 84 85 84 81 77 73 69 67 66 61 50 28 9 4 4 6 7 8 11 15 23 31 40 47 56 63 69 77 84 90 92 94 98 102 105 105 110 112 112 113 114 111 103 81 53 41 48 61 77 92 104 108 108 103 98 93 94 94 94 97 104 111 117 125 133 138 140 139 136 134 133 128 126 126 126 129 132 135 136 137 139 141 143 145 147 150 152 153 153 155 154 155 155 154 152 151 150 149 148 147 145 141 140 138 135 133 128 125 122 117 113 110 105 101 104 97 92 91 92 91 92 92 93 93 94 95 95 95 96 97 99 100 101 101 103 105 106 108 109 110 112 111 112 113 115 117 116 117 117 117 117 117 117 116 116 116 116 115 116 116 115 115 115 116 115 113 113 57 0 0 0 0 0 0 0 0 0 0 0 0 0 0 0 0 0 0 0 0 0 0 0 0 0 0 0 0 0 0 0 0 0 
0 49 63 63 66 71 75 82 86 93 94 100 99 106 101 108 101 105 101 105 105 107 108 109 108 110 110 108 107 108 111 109 109 107 112 112 111 111 112 119 122 125 126 128 130 130 137 139 142 144 144 146 148 151 154 156 157 159 161 160 162 163 164 165 163 166 167 167 167 165 167 167 166 166 164 165 164 163 163 162 162 160 159 159 159 159 159 157 156 156 155 154 154 153 152 152 153 153 152 149 148 148 147 146 146 145 144 144 142 142 140 139 137 135 134 132 130 129 126 125 123 119 115 111 105 99 93 86 80 74 71 69 71 76 85 93 101 108 114 118 120 122 123 126 129 132 134 135 136 137 141 151 162 161 167 160 146 138 141 142 141 139 136 136 139 138 137 144 157 157 155 146 138 137 137 137 142 142 114 95 102 116 122 128 127 127 134 124 116 113 112 111 111 112 114 118 127 120 113 109 105 108 106 111 116 113 113 117 123 133 134 123 110 107 109 106 123 119 117 111 104 98 105 114 125 139 133 130 112 105 92 85 82 77 77 92 90 85 90 88 91 91 95 93 85 86 82 62 53 48 40 51 63 61 62 69 77 76 68 68 76 88 101 105 89 93 104 108 107 111 111 116 119 126 122 111 119 125 124 113 120 127 136 138 137 141 126 125 134 135 130 129 133 142 141 127 122 123 123 129 129 130 131 134 139 136 134 126 122 122 123 123 116 114 118 116 122 128 129 129 125 131 140 147 150 151 148 142 131 113 89 75 77 81 84 84 85 86 87 84 79 73 68 64 59 58 50 28 11 6 5 8 11 15 21 29 38 44 49 53 58 66 74 80 86 91 95 98 103 106 110 113 117 119 117 118 118 112 94 67 47 45 56 71 91 105 112 115 113 108 103 96 93 91 87 89 96 105 113 120 126 131 135 136 133 131 131 128 124 122 122 125 130 134 135 136 138 140 142 143 145 147 150 151 153 152 152 151 151 151 150 150 149 146 146 145 143 140 139 136 133 130 126 122 117 114 109 107 102 98 99 99 93 90 90 88 90 90 91 92 92 93 94 93 94 95 97 99 100 102 103 104 105 106 108 109 111 111 112 113 114 116 115 116 117 118 118 118 118 117 117 116 117 116 115 116 116 116 116 116 116 115 109 7 0 0 0 0 0 0 0 0 0 0 0 0 0 0 0 0 0 0 0 0 0 0 0 0 0 0 0 0 0 0 0 0 0 
28 96 94 99 93 92 88 87 89 89 88 89 87 88 89 89 90 86 88 88 91 95 98 102 102 103 104 102 100 100 102 101 102 103 106 106 107 106 108 113 119 122 125 127 127 129 134 138 141 143 143 141 144 147 151 153 155 157 156 156 156 159 158 159 160 160 163 162 162 163 163 166 169 167 170 168 169 169 167 169 166 164 166 162 162 161 159 159 157 157 155 155 154 154 152 153 152 151 151 151 150 148 148 147 146 146 145 143 143 143 142 141 139 137 135 133 132 129 127 127 125 121 118 115 109 103 96 90 84 77 73 69 70 76 84 92 101 107 113 117 121 125 126 129 130 131 134 133 133 134 135 133 136 145 151 157 167 162 149 144 144 144 142 141 143 144 144 139 141 150 156 155 143 134 134 133 132 136 130 109 101 110 118 117 114 116 122 126 128 122 117 118 117 110 111 120 123 123 120 117 117 115 119 113 103 102 105 106 121 145 143 144 120 102 99 89 89 107 110 115 110 119 114 118 117 114 114 117 114 108 94 84 91 88 82 85 90 91 93 85 91 96 87 85 78 73 66 51 40 39 29 40 45 42 51 61 64 67 69 75 81 86 89 100 94 91 97 104 110 112 109 115 119 122 119 117 118 117 118 114 130 123 122 135 125 129 136 133 133 134 136 136 135 129 128 127 126 126 128 131 139 130 136 139 148 151 144 134 123 126 130 116 108 116 117 108 111 123 130 134 128 137 145 149 150 148 144 136 119 98 71 66 72 79 83 85 87 87 90 86 81 75 70 64 60 56 48 30 11 11 13 18 23 30 36 42 48 52 54 59 61 67 75 82 88 93 98 102 107 110 113 119 121 122 121 120 117 105 80 52 46 52 66 83 100 112 119 120 118 114 109 103 98 93 87 85 88 98 106 113 118 122 125 127 128 128 128 129 127 120 117 120 126 132 135 135 136 139 141 141 143 144 147 148 149 150 150 149 149 149 149 149 147 145 143 142 140 138 136 133 131 127 123 120 117 111 106 103 98 94 92 95 93 88 88 88 88 89 90 90 90 91 91 91 92 94 96 97 99 100 101 103 104 105 107 107 109 110 113 113 114 115 115 116 116 117 118 118 118 118 117 117 117 117 116 116 116 116 116 116 116 115 60 0 0 0 0 0 0 0 0 0 0 0 0 0 0 0 0 0 0 0 0 0 0 0 0 0 0 0 0 0 0 0 0 0 0 
42 96 94 91 86 78 75 74 74 77 81 83 83 83 85 89 89 89 87 88 90 93 96 100 103 103 105 101 101 100 101 100 101 104 106 106 106 108 111 116 120 125 128 130 130 131 135 138 142 144 145 146 146 147 149 152 155 157 158 157 158 160 158 158 160 161 160 160 160 160 160 161 161 161 161 163 163 165 166 166 167 167 168 171 167 169 170 166 167 164 160 161 158 157 155 153 154 151 151 149 149 149 148 148 147 146 145 144 145 144 143 141 140 137 136 135 133 131 130 128 126 123 121 118 114 109 102 95 88 81 76 72 72 75 81 89 98 103 110 114 120 123 125 127 131 133 133 137 135 135 135 134 134 134 134 139 142 152 164 159 153 153 152 146 148 148 147 153 147 144 144 150 152 144 134 130 133 133 136 134 120 117 120 123 121 115 112 120 117 119 119 123 126 117 106 106 114 127 126 125 123 122 115 111 115 109 99 99 98 108 120 115 116 115 112 118 108 113 118 128 135 129 117 110 105 85 98 108 107 85 82 87 94 98 88 76 73 90 93 82 81 88 82 73 71 63 55 41 31 27 24 27 27 37 55 61 60 66 75 82 87 94 89 90 94 92 95 95 99 106 94 100 111 124 121 122 108 118 116 124 129 121 126 140 123 121 130 128 129 129 134 138 142 130 121 123 130 129 131 132 136 136 145 146 156 157 156 147 134 120 122 124 109 115 118 105 104 114 124 126 129 137 147 150 149 143 134 119 99 75 57 58 67 77 82 85 89 92 93 92 88 82 76 69 64 58 49 37 28 25 27 34 41 45 47 50 53 56 61 64 67 73 81 85 91 95 100 106 111 115 118 124 123 124 123 121 111 89 64 50 51 60 77 93 109 118 123 124 124 121 117 112 107 103 96 92 89 92 97 103 106 110 115 118 120 121 123 129 129 125 119 118 121 127 133 134 136 137 139 140 142 143 144 145 146 148 147 147 146 146 147 145 143 142 140 139 137 136 133 130 128 124 120 117 113 109 104 99 96 91 88 88 93 88 86 85 85 86 87 87 88 87 86 89 91 93 94 96 98 99 100 102 103 105 106 107 108 110 112 113 113 114 115 116 117 118 117 117 118 118 118 118 117 116 116 116 117 116 116 115 116 112 11 0 0 0 0 0 0 0 0 0 0 0 0 0 0 0 0 0 0 0 0 0 0 0 0 0 0 0 0 0 0 0 0 0 0 
0 11 49 85 83 79 78 77 77 77 81 84 86 87 90 92 93 94 92 94 93 93 96 98 103 107 109 105 102 103 102 100 99 103 106 108 107 109 113 118 122 127 130 135 137 136 137 139 143 145 147 148 150 149 151 153 155 156 157 159 161 161 160 158 160 160 160 160 160 160 160 160 161 160 160 161 161 161 162 162 160 162 162 161 163 162 164 165 163 167 166 166 171 164 166 166 162 162 159 156 156 151 151 149 149 148 146 146 146 145 144 142 141 139 138 137 135 133 132 129 126 124 121 119 116 112 107 99 92 85 79 74 72 76 80 86 93 99 106 112 116 120 122 125 127 129 131 132 135 140 137 140 141 137 133 132 130 135 141 152 163 164 163 163 156 154 154 152 151 148 144 144 151 151 153 146 140 141 135 133 129 123 119 114 116 119 119 120 116 114 132 129 130 130 121 113 110 104 115 116 124 125 116 106 104 111 118 107 103 109 110 114 117 127 127 128 129 127 131 122 121 120 113 110 107 107 112 123 101 81 98 102 96 92 83 82 80 87 94 84 84 90 91 89 71 60 53 39 28 23 35 35 42 55 64 62 55 61 77 89 91 83 89 95 94 96 94 96 100 111 117 99 97 114 124 121 107 113 119 131 118 118 132 138 128 120 124 123 120 126 128 140 142 133 126 126 132 128 130 139 143 145 147 152 160 158 152 149 142 126 116 115 106 108 117 113 111 109 113 117 124 136 144 146 144 136 121 102 80 55 47 53 66 75 81 86 90 95 98 98 95 90 81 73 67 60 54 47 42 41 43 45 49 51 54 56 59 64 68 71 75 80 86 91 95 99 105 112 116 119 123 125 127 127 123 115 99 71 53 52 58 71 87 104 117 124 128 129 130 128 126 121 116 111 106 101 94 92 90 92 94 99 105 111 116 119 120 125 130 130 126 121 120 123 129 134 136 137 138 139 140 141 142 143 144 145 144 145 144 144 144 142 140 139 138 136 135 133 129 127 125 121 117 114 109 104 99 95 91 87 84 84 91 91 84 84 84 84 86 86 85 84 85 87 89 91 92 95 96 98 100 101 102 104 107 108 110 111 112 113 114 114 116 117 117 116 118 118 118 118 118 118 117 117 116 116 116 117 117 116 115 61 0 0 0 0 0 0 0 0 0 0 0 0 0 0 0 0 0 0 0 0 0 0 0 0 0 0 0 0 0 0 0 0 0 0 0 
0 0 0 8 43 76 79 84 80 81 85 88 90 93 93 95 97 96 97 99 98 97 97 98 103 106 108 108 106 106 105 103 101 103 107 108 108 111 115 120 124 129 132 136 139 141 143 144 145 146 148 151 153 154 154 155 155 157 159 160 161 160 160 160 161 161 159 159 161 160 160 159 161 161 160 160 161 161 161 161 161 161 161 160 160 160 160 160 159 159 160 159 158 160 158 161 164 162 165 165 162 166 162 161 161 156 156 153 149 150 144 144 142 140 139 137 137 135 133 130 127 125 122 118 115 114 109 102 95 88 83 78 74 74 77 83 90 95 102 108 113 118 122 124 127 128 129 130 131 134 137 138 140 144 143 138 137 135 135 144 149 153 158 159 160 163 163 166 162 157 152 144 140 144 137 144 156 149 145 138 133 128 122 128 123 127 128 126 123 114 108 116 110 115 126 120 122 121 111 106 112 125 119 114 111 98 94 101 99 105 113 113 119 123 128 111 110 121 115 115 109 113 109 111 103 116 111 96 97 93 108 111 103 93 83 86 81 85 94 97 88 91 88 89 72 66 60 47 45 42 51 56 59 71 70 63 59 65 77 81 87 80 86 95 94 88 90 95 98 107 120 109 96 108 124 124 117 117 122 120 118 121 132 129 128 124 130 129 123 125 126 140 141 130 135 129 133 138 139 142 142 146 148 152 158 157 157 153 139 127 118 114 104 110 116 112 114 113 114 119 129 139 141 140 136 122 104 83 61 43 38 49 64 75 82 87 92 96 99 101 100 95 85 76 71 65 59 55 51 50 49 51 52 55 58 62 66 70 74 78 82 89 93 98 101 105 112 118 122 125 127 128 129 126 118 101 78 60 55 61 68 82 98 115 124 130 133 134 135 135 133 129 124 120 114 108 101 94 90 87 88 93 100 106 114 118 121 125 129 133 131 127 124 122 124 131 135 136 136 138 139 140 140 141 141 142 142 141 141 141 141 139 138 137 134 133 132 130 127 125 121 118 114 110 105 101 96 92 87 84 82 81 83 88 85 82 82 81 83 82 82 82 84 86 87 90 91 93 96 98 99 100 102 104 106 107 109 110 112 113 113 114 116 118 117 117 118 118 119 119 118 118 119 118 118 117 117 117 116 116 117 11 0 0 0 0 0 0 0 0 0 0 0 0 0 0 0 0 0 0 0 0 0 0 0 0 0 0 0 0 0 0 0 0 0 0 0 
0 0 0 0 0 5 40 80 86 85 89 95 99 100 100 99 99 100 100 101 102 100 99 99 103 106 108 110 110 110 112 107 107 106 107 108 110 113 116 120 123 129 134 137 141 144 147 147 149 149 148 151 153 155 155 157 157 158 159 160 159 161 161 161 161 160 160 161 161 160 160 158 160 161 161 161 161 161 160 161 161 161 161 161 161 160 159 158 159 158 158 157 156 155 154 153 153 153 152 154 155 155 160 160 161 166 163 167 168 162 168 160 157 155 148 146 143 139 137 132 128 125 122 120 117 113 107 103 97 90 86 81 76 74 74 77 84 90 97 105 110 115 119 122 126 128 128 129 130 129 133 133 134 135 140 141 139 141 149 149 151 151 150 153 154 156 159 162 165 169 164 161 155 151 153 141 127 134 137 138 136 128 118 111 113 109 112 118 119 119 115 111 116 114 114 119 118 112 107 112 108 101 108 110 107 107 109 104 102 105 110 117 116 112 116 119 97 87 104 112 121 118 112 113 123 115 98 91 103 109 109 111 100 85 83 92 96 88 101 106 101 90 88 87 86 81 79 55 70 60 65 69 66 70 69 67 57 62 71 73 71 77 89 100 101 104 90 87 89 104 112 118 114 109 116 128 121 123 131 122 123 126 125 122 130 129 129 133 124 127 135 139 137 137 142 132 135 142 145 143 143 145 148 152 154 155 156 153 135 124 118 112 111 112 111 113 120 125 119 125 134 137 136 133 121 103 83 61 45 35 33 40 56 70 81 89 93 98 101 103 102 97 88 81 75 70 65 61 58 54 53 55 58 61 65 69 73 78 82 85 90 97 101 104 107 112 119 125 129 131 132 132 129 120 103 81 57 54 60 68 78 93 110 124 132 134 135 136 139 139 139 137 133 128 124 117 109 102 95 90 91 96 100 106 114 118 122 125 129 133 135 133 129 126 126 129 133 134 136 137 137 138 138 139 139 139 140 139 139 139 137 136 136 134 133 131 129 126 125 122 118 114 111 107 102 97 93 88 85 82 80 79 80 83 86 80 80 80 79 79 79 80 81 84 85 88 91 93 95 97 99 101 102 105 107 106 108 110 112 112 113 115 116 117 117 118 118 119 119 119 118 118 119 119 119 118 118 117 117 117 65 0 0 0 0 0 0 0 0 0 0 0 0 0 0 0 0 0 0 0 0 0 0 0 0 0 0 0 0 0 0 0 0 0 0 0 0 
0 0 0 0 0 0 0 3 44 85 93 98 103 104 105 103 102 104 104 103 103 102 103 101 102 103 106 109 110 111 112 111 109 109 108 111 112 114 117 119 122 128 135 140 143 145 147 149 150 151 151 152 153 155 157 158 159 160 160 161 161 161 161 161 163 160 159 160 162 162 162 162 162 162 161 162 161 162 161 163 163 162 161 161 161 160 160 159 159 160 158 159 156 156 155 153 152 152 151 150 149 149 150 152 151 149 153 151 155 157 156 162 165 163 170 161 161 162 153 152 145 135 135 125 121 117 110 104 97 93 88 82 78 73 73 74 78 83 92 101 108 114 118 121 124 127 130 131 133 135 134 134 135 135 136 141 141 138 143 153 157 156 155 152 155 156 155 156 158 162 165 169 166 162 158 157 149 133 121 126 132 128 119 110 100 97 100 113 112 108 113 114 124 123 118 120 127 123 116 117 122 127 116 108 101 102 110 114 110 109 110 117 124 120 109 111 117 116 113 108 121 128 121 110 110 111 102 93 98 91 97 101 86 84 89 91 97 92 96 97 84 81 86 87 88 84 82 72 76 70 72 77 63 75 72 61 54 59 66 67 68 82 83 88 90 84 84 77 83 94 103 117 122 112 118 127 126 126 133 129 128 122 126 130 128 136 134 118 113 127 140 141 134 136 141 137 134 139 141 140 143 149 148 152 148 152 152 148 136 124 120 112 111 110 108 116 122 124 121 126 134 135 134 125 114 86 64 49 43 41 34 32 46 65 78 88 94 97 99 102 102 98 92 86 81 77 71 67 64 60 61 64 68 69 72 76 80 85 90 93 99 104 109 112 115 120 127 131 134 135 134 130 122 104 82 63 56 60 67 77 92 108 123 132 137 138 138 139 141 142 144 143 141 136 130 124 117 111 104 100 102 106 109 113 116 119 121 125 129 134 137 137 134 132 131 130 130 133 135 135 136 136 136 137 137 137 137 136 137 136 134 133 132 130 129 128 125 124 121 118 114 111 107 103 98 94 89 85 82 81 79 78 77 79 84 81 77 76 76 76 76 78 79 81 84 87 90 93 95 97 99 99 102 105 108 109 109 111 112 112 113 116 117 118 118 119 119 119 120 120 118 119 119 119 119 118 118 117 117 117 14 0 0 0 0 0 0 0 0 0 0 0 0 0 0 0 0 0 0 0 0 0 0 0 0 0 0 0 0 0 0 0 0 0 0 0 0 
0 0 0 0 0 0 0 0 0 3 44 89 101 105 105 104 105 106 106 107 106 105 105 103 103 104 104 104 105 108 112 113 111 110 110 112 112 114 117 116 121 127 133 140 143 145 146 149 152 151 153 153 154 155 158 159 159 161 163 162 163 162 163 164 163 163 164 166 166 169 168 170 167 170 167 170 169 168 171 168 170 167 170 168 169 169 166 169 164 166 167 163 165 160 162 159 156 158 153 154 152 151 151 149 150 147 147 145 146 145 145 145 148 149 147 151 151 154 162 157 160 163 154 163 150 143 140 125 115 109 93 91 82 78 76 75 78 83 91 97 106 112 117 121 125 125 127 128 131 136 142 140 140 143 142 147 149 148 151 150 153 158 161 159 159 160 159 158 155 158 160 158 160 163 159 155 156 147 134 122 117 120 122 118 109 100 95 86 107 107 109 111 114 121 123 127 123 124 123 116 112 114 118 116 105 98 113 112 113 109 106 108 109 119 130 120 124 119 117 113 114 111 111 110 105 93 81 83 85 98 89 93 86 84 89 88 96 95 96 110 104 84 76 85 92 83 86 75 82 73 76 83 73 72 67 59 54 55 55 64 74 85 87 90 96 101 94 88 83 83 95 101 108 112 114 123 121 123 130 129 127 121 120 121 125 122 135 118 109 122 136 138 134 137 136 137 128 138 139 142 145 148 152 155 156 151 154 150 142 120 112 110 113 111 107 117 121 121 116 123 129 130 126 114 97 64 51 46 50 49 40 32 38 53 69 82 89 94 97 98 100 99 96 91 86 81 76 73 71 70 72 76 79 80 83 87 90 95 99 104 108 112 116 119 123 126 131 135 135 134 128 117 102 78 57 53 59 66 74 88 106 121 133 141 143 141 142 143 145 147 148 148 144 139 133 129 124 120 117 117 117 120 123 124 124 121 121 124 127 131 135 137 137 136 136 133 132 132 133 135 135 135 135 135 134 134 134 134 134 133 131 130 129 128 126 124 122 121 117 114 110 107 104 98 94 90 85 82 80 78 77 76 76 76 79 79 76 74 73 74 75 76 78 80 83 85 88 91 93 96 98 99 102 104 106 107 109 111 112 113 114 115 117 117 117 120 120 120 120 120 120 120 118 117 119 119 118 118 117 69 0 0 0 0 0 0 0 0 0 0 0 0 0 0 0 0 0 0 0 0 0 0 0 0 0 0 0 0 0 0 0 0 0 0 0 0 0 
0 0 0 0 0 0 0 0 0 0 0 0 44 88 100 101 102 104 107 109 111 110 109 107 107 106 104 103 102 103 107 110 108 107 111 114 116 116 117 119 120 126 132 135 141 141 144 148 151 154 155 157 157 160 161 165 165 166 167 170 166 169 167 169 167 167 165 167 167 166 165 166 167 165 166 164 166 165 166 165 165 165 163 166 163 166 165 164 169 166 170 168 167 171 166 170 167 166 169 163 169 165 163 165 158 161 157 153 154 147 148 147 144 142 140 139 136 137 134 137 137 140 143 144 148 158 152 161 153 146 150 132 125 118 97 96 89 89 95 98 106 111 116 119 122 123 125 126 127 130 132 135 133 138 146 149 151 153 154 157 157 156 155 159 159 159 159 158 154 153 156 158 155 149 153 157 158 155 147 133 117 113 107 110 118 110 101 88 93 102 95 101 107 118 126 132 140 127 117 115 106 110 109 108 113 113 112 113 107 110 111 109 113 112 115 121 125 123 117 116 115 104 105 113 111 114 109 108 117 120 107 86 91 87 89 96 95 87 89 97 101 97 81 83 89 88 89 82 86 83 79 83 74 71 64 55 52 51 49 63 83 89 82 93 101 104 105 95 93 102 97 101 107 110 114 123 124 122 119 121 121 118 114 124 128 127 131 129 115 113 125 141 137 141 139 134 130 138 149 151 152 157 156 161 160 151 146 142 132 112 102 107 113 111 110 118 120 114 111 119 120 124 117 97 71 52 48 53 63 59 46 33 31 38 53 66 77 87 92 97 99 100 99 95 92 87 83 82 82 83 84 88 90 91 93 96 100 105 109 115 118 120 124 126 127 130 132 132 130 125 112 93 72 56 54 59 64 72 81 99 117 130 139 145 146 146 146 148 149 151 152 150 146 141 137 135 132 130 129 130 131 133 135 134 132 129 128 127 127 129 130 134 137 138 138 137 136 134 134 133 133 135 135 133 133 132 131 132 131 130 128 128 127 125 123 121 119 116 114 112 106 103 99 95 90 86 82 80 77 75 75 75 74 73 76 77 76 72 71 73 73 75 77 79 82 84 87 90 92 95 98 100 102 104 105 107 108 109 111 111 113 115 116 117 118 119 120 120 120 120 121 120 119 119 119 119 119 119 118 18 0 0 0 0 0 0 0 0 0 0 0 0 0 0 0 0 0 0 0 0 0 0 0 0 0 0 0 0 0 0 0 0 0 0 0 0 0 
0 0 0 0 0 0 0 0 0 0 0 0 0 0 39 82 98 100 104 109 114 115 116 114 112 111 107 106 104 103 106 108 109 108 112 116 118 119 119 122 126 130 136 139 144 144 149 151 159 160 161 160 162 161 163 162 164 164 165 163 163 163 164 162 163 163 162 161 160 161 161 161 161 161 162 162 161 160 161 161 161 161 161 160 160 160 159 159 157 159 157 158 157 156 157 153 158 157 158 158 157 161 159 160 164 161 169 167 165 173 162 167 163 156 159 152 146 146 134 137 132 130 128 124 124 122 127 124 131 139 138 150 152 147 161 141 143 137 124 126 123 116 121 119 121 121 121 125 129 130 136 139 141 144 143 143 147 148 150 152 154 157 153 150 152 152 151 152 156 155 155 155 160 164 157 150 153 157 153 147 136 121 108 100 94 95 98 98 79 71 80 100 108 110 117 116 115 124 126 124 120 118 124 119 115 119 113 87 88 97 102 107 107 106 113 117 129 131 136 141 133 122 110 107 116 112 112 115 111 106 102 95 100 102 104 106 97 85 92 103 98 80 72 77 93 92 90 82 85 87 85 79 73 70 64 63 56 41 45 53 68 82 90 100 99 100 108 108 105 107 103 105 110 110 110 125 123 116 109 116 126 126 125 126 127 129 129 128 123 115 123 134 135 141 137 132 132 139 153 155 155 155 157 163 161 150 145 138 133 120 109 108 108 108 111 121 120 114 112 110 108 109 104 81 50 47 55 65 71 67 54 41 30 30 39 50 63 76 85 93 96 99 99 97 96 94 95 97 95 94 96 97 100 101 102 104 109 113 117 121 122 124 126 125 128 131 130 126 116 103 83 62 48 48 58 66 71 80 95 112 127 137 143 146 148 149 150 152 152 153 154 152 149 144 143 141 139 138 138 140 140 141 141 142 139 138 137 137 138 135 134 137 137 140 140 140 138 139 137 135 134 134 134 133 132 131 130 129 128 127 125 124 124 121 119 118 116 112 110 107 102 99 96 91 87 81 77 76 75 75 74 73 74 74 74 77 75 71 70 71 73 75 77 79 81 83 86 89 91 93 97 99 101 103 106 108 108 110 112 113 114 115 116 116 118 119 119 119 119 120 120 119 119 120 119 119 118 118 74 0 0 0 0 0 0 0 0 0 0 0 0 0 0 0 0 0 0 0 0 0 0 0 0 0 0 0 0 0 0 0 0 0 0 0 0 0 0 
0 0 0 0 0 0 0 0 0 0 0 0 0 0 0 0 39 83 101 106 111 114 117 117 118 116 113 112 109 107 108 111 112 113 117 123 126 130 132 137 141 147 150 150 150 147 147 148 150 150 153 154 155 156 157 158 161 162 163 163 162 162 163 164 163 164 163 161 161 160 160 161 162 161 162 161 161 161 161 160 161 160 160 161 159 159 159 159 158 158 157 157 156 156 154 153 153 154 153 151 151 150 148 148 148 150 148 151 150 151 155 152 158 160 156 165 160 161 169 156 165 155 146 148 136 131 127 113 115 106 109 107 109 118 116 129 140 139 158 151 153 157 144 145 142 133 133 129 129 134 136 142 147 149 152 151 151 148 147 148 151 152 151 146 144 143 145 145 147 151 158 155 154 166 170 167 158 152 150 146 141 134 125 108 96 89 83 89 86 86 71 83 108 122 119 117 112 113 123 128 132 129 127 126 111 106 118 115 91 69 76 77 79 84 96 109 113 123 133 141 138 127 122 117 119 117 117 115 111 108 112 107 113 118 128 115 106 101 95 103 105 97 74 71 86 88 85 83 87 80 86 73 70 67 66 66 60 53 50 59 60 74 88 103 112 107 98 100 108 109 104 100 104 120 116 112 115 113 114 118 132 132 122 116 118 122 123 121 125 121 127 133 137 137 140 138 136 142 153 156 156 159 160 158 159 154 149 137 131 124 115 108 104 108 114 118 114 105 106 98 94 92 81 59 44 50 64 75 80 80 68 51 36 29 29 36 49 63 75 86 92 95 97 98 99 101 104 107 106 105 106 106 108 111 112 114 117 120 125 126 124 123 121 122 125 126 121 112 94 73 54 44 44 51 61 71 80 93 111 125 137 144 146 148 149 150 151 151 151 153 153 153 149 147 146 145 143 141 140 142 144 142 142 142 144 144 142 143 143 143 142 140 140 142 142 141 140 141 138 138 136 134 133 132 130 129 128 128 125 123 122 121 120 118 116 115 112 108 106 102 99 94 90 86 82 77 74 74 74 73 74 74 74 75 74 75 75 72 71 70 72 74 76 78 81 83 86 87 90 93 95 97 100 103 106 108 109 111 111 113 114 115 116 116 118 119 118 119 121 121 120 119 119 119 119 119 119 119 22 0 0 0 0 0 0 0 0 0 0 0 0 0 0 0 0 0 0 0 0 0 0 0 0 0 0 0 0 0 0 0 0 0 0 0 0 0 0 
0 0 0 0 0 0 0 0 0 0 0 0 0 0 0 0 0 0 37 84 107 109 112 115 116 118 117 117 116 115 116 118 126 130 136 139 144 145 141 142 139 140 139 140 139 138 138 137 141 142 147 149 151 153 155 157 158 160 161 162 162 162 161 161 162 163 163 162 161 160 160 161 162 160 161 162 162 161 160 160 159 159 160 160 160 160 158 158 157 157 157 156 156 155 154 153 154 153 152 151 151 150 149 148 146 146 144 147 145 145 145 144 143 143 142 139 144 141 143 148 144 152 157 151 166 155 157 163 145 153 139 123 127 111 103 104 89 102 97 112 123 128 144 150 152 165 153 153 150 146 146 142 139 144 147 149 151 149 148 150 151 147 148 146 145 142 142 143 145 144 140 145 146 155 167 172 167 167 157 148 144 135 127 120 107 91 82 80 78 89 92 92 104 120 124 121 119 112 119 124 127 135 142 135 118 108 110 116 109 92 71 65 65 74 89 102 111 115 110 122 130 128 127 124 121 124 125 129 117 112 111 113 112 112 101 118 106 106 100 98 95 90 80 71 87 77 81 85 84 78 80 69 72 63 64 60 57 58 58 56 60 68 76 85 94 105 99 96 101 102 103 100 93 115 121 109 113 118 123 120 123 128 120 115 118 115 122 128 129 130 128 131 134 127 145 146 140 149 155 158 159 161 166 159 162 163 154 144 134 129 119 105 100 111 113 111 100 95 96 94 88 76 58 44 44 60 76 88 92 90 79 63 48 34 26 29 34 47 61 74 84 93 96 98 101 103 106 108 111 112 114 115 115 119 120 122 125 128 129 126 121 117 115 117 119 112 100 82 62 47 37 38 47 55 66 79 93 108 124 135 143 148 149 150 152 153 152 151 152 153 154 152 149 148 149 148 146 144 144 145 146 147 146 148 149 148 147 146 147 146 145 143 143 144 142 142 142 141 140 139 137 137 134 131 130 129 127 125 123 121 119 117 116 114 112 111 108 104 102 99 95 91 86 81 78 74 73 73 74 74 74 72 74 76 74 73 73 73 71 71 73 74 76 78 79 82 85 87 90 92 94 97 99 101 104 106 108 110 111 113 114 116 116 118 119 118 119 120 121 122 120 120 120 120 120 120 119 74 0 0 0 0 0 0 0 0 0 0 0 0 0 0 0 0 0 0 0 0 0 0 0 0 0 0 0 0 0 0 0 0 0 0 0 0 0 0 0 
0 0 0 0 0 0 0 0 0 0 0 0 0 0 0 0 0 0 0 0 36 82 108 115 115 122 123 128 130 134 134 134 134 132 133 133 136 135 135 134 135 134 134 137 138 138 138 138 141 142 145 148 148 150 152 155 157 158 159 160 161 161 161 161 161 161 162 162 161 161 161 161 161 161 161 162 162 161 161 160 159 159 159 161 159 159 159 159 158 156 157 156 157 155 154 153 154 152 152 151 151 150 149 149 147 146 146 147 147 146 145 143 142 142 140 139 138 134 133 133 131 129 128 130 124 129 129 131 141 135 146 161 144 163 150 143 148 124 120 117 94 114 109 116 130 136 146 150 155 163 156 152 151 147 145 144 136 139 142 145 148 149 147 152 150 155 150 144 143 142 140 140 140 144 149 158 162 163 163 154 150 146 137 123 109 95 84 77 97 106 118 114 101 91 105 117 117 118 116 121 115 119 128 136 135 123 114 108 105 91 75 63 57 65 84 102 118 128 127 118 119 124 126 124 120 121 121 120 119 114 110 113 109 113 116 117 110 107 104 88 88 85 81 74 79 82 77 73 73 69 67 64 64 62 65 62 60 69 65 67 68 77 77 83 93 96 89 96 108 99 94 101 92 101 115 108 108 122 128 121 115 122 122 122 123 115 118 129 132 132 130 133 130 135 147 146 145 154 159 161 160 162 164 163 163 160 151 137 138 136 114 101 103 107 107 101 90 89 86 91 82 61 51 46 51 68 83 97 101 102 92 79 65 47 30 25 24 34 44 56 69 80 87 92 95 99 102 105 110 114 118 120 122 123 126 128 128 129 126 119 111 107 103 100 95 84 67 49 38 36 39 45 54 63 77 92 108 121 133 142 148 150 153 155 156 157 156 157 155 156 156 153 151 150 151 151 150 149 149 150 153 154 153 155 156 155 152 150 149 147 146 145 144 145 143 143 143 143 142 139 138 137 135 133 131 129 127 124 121 119 116 114 111 110 107 106 103 101 98 95 91 87 82 77 74 71 71 72 73 74 73 74 75 75 75 75 74 74 73 74 75 76 77 78 79 81 84 87 89 91 93 96 99 101 103 105 106 109 111 113 114 116 118 119 120 119 120 121 122 121 120 121 120 120 119 120 120 22 0 0 0 0 0 0 0 0 0 0 0 0 0 0 0 0 0 0 0 0 0 0 0 0 0 0 0 0 0 0 0 0 0 0 0 0 0 0 0 
0 0 0 0 0 0 0 0 0 0 0 0 0 0 0 0 0 0 0 0 0 0 37 93 132 132 134 131 129 125 121 118 115 116 120 125 129 135 137 137 138 137 135 137 137 140 140 140 142 144 144 146 148 149 152 154 155 156 158 159 160 161 161 161 162 161 162 162 162 162 162 162 161 162 163 162 161 162 162 161 160 159 159 159 158 158 159 159 158 157 157 157 155 154 154 154 153 152 151 151 152 151 150 149 149 148 147 147 145 146 145 144 143 142 140 138 138 137 134 133 131 128 125 123 120 116 114 113 109 110 106 107 112 107 123 129 129 148 145 147 168 147 155 149 137 145 143 140 150 143 150 151 150 155 156 151 149 142 137 138 134 133 134 135 137 140 142 148 145 141 140 142 139 137 140 145 154 161 159 155 153 152 146 134 119 101 92 85 83 98 104 114 114 102 82 77 93 101 95 104 109 107 118 131 131 129 128 112 93 85 76 61 49 44 64 93 105 120 118 113 113 122 127 130 133 134 131 126 123 120 112 102 99 96 103 111 111 106 98 92 83 83 78 73 74 76 70 61 61 62 57 54 60 59 62 66 66 68 64 61 62 63 77 92 96 107 95 93 99 98 89 102 100 98 105 109 106 106 115 121 113 118 122 120 124 124 120 127 125 125 132 134 128 138 151 153 154 156 159 159 159 161 160 161 162 156 148 138 129 117 108 106 104 107 103 100 94 88 85 84 75 56 52 46 53 69 86 98 106 111 105 93 82 64 41 30 23 25 29 38 48 58 66 77 83 90 93 97 102 108 114 116 117 120 122 122 120 116 109 103 95 89 79 70 61 50 39 35 35 40 48 56 67 80 96 111 122 130 138 145 150 153 155 159 160 160 161 160 159 159 158 155 152 152 152 153 152 153 154 155 155 156 157 157 158 156 155 154 152 151 150 149 149 149 149 148 147 147 145 143 140 138 137 134 132 129 126 123 120 118 115 112 108 106 103 101 99 97 93 90 86 82 78 74 71 69 70 72 72 72 72 76 76 76 77 77 76 76 75 76 78 78 78 80 81 82 83 85 87 90 93 96 98 100 103 105 107 109 111 113 114 115 117 118 118 119 120 122 121 120 120 120 121 120 119 119 78 0 0 0 0 0 0 0 0 0 0 0 0 0 0 0 0 0 0 0 0 0 0 0 0 0 0 0 0 0 0 0 0 0 0 0 0 0 0 0 0 
0 0 0 0 0 0 0 0 0 0 0 0 0 0 0 0 0 0 0 0 0 0 0 0 41 91 118 116 116 114 113 111 111 111 115 121 125 130 135 141 140 142 140 140 141 142 142 142 144 146 146 148 149 150 153 154 153 155 156 158 160 161 161 162 162 161 161 162 162 163 162 162 163 162 163 162 162 162 163 162 161 160 160 161 160 160 160 159 158 157 156 156 155 154 154 154 153 151 151 152 152 150 150 149 149 149 148 148 147 146 145 144 144 142 141 140 139 138 136 134 132 130 128 124 121 118 115 113 108 106 102 101 96 93 92 87 91 84 96 99 106 126 134 144 163 156 168 173 167 173 161 153 156 153 152 153 149 149 143 137 134 127 125 123 120 120 123 126 129 137 140 143 145 138 135 139 138 150 157 153 152 152 147 137 126 116 107 113 110 102 85 103 109 111 109 89 67 63 66 68 89 115 112 117 122 122 124 118 101 86 83 73 54 44 39 37 73 90 93 100 110 123 131 134 142 139 138 128 125 118 103 105 107 112 111 103 102 109 107 100 98 92 91 85 77 75 67 53 56 46 48 53 60 61 62 64 61 60 60 63 62 66 75 83 92 106 101 100 105 97 98 101 103 100 101 105 112 103 104 113 114 113 121 130 132 127 116 132 125 126 130 137 136 143 157 164 164 166 161 162 163 159 158 160 158 159 155 139 118 110 105 107 105 107 105 100 97 88 75 77 66 52 46 48 61 80 93 107 114 117 114 104 93 81 61 42 27 24 23 27 30 36 46 56 64 72 75 78 82 90 96 99 103 105 105 101 97 90 83 75 68 59 50 39 33 29 27 33 43 53 61 70 83 98 114 127 133 137 141 146 150 154 157 160 161 161 161 162 162 161 158 154 152 151 151 149 150 152 156 158 157 156 156 158 160 159 158 157 157 158 156 156 155 154 154 153 151 149 148 145 144 141 138 136 133 131 127 124 121 118 114 110 106 103 99 97 94 93 90 85 82 78 74 71 68 69 70 71 71 71 72 74 75 76 78 78 77 78 78 79 79 79 80 82 83 84 85 86 87 89 92 94 96 99 103 103 106 108 110 113 113 114 115 117 118 119 120 120 121 120 120 120 121 120 120 119 26 0 0 0 0 0 0 0 0 0 0 0 0 0 0 0 0 0 0 0 0 0 0 0 0 0 0 0 0 0 0 0 0 0 0 0 0 0 0 0 0 
0 0 0 0 0 0 0 0 0 0 0 0 0 0 0 0 0 0 0 0 0 0 0 0 0 0 32 81 113 113 111 110 109 109 112 116 119 124 130 135 139 142 142 143 145 144 146 146 148 149 149 150 151 152 153 156 154 155 157 158 159 161 161 162 162 161 161 161 162 162 162 163 162 162 162 162 162 162 162 162 162 162 161 161 161 160 160 159 158 157 157 156 155 154 153 153 152 150 150 151 150 148 149 149 148 148 148 147 146 145 143 143 141 141 140 140 139 139 137 136 133 132 129 126 123 120 118 116 112 109 105 102 98 94 93 90 85 80 78 77 81 84 93 105 111 130 133 144 154 155 165 174 166 175 169 160 163 156 145 142 128 127 119 114 113 110 111 111 112 117 126 125 129 136 138 142 149 147 142 144 145 147 144 141 130 126 120 121 124 123 122 116 121 120 109 96 73 52 47 49 60 81 101 99 110 109 105 109 104 93 81 77 62 46 46 57 73 97 101 100 115 121 129 126 136 136 136 130 116 110 101 108 113 104 111 108 100 100 105 95 86 90 94 86 76 77 68 63 58 47 52 57 61 60 63 63 61 59 59 63 65 59 71 74 87 102 99 87 94 97 101 103 108 108 106 108 110 106 102 106 116 114 119 125 128 120 121 131 136 137 142 147 145 154 160 167 167 165 163 165 165 163 157 163 161 160 159 145 126 115 102 97 102 110 105 95 89 82 71 75 59 45 42 52 67 84 99 112 122 125 122 114 104 93 80 61 42 31 23 23 24 25 28 34 41 46 50 54 59 64 69 71 75 76 76 71 65 59 52 44 39 33 29 26 25 27 32 42 56 67 78 89 102 116 129 137 140 141 145 148 150 152 156 159 158 158 160 162 163 160 157 154 152 151 151 150 149 150 154 157 156 157 159 161 162 162 162 161 160 160 159 158 156 156 156 155 154 151 149 146 145 143 140 138 135 133 129 125 122 118 114 110 107 102 98 95 92 89 87 81 79 75 71 69 67 68 69 69 71 71 73 74 74 76 78 79 79 81 80 82 81 82 82 84 85 86 87 88 90 90 91 94 97 99 102 103 105 107 110 111 112 114 115 117 118 120 120 120 121 120 121 121 121 121 121 83 0 0 0 0 0 0 0 0 0 0 0 0 0 0 0 0 0 0 0 0 0 0 0 0 0 0 0 0 0 0 0 0 0 0 0 0 0 0 0 0 0 
0 0 0 0 0 0 0 0 0 0 0 0 0 0 0 0 0 0 0 0 0 0 0 0 0 0 0 0 28 77 112 112 110 111 112 114 116 120 124 129 135 140 142 144 146 148 148 149 150 151 152 152 152 154 155 155 155 156 158 158 159 160 161 161 160 160 161 162 162 162 162 162 162 161 161 161 162 162 161 161 162 162 162 162 161 161 159 158 158 158 158 156 155 154 154 154 151 151 151 151 150 149 149 149 148 147 148 148 146 145 143 143 142 141 141 140 139 138 137 136 134 133 131 128 125 123 121 118 116 112 109 106 104 99 95 92 88 84 81 79 80 82 89 96 106 115 120 125 129 137 140 147 155 155 166 174 169 177 173 165 167 152 142 135 120 116 114 105 104 105 111 116 121 124 132 143 146 150 148 141 142 141 139 135 132 128 132 127 127 131 133 131 131 127 121 108 92 65 43 32 46 66 93 114 107 110 105 104 106 100 100 88 73 55 42 47 70 95 106 117 113 116 118 118 118 125 120 122 116 114 118 119 116 114 116 115 102 98 99 91 84 86 93 85 73 76 65 70 59 51 56 56 58 64 65 62 63 67 64 60 63 61 70 81 83 93 94 94 101 103 105 104 104 109 115 114 101 100 104 114 114 107 112 119 125 116 122 127 127 146 151 149 151 157 161 165 166 159 159 163 163 161 156 160 157 153 156 145 131 117 99 93 101 105 98 88 81 74 71 66 57 49 48 56 69 85 103 115 122 127 126 121 113 105 97 84 66 51 39 30 22 21 21 23 23 27 28 30 35 36 41 43 45 45 44 41 38 33 27 26 24 23 24 27 29 34 44 57 72 85 98 109 121 131 142 145 147 148 149 151 152 154 156 156 156 155 158 161 160 158 156 154 154 152 152 151 151 152 154 156 159 161 165 166 167 167 166 164 164 163 162 161 160 158 158 157 155 154 152 150 148 145 143 141 138 135 131 128 124 120 115 111 107 102 98 95 90 86 82 78 76 71 69 67 67 68 69 69 71 71 72 75 75 76 78 80 80 82 82 83 84 84 84 86 87 88 89 90 91 91 93 94 96 98 101 103 105 108 110 111 112 114 115 117 117 119 119 120 120 120 120 120 121 122 121 30 0 0 0 0 0 0 0 0 0 0 0 0 0 0 0 0 0 0 0 0 0 0 0 0 0 0 0 0 0 0 0 0 0 0 0 0 0 0 0 0 0 
0 0 0 0 0 0 0 0 0 0 0 0 0 0 0 0 0 0 0 0 0 0 0 0 0 0 0 0 0 0 28 78 115 114 114 116 117 119 122 126 131 134 139 143 146 148 150 152 153 153 153 153 153 155 157 158 159 160 160 159 159 159 161 161 160 160 161 163 163 162 162 163 162 162 162 162 162 163 162 162 163 163 162 162 162 161 160 159 159 159 158 156 156 155 154 154 153 153 152 151 150 150 149 148 148 147 148 148 147 145 145 145 144 142 142 141 141 139 138 138 136 135 133 131 129 127 124 121 120 117 115 109 106 102 99 96 93 90 87 85 84 84 87 92 99 110 119 125 128 133 139 142 146 150 153 151 156 155 162 162 159 166 168 159 166 148 136 132 116 110 110 107 116 118 117 141 150 145 144 139 142 144 144 148 148 148 144 138 135 126 129 122 113 115 112 111 102 81 62 44 41 69 83 94 105 99 102 98 104 100 102 102 92 75 57 55 56 75 91 99 108 108 113 117 116 113 112 116 115 117 105 118 120 113 111 104 101 92 86 88 80 84 89 81 70 75 79 74 72 65 58 64 60 62 61 60 61 62 58 58 58 62 73 84 85 84 90 100 107 102 109 101 97 97 111 115 114 105 106 117 115 108 109 118 128 129 127 129 126 151 154 150 150 159 162 163 163 155 157 163 159 159 153 152 148 142 146 136 118 118 94 92 98 100 90 81 77 73 66 53 54 52 53 59 70 86 104 118 124 127 130 127 122 117 110 104 92 77 61 47 35 30 23 23 20 20 21 22 22 21 24 24 25 24 25 23 22 20 18 20 22 27 32 37 41 47 61 76 93 106 116 125 133 141 148 152 153 153 154 156 157 157 158 158 156 155 157 158 157 154 153 153 153 153 154 154 156 159 159 162 164 167 167 168 169 169 169 168 168 168 169 166 164 163 161 160 158 156 155 154 151 148 146 144 141 137 133 129 125 122 118 112 108 103 98 94 89 85 79 76 73 69 67 67 67 68 69 68 71 72 74 75 77 78 79 81 82 83 84 85 86 87 87 89 90 91 91 92 92 92 93 96 97 98 100 103 105 106 108 110 112 113 115 116 117 118 119 120 121 121 121 121 121 121 83 0 0 0 0 0 0 0 0 0 0 0 0 0 0 0 0 0 0 0 0 0 0 0 0 0 0 0 0 0 0 0 0 0 0 0 0 0 0 0 0 0 0 
0 0 0 0 0 0 0 0 0 0 0 0 0 0 0 0 0 0 0 0 0 0 0 0 0 0 0 0 0 0 0 0 25 77 119 120 119 119 122 124 127 129 134 140 144 148 150 153 154 154 155 154 153 155 158 159 161 162 162 162 161 161 162 161 161 161 162 163 164 164 164 164 163 162 162 160 163 163 161 162 163 163 162 163 163 162 161 160 160 160 159 158 157 157 156 155 155 154 154 152 151 151 150 149 148 148 148 147 147 147 145 144 144 143 144 142 140 140 139 139 138 136 134 133 131 129 126 124 122 120 116 113 110 106 101 99 94 91 88 84 82 79 82 86 94 104 117 128 137 137 140 143 145 149 152 151 151 153 148 143 142 140 139 144 142 147 152 144 149 138 128 125 117 118 116 108 131 140 138 144 148 148 149 149 154 155 155 152 148 144 135 137 124 117 113 106 97 82 66 52 54 67 89 97 105 110 100 106 106 109 108 107 98 91 96 87 84 89 103 109 111 108 107 118 120 127 130 125 123 118 121 119 117 107 102 95 98 97 82 79 84 82 83 79 81 83 79 78 76 72 64 64 64 59 54 62 64 55 56 58 62 69 77 83 85 79 87 94 98 104 104 101 96 85 105 106 117 112 104 109 115 111 106 119 134 136 128 119 129 144 155 155 155 161 159 160 165 158 156 157 161 164 156 147 143 132 142 127 119 118 106 101 100 98 81 75 78 70 62 57 57 64 59 61 69 89 108 120 125 130 133 132 130 126 120 118 111 99 82 70 58 48 37 36 29 25 23 24 22 21 21 19 20 22 24 22 23 23 24 27 31 37 44 51 57 68 79 95 110 123 131 136 143 149 154 156 157 157 158 160 162 161 161 160 159 157 156 154 153 152 152 152 152 153 157 157 159 162 164 166 167 165 166 168 171 172 173 173 173 173 170 169 167 166 164 163 161 160 158 156 154 152 149 147 143 140 136 132 128 124 120 114 110 105 100 95 90 84 79 75 71 68 67 67 67 68 68 70 71 72 74 76 78 79 80 82 84 83 85 86 86 88 90 91 92 92 94 95 95 94 94 96 98 100 102 103 105 105 106 109 112 114 115 115 116 117 118 119 120 120 120 120 121 120 30 0 0 0 0 0 0 0 0 0 0 0 0 0 0 0 0 0 0 0 0 0 0 0 0 0 0 0 0 0 0 0 0 0 0 0 0 0 0 0 0 0 0 
0 0 0 0 0 0 0 0 0 0 0 0 0 0 0 0 0 0 0 0 0 0 0 0 0 0 0 0 0 0 0 0 0 0 22 77 124 123 124 126 127 129 132 136 140 145 149 152 154 155 156 154 154 154 156 159 161 161 161 162 162 162 162 162 161 162 163 164 164 164 164 164 164 163 162 162 163 163 162 162 163 162 162 163 163 163 163 162 162 161 159 160 159 159 158 157 157 156 156 154 153 153 152 151 150 150 149 148 147 145 146 145 145 144 143 144 142 142 141 140 139 136 135 134 132 129 127 126 124 123 120 117 113 109 106 102 97 93 88 83 83 80 82 91 97 107 114 123 128 135 134 137 139 142 144 145 146 145 145 141 136 136 130 127 122 119 116 119 116 126 129 121 122 130 129 137 135 144 149 145 148 148 147 149 149 153 153 152 148 139 140 136 133 130 118 104 90 77 61 53 51 56 62 83 86 90 96 98 109 99 105 110 108 99 98 107 107 99 94 104 109 115 103 95 105 110 120 115 112 106 95 107 121 110 98 96 96 100 86 78 90 100 90 81 82 86 81 79 78 72 69 65 63 59 55 58 61 61 69 66 65 70 77 83 80 81 90 97 89 91 95 105 98 100 103 101 119 117 110 103 113 117 115 120 122 123 119 112 137 150 157 160 155 159 160 161 165 157 159 157 158 159 153 149 144 134 135 128 116 120 117 116 109 98 86 78 74 64 58 55 57 62 61 63 73 92 113 125 132 134 136 136 136 133 129 126 123 116 101 92 84 75 67 59 52 45 39 37 32 29 27 27 29 30 34 33 34 33 35 40 45 52 61 70 78 89 99 112 125 135 141 146 150 154 157 159 160 161 161 163 164 163 163 163 162 160 157 154 152 152 152 152 153 154 158 159 158 160 162 164 165 167 170 173 175 177 176 177 177 176 173 172 170 169 167 165 164 163 161 159 157 154 152 149 146 142 140 136 132 128 123 118 113 108 103 97 91 85 79 74 70 67 66 67 67 68 68 71 72 74 75 77 78 79 80 82 83 84 85 87 88 90 91 92 93 94 95 96 96 96 97 97 99 101 102 104 105 105 106 108 111 113 114 114 116 115 117 118 119 119 119 120 120 86 0 0 0 0 0 0 0 0 0 0 0 0 0 0 0 0 0 0 0 0 0 0 0 0 0 0 0 0 0 0 0 0 0 0 0 0 0 0 0 0 0 0 0 
0 0 0 0 0 0 0 0 0 0 0 0 0 0 0 0 0 0 0 0 0 0 0 0 0 0 0 0 0 0 0 0 0 0 0 0 23 78 128 129 129 131 133 135 137 141 146 151 151 154 154 154 155 155 156 157 159 159 161 162 162 163 162 162 162 162 163 163 164 164 164 163 164 164 163 164 163 162 163 164 164 163 163 163 163 162 163 163 162 162 161 161 160 161 160 161 158 157 157 155 154 154 153 152 151 151 151 149 148 147 147 147 145 144 143 143 142 142 142 141 139 137 136 135 133 130 129 127 125 124 121 118 115 111 108 104 99 96 93 89 86 86 86 89 93 95 102 111 120 128 134 136 145 147 147 149 149 154 151 152 145 141 137 129 127 117 117 113 109 112 112 114 105 107 117 127 129 137 143 145 147 154 155 156 165 156 154 155 157 154 149 145 138 135 123 110 98 86 84 71 55 52 51 65 91 93 107 117 117 113 109 118 121 120 114 113 111 109 105 106 105 105 108 99 98 95 109 119 114 113 115 104 101 109 104 96 97 97 90 78 82 88 87 94 92 84 83 72 68 67 66 63 58 57 54 57 64 63 62 61 68 75 76 87 88 85 71 86 100 97 97 107 104 125 108 103 111 121 117 107 113 123 125 123 109 116 118 122 140 146 148 157 150 161 160 162 161 159 157 154 152 150 147 145 141 134 130 125 116 117 121 119 111 103 90 78 73 69 65 66 60 62 61 68 80 99 117 129 136 139 140 139 139 139 135 134 133 128 119 112 106 102 95 89 81 73 68 61 54 49 44 46 50 48 50 51 54 54 56 59 63 69 78 90 100 109 118 126 135 143 147 151 153 156 158 160 163 163 164 163 163 162 162 161 161 159 156 154 151 150 149 149 149 151 155 157 156 156 158 161 164 167 171 174 177 179 178 179 179 177 177 174 173 173 172 170 167 166 165 163 160 157 155 152 149 146 142 139 134 131 125 121 117 111 105 99 93 87 82 76 71 67 66 67 68 68 69 71 72 74 75 76 79 80 81 82 84 85 86 87 89 90 91 93 94 96 97 97 97 98 99 99 100 102 103 104 105 106 107 109 110 112 113 113 115 115 116 116 118 118 117 118 118 33 0 0 0 0 0 0 0 0 0 0 0 0 0 0 0 0 0 0 0 0 0 0 0 0 0 0 0 0 0 0 0 0 0 0 0 0 0 0 0 0 0 0 0 
0 0 0 0 0 0 0 0 0 0 0 0 0 0 0 0 0 0 0 0 0 0 0 0 0 0 0 0 0 0 0 0 0 0 0 0 0 0 20 78 132 134 135 136 137 139 143 147 149 152 152 154 155 155 155 156 156 158 159 159 159 161 162 162 163 162 162 162 163 163 163 163 164 164 164 163 162 163 162 162 163 163 162 163 163 162 163 163 162 162 159 161 162 161 160 159 159 158 157 156 156 155 153 152 152 151 151 149 148 148 147 145 144 143 143 143 143 142 143 140 139 139 137 135 133 131 130 129 127 127 121 118 116 113 109 107 105 100 96 97 93 94 95 95 93 95 101 110 116 124 131 138 142 143 143 145 146 149 153 152 151 144 142 137 131 128 122 124 119 115 114 116 114 110 104 103 106 107 121 136 139 140 144 143 144 151 151 150 145 148 150 149 141 131 127 126 113 99 94 88 78 69 64 71 82 94 103 109 117 121 118 119 120 129 127 117 114 116 112 116 115 110 107 106 104 97 96 104 113 116 121 124 117 109 111 105 90 88 89 77 83 86 83 80 88 84 77 70 68 64 63 63 64 62 59 57 66 59 57 72 77 78 73 74 80 84 86 86 102 105 108 105 106 111 111 114 108 111 115 112 111 117 122 124 122 121 122 125 137 134 144 154 155 159 158 160 157 159 155 153 155 152 147 143 141 137 130 116 115 117 119 117 110 99 90 81 74 69 61 64 62 58 62 72 86 105 119 129 137 142 143 142 142 143 141 139 140 137 131 126 121 118 115 112 106 100 94 87 82 75 73 75 77 75 74 75 78 83 84 84 84 87 94 107 119 126 133 138 142 146 149 152 153 156 159 161 163 164 164 163 161 160 159 158 158 156 151 148 146 145 145 145 145 146 149 153 152 154 159 162 165 170 173 176 179 179 179 181 180 179 178 178 177 176 175 174 172 170 167 165 163 160 158 155 152 149 146 142 139 134 130 126 121 115 109 103 97 90 85 79 74 71 69 69 69 67 70 71 73 76 77 77 80 81 82 83 84 86 87 88 90 91 92 93 95 97 99 98 99 100 101 101 102 103 103 104 106 107 108 109 109 111 112 113 114 115 115 115 116 117 117 118 89 0 0 0 0 0 0 0 0 0 0 0 0 0 0 0 0 0 0 0 0 0 0 0 0 0 0 0 0 0 0 0 0 0 0 0 0 0 0 0 0 0 0 0 0 
0 0 0 0 0 0 0 0 0 0 0 0 0 0 0 0 0 0 0 0 0 0 0 0 0 0 0 0 0 0 0 0 0 0 0 0 0 0 0 0 16 76 137 138 139 140 143 146 147 149 151 153 154 153 154 155 156 156 156 157 157 159 161 161 161 162 162 161 162 163 163 162 163 164 163 162 163 163 163 162 162 163 162 163 162 163 163 163 162 162 163 163 163 160 161 161 161 158 159 156 158 156 155 156 154 158 153 156 152 155 153 152 152 150 153 148 153 149 151 149 147 149 143 145 138 142 138 139 138 135 135 128 129 122 123 121 118 119 112 117 111 113 107 103 108 104 113 112 120 124 129 132 135 135 134 142 144 144 145 148 148 149 144 137 134 133 132 128 126 125 124 127 124 116 116 104 101 99 103 114 119 121 121 132 132 135 140 141 144 143 146 145 146 140 128 112 113 102 89 88 92 99 106 101 101 100 94 100 112 122 126 127 121 105 121 121 116 120 125 125 124 117 113 113 112 106 97 103 116 117 113 111 111 109 114 110 107 90 83 83 84 83 88 89 84 81 75 71 64 65 65 64 68 64 56 60 59 59 65 73 75 79 75 73 81 89 91 88 94 100 108 98 102 106 109 117 115 114 117 114 111 114 120 125 127 122 122 122 125 132 144 157 155 155 155 155 155 155 154 153 153 151 141 143 148 148 133 114 110 114 120 112 98 90 90 78 72 69 67 64 60 54 62 74 90 106 118 127 136 143 147 145 146 146 146 144 145 143 140 136 131 129 127 127 124 120 114 111 108 101 96 100 102 99 98 97 100 106 111 113 110 108 111 119 127 134 140 143 144 147 150 153 154 156 158 159 162 163 162 162 160 157 155 155 153 150 146 143 142 142 142 143 142 144 147 150 153 156 161 165 170 174 176 179 181 181 181 182 182 181 181 181 181 179 178 176 174 172 169 167 165 163 161 158 156 152 149 146 143 139 135 130 126 120 114 108 102 95 89 84 78 75 74 72 70 69 72 73 74 76 76 78 80 81 82 82 85 86 87 88 89 91 92 94 96 98 98 99 100 100 102 104 104 105 105 106 107 108 107 108 110 110 112 112 113 114 115 116 115 116 117 117 37 0 0 0 0 0 0 0 0 0 0 0 0 0 0 0 0 0 0 0 0 0 0 0 0 0 0 0 0 0 0 0 0 0 0 0 0 0 0 0 0 0 0 0 0 
0 0 0 0 0 0 0 0 0 0 0 0 0 0 0 0 0 0 0 0 0 0 0 0 0 0 0 0 0 0 0 0 0 0 0 0 0 0 0 0 0 0 17 78 140 141 142 144 146 147 149 152 153 154 154 154 155 155 156 157 157 158 159 159 160 162 163 163 163 161 162 162 162 162 162 163 162 163 162 162 163 163 164 164 166 164 168 166 168 168 170 169 170 168 170 171 168 171 168 173 167 173 167 170 169 168 172 168 176 167 172 166 170 168 167 172 165 174 165 172 166 167 169 163 171 162 170 164 166 166 161 167 158 169 157 163 161 159 165 154 163 151 156 149 148 153 145 153 148 150 145 141 144 145 147 148 149 145 141 144 148 148 150 147 145 146 140 137 136 137 133 130 125 118 110 107 101 97 93 100 107 118 122 114 125 129 131 136 137 140 142 145 146 144 140 130 113 102 96 82 97 105 107 109 102 97 100 94 99 108 121 134 139 143 131 121 112 120 127 130 129 125 121 116 120 117 108 102 115 119 109 94 96 103 107 99 91 92 84 89 89 87 82 81 76 75 73 65 54 65 67 66 63 60 56 64 57 59 70 73 78 83 78 74 83 90 85 81 82 85 93 95 102 107 109 114 120 108 119 114 116 114 116 125 123 116 122 123 127 133 146 156 158 157 156 155 153 149 154 154 149 147 139 140 152 151 128 110 107 119 118 104 88 81 83 72 67 66 68 64 57 58 65 77 89 106 116 123 131 141 146 146 146 147 150 149 148 146 146 144 140 137 137 139 137 132 129 129 128 123 119 118 119 119 120 118 119 124 130 134 132 128 125 127 130 137 141 144 146 149 152 155 157 158 157 156 160 160 160 160 159 156 153 151 149 146 143 143 143 142 141 142 143 147 149 151 155 159 163 167 171 174 177 180 182 183 184 184 183 184 184 184 183 182 180 179 178 176 173 171 169 166 164 161 159 155 152 149 146 143 139 134 129 125 119 114 107 101 95 90 84 80 77 74 71 72 72 75 75 76 77 79 81 80 82 83 85 85 87 88 89 91 93 94 96 98 99 100 100 101 102 103 105 106 106 107 108 108 108 109 110 110 111 112 112 113 114 114 114 115 116 91 0 0 0 0 0 0 0 0 0 0 0 0 0 0 0 0 0 0 0 0 0 0 0 0 0 0 0 0 0 0 0 0 0 0 0 0 0 0 0 0 0 0 0 0 0 
0 0 0 0 0 0 0 0 0 0 0 0 0 0 0 0 0 0 0 0 0 0 0 0 0 0 0 0 0 0 0 0 0 0 0 0 0 0 0 0 0 0 0 0 13 75 137 143 144 146 148 150 152 152 154 153 155 156 156 157 157 158 157 160 161 163 164 164 165 165 165 164 166 166 167 167 168 168 169 168 170 170 169 170 170 171 169 172 169 172 168 169 165 166 165 165 164 164 164 161 163 158 162 157 159 157 158 157 155 156 150 155 151 154 151 151 153 148 151 147 151 147 147 148 144 148 144 147 143 144 144 142 145 140 143 140 141 144 141 143 138 144 140 140 144 143 151 148 149 145 143 147 140 147 145 145 145 143 146 143 147 146 150 147 147 147 138 137 135 130 131 125 125 123 121 111 106 100 98 99 112 118 132 140 132 140 142 144 148 147 144 143 132 128 126 123 120 118 114 108 106 104 85 94 101 89 82 84 75 84 99 112 128 136 134 137 121 108 114 119 125 125 123 116 116 117 117 114 108 111 111 104 99 97 107 111 106 95 88 89 82 80 83 74 71 62 69 70 58 69 66 62 50 56 55 62 57 58 61 70 74 69 82 84 87 85 87 91 92 78 91 97 99 106 106 110 110 108 114 111 124 119 116 123 120 117 123 126 127 136 150 157 163 164 161 157 152 153 156 153 148 154 145 140 142 138 127 112 105 115 112 102 87 75 71 69 69 64 65 68 68 64 76 85 91 103 112 119 126 138 143 144 144 147 150 152 151 149 150 150 148 144 144 145 146 144 141 141 140 138 134 132 133 134 134 134 135 137 142 145 146 142 138 134 134 138 142 146 149 152 155 158 161 160 158 155 155 154 155 155 156 153 151 149 146 143 142 143 143 141 140 141 144 148 149 153 155 159 163 167 170 173 176 179 181 182 184 184 184 184 185 185 184 184 183 182 180 179 177 175 173 170 168 165 162 160 156 152 149 147 143 138 134 130 125 119 113 107 102 95 92 87 82 78 76 75 75 75 75 77 79 80 81 81 82 84 85 86 87 89 91 92 93 95 96 98 98 100 100 101 102 103 104 106 106 107 108 108 108 110 110 110 110 111 111 112 112 112 112 112 114 36 0 0 0 0 0 0 0 0 0 0 0 0 0 0 0 0 0 0 0 0 0 0 0 0 0 0 0 0 0 0 0 0 0 0 0 0 0 0 0 0 0 0 0 0 0 
0 0 0 0 0 0 0 0 0 0 0 0 0 0 0 0 0 0 0 0 0 0 0 0 0 0 0 0 0 0 0 0 0 0 0 0 0 0 0 0 0 0 0 0 0 0 9 71 136 147 148 151 152 152 154 153 154 156 158 159 158 161 162 164 164 167 166 170 169 172 169 171 169 172 168 168 166 169 164 164 161 163 162 162 161 160 159 159 160 158 159 158 158 157 158 158 159 158 157 157 156 155 155 153 153 153 152 152 151 149 147 147 147 146 144 144 143 142 141 141 140 139 138 135 135 133 131 131 129 129 127 126 124 124 120 119 116 114 115 111 111 109 110 111 113 114 115 113 111 111 114 117 124 127 132 132 131 134 130 139 136 140 135 135 131 129 127 132 135 135 133 131 126 123 116 109 100 104 110 116 118 113 111 114 122 133 141 139 138 147 144 142 145 129 113 116 121 122 124 122 112 111 101 81 85 99 98 79 73 71 82 96 95 103 113 123 130 125 118 103 103 115 118 116 112 112 115 111 118 114 113 111 109 105 104 101 108 97 87 84 75 72 80 76 69 64 66 72 67 68 63 53 49 52 56 65 72 63 67 73 75 74 87 94 93 94 95 96 95 89 93 102 102 107 104 106 102 110 111 116 125 121 116 121 117 116 129 128 131 144 154 157 165 164 160 161 154 153 154 151 151 154 147 133 132 127 124 114 109 106 102 98 94 87 71 66 67 69 68 69 70 71 82 95 94 103 109 114 123 133 138 139 139 142 147 149 148 149 152 153 152 149 148 149 150 150 149 147 146 145 142 140 140 143 143 144 146 147 149 152 153 151 147 141 142 143 145 148 151 153 156 159 162 161 157 153 151 149 150 150 150 148 145 145 143 140 140 141 139 136 136 137 139 142 145 148 151 155 159 163 167 170 174 176 179 181 183 184 184 185 186 187 185 184 185 184 183 181 180 178 175 172 170 168 166 162 160 157 154 151 148 144 140 136 130 125 119 114 108 102 98 94 88 83 80 79 76 76 77 78 78 80 80 81 83 84 84 86 87 89 91 93 94 96 97 97 98 99 101 101 101 103 104 105 106 107 108 109 109 110 110 110 110 110 111 111 111 112 112 112 88 0 0 0 0 0 0 0 0 0 0 0 0 0 0 0 0 0 0 0 0 0 0 0 0 0 0 0 0 0 0 0 0 0 0 0 0 0 0 0 0 0 0 0 0 0 0 
0 0 0 0 0 0 0 0 0 0 0 0 0 0 0 0 0 0 0 0 0 0 0 0 0 0 0 0 0 0 0 0 0 0 0 0 0 0 0 0 0 0 0 0 0 0 0 0 4 69 135 153 153 155 157 160 160 163 163 164 163 166 163 165 164 165 165 164 163 165 164 164 164 163 163 161 163 161 161 160 160 160 159 159 159 158 158 158 159 157 158 158 157 158 159 158 158 158 157 155 155 154 154 152 152 153 151 151 150 150 148 147 145 145 144 143 142 142 140 141 140 138 138 135 135 133 132 132 130 129 127 125 125 122 122 117 119 114 114 111 108 113 108 113 105 110 100 107 107 108 114 115 127 128 135 139 141 142 144 147 151 147 148 141 139 138 134 132 136 131 131 119 126 127 124 123 116 116 108 110 109 108 104 106 110 116 124 139 133 133 141 145 150 148 145 131 132 132 129 132 128 126 125 119 92 68 69 67 56 59 64 88 114 115 107 114 126 129 127 131 115 104 106 109 105 105 108 102 100 103 105 113 112 106 99 95 102 106 94 89 78 72 65 74 74 68 64 67 75 71 58 53 54 53 59 59 60 64 69 75 85 81 82 86 90 92 92 96 99 93 96 107 108 109 108 106 107 114 114 120 123 115 114 114 116 120 129 134 139 143 152 158 162 160 159 159 154 157 155 145 152 149 146 137 131 125 122 117 120 100 99 99 96 89 78 68 64 60 68 64 71 72 88 103 103 104 107 111 121 130 135 136 136 137 139 141 141 144 149 152 152 150 148 147 148 149 151 152 150 149 149 147 146 148 150 152 155 155 155 157 158 157 155 153 149 148 148 149 150 151 154 156 158 157 154 151 148 147 147 147 145 142 139 139 138 136 136 136 132 129 128 131 134 137 140 143 147 151 155 159 164 167 170 173 176 178 180 182 184 185 186 186 186 186 187 186 184 183 181 179 177 175 174 172 169 166 163 160 159 155 151 148 144 139 134 131 126 121 114 109 104 99 94 90 86 83 79 78 78 79 79 80 81 82 83 83 83 86 88 88 91 92 94 95 97 97 98 98 100 101 102 103 103 104 106 107 108 108 109 110 110 110 111 111 111 111 112 111 112 112 38 0 0 0 0 0 0 0 0 0 0 0 0 0 0 0 0 0 0 0 0 0 0 0 0 0 0 0 0 0 0 0 0 0 0 0 0 0 0 0 0 0 0 0 0 0 0 
0 0 0 0 0 0 0 0 0 0 0 0 0 0 0 0 0 0 0 0 0 0 0 0 0 0 0 0 0 0 0 0 0 0 0 0 0 0 0 0 0 0 0 0 0 0 0 0 0 0 5 74 149 161 162 159 163 160 160 156 158 158 159 159 160 159 161 161 162 163 163 163 162 162 163 162 164 163 162 161 160 160 159 159 159 159 161 158 159 158 158 159 157 158 158 158 157 157 158 156 156 153 154 153 153 151 150 150 149 148 147 147 146 144 144 144 144 143 143 141 142 140 142 138 141 139 140 141 141 141 140 143 139 145 139 149 142 151 142 152 145 147 149 143 154 143 161 144 157 151 153 157 152 164 159 168 166 164 166 163 167 162 166 163 166 163 159 160 155 160 152 158 151 157 155 151 149 135 133 118 110 112 112 114 107 109 106 95 111 128 137 146 145 145 135 135 130 129 128 132 139 134 124 110 107 103 80 63 53 47 50 64 74 102 128 124 122 122 122 114 123 130 115 108 106 105 108 106 90 93 93 104 123 118 105 103 99 104 95 89 87 81 77 74 79 70 66 66 66 59 55 57 60 52 61 62 54 56 63 75 86 86 83 81 83 83 90 96 101 97 93 97 98 109 109 110 112 117 121 116 111 110 117 122 116 119 126 138 144 146 157 160 164 163 164 153 156 155 155 154 153 145 146 145 131 124 126 119 112 102 101 97 89 88 88 78 71 71 69 65 72 79 94 111 111 108 110 113 116 124 131 133 132 132 132 133 134 135 138 142 144 144 144 143 144 147 150 152 151 150 150 148 150 152 155 159 161 162 161 160 159 158 157 154 152 150 148 149 149 151 152 151 153 151 148 147 145 143 142 140 135 133 131 132 132 131 130 129 126 123 123 125 130 132 137 142 146 151 155 159 163 166 169 172 174 176 178 179 182 183 184 185 186 187 187 187 186 185 183 182 180 178 177 175 172 169 167 165 162 158 155 153 149 144 140 136 132 127 121 116 110 105 100 95 91 87 84 82 80 80 80 79 81 81 81 83 85 86 87 88 90 92 94 96 97 98 98 99 100 101 101 102 103 104 104 106 108 108 109 110 111 110 112 112 112 112 112 112 111 90 0 0 0 0 0 0 0 0 0 0 0 0 0 0 0 0 0 0 0 0 0 0 0 0 0 0 0 0 0 0 0 0 0 0 0 0 0 0 0 0 0 0 0 0 0 0 0 
0 0 0 0 0 0 0 0 0 0 0 0 0 0 0 0 0 0 0 0 0 0 0 0 0 0 0 0 0 0 0 0 0 0 0 0 0 0 0 0 0 0 0 0 0 0 0 0 0 0 0 0 0 68 136 156 156 156 156 156 157 157 159 158 159 159 159 161 161 162 160 161 160 161 163 163 163 162 163 161 160 160 160 160 160 160 160 160 158 159 158 158 156 156 157 157 157 156 155 155 154 152 152 152 151 151 151 149 150 148 150 148 151 150 152 152 152 154 154 157 156 162 158 163 156 164 156 163 157 163 158 157 157 151 153 145 151 141 148 138 145 138 139 137 135 138 130 139 132 140 136 143 149 148 156 152 157 158 158 160 156 161 156 161 162 160 159 157 158 155 158 150 149 145 145 146 140 141 130 125 109 105 105 106 111 112 119 123 108 102 120 126 132 136 143 141 145 135 135 135 133 122 121 111 109 111 95 76 58 44 42 55 73 88 103 115 124 125 130 123 118 128 129 123 119 125 125 123 120 111 107 107 114 117 106 96 97 102 96 76 89 81 73 75 75 70 61 64 60 56 56 61 57 53 61 61 55 52 62 72 85 86 81 75 72 84 96 92 91 90 93 89 100 106 109 113 119 120 118 112 118 110 113 118 118 123 125 132 142 148 158 160 162 163 159 154 159 153 151 155 154 144 141 141 131 127 131 126 115 101 94 92 84 82 82 72 72 72 74 72 78 87 99 111 113 112 117 118 114 117 123 125 124 123 123 124 125 125 124 126 128 133 137 137 139 142 147 151 149 147 147 148 150 153 156 162 163 163 162 161 159 156 153 151 150 147 145 144 145 148 148 147 146 142 140 140 138 136 134 130 126 124 123 124 125 124 122 122 119 117 117 121 124 128 132 138 145 151 154 159 161 164 167 169 172 174 176 177 179 181 183 184 186 187 187 187 187 186 185 184 183 182 180 178 176 173 169 168 165 162 159 156 153 149 146 142 138 133 128 123 118 112 106 101 97 93 89 87 83 83 81 81 81 81 81 83 84 85 86 88 89 92 93 96 97 97 98 100 100 101 101 102 103 104 104 106 107 108 109 110 111 112 112 112 112 112 112 112 111 41 0 0 0 0 0 0 0 0 0 0 0 0 0 0 0 0 0 0 0 0 0 0 0 0 0 0 0 0 0 0 0 0 0 0 0 0 0 0 0 0 0 0 0 0 0 0 0 
0 0 0 0 0 0 0 0 0 0 0 0 0 0 0 0 0 0 0 0 0 0 0 0 0 0 0 0 0 0 0 0 0 0 0 0 0 0 0 0 0 0 0 0 0 0 0 0 0 0 0 0 0 0 0 63 132 157 157 158 158 159 160 159 159 159 159 161 160 160 159 160 161 161 161 163 162 162 163 162 160 160 160 160 160 160 159 159 158 159 158 157 157 156 156 157 156 155 155 155 154 155 154 156 154 158 158 160 159 164 161 164 159 163 159 161 158 159 157 155 155 151 150 145 146 142 142 139 140 134 134 130 130 127 124 123 119 120 116 117 114 114 112 110 110 110 109 109 112 112 114 116 118 124 127 128 127 128 130 128 131 130 131 131 137 136 136 138 141 141 139 135 129 126 125 119 123 111 109 101 96 93 99 98 93 100 104 106 119 120 113 117 123 127 135 143 142 140 137 140 140 131 116 108 100 97 98 89 65 47 42 52 72 83 101 105 106 118 132 133 127 130 136 131 125 125 123 123 122 131 127 115 113 111 115 108 96 97 97 85 83 87 77 76 82 69 65 60 55 53 54 60 60 64 65 64 63 68 67 68 73 77 75 77 79 90 103 93 88 98 100 98 107 105 109 109 109 116 113 113 116 109 117 127 127 124 126 134 143 152 157 154 156 158 156 154 150 148 149 153 152 141 134 133 127 124 126 122 119 113 99 88 83 80 75 60 65 72 76 78 84 90 100 114 116 115 118 121 121 116 111 115 115 112 112 115 115 115 113 112 116 124 126 127 129 133 138 141 140 139 141 141 142 146 150 153 154 156 157 156 157 151 148 145 142 139 138 137 138 140 139 136 132 132 130 128 127 124 121 117 113 113 116 118 119 120 117 115 114 115 116 119 121 126 130 134 141 146 150 154 157 159 162 165 167 170 173 175 178 179 181 183 186 186 187 188 188 187 187 186 185 184 182 181 179 176 174 171 169 166 164 162 158 154 151 147 143 139 134 130 125 119 113 109 104 99 95 92 88 86 83 82 81 82 82 83 84 85 86 88 90 92 93 95 96 96 98 99 99 100 101 103 102 103 104 105 106 107 108 109 110 111 110 111 112 111 111 111 94 0 0 0 0 0 0 0 0 0 0 0 0 0 0 0 0 0 0 0 0 0 0 0 0 0 0 0 0 0 0 0 0 0 0 0 0 0 0 0 0 0 0 0 0 0 0 0 0 
0 0 0 0 0 0 0 0 0 0 0 0 0 0 0 0 0 0 0 0 0 0 0 0 0 0 0 0 0 0 0 0 0 0 0 0 0 0 0 0 0 0 0 0 0 0 0 0 0 0 0 0 0 0 0 0 0 63 133 157 159 160 159 160 160 160 159 159 159 159 159 159 159 161 161 161 162 162 163 162 161 160 160 160 160 159 159 159 159 159 157 157 156 155 156 157 158 158 162 161 162 162 163 161 163 159 160 156 157 153 154 151 149 147 148 146 146 143 143 141 139 139 138 137 136 135 134 131 131 129 127 126 126 124 122 120 119 118 115 115 112 112 111 109 110 111 111 112 114 113 115 113 115 119 121 122 122 124 123 121 120 116 119 119 124 123 127 132 134 135 134 134 133 127 126 127 121 119 110 108 102 97 97 101 96 91 93 97 93 98 99 100 108 117 122 127 127 134 134 137 132 133 137 124 115 107 95 85 68 49 45 47 55 66 89 113 120 121 113 119 126 125 127 127 129 136 127 125 134 128 131 120 110 109 109 110 104 92 94 86 78 81 82 79 73 66 59 56 52 52 49 53 53 56 58 56 59 68 71 77 75 71 76 87 100 100 100 85 84 104 101 95 104 114 112 108 104 109 110 110 115 121 126 131 129 122 131 140 147 153 152 151 158 160 154 153 148 139 145 147 144 139 129 122 119 114 118 118 123 121 102 81 72 77 72 58 61 71 68 80 90 94 98 107 114 117 118 119 124 120 113 109 105 102 103 109 106 105 107 105 110 117 119 120 124 128 131 132 130 131 129 130 133 135 140 141 139 139 141 144 143 142 141 136 132 129 129 129 130 128 124 121 117 116 116 113 107 105 105 105 103 106 109 112 112 113 112 109 107 110 113 116 119 124 128 131 136 140 144 148 151 154 158 161 164 167 170 172 175 177 179 182 184 186 187 188 188 188 188 188 187 186 184 183 181 180 177 175 173 170 167 164 162 159 155 153 148 144 140 136 131 125 120 116 112 106 101 97 93 90 87 85 83 83 83 83 85 86 87 88 90 92 92 94 95 96 97 97 98 99 100 101 101 103 103 104 105 106 107 108 109 109 109 110 111 111 111 111 45 0 0 0 0 0 0 0 0 0 0 0 0 0 0 0 0 0 0 0 0 0 0 0 0 0 0 0 0 0 0 0 0 0 0 0 0 0 0 0 0 0 0 0 0 0 0 0 0 
0 0 0 0 0 0 0 0 0 0 0 0 0 0 0 0 0 0 0 0 0 0 0 0 0 0 0 0 0 0 0 0 0 0 0 0 0 0 0 0 0 0 0 0 0 0 0 0 0 0 0 0 0 0 0 0 0 0 0 59 129 159 159 160 160 161 159 159 160 160 159 160 159 161 161 160 162 162 162 162 160 160 159 160 158 158 158 159 158 159 159 160 161 161 161 163 162 162 161 160 158 157 155 153 151 152 149 149 147 148 149 147 145 146 145 147 145 143 142 141 140 138 138 137 136 135 134 133 132 131 128 126 127 125 122 120 120 118 116 115 114 113 112 111 110 110 111 113 113 112 113 116 115 121 124 124 125 122 121 117 115 114 113 110 113 120 126 133 137 135 139 133 129 123 111 109 117 116 117 113 110 110 98 104 101 93 84 85 84 81 84 87 94 100 108 116 120 118 117 119 121 120 134 133 129 117 102 85 76 66 62 72 79 75 97 118 132 135 138 128 125 130 122 121 126 132 131 130 134 135 135 128 117 115 117 107 92 82 80 84 78 81 76 80 68 58 58 62 61 54 58 50 45 53 55 53 63 71 69 75 80 83 77 86 99 98 92 88 88 105 107 97 103 102 112 107 103 107 114 113 122 128 126 131 127 125 139 146 150 156 155 147 154 156 151 149 145 138 138 136 136 134 127 118 121 111 106 110 113 112 98 87 80 79 84 75 69 65 68 85 95 97 95 103 110 114 116 116 120 122 116 109 102 96 96 104 106 104 104 103 105 110 112 115 121 126 129 130 131 130 125 124 126 128 130 128 123 119 119 123 122 125 126 125 122 122 124 123 117 112 107 105 106 105 106 102 96 92 92 96 95 100 101 102 104 104 103 102 101 103 109 112 116 121 124 128 132 136 140 144 147 152 155 158 161 164 168 171 172 174 177 179 181 183 184 186 187 188 189 189 188 188 187 185 183 182 180 179 176 173 170 168 165 163 160 156 153 150 145 141 137 131 127 123 117 113 108 103 99 94 91 88 87 84 83 84 85 86 87 87 89 91 93 94 95 95 96 96 96 98 98 100 100 101 102 103 103 104 105 106 108 108 108 109 109 110 110 93 0 0 0 0 0 0 0 0 0 0 0 0 0 0 0 0 0 0 0 0 0 0 0 0 0 0 0 0 0 0 0 0 0 0 0 0 0 0 0 0 0 0 0 0 0 0 0 0 0 
0 0 0 0 0 0 0 0 0 0 0 0 0 0 0 0 0 0 0 0 0 0 0 0 0 0 0 0 0 0 0 0 0 0 0 0 0 0 0 0 0 0 0 0 0 0 0 0 0 0 0 0 0 0 0 0 0 0 0 0 0 54 124 159 159 159 158 159 161 161 160 161 160 160 161 160 161 160 161 160 159 159 158 157 159 158 161 160 163 161 161 160 159 157 158 157 156 154 155 154 154 153 152 152 153 153 151 150 149 149 148 148 148 148 146 145 145 143 143 141 140 138 138 137 136 135 135 133 132 130 129 127 126 124 123 121 119 118 119 116 114 113 112 110 110 112 111 111 111 112 117 122 124 124 123 121 121 120 119 115 110 106 104 104 105 116 124 130 135 131 126 127 123 123 125 122 124 127 123 118 109 98 100 102 102 94 84 75 76 79 84 82 86 90 96 106 117 128 127 118 123 116 117 127 132 128 121 104 88 82 82 85 101 126 118 112 121 133 135 137 131 133 141 131 120 120 129 133 128 115 124 131 128 118 111 102 79 74 73 73 78 77 71 68 66 51 52 54 55 49 45 48 45 56 60 58 68 64 65 63 73 77 76 85 98 96 91 98 96 102 107 103 106 104 109 113 99 108 116 123 122 124 128 130 130 128 140 144 152 157 160 155 150 152 150 138 141 133 127 122 125 124 113 110 117 100 96 99 100 98 92 80 75 79 78 73 63 60 72 90 99 99 94 98 107 109 111 115 118 119 116 110 103 96 94 102 107 106 105 103 103 104 107 108 115 120 126 133 135 132 128 123 120 119 120 118 113 105 102 98 103 107 109 112 110 109 113 113 105 100 97 98 101 104 104 100 92 90 92 93 94 94 92 94 94 96 97 100 101 104 108 112 116 121 123 126 130 133 137 142 145 149 153 155 159 161 165 167 170 172 174 176 178 180 181 183 184 186 188 188 188 189 188 188 186 184 183 182 180 177 175 172 169 166 164 162 158 154 150 146 141 136 132 129 124 119 113 108 104 100 96 92 91 86 85 85 85 86 87 87 89 91 92 92 95 94 95 95 96 97 97 97 98 99 100 101 102 103 103 104 106 106 106 107 108 108 109 44 0 0 0 0 0 0 0 0 0 0 0 0 0 0 0 0 0 0 0 0 0 0 0 0 0 0 0 0 0 0 0 0 0 0 0 0 0 0 0 0 0 0 0 0 0 0 0 0 0 
0 0 0 0 0 0 0 0 0 0 0 0 0 0 0 0 0 0 0 0 0 0 0 0 0 0 0 0 0 0 0 0 0 0 0 0 0 0 0 0 0 0 0 0 0 0 0 0 0 0 0 0 0 0 0 0 0 0 0 0 0 0 0 50 124 158 158 159 160 161 159 159 160 160 160 159 159 160 160 160 160 162 161 163 162 162 160 159 158 157 156 155 155 153 154 154 154 154 154 153 154 154 153 152 153 152 151 151 151 150 150 148 149 148 146 145 144 143 142 140 139 138 138 137 137 136 135 133 132 131 129 127 126 125 123 123 121 119 118 116 114 112 112 112 112 113 113 113 113 116 119 123 121 123 123 123 123 124 123 117 111 105 105 104 109 107 115 112 118 126 124 127 132 126 125 127 128 129 127 126 121 118 109 104 100 92 85 80 76 79 79 84 80 91 98 109 118 129 132 127 119 121 124 119 119 126 124 111 105 100 98 92 94 82 106 110 112 119 123 128 139 130 131 136 140 135 129 131 137 136 129 124 134 125 110 101 92 75 67 63 64 70 65 66 60 55 52 58 58 47 46 62 65 66 71 70 73 70 75 70 75 63 72 85 98 102 100 105 106 102 102 102 103 99 97 103 103 113 120 120 119 121 122 127 131 131 139 143 154 161 157 159 158 158 151 142 136 122 119 115 125 116 114 109 108 97 88 92 100 91 84 73 75 76 72 60 59 63 77 95 96 100 94 96 106 108 106 108 111 112 110 107 102 97 99 102 103 108 111 108 108 108 107 109 113 120 127 133 135 132 125 120 110 105 105 108 110 106 99 93 93 91 96 98 95 93 95 99 97 93 94 95 97 98 99 96 91 90 94 96 97 94 92 93 94 95 97 102 104 107 111 114 116 120 123 126 129 132 136 140 144 146 150 153 156 158 161 163 166 168 171 173 175 176 178 180 181 184 185 187 188 188 189 188 187 187 186 185 183 181 178 175 174 171 168 166 162 159 155 151 146 143 139 134 129 126 120 115 109 105 101 97 94 91 88 86 86 86 86 88 90 90 90 91 92 93 94 95 95 96 96 96 97 97 98 99 100 101 101 102 104 104 104 106 107 107 94 0 0 0 0 0 0 0 0 0 0 0 0 0 0 0 0 0 0 0 0 0 0 0 0 0 0 0 0 0 0 0 0 0 0 0 0 0 0 0 0 0 0 0 0 0 0 0 0 0 0 
0 0 0 0 0 0 0 0 0 0 0 0 0 0 0 0 0 0 0 0 0 0 0 0 0 0 0 0 0 0 0 0 0 0 0 0 0 0 0 0 0 0 0 0 0 0 0 0 0 0 0 0 0 0 0 0 0 0 0 0 0 0 0 0 0 49 118 158 160 160 158 160 160 159 159 160 159 163 164 162 163 162 162 160 159 157 156 155 155 156 156 156 155 154 154 154 153 155 154 154 154 154 154 154 153 150 151 152 150 149 148 148 149 147 145 144 142 141 140 139 139 139 139 139 139 137 136 133 132 131 129 127 127 124 123 122 121 121 119 116 114 113 114 115 115 115 114 114 115 118 121 126 129 132 129 130 128 126 127 125 125 123 121 120 122 118 119 114 113 107 114 118 121 129 126 130 136 135 142 138 132 121 113 105 104 108 92 87 80 81 80 89 103 102 113 111 110 108 117 127 117 106 113 116 106 112 113 108 105 106 118 118 116 114 109 121 116 115 117 117 122 128 133 137 146 147 147 143 141 138 139 138 134 133 115 87 77 74 66 57 54 61 64 64 56 46 54 60 56 52 53 64 68 69 77 66 63 72 79 79 84 82 77 85 98 97 98 104 100 103 104 105 112 105 100 103 108 116 118 121 123 122 120 119 126 123 138 148 158 161 162 164 164 161 150 143 140 123 115 118 118 108 112 109 109 96 93 92 97 95 85 78 81 80 78 62 62 68 81 91 91 98 105 101 108 108 105 104 102 100 101 98 98 96 101 105 107 110 112 111 108 108 108 111 115 119 124 131 130 127 121 115 104 96 94 98 103 104 104 101 95 92 93 95 89 84 86 90 93 93 91 92 89 91 90 88 87 92 96 98 100 99 97 94 96 98 101 104 108 110 112 114 117 120 121 124 127 130 134 138 141 143 145 149 152 155 157 160 162 165 167 169 171 173 175 177 179 181 182 184 185 187 188 188 188 188 187 186 185 183 181 178 176 174 172 169 166 163 159 155 151 148 145 139 136 131 127 122 117 112 107 103 98 96 92 90 88 88 87 88 89 90 89 90 92 92 93 94 95 94 94 95 95 95 96 98 98 98 99 101 102 102 102 104 105 106 46 0 0 0 0 0 0 0 0 0 0 0 0 0 0 0 0 0 0 0 0 0 0 0 0 0 0 0 0 0 0 0 0 0 0 0 0 0 0 0 0 0 0 0 0 0 0 0 0 0 0 
0 0 0 0 0 0 0 0 0 0 0 0 0 0 0 0 0 0 0 0 0 0 0 0 0 0 0 0 0 0 0 0 0 0 0 0 0 0 0 0 0 0 0 0 0 0 0 0 0 0 0 0 0 0 0 0 0 0 0 0 0 0 0 0 0 0 0 44 115 160 159 161 160 161 162 162 163 164 164 161 161 159 156 158 157 157 156 156 156 156 157 156 156 156 156 155 154 156 155 153 155 154 154 154 153 151 151 151 150 149 149 148 146 145 144 143 142 141 140 139 140 140 140 140 139 138 136 133 131 129 128 129 126 126 124 125 123 121 119 116 114 114 117 118 117 117 117 120 125 130 133 134 132 130 132 133 137 139 140 143 149 145 144 137 129 126 121 118 117 131 128 134 133 134 128 127 126 127 125 130 130 127 124 124 112 104 96 83 79 82 84 83 99 109 116 116 110 111 103 103 112 114 107 118 119 113 119 117 117 110 103 115 126 128 121 111 115 122 123 122 117 118 125 138 145 150 153 149 144 139 134 128 126 118 109 94 75 60 51 50 58 60 63 66 72 63 54 56 56 42 49 55 58 57 62 67 67 70 70 77 73 81 87 83 93 98 97 95 96 102 110 108 107 111 107 104 114 116 116 122 119 123 126 124 122 126 139 153 160 160 162 160 159 158 150 147 146 128 114 112 115 105 112 110 103 100 106 96 98 101 90 82 80 81 84 78 71 72 83 90 92 98 102 104 110 112 107 102 95 92 96 100 100 99 100 102 104 108 116 117 111 108 107 109 112 112 116 121 125 121 119 113 106 98 95 96 96 100 103 102 102 101 101 102 96 88 86 87 92 97 96 92 88 87 88 88 90 96 101 104 104 103 101 99 99 102 104 106 109 111 113 114 117 118 120 122 124 127 130 134 137 140 143 145 147 151 154 155 159 161 163 165 168 170 172 174 176 178 179 181 183 185 186 187 188 188 187 187 186 185 183 181 179 177 175 172 170 167 163 160 157 153 149 144 141 137 133 129 124 119 114 109 104 101 96 93 91 91 89 88 88 89 89 89 89 91 91 92 92 92 93 93 93 94 95 96 96 96 98 99 100 101 101 102 103 95 0 0 0 0 0 0 0 0 0 0 0 0 0 0 0 0 0 0 0 0 0 0 0 0 0 0 0 0 0 0 0 0 0 0 0 0 0 0 0 0 0 0 0 0 0 0 0 0 0 0 0 
0 0 0 0 0 0 0 0 0 0 0 0 0 0 0 0 0 0 0 0 0 0 0 0 0 0 0 0 0 0 0 0 0 0 0 0 0 0 0 0 0 0 0 0 0 0 0 0 0 0 0 0 0 0 0 0 0 0 0 0 0 0 0 0 0 0 0 0 0 39 110 163 163 164 162 161 161 161 159 158 158 158 159 159 159 158 158 158 158 158 158 158 158 157 157 156 155 156 155 154 154 153 153 152 153 152 150 150 149 147 147 146 146 144 144 141 140 141 140 140 141 141 141 140 140 137 134 133 132 130 129 129 128 127 125 124 123 122 120 118 118 117 119 124 123 129 131 138 142 146 146 150 148 156 154 166 157 160 154 151 147 142 137 128 120 114 107 104 105 108 118 125 126 124 122 122 127 128 129 136 138 131 132 120 120 107 106 89 93 87 96 95 98 110 103 97 97 101 115 114 106 108 110 104 116 129 129 127 124 122 125 123 116 122 123 118 109 110 120 135 125 121 128 139 149 146 146 145 145 137 140 135 128 122 104 96 77 65 51 43 44 54 63 67 70 67 57 56 61 57 55 70 60 59 65 76 69 73 86 83 77 79 94 86 94 106 94 93 99 100 107 108 103 111 109 106 111 110 110 112 108 111 125 120 126 132 144 156 159 158 156 153 146 156 146 146 139 123 114 117 121 130 113 101 101 101 94 95 102 99 87 78 76 86 89 85 77 77 85 87 89 98 98 101 103 111 106 100 94 89 93 97 101 100 95 96 97 103 114 121 119 112 106 109 107 108 112 119 124 127 123 118 111 105 102 99 95 93 98 101 104 107 110 110 106 100 94 91 94 97 96 92 88 87 92 94 97 101 105 108 106 105 104 103 102 103 105 107 108 110 111 114 114 117 119 120 121 125 127 129 133 135 138 140 143 146 148 151 154 156 159 161 163 166 169 170 172 175 177 179 180 182 184 185 186 187 188 188 187 187 185 183 182 180 178 176 173 170 168 164 161 158 153 149 146 142 137 133 129 125 120 115 110 106 103 98 95 93 91 89 88 87 88 87 88 89 89 90 91 90 90 91 91 92 93 94 95 95 96 97 98 99 99 101 102 48 0 0 0 0 0 0 0 0 0 0 0 0 0 0 0 0 0 0 0 0 0 0 0 0 0 0 0 0 0 0 0 0 0 0 0 0 0 0 0 0 0 0 0 0 0 0 0 0 0 0 0 
0 0 0 0 0 0 0 0 0 0 0 0 0 0 0 0 0 0 0 0 0 0 0 0 0 0 0 0 0 0 0 0 0 0 0 0 0 0 0 0 0 0 0 0 0 0 0 0 0 0 0 0 0 0 0 0 0 0 0 0 0 0 0 0 0 0 0 0 0 0 0 40 112 162 160 159 159 158 157 158 158 159 160 160 162 162 162 162 160 158 158 159 159 159 157 156 156 156 155 153 154 153 154 152 150 149 148 146 145 143 146 143 143 143 142 142 141 141 141 142 142 142 141 141 139 137 134 132 132 132 132 131 131 129 128 125 125 123 122 119 126 129 142 148 156 156 164 161 173 161 165 155 155 149 150 146 144 137 136 129 128 124 121 117 112 109 102 99 102 106 116 121 133 130 139 137 145 145 154 149 154 146 147 143 136 139 130 137 126 132 107 101 85 79 74 72 84 89 97 104 110 106 112 122 115 112 125 126 125 126 130 136 138 127 112 108 102 99 99 109 126 130 130 128 132 137 139 136 132 132 121 125 126 121 108 93 72 49 43 35 33 50 63 64 64 65 61 55 61 51 52 50 56 59 66 64 63 74 92 86 82 82 88 95 103 109 99 95 98 90 104 113 111 110 110 112 107 104 108 105 97 105 122 131 138 149 155 165 158 154 158 154 150 154 147 141 132 119 110 120 116 117 104 94 97 107 98 86 91 83 75 73 77 81 83 83 81 77 91 92 93 102 108 108 110 113 113 105 102 95 90 91 95 99 93 83 83 86 95 111 116 110 109 109 108 109 110 113 119 125 124 120 112 108 103 98 90 85 90 97 102 105 109 111 111 109 104 97 95 95 94 92 91 93 97 99 103 104 105 104 105 104 102 102 103 104 105 107 108 110 113 114 115 116 118 118 119 122 124 125 128 131 133 135 138 141 144 146 149 152 154 156 159 161 164 166 169 171 173 176 178 180 181 183 185 186 187 187 188 188 187 185 184 183 181 179 178 173 171 168 165 162 158 154 150 147 142 138 135 129 126 122 117 112 108 104 101 97 93 90 88 88 87 87 86 86 87 89 89 89 90 89 90 91 91 91 92 93 94 95 96 97 98 99 91 3 0 0 0 0 0 0 0 0 0 0 0 0 0 0 0 0 0 0 0 0 0 0 0 0 0 0 0 0 0 0 0 0 0 0 0 0 0 0 0 0 0 0 0 0 0 0 0 0 0 0 0 
0 0 0 0 0 0 0 0 0 0 0 0 0 0 0 0 0 0 0 0 0 0 0 0 0 0 0 0 0 0 0 0 0 0 0 0 0 0 0 0 0 0 0 0 0 0 0 0 0 0 0 0 0 0 0 0 0 0 0 0 0 0 0 0 0 0 0 0 0 0 0 0 0 35 104 157 157 158 158 159 159 160 161 162 164 163 163 162 161 160 160 159 159 159 156 157 156 155 154 152 151 152 150 149 147 147 147 147 145 145 145 144 144 143 142 143 141 141 142 142 142 142 141 141 139 135 134 134 134 132 132 134 132 133 131 137 137 145 146 155 156 170 164 171 159 158 147 145 137 134 124 125 119 122 126 131 129 127 126 126 127 127 126 127 132 128 136 127 139 132 138 133 133 134 131 140 137 144 143 147 142 140 136 135 133 126 124 118 118 109 99 88 79 71 65 65 63 81 82 87 87 96 93 102 116 124 127 135 130 127 128 130 129 134 137 117 96 101 112 126 134 147 141 133 131 127 135 137 134 135 132 123 117 112 106 95 73 48 35 27 25 41 57 63 58 54 49 48 50 48 55 53 54 57 71 66 67 79 84 83 81 85 86 94 91 103 105 96 91 86 102 107 108 108 109 118 111 114 120 111 107 111 126 136 141 152 160 164 160 158 162 157 150 157 149 136 130 118 103 107 105 103 96 87 92 90 85 73 67 66 65 72 77 78 66 73 89 95 99 98 99 109 119 115 110 115 116 108 105 104 95 87 90 100 96 85 78 74 79 88 96 99 101 107 109 107 108 109 111 117 116 111 106 107 107 100 92 86 87 93 96 96 99 105 111 109 105 98 92 91 92 93 96 100 103 104 105 104 103 101 100 102 101 102 103 105 106 107 109 111 112 115 114 115 115 117 118 119 120 122 123 126 128 131 133 136 139 141 143 147 149 152 154 156 159 162 164 167 169 172 175 177 179 181 183 185 186 186 187 187 187 187 185 184 182 181 179 176 174 171 169 166 163 159 155 152 147 144 141 136 132 128 123 117 112 109 105 100 96 93 89 88 88 86 85 86 86 87 87 87 88 88 89 89 89 89 90 90 92 93 94 95 96 98 46 0 0 0 0 0 0 0 0 0 0 0 0 0 0 0 0 0 0 0 0 0 0 0 0 0 0 0 0 0 0 0 0 0 0 0 0 0 0 0 0 0 0 0 0 0 0 0 0 0 0 0 0 
0 0 0 0 0 0 0 0 0 0 0 0 0 0 0 0 0 0 0 0 0 0 0 0 0 0 0 0 0 0 0 0 0 0 0 0 0 0 0 0 0 0 0 0 0 0 0 0 0 0 0 0 0 0 0 0 0 0 0 0 0 0 0 0 0 0 0 0 0 0 0 0 0 0 0 29 99 159 159 159 160 161 162 162 163 162 163 162 161 161 160 159 158 158 156 156 155 155 153 152 151 151 149 149 149 147 147 146 144 145 145 146 144 144 143 142 142 142 144 142 143 141 141 140 138 135 137 134 140 140 148 150 158 158 166 163 173 162 164 151 150 143 140 131 130 122 121 117 118 116 117 116 117 119 122 122 124 126 133 137 141 146 140 139 133 134 123 120 105 113 105 104 96 98 95 98 107 120 119 120 126 121 131 131 131 122 111 111 108 110 101 88 87 88 94 98 104 100 93 95 86 90 91 91 96 110 122 114 122 131 131 135 138 132 131 128 114 109 111 121 132 138 147 148 141 130 138 148 141 137 132 126 125 116 100 89 71 51 36 28 20 36 56 67 60 49 50 40 48 49 50 57 58 62 69 66 68 71 77 73 75 83 87 88 85 101 109 96 98 101 102 105 109 110 106 115 107 118 122 123 120 120 127 131 142 153 161 161 163 161 159 152 148 153 147 131 128 118 105 106 103 101 98 97 95 81 71 63 53 54 61 72 77 78 77 73 95 101 102 103 103 110 121 119 108 109 116 110 106 112 110 98 94 102 102 91 86 81 80 86 98 100 101 102 103 101 104 105 105 105 103 102 105 111 115 112 105 97 95 96 94 92 95 103 109 107 102 97 94 91 91 95 98 101 104 105 105 103 100 98 99 101 102 103 104 107 108 109 110 113 113 113 113 115 116 115 117 117 117 118 120 121 123 125 128 131 133 136 138 142 145 147 150 152 155 157 159 162 165 167 170 173 175 178 180 182 184 185 185 186 187 187 187 186 184 184 181 179 177 175 173 170 166 163 160 157 152 148 145 140 136 132 128 124 119 115 109 104 100 97 92 89 88 86 85 84 85 84 85 84 85 87 87 88 86 87 88 89 90 91 92 92 93 90 3 0 0 0 0 0 0 0 0 0 0 0 0 0 0 0 0 0 0 0 0 0 0 0 0 0 0 0 0 0 0 0 0 0 0 0 0 0 0 0 0 0 0 0 0 0 0 0 0 0 0 0 0 
0 0 0 0 0 0 0 0 0 0 0 0 0 0 0 0 0 0 0 0 0 0 0 0 0 0 0 0 0 0 0 0 0 0 0 0 0 0 0 0 0 0 0 0 0 0 0 0 0 0 0 0 0 0 0 0 0 0 0 0 0 0 0 0 0 0 0 0 0 0 0 0 0 0 0 0 0 30 100 159 160 161 161 162 161 161 161 161 161 160 160 160 158 158 156 155 155 153 152 151 150 150 150 149 148 147 146 146 146 145 145 144 144 146 144 143 143 143 143 143 142 144 144 147 148 155 157 163 161 170 164 171 160 164 159 152 143 138 129 128 126 125 123 122 121 120 119 117 117 116 116 118 120 122 125 133 138 142 144 145 143 136 135 129 125 123 122 117 115 109 101 96 91 89 86 84 89 88 97 92 103 115 117 128 130 121 118 112 107 107 104 108 110 125 128 132 124 122 119 109 100 82 82 84 97 108 126 140 127 120 127 123 130 134 132 126 119 113 115 118 128 136 141 142 144 151 147 153 151 148 149 136 121 122 116 90 68 51 38 26 15 26 52 53 55 49 44 43 48 50 53 57 56 60 62 65 66 68 73 75 75 85 90 85 91 101 103 101 104 110 103 96 108 108 106 110 111 114 120 124 123 116 119 132 143 157 161 159 162 163 160 157 144 151 144 128 120 115 117 110 101 103 94 91 92 82 65 57 49 51 66 75 76 75 70 73 89 100 103 109 109 111 117 118 111 110 115 109 103 111 113 102 97 100 105 104 105 109 104 107 113 113 108 104 107 107 108 104 98 100 96 99 104 108 113 114 110 111 105 102 95 92 95 105 110 108 105 100 96 90 87 88 94 99 101 103 103 101 99 99 100 102 103 104 106 107 109 109 110 113 112 112 112 113 115 115 115 115 114 115 116 117 119 120 123 126 128 132 134 136 139 141 144 147 149 152 155 157 160 163 166 169 172 174 177 180 182 183 184 185 187 187 187 186 186 184 182 182 180 178 176 173 170 167 164 161 157 153 150 146 143 138 134 128 124 120 114 109 105 101 95 91 89 87 85 83 83 82 83 83 84 85 85 85 86 86 86 87 90 89 89 90 92 47 0 0 0 0 0 0 0 0 0 0 0 0 0 0 0 0 0 0 0 0 0 0 0 0 0 0 0 0 0 0 0 0 0 0 0 0 0 0 0 0 0 0 0 0 0 0 0 0 0 0 0 0 0 
0 0 0 0 0 0 0 0 0 0 0 0 0 0 0 0 0 0 0 0 0 0 0 0 0 0 0 0 0 0 0 0 0 0 0 0 0 0 0 0 0 0 0 0 0 0 0 0 0 0 0 0 0 0 0 0 0 0 0 0 0 0 0 0 0 0 0 0 0 0 0 0 0 0 0 0 0 0 0 25 95 160 160 160 160 160 159 159 160 160 160 159 158 157 156 155 155 152 153 151 150 150 150 149 149 147 146 147 147 147 147 146 146 145 146 145 147 147 153 156 163 162 169 163 169 161 163 154 153 149 150 146 145 142 137 132 129 128 126 125 123 122 121 121 121 122 120 118 118 121 124 127 133 135 142 139 140 133 132 133 134 133 132 128 125 124 119 117 112 106 101 95 94 92 95 91 87 95 97 108 98 104 111 111 117 108 108 114 107 106 112 115 118 119 126 123 114 99 98 98 87 76 69 80 91 106 111 124 137 130 129 135 134 130 131 127 124 121 124 125 125 135 133 129 128 131 143 142 149 156 155 156 145 124 111 94 63 51 34 23 18 24 42 52 50 36 50 50 48 52 52 45 38 55 62 71 61 61 70 73 74 79 83 88 94 103 90 105 113 111 111 107 111 114 107 115 112 112 118 117 113 117 130 140 144 163 161 156 159 164 161 156 147 149 147 125 118 107 116 111 96 93 85 80 75 72 56 50 53 67 77 78 76 74 72 71 82 98 110 114 115 114 115 119 117 113 111 110 105 103 103 99 92 93 104 112 119 121 123 122 120 117 112 108 109 115 116 107 99 99 99 99 100 101 100 98 104 104 102 98 92 90 95 105 111 110 105 101 95 88 83 84 89 93 97 98 99 100 101 101 102 103 104 105 106 107 108 108 109 111 111 111 112 112 113 113 113 114 113 113 113 114 115 115 119 121 123 126 127 130 133 136 138 140 143 146 149 153 156 159 162 165 168 171 173 175 178 180 183 184 186 186 187 188 187 185 185 183 182 181 179 177 174 170 168 164 161 158 154 150 146 143 139 134 129 124 119 115 110 105 100 95 91 88 85 84 81 81 81 82 82 81 83 82 83 85 85 86 86 87 89 89 88 5 0 0 0 0 0 0 0 0 0 0 0 0 0 0 0 0 0 0 0 0 0 0 0 0 0 0 0 0 0 0 0 0 0 0 0 0 0 0 0 0 0 0 0 0 0 0 0 0 0 0 0 0 0 
0 0 0 0 0 0 0 0 0 0 0 0 0 0 0 0 0 0 0 0 0 0 0 0 0 0 0 0 0 0 0 0 0 0 0 0 0 0 0 0 0 0 0 0 0 0 0 0 0 0 0 0 0 0 0 0 0 0 0 0 0 0 0 0 0 0 0 0 0 0 0 0 0 0 0 0 0 0 0 0 0 20 90 159 159 159 159 159 158 159 157 158 157 157 156 156 154 152 152 151 151 151 151 151 150 150 149 148 148 149 148 149 154 157 160 166 163 168 164 167 158 158 150 148 143 145 141 144 145 148 144 140 135 131 131 129 128 128 127 126 125 122 122 123 123 122 122 123 126 131 136 139 132 129 126 123 120 126 127 130 131 130 125 124 121 119 116 115 111 104 101 101 102 102 99 96 91 88 88 83 91 81 94 96 99 98 94 107 108 103 115 118 109 110 114 114 111 110 103 98 87 80 80 78 84 97 109 110 128 137 132 138 140 142 139 138 137 132 128 133 133 138 147 139 134 142 149 155 151 143 149 146 145 133 117 106 90 65 45 29 21 18 30 42 47 50 51 45 44 43 45 47 48 52 61 64 58 58 67 76 71 72 86 89 95 93 96 108 108 105 109 113 118 119 114 116 111 111 114 112 115 116 132 140 149 157 146 156 169 170 157 162 150 149 148 131 120 108 108 109 96 91 90 74 68 66 50 51 58 80 83 85 80 78 76 76 82 95 108 117 115 112 113 120 120 112 105 107 109 102 99 98 94 93 102 114 121 122 121 122 120 115 113 112 111 111 113 111 107 100 94 95 99 98 96 97 104 104 98 90 90 89 94 103 109 109 102 97 92 87 82 83 87 91 94 95 98 99 100 102 103 103 104 105 106 105 107 107 109 109 109 111 111 112 112 112 112 112 113 111 111 111 112 112 113 115 117 119 120 123 127 130 132 135 138 141 144 148 149 154 157 160 164 167 169 172 175 177 180 182 184 185 186 187 186 185 185 185 184 183 182 179 177 174 171 168 166 162 158 154 151 147 143 139 135 129 124 118 114 109 104 99 95 91 86 84 82 80 80 80 80 80 81 82 82 84 84 84 84 87 87 87 47 0 0 0 0 0 0 0 0 0 0 0 0 0 0 0 0 0 0 0 0 0 0 0 0 0 0 0 0 0 0 0 0 0 0 0 0 0 0 0 0 0 0 0 0 0 0 0 0 0 0 0 0 0 0 
0 0 0 0 0 0 0 0 0 0 0 0 0 0 0 0 0 0 0 0 0 0 0 0 0 0 0 0 0 0 0 0 0 0 0 0 0 0 0 0 0 0 0 0 0 0 0 0 0 0 0 0 0 0 0 0 0 0 0 0 0 0 0 0 0 0 0 0 0 0 0 0 0 0 0 0 0 0 0 0 0 0 0 14 84 154 159 158 157 159 157 157 157 156 156 155 153 153 151 151 151 150 151 150 151 153 153 157 160 161 166 164 168 164 165 156 155 148 148 143 143 140 140 140 140 145 149 145 143 140 137 134 132 131 132 131 127 126 126 126 125 123 123 124 124 127 131 137 134 132 127 123 122 121 121 124 132 137 138 133 126 120 117 119 120 121 123 117 119 118 119 119 118 110 104 99 91 93 94 97 94 90 90 92 103 109 115 107 105 109 103 112 106 110 114 119 120 111 106 92 91 85 76 71 74 86 101 107 104 119 131 139 140 141 146 150 151 149 146 138 134 138 138 141 133 127 145 152 157 163 157 159 149 143 129 118 97 72 53 37 24 17 22 42 44 38 42 36 42 35 39 48 48 46 54 55 53 59 66 77 76 75 87 93 94 97 104 104 106 104 103 111 116 118 103 106 103 107 107 111 122 124 135 138 153 161 159 160 165 163 157 159 150 149 146 131 122 114 107 104 96 87 81 73 73 67 57 62 64 65 75 79 78 82 81 81 82 93 101 110 113 108 102 112 118 110 103 109 113 110 104 102 97 96 97 108 113 114 108 106 109 106 109 114 110 109 111 112 111 105 98 96 100 102 107 109 111 109 100 92 91 90 92 99 105 106 101 95 91 90 87 87 91 94 95 98 99 100 101 102 102 102 103 104 103 103 104 105 107 107 109 109 111 112 111 111 111 111 111 111 111 109 109 109 109 111 112 114 116 118 121 123 126 129 133 136 139 142 145 148 151 154 159 162 165 168 171 175 177 180 181 183 185 186 186 185 186 186 185 184 183 182 179 177 175 172 170 166 163 158 156 151 146 143 139 133 129 124 119 115 110 103 98 94 90 86 82 80 79 79 78 78 79 80 82 82 82 84 84 85 85 86 8 0 0 0 0 0 0 0 0 0 0 0 0 0 0 0 0 0 0 0 0 0 0 0 0 0 0 0 0 0 0 0 0 0 0 0 0 0 0 0 0 0 0 0 0 0 0 0 0 0 0 0 0 0 0 
0 0 0 0 0 0 0 0 0 0 0 0 0 0 0 0 0 0 0 0 0 0 0 0 0 0 0 0 0 0 0 0 0 0 0 0 0 0 0 0 0 0 0 0 0 0 0 0 0 0 0 0 0 0 0 0 0 0 0 0 0 0 0 0 0 0 0 0 0 0 0 0 0 0 0 0 0 0 0 0 0 0 0 0 0 14 84 152 157 158 155 156 156 155 155 153 152 152 150 151 153 152 161 163 164 166 165 166 164 160 152 152 148 148 146 146 144 142 141 141 139 141 143 145 148 146 144 140 138 136 134 134 133 132 132 130 129 128 126 125 124 125 126 131 135 135 134 129 124 121 121 121 131 137 142 142 142 137 130 125 121 120 120 125 131 135 134 135 131 134 129 122 118 113 111 111 111 104 103 95 94 87 95 100 107 116 121 129 128 127 131 125 128 124 126 122 119 116 112 108 93 88 77 75 83 98 108 115 107 110 116 127 140 144 148 156 156 155 152 158 154 151 151 145 141 134 123 138 143 145 152 156 151 148 141 128 112 83 61 44 30 21 19 33 44 49 43 33 47 40 44 38 41 41 40 42 47 58 60 70 75 76 80 84 88 96 98 95 115 107 103 105 109 102 96 104 102 107 111 118 122 119 126 135 145 157 162 158 160 157 159 150 151 147 135 123 116 110 104 99 99 86 76 74 72 64 61 69 62 65 68 74 79 78 83 81 81 96 100 103 108 106 101 108 115 110 101 105 112 114 110 101 99 99 101 104 105 106 101 91 85 90 99 103 103 104 108 114 116 112 102 96 97 100 107 113 114 108 100 95 94 93 93 95 101 103 101 98 98 95 95 94 97 99 100 101 100 102 103 102 102 102 103 103 103 103 103 104 105 105 106 106 108 109 109 108 109 110 110 110 109 108 108 107 107 107 109 108 110 112 114 116 119 123 126 130 132 135 138 142 146 150 154 157 160 164 167 171 174 176 179 181 183 184 185 185 186 187 186 186 185 184 182 180 178 175 173 170 166 164 160 156 151 148 143 138 134 128 124 119 113 108 103 98 93 89 86 82 79 78 77 77 77 78 80 81 81 82 82 83 83 47 0 0 0 0 0 0 0 0 0 0 0 0 0 0 0 0 0 0 0 0 0 0 0 0 0 0 0 0 0 0 0 0 0 0 0 0 0 0 0 0 0 0 0 0 0 0 0 0 0 0 0 0 0 0 0 
0 0 0 0 0 0 0 0 0 0 0 0 0 0 0 0 0 0 0 0 0 0 0 0 0 0 0 0 0 0 0 0 0 0 0 0 0 0 0 0 0 0 0 0 0 0 0 0 0 0 0 0 0 0 0 0 0 0 0 0 0 0 0 0 0 0 0 0 0 0 0 0 0 0 0 0 0 0 0 0 0 0 0 0 0 0 0 9 78 147 155 155 155 154 156 155 154 160 160 164 164 166 166 164 161 153 153 150 150 146 145 145 144 144 144 144 144 142 141 141 143 145 147 146 144 140 140 137 138 136 134 134 133 133 134 130 127 125 126 127 130 133 137 138 131 127 124 125 127 135 140 149 152 158 145 137 129 125 122 123 123 128 132 131 131 129 130 127 127 128 122 122 118 121 126 118 112 103 105 99 97 96 93 94 96 97 103 112 118 127 128 126 123 126 131 125 121 117 103 97 90 87 92 106 109 115 113 112 109 109 109 121 133 142 142 141 145 146 145 150 154 162 162 155 151 156 165 155 147 145 144 147 153 147 149 148 133 105 74 55 41 28 21 31 42 44 43 39 37 36 42 33 35 43 38 36 38 50 53 59 64 63 67 71 83 94 96 97 103 100 98 102 107 89 108 118 122 118 114 115 119 118 127 137 141 152 162 162 158 151 146 139 148 134 126 118 110 97 96 92 91 88 71 63 60 56 63 69 70 70 75 78 88 92 92 81 85 100 101 101 110 112 113 112 111 110 102 100 106 112 113 112 105 105 107 106 104 101 97 91 88 94 97 98 94 95 104 112 113 109 99 90 90 95 101 106 105 102 99 97 97 95 93 94 98 102 102 103 102 99 98 99 102 102 105 103 102 102 102 102 102 101 102 102 101 101 103 104 104 104 105 106 106 107 108 108 109 110 110 110 109 109 106 106 105 104 103 103 104 106 107 109 113 116 119 121 125 129 132 136 141 144 149 153 157 159 163 168 170 172 176 178 181 182 184 185 186 186 186 186 186 185 184 182 181 179 176 173 170 168 165 160 157 152 147 143 139 134 129 123 117 113 108 102 98 93 88 85 81 78 78 77 77 77 78 78 80 80 80 82 83 7 0 0 0 0 0 0 0 0 0 0 0 0 0 0 0 0 0 0 0 0 0 0 0 0 0 0 0 0 0 0 0 0 0 0 0 0 0 0 0 0 0 0 0 0 0 0 0 0 0 0 0 0 0 0 0 
0 0 0 0 0 0 0 0 0 0 0 0 0 0 0 0 0 0 0 0 0 0 0 0 0 0 0 0 0 0 0 0 0 0 0 0 0 0 0 0 0 0 0 0 0 0 0 0 0 0 0 0 0 0 0 0 0 0 0 0 0 0 0 0 0 0 0 0 0 0 0 0 0 0 0 0 0 0 0 0 0 0 0 0 0 0 0 0 0 5 72 140 160 161 165 164 167 164 163 160 155 154 152 151 149 148 148 147 148 146 146 145 144 145 144 144 145 144 146 148 146 143 141 141 140 138 138 137 138 137 134 134 134 134 132 129 128 127 130 135 139 137 132 129 126 131 136 145 155 159 157 148 142 132 128 124 125 127 131 131 130 128 124 123 120 122 120 114 114 116 116 116 118 116 116 111 106 102 99 100 94 95 90 84 84 88 92 104 112 115 120 121 123 124 121 120 111 108 98 96 98 101 109 112 113 105 104 106 108 110 118 121 134 139 147 148 138 129 132 130 138 144 151 154 156 159 161 165 162 160 155 151 154 153 150 144 133 116 97 66 51 37 27 28 33 37 44 36 31 35 33 37 40 45 45 43 40 50 49 52 47 48 55 66 76 88 96 80 89 100 103 95 94 98 114 125 118 115 120 116 118 126 131 130 134 147 162 165 162 147 137 135 141 131 126 116 109 98 95 89 84 79 69 59 53 52 65 73 66 71 73 83 90 94 93 84 84 102 102 98 106 113 115 114 115 113 105 100 101 101 104 106 105 105 104 101 100 96 97 99 106 109 109 102 94 94 101 109 107 97 92 89 90 92 96 100 102 103 101 100 96 93 92 94 98 104 104 104 103 102 102 104 106 105 105 104 102 102 101 101 102 102 102 101 101 100 101 103 103 103 105 106 105 106 108 108 108 109 109 109 109 107 105 105 104 103 102 100 101 101 101 103 106 108 111 114 118 123 126 130 135 139 143 147 152 155 158 162 166 169 173 175 178 179 181 183 185 186 186 186 187 186 185 184 183 182 179 177 174 171 168 164 161 156 152 148 144 139 134 128 122 117 112 107 102 96 92 88 84 80 78 77 76 76 76 77 78 79 79 80 46 0 0 0 0 0 0 0 0 0 0 0 0 0 0 0 0 0 0 0 0 0 0 0 0 0 0 0 0 0 0 0 0 0 0 0 0 0 0 0 0 0 0 0 0 0 0 0 0 0 0 0 0 0 0 0 0 
0 0 0 0 0 0 0 0 0 0 0 0 0 0 0 0 0 0 0 0 0 0 0 0 0 0 0 0 0 0 0 0 0 0 0 0 0 0 0 0 0 0 0 0 0 0 0 0 0 0 0 0 0 0 0 0 0 0 0 0 0 0 0 0 0 0 0 0 0 0 0 0 0 0 0 0 0 0 0 0 0 0 0 0 0 0 0 0 0 0 0 5 78 152 159 155 154 154 153 151 151 150 150 148 147 147 147 148 147 147 145 145 144 145 145 146 146 147 146 145 142 142 139 142 139 138 138 139 138 137 136 134 134 135 130 130 132 134 137 138 135 130 130 135 149 155 159 154 150 142 134 132 128 129 129 132 128 128 126 125 123 121 120 121 121 116 113 113 116 115 117 114 113 115 111 118 114 111 106 106 96 96 88 97 95 97 94 93 100 109 112 126 128 125 134 129 129 120 122 118 118 118 117 121 116 113 104 95 96 93 92 99 105 121 130 142 154 148 138 144 145 146 148 148 149 159 166 163 165 167 169 160 149 156 149 142 131 114 106 85 59 47 33 26 24 34 36 35 31 30 30 36 46 43 45 47 45 44 49 52 47 44 63 68 70 73 84 87 90 99 110 97 105 117 120 122 123 117 115 114 125 141 132 124 133 141 155 163 154 144 134 128 135 123 114 108 101 100 92 87 85 76 65 55 49 61 77 82 78 76 76 86 104 96 90 85 83 90 104 105 105 105 110 111 111 113 111 108 107 102 94 99 101 98 96 93 95 93 95 103 110 114 112 103 96 95 104 109 107 98 92 94 96 97 100 101 105 108 109 106 101 96 95 96 100 105 106 104 103 102 105 107 108 107 104 102 101 102 101 101 102 101 100 99 100 100 101 101 101 102 103 104 104 104 105 106 106 107 107 108 108 105 105 104 103 102 100 99 98 98 97 97 99 101 104 107 111 115 119 124 128 132 137 141 146 151 154 158 162 165 169 172 174 176 179 182 183 184 185 187 188 187 187 186 186 184 182 180 178 175 172 169 165 161 157 153 148 144 139 133 128 123 117 112 107 102 97 92 87 84 81 79 76 75 75 75 75 77 78 79 10 0 0 0 0 0 0 0 0 0 0 0 0 0 0 0 0 0 0 0 0 0 0 0 0 0 0 0 0 0 0 0 0 0 0 0 0 0 0 0 0 0 0 0 0 0 0 0 0 0 0 0 0 0 0 0 0 
0 0 0 0 0 0 0 0 0 0 0 0 0 0 0 0 0 0 0 0 0 0 0 0 0 0 0 0 0 0 0 0 0 0 0 0 0 0 0 0 0 0 0 0 0 0 0 0 0 0 0 0 0 0 0 0 0 0 0 0 0 0 0 0 0 0 0 0 0 0 0 0 0 0 0 0 0 0 0 0 0 0 0 0 0 0 0 0 0 0 0 0 0 0 66 133 152 152 151 150 151 150 148 147 148 148 147 148 148 147 147 145 146 147 148 148 147 146 143 142 141 140 140 140 138 138 138 139 137 134 135 135 133 134 134 136 139 138 136 136 143 152 154 159 155 151 140 134 133 134 135 132 130 127 126 122 120 121 122 122 121 119 118 118 117 114 117 115 117 113 109 109 110 112 114 113 124 126 127 127 129 119 120 107 101 89 84 85 86 97 110 125 134 135 138 138 137 129 123 121 123 121 119 121 119 114 116 112 109 98 96 89 92 106 121 132 137 146 148 147 156 160 154 153 149 140 147 156 157 162 166 166 165 159 153 148 146 132 114 106 77 55 42 29 24 39 49 42 38 38 40 47 51 52 53 56 54 48 52 46 44 49 55 61 70 72 86 88 91 102 104 105 108 117 116 112 117 118 112 119 132 139 135 126 130 139 144 154 145 141 131 123 124 115 105 101 90 99 94 92 84 71 61 53 50 66 82 82 81 79 75 79 93 92 88 88 87 88 105 118 112 103 108 114 115 112 108 109 112 103 97 100 105 101 95 96 96 92 95 102 106 105 102 98 95 97 104 110 109 105 100 100 103 105 106 107 110 112 113 112 109 105 103 102 102 105 107 107 105 105 107 108 108 106 104 102 101 102 101 101 100 99 99 98 100 100 101 100 100 101 102 102 102 103 105 105 104 105 106 106 105 105 104 103 101 100 99 97 95 94 94 93 94 96 98 101 104 108 112 117 121 126 131 135 139 145 150 153 157 161 165 168 170 172 177 180 181 183 185 187 188 187 187 188 187 186 184 183 182 178 175 173 170 166 163 157 154 149 144 139 134 129 123 117 112 107 102 98 93 88 84 81 78 76 77 75 75 75 77 46 0 0 0 0 0 0 0 0 0 0 0 0 0 0 0 0 0 0 0 0 0 0 0 0 0 0 0 0 0 0 0 0 0 0 0 0 0 0 0 0 0 0 0 0 0 0 0 0 0 0 0 0 0 0 0 0 0 
0 0 0 0 0 0 0 0 0 0 0 0 0 0 0 0 0 0 0 0 0 0 0 0 0 0 0 0 0 0 0 0 0 0 0 0 0 0 0 0 0 0 0 0 0 0 0 0 0 0 0 0 0 0 0 0 0 0 0 0 0 0 0 0 0 0 0 0 0 0 0 0 0 0 0 0 0 0 0 0 0 0 0 0 0 0 0 0 0 0 0 0 0 0 0 0 62 128 150 150 149 149 147 148 150 150 148 149 149 146 148 147 149 150 149 147 145 144 143 142 141 141 141 141 138 138 137 138 137 136 135 135 134 138 141 143 142 147 149 158 162 158 148 137 138 134 135 134 135 134 129 127 122 120 119 120 119 120 122 120 120 118 118 117 118 119 118 118 113 108 106 113 125 133 136 143 139 143 132 131 123 119 103 95 84 86 88 91 94 96 104 109 122 133 131 128 126 127 123 119 116 124 123 126 127 125 129 130 123 119 107 106 98 100 106 125 134 143 148 150 151 156 157 159 158 159 156 153 158 155 151 159 162 159 157 156 154 138 118 108 85 61 51 35 27 41 57 55 54 56 59 60 68 66 64 66 63 61 58 49 47 48 49 56 65 69 73 79 89 96 87 95 102 108 98 100 115 123 122 125 128 138 135 129 130 133 138 150 143 144 123 116 119 117 105 100 98 100 94 90 78 62 54 52 55 61 72 76 77 76 73 75 81 87 90 95 97 97 105 119 121 115 110 112 112 106 100 98 97 100 98 104 108 103 95 95 98 98 100 102 104 102 103 103 103 105 109 109 107 105 105 104 104 106 109 110 110 113 116 115 114 112 109 106 105 107 108 107 107 109 109 109 109 108 106 105 103 103 100 101 99 99 99 99 99 98 99 98 99 99 100 101 102 103 103 103 102 103 104 103 104 104 103 102 101 99 97 96 94 93 92 92 91 92 93 96 99 103 105 110 115 120 125 130 134 140 145 148 153 157 160 163 166 170 174 176 178 181 184 185 186 186 188 188 188 187 186 185 183 182 179 176 173 169 166 162 158 154 149 144 140 134 128 123 118 113 108 103 99 94 89 85 81 80 78 76 75 75 75 11 0 0 0 0 0 0 0 0 0 0 0 0 0 0 0 0 0 0 0 0 0 0 0 0 0 0 0 0 0 0 0 0 0 0 0 0 0 0 0 0 0 0 0 0 0 0 0 0 0 0 0 0 0 0 0 0 0 
0 0 0 0 0 0 0 0 0 0 0 0 0 0 0 0 0 0 0 0 0 0 0 0 0 0 0 0 0 0 0 0 0 0 0 0 0 0 0 0 0 0 0 0 0 0 0 0 0 0 0 0 0 0 0 0 0 0 0 0 0 0 0 0 0 0 0 0 0 0 0 0 0 0 0 0 0 0 0 0 0 0 0 0 0 0 0 0 0 0 0 0 0 0 0 0 0 0 60 125 149 148 148 149 151 151 151 150 149 149 149 149 148 147 146 144 144 144 143 143 141 141 140 140 138 138 137 139 137 135 135 139 143 148 151 156 165 160 156 147 141 137 133 134 133 135 133 130 128 125 123 123 122 121 121 122 121 121 123 122 122 121 124 126 128 129 126 127 128 128 137 135 139 131 133 119 121 110 112 107 105 107 101 97 102 97 99 99 94 93 89 89 97 104 116 115 122 125 129 131 131 133 135 136 142 139 134 123 120 116 108 102 107 111 123 133 120 128 142 151 158 158 160 165 163 160 158 163 160 160 161 158 162 162 160 159 156 145 119 92 81 67 52 39 32 39 57 60 62 63 66 67 67 67 64 68 67 64 64 61 57 52 52 57 60 58 67 75 88 87 82 83 95 95 87 115 122 125 126 127 129 133 129 136 132 135 140 140 136 120 114 114 116 111 95 106 99 103 100 85 68 58 53 58 64 58 67 69 75 81 82 81 86 87 93 92 98 104 108 113 119 117 111 106 104 97 96 90 89 94 98 101 103 99 97 96 98 102 105 109 106 106 108 114 112 109 106 103 100 102 105 108 107 109 109 106 105 105 108 111 111 113 110 108 107 106 106 106 107 110 110 111 111 110 109 107 104 102 101 100 99 99 98 99 98 97 97 97 97 97 98 99 100 101 101 101 102 103 103 102 103 103 102 101 101 99 97 96 94 92 91 91 89 89 91 91 94 96 100 104 109 112 118 123 129 135 139 143 147 152 155 158 162 166 170 173 175 178 181 183 184 186 187 188 188 188 187 186 185 184 182 179 176 173 170 167 163 158 153 149 146 140 133 129 124 118 114 109 103 99 95 90 86 83 79 78 77 75 46 0 0 0 0 0 0 0 0 0 0 0 0 0 0 0 0 0 0 0 0 0 0 0 0 0 0 0 0 0 0 0 0 0 0 0 0 0 0 0 0 0 0 0 0 0 0 0 0 0 0 0 0 0 0 0 0 0 0 
0 0 0 0 0 0 0 0 0 0 0 0 0 0 0 0 0 0 0 0 0 0 0 0 0 0 0 0 0 0 0 0 0 0 0 0 0 0 0 0 0 0 0 0 0 0 0 0 0 0 0 0 0 0 0 0 0 0 0 0 0 0 0 0 0 0 0 0 0 0 0 0 0 0 0 0 0 0 0 0 0 0 0 0 0 0 0 0 0 0 0 0 0 0 0 0 0 0 0 0 56 121 150 150 150 151 151 151 151 150 149 148 146 145 144 143 143 144 143 143 141 142 139 139 137 137 137 136 137 138 145 153 160 163 160 157 149 144 138 134 136 132 132 130 131 130 128 127 126 125 123 124 123 122 121 121 123 124 125 124 126 134 142 147 142 143 140 138 132 132 115 117 106 112 110 114 115 114 110 105 102 98 95 92 97 104 103 104 102 100 93 87 89 96 109 122 128 136 139 143 141 141 138 140 141 142 141 133 119 115 113 113 122 131 137 139 140 126 130 149 158 156 155 155 155 151 152 149 157 156 161 163 163 165 160 153 151 144 132 106 87 76 56 45 38 37 54 60 62 64 68 70 69 69 68 69 70 69 68 69 67 59 61 64 57 56 68 73 86 78 78 81 94 96 102 116 122 126 125 130 129 128 127 131 136 139 128 129 121 99 114 126 115 105 101 101 95 99 92 86 70 62 69 73 76 81 83 84 80 83 83 85 90 89 87 83 86 103 115 115 111 113 116 111 105 105 102 96 90 91 97 98 97 99 98 96 97 99 101 101 102 103 109 113 111 106 99 95 96 101 107 110 111 109 104 100 96 93 95 102 107 109 108 107 106 106 106 107 108 110 111 111 111 111 109 108 106 102 102 100 98 98 98 97 96 96 96 96 96 97 97 96 98 99 99 99 100 102 101 101 101 102 101 101 100 98 97 96 94 92 91 90 89 88 88 89 91 92 95 99 103 107 112 117 122 128 133 138 142 146 150 154 158 162 166 169 173 175 178 181 182 184 186 186 187 188 189 188 186 185 183 181 179 177 174 171 167 163 158 155 150 145 140 136 130 125 119 114 109 105 99 95 91 86 83 82 80 78 14 0 0 0 0 0 0 0 0 0 0 0 0 0 0 0 0 0 0 0 0 0 0 0 0 0 0 0 0 0 0 0 0 0 0 0 0 0 0 0 0 0 0 0 0 0 0 0 0 0 0 0 0 0 0 0 0 0 0 
0 0 0 0 0 0 0 0 0 0 0 0 0 0 0 0 0 0 0 0 0 0 0 0 0 0 0 0 0 0 0 0 0 0 0 0 0 0 0 0 0 0 0 0 0 0 0 0 0 0 0 0 0 0 0 0 0 0 0 0 0 0 0 0 0 0 0 0 0 0 0 0 0 0 0 0 0 0 0 0 0 0 0 0 0 0 0 0 0 0 0 0 0 0 0 0 0 0 0 0 0 0 51 117 152 150 151 151 150 149 147 147 147 146 143 143 143 144 143 143 143 141 140 138 136 136 138 143 148 158 161 161 155 146 143 137 138 135 134 133 131 130 130 130 131 131 127 127 126 125 124 123 123 123 122 123 126 133 136 141 144 147 145 138 135 126 125 117 116 112 111 110 113 111 116 115 115 110 109 105 104 107 104 106 112 112 115 111 115 113 115 102 96 97 101 105 114 126 131 143 142 142 144 146 143 142 133 134 136 129 123 122 125 131 133 148 151 154 152 151 153 153 155 156 160 162 165 167 163 165 162 165 160 163 162 148 135 139 139 128 116 90 64 46 44 34 46 57 59 61 65 67 67 68 71 72 69 72 75 76 72 68 68 66 62 53 61 62 76 82 83 76 91 102 114 116 121 122 120 119 126 125 114 122 141 134 133 122 114 109 117 125 114 110 102 92 91 91 87 88 82 71 70 76 79 90 98 96 87 87 85 76 84 89 79 80 89 101 112 116 116 111 116 116 109 107 102 94 88 87 91 96 94 99 99 94 92 95 95 96 97 99 104 107 105 100 93 89 91 97 103 104 109 105 99 93 88 87 90 95 101 106 106 106 108 108 108 109 109 110 110 111 109 111 109 107 105 104 102 100 98 98 97 96 97 96 96 95 95 95 96 96 98 97 97 98 99 100 100 100 100 101 100 100 99 98 96 95 93 92 91 90 89 87 87 88 88 90 92 94 99 103 106 111 117 121 127 133 138 142 146 149 155 159 161 165 169 172 175 178 180 183 184 185 186 187 188 188 187 186 185 184 182 180 177 173 171 167 163 159 155 150 146 141 136 131 126 121 115 110 105 100 96 92 88 86 83 51 0 0 0 0 0 0 0 0 0 0 0 0 0 0 0 0 0 0 0 0 0 0 0 0 0 0 0 0 0 0 0 0 0 0 0 0 0 0 0 0 0 0 0 0 0 0 0 0 0 0 0 0 0 0 0 0 0 0 0 
0 0 0 0 0 0 0 0 0 0 0 0 0 0 0 0 0 0 0 0 0 0 0 0 0 0 0 0 0 0 0 0 0 0 0 0 0 0 0 0 0 0 0 0 0 0 0 0 0 0 0 0 0 0 0 0 0 0 0 0 0 0 0 0 0 0 0 0 0 0 0 0 0 0 0 0 0 0 0 0 0 0 0 0 0 0 0 0 0 0 0 0 0 0 0 0 0 0 0 0 0 0 0 0 47 114 151 150 150 149 148 147 146 144 144 143 143 143 143 143 143 141 139 141 143 148 154 161 166 158 150 142 139 138 137 135 134 133 132 131 130 129 132 131 130 128 127 128 126 125 124 124 126 129 135 139 146 147 148 138 131 128 125 123 122 119 117 116 115 115 113 110 106 112 112 112 108 106 104 105 100 93 103 104 111 112 114 115 109 111 107 104 99 98 94 96 98 113 123 117 127 133 140 146 150 146 140 135 133 131 131 131 131 139 138 135 148 144 143 149 141 149 155 157 156 157 162 164 161 158 156 157 153 145 151 157 152 145 141 130 110 95 77 56 43 36 32 38 49 53 56 61 63 65 69 72 73 77 76 76 76 74 73 74 67 56 57 54 70 69 65 78 101 111 112 114 120 126 115 116 123 125 115 117 129 124 133 118 114 114 115 115 109 103 100 92 90 88 84 78 74 74 76 77 82 87 91 93 85 83 83 83 85 86 83 85 91 95 105 113 112 106 106 108 105 104 100 96 89 87 89 90 90 94 95 94 97 100 101 101 96 96 99 100 98 93 88 85 87 90 90 92 98 97 93 89 88 89 90 92 98 103 106 108 110 110 111 112 112 112 111 111 111 111 108 106 105 104 103 101 99 98 97 96 96 94 95 94 95 95 95 96 98 97 96 97 97 99 99 99 99 99 98 99 98 97 95 94 93 91 91 90 89 87 86 88 88 88 88 91 94 97 101 106 111 116 121 128 133 136 141 145 150 154 157 161 165 169 172 174 177 180 182 183 184 185 187 187 188 187 186 185 184 182 179 175 174 170 167 164 160 155 151 146 142 136 131 127 122 116 111 106 102 97 93 90 88 15 0 0 0 0 0 0 0 0 0 0 0 0 0 0 0 0 0 0 0 0 0 0 0 0 0 0 0 0 0 0 0 0 0 0 0 0 0 0 0 0 0 0 0 0 0 0 0 0 0 0 0 0 0 0 0 0 0 0 0 
0 0 0 0 0 0 0 0 0 0 0 0 0 0 0 0 0 0 0 0 0 0 0 0 0 0 0 0 0 0 0 0 0 0 0 0 0 0 0 0 0 0 0 0 0 0 0 0 0 0 0 0 0 0 0 0 0 0 0 0 0 0 0 0 0 0 0 0 0 0 0 0 0 0 0 0 0 0 0 0 0 0 0 0 0 0 0 0 0 0 0 0 0 0 0 0 0 0 0 0 0 0 0 0 0 0 47 112 150 149 148 146 147 145 144 145 144 143 143 142 145 146 148 154 166 164 159 155 148 143 138 136 136 136 136 136 135 133 132 130 131 130 132 130 129 128 127 127 126 127 130 133 140 149 149 147 141 133 127 126 125 124 124 122 122 119 118 119 119 118 119 119 123 124 114 105 102 99 100 101 103 106 108 119 115 112 113 115 113 109 104 100 97 96 96 89 98 108 118 115 114 115 125 134 141 148 151 145 144 141 134 137 144 149 153 150 151 156 149 148 148 145 152 156 159 156 147 151 150 147 150 145 153 155 152 148 147 142 133 124 111 96 76 59 46 40 26 19 30 37 44 53 57 63 66 69 72 76 76 77 76 76 71 72 68 65 59 62 64 58 60 83 101 98 95 103 116 123 113 108 118 118 117 128 128 119 116 118 120 115 109 106 108 109 103 97 92 90 79 74 69 68 78 78 81 86 91 90 86 85 80 91 92 88 92 96 91 88 97 105 101 97 98 101 96 95 98 95 88 84 89 93 95 97 97 97 99 99 98 96 93 96 98 98 95 91 88 85 84 81 81 83 90 92 93 93 95 96 97 96 99 102 106 110 111 112 113 113 113 112 112 112 110 110 108 107 105 104 103 101 99 97 96 95 95 94 93 93 93 94 94 95 96 96 95 96 96 97 98 98 98 99 97 96 97 96 96 95 94 92 90 89 88 86 86 87 87 87 87 89 91 93 97 101 106 110 115 121 127 130 135 140 145 149 153 157 162 164 166 170 173 177 178 181 183 184 185 186 187 187 186 185 184 183 182 179 177 173 170 168 164 160 155 151 147 142 137 133 128 123 117 113 108 104 99 95 61 0 0 0 0 0 0 0 0 0 0 0 0 0 0 0 0 0 0 0 0 0 0 0 0 0 0 0 0 0 0 0 0 0 0 0 0 0 0 0 0 0 0 0 0 0 0 0 0 0 0 0 0 0 0 0 0 0 0 0 0 
0 0 0 0 0 0 0 0 0 0 0 0 0 0 0 0 0 0 0 0 0 0 0 0 0 0 0 0 0 0 0 0 0 0 0 0 0 0 0 0 0 0 0 0 0 0 0 0 0 0 0 0 0 0 0 0 0 0 0 0 0 0 0 0 0 0 0 0 0 0 0 0 0 0 0 0 0 0 0 0 0 0 0 0 0 0 0 0 0 0 0 0 0 0 0 0 0 0 0 0 0 0 0 0 0 0 0 0 42 107 148 147 146 145 146 145 144 143 146 150 158 165 159 160 154 151 147 145 138 138 136 136 135 137 136 134 135 135 132 132 133 131 131 130 129 128 129 128 133 142 144 143 143 142 139 133 129 127 126 127 126 125 125 124 124 122 123 123 124 129 136 135 124 113 103 98 98 99 104 105 107 104 106 107 107 117 116 125 122 116 104 101 94 95 84 85 84 93 106 110 112 114 116 116 126 139 146 154 153 151 151 145 145 147 149 148 146 152 151 148 148 150 154 154 152 156 165 159 160 159 161 162 161 161 155 150 141 131 130 120 106 95 74 68 58 45 30 20 21 22 27 37 48 59 65 66 69 74 76 76 76 74 70 70 69 69 65 63 55 62 62 80 88 81 85 107 117 124 118 123 112 118 120 124 131 121 108 115 119 117 103 100 109 106 93 90 89 84 70 58 62 71 77 79 83 87 89 84 96 91 91 96 95 96 100 107 96 86 98 98 94 91 96 99 91 83 86 87 83 84 93 99 103 110 107 98 93 90 86 88 91 98 104 103 100 96 91 86 84 81 84 88 92 95 98 99 103 104 106 105 104 106 109 111 111 112 112 113 113 112 112 112 112 110 109 108 105 103 104 101 99 98 96 94 95 94 93 93 93 93 94 95 95 95 95 95 95 96 97 96 97 98 97 97 96 96 95 94 93 93 90 89 88 88 86 86 86 86 87 88 91 91 93 97 102 105 110 115 120 125 130 136 139 144 148 152 157 159 162 166 170 172 174 178 181 183 183 184 185 186 186 185 184 183 183 181 179 176 173 170 167 163 159 156 152 147 143 139 134 129 125 120 115 110 106 102 21 0 0 0 0 0 0 0 0 0 0 0 0 0 0 0 0 0 0 0 0 0 0 0 0 0 0 0 0 0 0 0 0 0 0 0 0 0 0 0 0 0 0 0 0 0 0 0 0 0 0 0 0 0 0 0 0 0 0 0 0 
0 0 0 0 0 0 0 0 0 0 0 0 0 0 0 0 0 0 0 0 0 0 0 0 0 0 0 0 0 0 0 0 0 0 0 0 0 0 0 0 0 0 0 0 0 0 0 0 0 0 0 0 0 0 0 0 0 0 0 0 0 0 0 0 0 0 0 0 0 0 0 0 0 0 0 0 0 0 0 0 0 0 0 0 0 0 0 0 0 0 0 0 0 0 0 0 0 0 0 0 0 0 0 0 0 0 0 0 0 0 37 102 146 145 146 149 151 158 161 164 161 150 148 145 149 144 142 139 137 137 135 136 136 138 136 135 135 133 132 132 132 130 131 129 130 134 141 140 143 141 139 139 136 131 129 128 128 129 129 127 125 122 123 123 123 123 128 136 141 144 135 119 111 109 106 104 105 106 104 100 91 92 91 89 90 93 111 119 125 124 121 120 117 111 105 96 93 94 99 112 123 132 124 122 130 133 142 150 154 151 145 147 155 152 138 137 138 137 142 145 149 150 150 151 144 144 150 158 159 164 171 172 168 158 151 147 147 144 141 139 128 116 101 79 65 47 32 27 23 19 16 15 29 45 56 59 64 70 74 73 73 71 70 71 69 70 69 64 57 65 64 68 87 84 89 103 114 115 117 125 100 112 120 132 130 118 110 114 113 115 104 100 91 90 87 90 93 88 74 61 59 64 72 79 86 90 89 84 93 92 94 99 95 99 104 107 99 90 102 107 101 92 92 100 94 84 83 92 92 94 99 103 102 107 106 95 86 82 84 85 90 98 104 104 103 99 94 90 88 90 95 98 102 103 105 108 111 112 113 111 111 111 111 111 112 112 111 112 112 113 113 113 112 110 109 107 105 104 104 100 98 98 96 95 94 93 92 93 93 92 94 94 94 94 94 95 95 95 95 96 97 97 97 97 97 97 96 94 93 92 91 90 89 88 87 87 87 87 87 87 88 90 91 94 96 101 105 109 114 121 125 130 134 137 142 147 151 155 158 162 166 168 171 174 177 179 180 182 183 184 185 184 184 183 183 181 180 178 176 173 170 167 163 160 156 151 148 144 139 136 132 127 122 117 112 74 0 0 0 0 0 0 0 0 0 0 0 0 0 0 0 0 0 0 0 0 0 0 0 0 0 0 0 0 0 0 0 0 0 0 0 0 0 0 0 0 0 0 0 0 0 0 0 0 0 0 0 0 0 0 0 0 0 0 0 0 0 
0 0 0 0 0 0 0 0 0 0 0 0 0 0 0 0 0 0 0 0 0 0 0 0 0 0 0 0 0 0 0 0 0 0 0 0 0 0 0 0 0 0 0 0 0 0 0 0 0 0 0 0 0 0 0 0 0 0 0 0 0 0 0 0 0 0 0 0 0 0 0 0 0 0 0 0 0 0 0 0 0 0 0 0 0 0 0 0 0 0 0 0 0 0 0 0 0 0 0 0 0 0 0 0 0 0 0 0 0 0 0 0 36 103 157 162 170 161 152 148 145 144 146 146 145 141 139 139 138 138 137 138 138 137 137 136 135 134 134 133 132 131 133 135 140 144 140 136 137 138 134 130 128 127 128 128 131 131 127 123 122 121 121 122 126 133 148 147 137 125 117 114 110 107 107 106 106 105 100 97 96 97 99 100 102 113 117 129 131 128 121 117 114 114 110 105 99 106 119 128 132 131 131 132 133 138 139 143 148 150 148 146 152 156 156 148 139 137 138 136 146 155 149 145 145 144 148 152 158 161 165 168 172 168 159 157 154 145 142 140 135 123 106 82 63 55 50 32 27 23 17 13 14 22 42 56 62 66 70 71 75 72 70 71 68 68 68 63 62 64 68 72 84 94 89 83 97 100 114 118 100 106 121 129 126 108 104 110 107 110 110 108 95 80 77 92 95 89 80 70 64 64 73 80 87 99 95 85 84 88 95 99 92 95 96 102 98 95 104 114 109 103 96 98 97 94 100 106 109 103 96 93 93 96 99 90 80 78 80 83 88 92 96 99 100 97 94 95 97 101 105 107 111 113 115 117 118 118 118 117 116 115 114 114 113 112 111 111 111 112 112 113 112 111 109 108 105 104 103 100 99 98 96 95 94 92 92 92 92 93 94 94 93 93 95 94 94 95 96 96 97 97 97 97 98 97 97 95 94 93 92 91 89 89 88 86 87 87 87 87 88 89 90 93 95 98 101 105 110 115 119 124 128 133 138 142 146 150 153 158 160 163 168 171 174 175 177 180 181 183 183 183 182 182 182 181 181 179 177 175 173 170 167 164 160 156 152 149 145 141 137 133 128 124 119 29 0 0 0 0 0 0 0 0 0 0 0 0 0 0 0 0 0 0 0 0 0 0 0 0 0 0 0 0 0 0 0 0 0 0 0 0 0 0 0 0 0 0 0 0 0 0 0 0 0 0 0 0 0 0 0 0 0 0 0 0 0 
0 0 0 0 0 0 0 0 0 0 0 0 0 0 0 0 0 0 0 0 0 0 0 0 0 0 0 0 0 0 0 0 0 0 0 0 0 0 0 0 0 0 0 0 0 0 0 0 0 0 0 0 0 0 0 0 0 0 0 0 0 0 0 0 0 0 0 0 0 0 0 0 0 0 0 0 0 0 0 0 0 0 0 0 0 0 0 0 0 0 0 0 0 0 0 0 0 0 0 0 0 0 0 0 0 0 0 0 0 0 0 0 0 0 36 105 150 147 143 142 144 146 147 143 141 139 138 139 139 138 137 140 138 137 137 136 135 135 135 133 134 139 143 144 137 136 136 136 136 132 126 126 127 128 130 130 131 130 125 123 122 122 122 133 145 144 140 130 121 119 115 116 113 110 110 110 110 107 104 104 106 111 113 106 108 109 115 119 120 118 111 106 112 109 110 113 112 114 120 124 121 122 118 120 125 129 131 141 145 144 145 145 147 152 154 154 147 141 139 138 141 148 151 150 147 143 143 145 149 155 161 162 161 165 163 161 156 154 146 144 140 127 102 86 73 60 43 31 26 25 18 12 12 13 25 48 57 59 63 66 68 68 70 71 69 66 68 69 69 67 67 80 76 83 81 83 89 86 100 115 92 102 108 117 117 105 103 111 109 107 110 104 98 83 81 89 86 78 72 65 68 68 74 79 88 98 97 89 82 86 98 102 98 89 86 92 92 88 97 111 112 109 100 92 94 101 110 113 111 104 92 89 86 88 91 83 77 76 79 80 81 85 89 94 97 99 101 105 110 113 113 115 118 121 123 124 124 122 122 121 119 117 116 116 114 112 112 111 110 110 111 111 111 110 109 107 106 104 102 100 99 97 96 95 94 94 93 92 92 93 93 92 92 93 94 95 94 95 96 95 96 96 96 96 97 97 97 95 94 93 92 91 91 89 88 88 87 84 86 87 88 88 89 90 92 96 98 101 106 110 114 118 123 128 133 137 141 144 148 152 156 159 163 166 170 171 174 176 178 179 181 182 181 181 181 180 181 180 178 177 175 172 169 166 163 160 156 154 150 146 142 138 134 131 87 0 0 0 0 0 0 0 0 0 0 0 0 0 0 0 0 0 0 0 0 0 0 0 0 0 0 0 0 0 0 0 0 0 0 0 0 0 0 0 0 0 0 0 0 0 0 0 0 0 0 0 0 0 0 0 0 0 0 0 0 0 0 
0 0 0 0 0 0 0 0 0 0 0 0 0 0 0 0 0 0 0 0 0 0 0 0 0 0 0 0 0 0 0 0 0 0 0 0 0 0 0 0 0 0 0 0 0 0 0 0 0 0 0 0 0 0 0 0 0 0 0 0 0 0 0 0 0 0 0 0 0 0 0 0 0 0 0 0 0 0 0 0 0 0 0 0 0 0 0 0 0 0 0 0 0 0 0 0 0 0 0 0 0 0 0 0 0 0 0 0 0 0 0 0 0 0 0 0 27 90 146 145 146 146 144 143 142 140 141 138 139 139 139 139 138 138 137 135 135 136 136 140 141 140 138 133 135 139 134 131 129 127 126 127 128 130 131 130 128 125 126 125 127 133 142 149 143 130 126 123 122 121 119 118 116 115 116 114 115 115 119 119 114 111 100 97 96 99 96 102 105 104 109 109 116 111 116 118 112 107 103 111 111 116 117 115 116 119 119 116 135 147 145 145 146 147 152 154 157 151 144 147 151 154 150 154 156 155 155 151 147 145 141 149 150 155 155 153 155 151 147 138 135 125 102 86 76 63 42 30 24 24 19 13 12 11 10 30 51 56 59 62 64 65 67 70 69 66 67 69 71 73 71 70 66 77 85 90 87 75 86 94 96 103 107 106 110 116 106 105 107 103 104 107 101 90 93 85 74 71 69 64 65 70 74 81 88 104 101 93 89 90 95 102 100 87 79 83 88 89 93 100 106 104 99 92 90 96 106 111 111 105 97 93 95 96 92 84 82 81 81 80 80 81 89 95 97 103 110 114 119 120 120 122 125 127 128 129 128 127 126 124 122 120 117 115 116 114 112 112 111 110 111 111 111 110 109 107 105 104 103 101 98 97 96 95 94 94 94 93 92 92 92 91 92 93 94 94 94 95 95 94 94 95 96 96 96 97 96 96 95 94 94 92 90 89 89 88 87 86 86 86 87 87 88 89 91 94 96 99 102 106 110 113 116 121 126 131 135 137 142 146 150 154 158 162 164 167 170 173 174 176 177 180 180 180 180 180 179 178 178 178 177 174 171 169 166 163 161 158 154 151 147 144 140 137 34 0 0 0 0 0 0 0 0 0 0 0 0 0 0 0 0 0 0 0 0 0 0 0 0 0 0 0 0 0 0 0 0 0 0 0 0 0 0 0 0 0 0 0 0 0 0 0 0 0 0 0 0 0 0 0 0 0 0 0 0 0 0 
0 0 0 0 0 0 0 0 0 0 0 0 0 0 0 0 0 0 0 0 0 0 0 0 0 0 0 0 0 0 0 0 0 0 0 0 0 0 0 0 0 0 0 0 0 0 0 0 0 0 0 0 0 0 0 0 0 0 0 0 0 0 0 0 0 0 0 0 0 0 0 0 0 0 0 0 0 0 0 0 0 0 0 0 0 0 0 0 0 0 0 0 0 0 0 0 0 0 0 0 0 0 0 0 0 0 0 0 0 0 0 0 0 0 0 0 0 0 23 88 147 145 143 142 141 141 141 140 141 140 140 138 137 136 137 138 140 141 145 141 136 133 135 137 135 131 129 127 127 127 127 128 131 131 130 128 127 126 128 132 146 155 142 133 127 124 125 123 123 122 117 117 117 117 118 120 124 129 126 115 111 109 103 101 97 98 101 105 114 113 113 116 121 126 123 124 121 122 119 115 118 110 113 112 122 121 124 131 131 141 144 142 142 139 140 148 154 155 156 153 151 149 145 140 154 166 163 162 158 151 152 145 151 154 157 155 155 154 147 146 135 124 106 87 74 64 49 35 24 23 18 16 14 12 9 16 38 53 57 61 62 63 64 67 66 66 67 67 68 75 70 62 60 68 76 81 93 84 92 78 93 103 105 98 97 109 103 96 104 94 96 95 98 99 95 88 80 68 65 65 69 73 76 80 88 100 106 103 96 89 94 98 94 84 81 86 98 101 103 101 99 98 94 86 87 88 98 102 100 99 96 95 95 95 96 93 90 88 83 80 79 84 92 99 103 107 112 119 122 125 127 129 132 133 132 132 132 130 129 127 125 123 120 118 116 115 113 112 111 111 110 110 110 110 109 108 106 104 103 101 99 98 97 95 94 94 93 92 92 92 91 92 92 92 93 94 93 94 95 95 94 95 96 95 96 96 96 96 95 95 94 92 91 89 89 88 87 86 87 87 87 87 88 89 91 93 94 96 98 102 106 109 112 116 120 124 129 133 136 140 144 148 152 156 159 162 165 168 170 172 174 177 177 178 178 179 178 178 177 177 176 174 173 170 168 166 164 161 158 155 152 148 145 102 0 0 0 0 0 0 0 0 0 0 0 0 0 0 0 0 0 0 0 0 0 0 0 0 0 0 0 0 0 0 0 0 0 0 0 0 0 0 0 0 0 0 0 0 0 0 0 0 0 0 0 0 0 0 0 0 0 0 0 0 0 0 0 
0 0 0 0 0 0 0 0 0 0 0 0 0 0 0 0 0 0 0 0 0 0 0 0 0 0 0 0 0 0 0 0 0 0 0 0 0 0 0 0 0 0 0 0 0 0 0 0 0 0 0 0 0 0 0 0 0 0 0 0 0 0 0 0 0 0 0 0 0 0 0 0 0 0 0 0 0 0 0 0 0 0 0 0 0 0 0 0 0 0 0 0 0 0 0 0 0 0 0 0 0 0 0 0 0 0 0 0 0 0 0 0 0 0 0 0 0 0 0 0 23 86 144 142 141 143 142 141 141 140 139 139 137 137 138 144 145 140 137 135 134 136 136 132 128 129 128 128 126 127 130 132 131 130 127 127 127 136 147 151 147 134 126 124 124 123 123 123 123 122 121 119 120 119 121 131 128 120 114 109 108 105 104 105 106 104 106 106 105 111 111 113 113 111 115 117 121 120 121 119 116 110 105 103 101 108 108 116 126 130 140 150 148 142 142 142 142 146 145 148 152 151 151 143 135 142 155 159 160 158 155 155 155 157 153 155 151 153 153 149 143 126 108 78 73 62 53 43 31 23 18 21 19 12 8 12 26 48 55 57 58 60 62 64 63 63 66 67 70 73 70 65 61 65 63 68 86 95 91 82 85 92 106 92 93 101 88 91 99 91 95 100 99 92 86 81 77 68 63 64 68 74 87 88 90 103 113 110 101 99 99 95 90 81 84 92 104 105 99 100 103 100 98 90 92 98 100 94 91 91 93 93 91 90 93 95 94 89 83 78 80 88 98 104 109 112 115 120 124 127 130 132 135 136 136 136 135 134 131 129 127 127 124 121 119 117 115 113 112 111 110 109 109 109 108 107 106 104 103 101 100 97 97 95 94 93 92 93 93 92 91 92 91 92 93 93 93 94 95 95 95 95 95 96 96 96 96 96 95 95 93 92 91 89 89 88 88 87 87 87 87 86 87 89 90 92 93 95 97 99 102 105 108 111 114 118 123 127 131 134 138 142 147 149 153 156 159 162 165 167 171 173 173 174 176 177 177 178 177 176 175 174 173 172 170 168 166 164 161 158 156 154 150 41 0 0 0 0 0 0 0 0 0 0 0 0 0 0 0 0 0 0 0 0 0 0 0 0 0 0 0 0 0 0 0 0 0 0 0 0 0 0 0 0 0 0 0 0 0 0 0 0 0 0 0 0 0 0 0 0 0 0 0 0 0 0 0 
0 0 0 0 0 0 0 0 0 0 0 0 0 0 0 0 0 0 0 0 0 0 0 0 0 0 0 0 0 0 0 0 0 0 0 0 0 0 0 0 0 0 0 0 0 0 0 0 0 0 0 0 0 0 0 0 0 0 0 0 0 0 0 0 0 0 0 0 0 0 0 0 0 0 0 0 0 0 0 0 0 0 0 0 0 0 0 0 0 0 0 0 0 0 0 0 0 0 0 0 0 0 0 0 0 0 0 0 0 0 0 0 0 0 0 0 0 0 0 0 0 0 17 80 144 143 143 142 141 140 138 137 139 142 143 142 137 135 135 139 136 134 130 129 128 128 127 128 128 132 132 131 130 129 130 135 143 153 150 135 128 125 124 124 124 125 124 124 123 122 122 122 126 130 132 125 117 113 112 110 109 111 109 110 108 108 110 110 111 105 98 99 106 104 105 110 114 121 116 120 121 122 117 111 110 105 105 111 117 125 132 140 145 151 143 144 140 141 145 144 145 148 147 146 147 146 147 144 150 149 150 153 153 153 150 151 155 153 154 147 142 134 125 112 87 73 56 34 28 25 24 22 17 12 11 12 17 43 54 55 57 58 62 63 62 62 66 63 64 69 72 69 72 70 61 60 81 96 81 85 76 72 82 81 81 90 80 88 90 88 87 90 96 91 84 79 75 69 64 65 69 79 86 93 102 110 115 106 102 102 100 96 92 87 86 89 101 106 101 104 108 106 103 100 99 103 103 94 91 93 92 87 85 85 86 91 92 89 84 84 89 96 105 110 113 116 119 122 125 127 131 134 136 137 139 138 137 137 134 132 130 129 127 123 121 120 117 114 112 112 111 109 109 109 108 108 105 104 102 101 99 98 97 95 95 93 93 93 93 93 92 91 91 90 92 93 93 94 94 95 95 95 95 96 96 96 95 96 95 94 93 92 90 89 88 88 87 87 87 87 87 86 87 89 90 91 91 94 95 97 99 101 103 106 109 112 116 120 124 129 132 136 140 143 146 149 154 156 159 162 165 168 169 172 173 174 174 176 176 175 175 175 174 173 171 170 168 166 164 161 159 156 116 0 0 0 0 0 0 0 0 0 0 0 0 0 0 0 0 0 0 0 0 0 0 0 0 0 0 0 0 0 0 0 0 0 0 0 0 0 0 0 0 0 0 0 0 0 0 0 0 0 0 0 0 0 0 0 0 0 0 0 0 0 0 0 0 
0 0 0 0 0 0 0 0 0 0 0 0 0 0 0 0 0 0 0 0 0 0 0 0 0 0 0 0 0 0 0 0 0 0 0 0 0 0 0 0 0 0 0 0 0 0 0 0 0 0 0 0 0 0 0 0 0 0 0 0 0 0 0 0 0 0 0 0 0 0 0 0 0 0 0 0 0 0 0 0 0 0 0 0 0 0 0 0 0 0 0 0 0 0 0 0 0 0 0 0 0 0 0 0 0 0 0 0 0 0 0 0 0 0 0 0 0 0 0 0 0 0 0 0 13 76 138 142 141 141 141 141 143 142 139 136 138 139 138 135 131 131 130 129 129 129 128 129 132 133 132 130 129 132 146 151 145 137 128 126 126 125 125 126 125 125 123 122 122 124 127 131 138 129 119 114 113 113 114 112 113 110 109 111 110 109 110 110 103 97 94 91 95 99 101 109 109 114 119 117 119 123 116 114 112 108 107 112 128 132 135 143 131 125 138 134 140 134 133 137 136 141 144 142 146 143 152 151 149 150 149 153 155 150 152 150 150 146 141 140 132 136 133 121 92 74 56 37 27 28 27 26 20 13 14 13 15 36 54 55 57 57 60 63 61 60 60 63 63 65 69 68 69 66 64 71 81 76 65 61 65 55 68 59 65 74 69 71 69 75 80 83 92 93 87 81 75 71 68 71 77 86 86 90 96 107 112 106 98 92 96 99 96 94 89 91 99 104 106 111 115 111 104 100 99 97 97 94 93 96 92 84 83 84 86 90 95 96 93 96 100 105 111 115 118 121 123 125 127 129 131 134 136 138 139 139 140 139 138 136 134 132 130 127 125 122 119 116 114 113 114 110 110 110 109 107 105 103 102 100 99 98 96 96 95 94 94 93 92 92 92 91 91 90 91 92 93 93 94 95 95 95 95 96 96 96 96 96 96 94 94 91 90 89 87 87 86 87 86 87 87 86 87 89 88 89 91 92 93 95 97 98 100 102 104 107 109 113 116 120 125 129 132 136 140 143 147 150 153 156 159 162 165 168 169 170 171 172 174 174 174 173 172 172 172 171 170 168 167 164 162 160 49 0 0 0 0 0 0 0 0 0 0 0 0 0 0 0 0 0 0 0 0 0 0 0 0 0 0 0 0 0 0 0 0 0 0 0 0 0 0 0 0 0 0 0 0 0 0 0 0 0 0 0 0 0 0 0 0 0 0 0 0 0 0 0 0 
0 0 0 0 0 0 0 0 0 0 0 0 0 0 0 0 0 0 0 0 0 0 0 0 0 0 0 0 0 0 0 0 0 0 0 0 0 0 0 0 0 0 0 0 0 0 0 0 0 0 0 0 0 0 0 0 0 0 0 0 0 0 0 0 0 0 0 0 0 0 0 0 0 0 0 0 0 0 0 0 0 0 0 0 0 0 0 0 0 0 0 0 0 0 0 0 0 0 0 0 0 0 0 0 0 0 0 0 0 0 0 0 0 0 0 0 0 0 0 0 0 0 0 0 0 0 13 75 136 144 144 141 140 137 139 140 141 134 133 132 131 131 131 130 130 130 130 132 134 130 130 133 142 147 148 138 128 125 125 126 126 126 125 125 125 125 123 125 125 130 135 132 126 120 116 115 115 114 113 111 111 111 113 112 109 105 103 94 95 95 97 98 100 103 107 109 117 123 125 119 115 111 111 109 109 106 96 101 104 116 126 134 143 143 146 147 142 141 137 133 137 136 141 141 135 143 143 153 152 147 148 146 146 148 146 153 151 149 146 142 142 140 132 115 88 70 56 35 25 25 30 30 21 14 17 18 16 35 50 55 56 56 57 58 59 58 58 63 63 63 65 65 64 64 72 76 78 69 66 69 66 61 58 50 53 57 52 62 62 67 68 72 81 83 81 75 72 72 74 83 89 86 89 93 104 108 109 110 103 92 94 101 100 91 88 93 98 98 104 113 119 111 103 102 102 98 93 94 96 97 95 91 91 92 97 100 103 106 108 108 111 114 117 120 123 126 127 130 132 133 135 136 138 139 140 141 141 141 140 139 137 135 132 131 128 125 122 119 116 114 112 110 109 109 109 106 105 103 101 100 99 97 96 95 95 94 93 93 92 92 92 92 92 92 92 93 93 94 94 95 96 95 95 96 96 97 96 96 96 96 94 92 91 89 88 86 87 86 85 86 86 85 86 88 86 88 89 92 92 94 95 96 97 99 100 102 103 106 109 113 117 121 124 127 133 137 140 144 147 150 154 157 159 162 164 166 167 169 170 172 172 172 171 171 170 170 169 168 167 166 165 127 0 0 0 0 0 0 0 0 0 0 0 0 0 0 0 0 0 0 0 0 0 0 0 0 0 0 0 0 0 0 0 0 0 0 0 0 0 0 0 0 0 0 0 0 0 0 0 0 0 0 0 0 0 0 0 0 0 0 0 0 0 0 0 0 0 
0 0 0 0 0 0 0 0 0 0 0 0 0 0 0 0 0 0 0 0 0 0 0 0 0 0 0 0 0 0 0 0 0 0 0 0 0 0 0 0 0 0 0 0 0 0 0 0 0 0 0 0 0 0 0 0 0 0 0 0 0 0 0 0 0 0 0 0 0 0 0 0 0 0 0 0 0 0 0 0 0 0 0 0 0 0 0 0 0 0 0 0 0 0 0 0 0 0 0 0 0 0 0 0 0 0 0 0 0 0 0 0 0 0 0 0 0 0 0 0 0 0 0 0 0 0 0 0 9 72 133 137 139 141 141 138 136 134 132 131 131 131 131 130 130 131 133 132 131 133 139 152 151 138 132 126 125 124 125 127 126 126 125 125 126 125 126 129 133 136 129 122 122 119 119 118 117 115 113 111 110 115 112 109 105 99 98 98 99 101 104 104 100 100 103 104 110 111 114 114 117 116 117 117 115 107 103 99 101 102 104 120 132 140 141 148 144 147 149 146 139 135 141 152 157 154 161 157 156 154 147 147 136 138 143 146 151 154 153 149 145 140 127 115 97 72 54 35 26 30 36 34 23 18 19 19 21 34 50 53 56 56 59 62 60 59 60 61 64 64 67 62 65 62 62 69 73 69 67 75 68 62 61 55 47 42 46 56 61 63 63 64 68 78 80 76 71 72 78 89 95 98 98 101 107 112 111 113 116 101 95 102 102 97 93 96 95 93 98 104 108 106 104 109 111 104 99 101 103 104 103 105 106 109 111 113 113 112 113 112 115 118 120 123 126 129 131 134 136 138 140 142 143 144 146 146 145 143 142 142 141 138 137 133 130 127 124 121 119 116 113 111 110 109 106 106 105 102 101 101 99 97 96 95 95 94 93 93 92 92 93 93 92 92 92 94 94 94 95 96 96 97 96 96 96 97 96 97 96 97 95 92 92 90 89 87 87 86 85 85 85 85 86 87 88 89 88 89 90 92 93 94 95 96 96 97 98 100 102 105 109 113 116 120 125 129 133 136 140 144 147 151 153 156 159 161 163 165 167 169 169 170 170 169 169 169 169 168 167 167 167 57 0 0 0 0 0 0 0 0 0 0 0 0 0 0 0 0 0 0 0 0 0 0 0 0 0 0 0 0 0 0 0 0 0 0 0 0 0 0 0 0 0 0 0 0 0 0 0 0 0 0 0 0 0 0 0 0 0 0 0 0 0 0 0 0 0 
0 0 0 0 0 0 0 0 0 0 0 0 0 0 0 0 0 0 0 0 0 0 0 0 0 0 0 0 0 0 0 0 0 0 0 0 0 0 0 0 0 0 0 0 0 0 0 0 0 0 0 0 0 0 0 0 0 0 0 0 0 0 0 0 0 0 0 0 0 0 0 0 0 0 0 0 0 0 0 0 0 0 0 0 0 0 0 0 0 0 0 0 0 0 0 0 0 0 0 0 0 0 0 0 0 0 0 0 0 0 0 0 0 0 0 0 0 0 0 0 0 0 0 0 0 0 0 0 0 0 4 66 129 140 136 135 135 135 133 132 130 130 131 131 131 133 131 131 135 146 148 143 134 128 127 126 124 124 126 127 126 126 126 126 126 126 131 136 131 126 124 122 121 120 120 120 117 117 113 114 113 113 109 108 105 103 102 104 103 102 98 96 95 100 102 101 107 106 110 115 121 127 127 131 121 119 108 102 99 103 106 114 118 126 126 129 137 138 145 152 144 142 141 143 148 147 148 154 154 158 162 157 154 153 150 146 145 148 154 152 145 139 132 118 90 69 52 35 29 38 41 40 32 23 22 17 20 41 51 53 57 60 63 66 62 63 65 70 69 65 64 62 63 61 57 63 65 66 67 68 66 64 65 59 48 47 46 43 47 49 49 61 74 79 81 74 74 80 83 89 96 100 102 106 111 117 116 113 112 102 96 99 100 100 94 94 90 92 98 100 102 102 105 111 114 108 108 108 111 113 116 120 120 122 121 122 120 118 116 116 118 119 121 124 128 131 133 136 140 143 145 148 149 150 151 151 151 149 147 145 143 141 139 136 133 129 126 124 121 118 115 112 112 110 107 107 104 102 101 100 98 98 96 95 94 94 93 93 93 93 93 94 93 93 93 94 94 95 96 96 97 97 97 97 97 97 97 97 97 96 95 93 92 91 89 87 87 86 86 86 86 86 86 86 86 87 89 90 90 90 91 93 92 93 94 93 93 94 97 99 101 104 108 111 116 121 125 129 132 136 140 143 147 149 152 156 159 161 163 164 166 167 168 168 168 169 168 168 168 167 131 0 0 0 0 0 0 0 0 0 0 0 0 0 0 0 0 0 0 0 0 0 0 0 0 0 0 0 0 0 0 0 0 0 0 0 0 0 0 0 0 0 0 0 0 0 0 0 0 0 0 0 0 0 0 0 0 0 0 0 0 0 0 0 0 0 0 
0 0 0 0 0 0 0 0 0 0 0 0 0 0 0 0 0 0 0 0 0 0 0 0 0 0 0 0 0 0 0 0 0 0 0 0 0 0 0 0 0 0 0 0 0 0 0 0 0 0 0 0 0 0 0 0 0 0 0 0 0 0 0 0 0 0 0 0 0 0 0 0 0 0 0 0 0 0 0 0 0 0 0 0 0 0 0 0 0 0 0 0 0 0 0 0 0 0 0 0 0 0 0 0 0 0 0 0 0 0 0 0 0 0 0 0 0 0 0 0 0 0 0 0 0 0 0 0 0 0 0 0 4 64 124 136 135 133 133 131 131 130 131 133 134 133 135 142 149 146 134 132 129 128 126 125 125 125 128 126 127 126 125 125 128 133 135 130 123 123 124 121 122 122 121 121 118 118 116 119 115 112 111 108 104 102 102 100 100 95 90 92 102 106 107 104 104 108 114 120 114 115 116 119 119 115 117 114 111 111 113 114 115 116 116 116 115 118 128 136 138 139 135 131 136 144 146 149 152 155 153 155 149 147 148 146 143 145 151 150 141 140 131 118 101 71 46 36 33 45 46 46 46 42 35 28 33 46 51 53 58 62 64 65 64 64 65 67 68 64 62 61 60 61 59 58 59 60 60 63 63 63 61 59 58 57 52 43 40 44 48 56 67 75 78 73 77 86 91 97 103 109 108 107 108 115 119 115 111 96 92 92 90 91 90 92 90 94 102 108 107 108 110 110 111 112 113 116 119 121 125 127 129 128 126 126 124 122 120 121 120 122 123 126 128 131 134 138 142 145 147 150 152 154 154 155 154 154 151 149 147 144 141 138 135 133 130 127 123 120 117 114 113 110 108 106 104 102 100 99 98 97 96 95 94 94 94 93 93 93 94 95 94 94 94 94 94 96 96 97 98 98 98 97 97 99 98 98 98 97 96 95 93 92 90 88 88 87 87 86 85 86 87 86 87 87 87 89 90 89 89 89 91 91 91 90 90 90 91 93 94 97 99 103 106 110 116 120 124 128 132 136 139 143 146 149 153 156 158 160 162 163 164 166 167 168 167 168 168 167 57 0 0 0 0 0 0 0 0 0 0 0 0 0 0 0 0 0 0 0 0 0 0 0 0 0 0 0 0 0 0 0 0 0 0 0 0 0 0 0 0 0 0 0 0 0 0 0 0 0 0 0 0 0 0 0 0 0 0 0 0 0 0 0 0 0 0 
0 0 0 0 0 0 0 0 0 0 0 0 0 0 0 0 0 0 0 0 0 0 0 0 0 0 0 0 0 0 0 0 0 0 0 0 0 0 0 0 0 0 0 0 0 0 0 0 0 0 0 0 0 0 0 0 0 0 0 0 0 0 0 0 0 0 0 0 0 0 0 0 0 0 0 0 0 0 0 0 0 0 0 0 0 0 0 0 0 0 0 0 0 0 0 0 0 0 0 0 0 0 0 0 0 0 0 0 0 0 0 0 0 0 0 0 0 0 0 0 0 0 0 0 0 0 0 0 0 0 0 0 0 0 0 59 119 134 133 132 132 131 132 136 135 138 149 145 139 134 130 130 128 128 127 125 125 128 129 128 127 126 126 129 135 136 128 124 122 123 123 124 124 123 121 120 119 120 120 117 114 112 110 106 105 105 104 100 97 98 100 107 106 102 107 104 102 104 105 109 112 114 115 122 129 130 128 126 118 115 113 114 120 117 114 117 119 115 116 123 124 124 130 133 133 135 136 142 145 148 152 151 151 152 150 148 147 145 145 144 143 139 127 100 78 66 47 35 41 48 51 55 57 55 51 47 50 54 53 54 57 60 62 61 59 60 62 63 63 62 61 58 57 57 57 56 58 58 59 59 59 60 61 63 61 60 57 51 44 43 47 52 64 70 70 71 78 87 92 96 105 110 110 107 101 106 116 113 107 99 92 89 89 91 91 89 97 103 108 112 113 114 114 112 115 118 121 124 128 129 130 131 132 131 130 129 126 124 123 123 123 124 124 128 130 132 136 140 144 147 150 152 154 157 157 157 157 156 154 152 150 147 144 142 137 135 132 129 125 122 119 116 114 110 109 106 103 102 101 98 97 96 96 95 95 94 94 94 94 94 94 95 95 96 95 96 96 97 97 97 97 98 98 99 99 99 100 99 99 97 97 95 93 92 91 90 89 87 87 86 85 86 85 86 87 87 88 88 89 88 88 88 90 89 89 88 87 87 87 87 87 89 90 94 97 101 106 110 115 119 124 129 133 136 139 142 146 149 153 156 158 159 161 163 165 166 167 167 167 135 0 0 0 0 0 0 0 0 0 0 0 0 0 0 0 0 0 0 0 0 0 0 0 0 0 0 0 0 0 0 0 0 0 0 0 0 0 0 0 0 0 0 0 0 0 0 0 0 0 0 0 0 0 0 0 0 0 0 0 0 0 0 0 0 0 0 0 
0 0 0 0 0 0 0 0 0 0 0 0 0 0 0 0 0 0 0 0 0 0 0 0 0 0 0 0 0 0 0 0 0 0 0 0 0 0 0 0 0 0 0 0 0 0 0 0 0 0 0 0 0 0 0 0 0 0 0 0 0 0 0 0 0 0 0 0 0 0 0 0 0 0 0 0 0 0 0 0 0 0 0 0 0 0 0 0 0 0 0 0 0 0 0 0 0 0 0 0 0 0 0 0 0 0 0 0 0 0 0 0 0 0 0 0 0 0 0 0 0 0 0 0 0 0 0 0 0 0 0 0 0 0 0 0 0 54 112 132 132 134 136 141 145 147 141 133 130 131 129 129 129 128 126 124 126 129 129 127 128 126 133 135 132 127 124 123 123 123 124 124 124 123 121 121 121 123 122 116 113 112 111 109 107 105 102 101 103 110 106 104 100 102 104 101 93 95 93 102 107 109 106 109 117 118 123 128 117 105 112 113 116 119 120 118 119 119 122 122 122 123 126 129 133 136 134 129 139 140 146 148 152 155 159 154 150 146 145 143 140 128 122 106 80 58 43 34 44 50 54 57 60 60 58 59 57 57 55 55 54 56 57 55 54 54 56 59 61 61 59 57 56 56 56 56 57 56 56 57 59 59 59 60 61 60 58 56 52 41 46 51 61 69 72 75 82 91 93 97 103 107 106 103 99 102 111 113 105 99 91 92 93 93 96 93 98 104 111 114 114 114 115 117 121 125 128 130 131 132 133 133 133 132 131 129 127 125 124 122 123 124 126 128 131 133 137 141 144 149 152 154 156 158 159 160 160 158 157 156 154 150 147 145 142 138 135 132 127 124 121 118 115 112 110 107 104 102 101 99 97 96 95 95 94 93 93 93 94 95 95 96 96 97 97 97 96 97 97 97 97 97 98 100 100 99 100 99 98 98 97 95 94 93 92 91 89 88 87 86 86 85 85 86 87 86 87 88 88 88 87 87 87 87 86 85 85 84 84 83 82 82 84 87 89 93 97 102 107 111 115 120 125 130 133 136 140 143 147 150 154 156 159 160 162 164 165 166 166 62 0 0 0 0 0 0 0 0 0 0 0 0 0 0 0 0 0 0 0 0 0 0 0 0 0 0 0 0 0 0 0 0 0 0 0 0 0 0 0 0 0 0 0 0 0 0 0 0 0 0 0 0 0 0 0 0 0 0 0 0 0 0 0 0 0 0 0 
0 0 0 0 0 0 0 0 0 0 0 0 0 0 0 0 0 0 0 0 0 0 0 0 0 0 0 0 0 0 0 0 0 0 0 0 0 0 0 0 0 0 0 0 0 0 0 0 0 0 0 0 0 0 0 0 0 0 0 0 0 0 0 0 0 0 0 0 0 0 0 0 0 0 0 0 0 0 0 0 0 0 0 0 0 0 0 0 0 0 0 0 0 0 0 0 0 0 0 0 0 0 0 0 0 0 0 0 0 0 0 0 0 0 0 0 0 0 0 0 0 0 0 0 0 0 0 0 0 0 0 0 0 0 0 0 0 0 0 49 108 137 142 153 144 136 132 129 129 130 130 130 128 127 125 125 127 128 128 128 130 132 138 131 124 124 123 123 124 124 124 124 124 122 122 121 124 122 119 116 114 113 114 110 107 105 106 108 108 104 100 96 96 102 96 92 95 99 101 105 109 109 109 107 100 107 108 112 114 112 110 112 111 110 109 110 108 115 115 116 127 131 136 134 134 139 138 141 143 150 147 142 133 143 139 145 148 146 143 143 132 125 120 107 73 61 39 37 45 50 53 56 59 60 59 60 59 56 56 56 53 53 55 52 51 50 52 56 58 59 56 56 55 55 55 56 55 55 57 57 58 58 56 56 58 61 61 60 61 56 51 57 61 65 73 86 94 97 94 98 106 106 99 98 94 98 106 105 101 96 89 86 86 88 98 101 102 109 117 121 118 117 120 121 125 128 131 132 133 133 133 134 133 131 130 129 127 125 124 124 123 125 126 128 131 135 138 141 145 149 153 156 159 160 161 162 161 160 160 158 156 153 150 148 145 141 138 135 131 127 124 121 117 115 112 108 105 103 101 99 98 97 96 96 94 94 95 94 95 95 95 96 97 97 98 97 97 97 98 98 98 99 99 100 100 100 100 100 99 99 97 96 94 94 92 91 90 89 88 87 87 84 85 86 86 86 87 87 87 87 86 86 85 83 83 82 81 81 81 81 79 78 80 81 82 85 90 94 97 101 107 111 116 122 125 129 133 137 141 144 147 151 155 157 159 161 163 164 139 0 0 0 0 0 0 0 0 0 0 0 0 0 0 0 0 0 0 0 0 0 0 0 0 0 0 0 0 0 0 0 0 0 0 0 0 0 0 0 0 0 0 0 0 0 0 0 0 0 0 0 0 0 0 0 0 0 0 0 0 0 0 0 0 0 0 0 0 
0 0 0 0 0 0 0 0 0 0 0 0 0 0 0 0 0 0 0 0 0 0 0 0 0 0 0 0 0 0 0 0 0 0 0 0 0 0 0 0 0 0 0 0 0 0 0 0 0 0 0 0 0 0 0 0 0 0 0 0 0 0 0 0 0 0 0 0 0 0 0 0 0 0 0 0 0 0 0 0 0 0 0 0 0 0 0 0 0 0 0 0 0 0 0 0 0 0 0 0 0 0 0 0 0 0 0 0 0 0 0 0 0 0 0 0 0 0 0 0 0 0 0 0 0 0 0 0 0 0 0 0 0 0 0 0 0 0 0 0 0 54 120 141 133 131 130 130 131 130 129 128 128 127 126 127 129 129 129 130 136 135 131 125 123 123 123 123 123 124 125 124 123 123 123 124 126 121 118 118 117 116 114 110 109 109 111 108 105 101 98 98 96 93 90 88 96 98 106 109 116 118 119 115 118 111 111 107 103 97 97 99 109 111 106 108 110 110 101 105 107 120 131 131 135 138 136 134 135 129 132 133 135 138 144 142 147 151 149 144 131 120 113 99 76 60 28 41 46 50 52 56 58 59 59 59 60 58 57 55 53 50 50 48 48 49 51 52 53 55 55 55 55 55 55 56 55 57 56 58 57 59 59 57 59 62 63 64 66 59 55 62 71 78 84 94 100 105 102 97 95 98 92 90 93 91 102 103 97 94 83 76 76 85 98 106 113 119 124 126 124 123 125 126 127 128 131 133 133 134 133 132 133 132 132 129 127 125 124 123 123 123 125 128 132 135 139 143 146 150 153 156 160 162 162 163 163 162 162 160 158 156 153 151 147 144 141 137 134 131 128 123 120 117 114 109 107 104 103 101 99 98 97 97 96 96 97 97 97 97 97 97 98 98 98 98 98 98 99 99 99 100 101 100 100 101 100 100 100 99 97 97 96 95 92 91 89 89 89 88 88 87 86 85 86 86 86 86 85 84 84 84 83 82 82 79 80 79 77 76 76 76 76 77 78 80 83 86 88 93 98 103 108 113 117 121 126 130 134 138 142 146 149 152 155 157 159 161 66 0 0 0 0 0 0 0 0 0 0 0 0 0 0 0 0 0 0 0 0 0 0 0 0 0 0 0 0 0 0 0 0 0 0 0 0 0 0 0 0 0 0 0 0 0 0 0 0 0 0 0 0 0 0 0 0 0 0 0 0 0 0 0 0 0 0 0 0 
0 0 0 0 0 0 0 0 0 0 0 0 0 0 0 0 0 0 0 0 0 0 0 0 0 0 0 0 0 0 0 0 0 0 0 0 0 0 0 0 0 0 0 0 0 0 0 0 0 0 0 0 0 0 0 0 0 0 0 0 0 0 0 0 0 0 0 0 0 0 0 0 0 0 0 0 0 0 0 0 0 0 0 0 0 0 0 0 0 0 0 0 0 0 0 0 0 0 0 0 0 0 0 0 0 0 0 0 0 0 0 0 0 0 0 0 0 0 0 0 0 0 0 0 0 0 0 0 0 0 0 0 0 0 0 0 0 0 0 0 0 0 0 45 102 132 131 130 130 130 129 129 128 126 127 128 129 130 133 135 136 128 126 124 124 124 123 124 123 124 124 124 124 123 124 126 124 121 120 121 120 119 115 113 114 112 108 107 107 101 99 98 92 90 90 92 97 103 106 111 107 108 110 108 104 104 99 102 99 104 103 111 115 122 115 110 109 104 96 95 99 106 110 120 124 121 128 127 127 128 133 140 142 143 146 141 131 134 129 133 136 129 122 103 78 47 30 37 46 52 53 55 58 58 58 58 57 56 55 53 53 52 46 45 47 47 48 49 51 53 54 54 54 54 53 54 55 56 55 56 55 58 57 58 59 63 65 66 67 60 58 71 80 95 102 100 102 104 104 103 98 94 80 80 80 76 87 96 91 81 73 67 71 81 96 109 120 129 133 132 129 129 128 130 131 131 133 133 134 135 134 132 132 131 130 129 127 125 124 123 122 123 125 128 131 135 139 144 147 151 155 157 160 163 164 165 165 164 164 162 160 158 155 152 149 147 144 139 136 133 129 125 123 120 117 113 110 108 105 104 103 101 100 100 100 100 100 100 100 98 99 100 100 100 99 99 99 100 100 99 99 101 100 101 101 101 100 100 101 99 98 97 97 96 94 92 90 89 88 88 87 86 87 87 85 83 84 84 83 83 84 83 83 81 80 79 78 77 77 76 75 76 75 75 76 77 79 81 82 86 90 96 101 105 110 115 120 124 128 132 136 139 143 146 149 153 157 133 0 0 0 0 0 0 0 0 0 0 0 0 0 0 0 0 0 0 0 0 0 0 0 0 0 0 0 0 0 0 0 0 0 0 0 0 0 0 0 0 0 0 0 0 0 0 0 0 0 0 0 0 0 0 0 0 0 0 0 0 0 0 0 0 0 0 0 0 0 
0 0 0 0 0 0 0 0 0 0 0 0 0 0 0 0 0 0 0 0 0 0 0 0 0 0 0 0 0 0 0 0 0 0 0 0 0 0 0 0 0 0 0 0 0 0 0 0 0 0 0 0 0 0 0 0 0 0 0 0 0 0 0 0 0 0 0 0 0 0 0 0 0 0 0 0 0 0 0 0 0 0 0 0 0 0 0 0 0 0 0 0 0 0 0 0 0 0 0 0 0 0 0 0 0 0 0 0 0 0 0 0 0 0 0 0 0 0 0 0 0 0 0 0 0 0 0 0 0 0 0 0 0 0 0 0 0 0 0 0 0 0 0 0 0 41 97 129 130 130 129 128 127 128 128 129 129 131 138 134 130 127 126 125 125 124 124 125 124 124 125 124 123 123 123 126 122 123 124 122 120 119 119 118 115 111 108 111 108 102 99 96 93 92 94 94 97 93 95 99 104 106 106 105 103 107 113 117 118 116 113 110 112 113 118 112 112 111 108 100 103 104 102 114 122 125 123 133 131 129 134 138 140 140 140 136 137 134 139 140 142 133 121 96 69 37 24 32 43 50 52 54 55 56 57 56 54 52 52 51 49 47 44 45 46 49 48 50 51 50 52 52 50 50 49 51 51 50 52 52 54 54 55 57 61 61 63 66 66 66 72 83 91 104 114 122 114 109 111 111 109 97 79 68 64 56 66 79 89 83 70 69 73 84 97 112 125 131 135 135 133 132 131 133 134 135 135 134 135 134 132 132 131 130 128 127 125 126 125 123 123 123 125 128 131 135 139 144 148 151 155 158 161 163 165 166 166 166 165 165 163 160 157 155 152 150 146 143 139 136 133 130 127 123 120 116 114 112 110 109 107 106 106 105 106 104 104 104 104 102 102 103 104 101 102 101 101 101 100 100 100 101 101 101 101 101 101 101 101 100 99 98 97 96 95 93 91 90 89 89 88 87 87 86 85 85 85 83 83 84 83 83 83 81 80 79 78 77 77 76 75 75 75 75 74 75 75 77 79 81 84 89 94 98 102 108 113 117 122 126 130 133 137 141 145 148 151 62 0 0 0 0 0 0 0 0 0 0 0 0 0 0 0 0 0 0 0 0 0 0 0 0 0 0 0 0 0 0 0 0 0 0 0 0 0 0 0 0 0 0 0 0 0 0 0 0 0 0 0 0 0 0 0 0 0 0 0 0 0 0 0 0 0 0 0 0 0 
0 0 0 0 0 0 0 0 0 0 0 0 0 0 0 0 0 0 0 0 0 0 0 0 0 0 0 0 0 0 0 0 0 0 0 0 0 0 0 0 0 0 0 0 0 0 0 0 0 0 0 0 0 0 0 0 0 0 0 0 0 0 0 0 0 0 0 0 0 0 0 0 0 0 0 0 0 0 0 0 0 0 0 0 0 0 0 0 0 0 0 0 0 0 0 0 0 0 0 0 0 0 0 0 0 0 0 0 0 0 0 0 0 0 0 0 0 0 0 0 0 0 0 0 0 0 0 0 0 0 0 0 0 0 0 0 0 0 0 0 0 0 0 0 0 0 0 40 98 130 129 128 128 129 129 128 132 136 138 131 129 127 126 126 125 124 124 124 125 125 125 124 124 125 127 125 124 124 122 121 121 120 122 117 114 112 112 111 107 103 102 101 99 96 96 94 91 92 93 101 103 107 103 105 107 110 112 115 115 110 105 106 107 114 112 119 119 121 113 110 109 112 118 122 128 131 131 127 125 126 134 133 128 137 140 148 148 148 143 142 135 127 114 98 70 37 21 29 37 45 48 51 52 52 53 52 50 48 47 44 43 45 46 47 48 50 51 52 53 51 50 49 50 51 49 48 51 51 51 55 56 61 60 61 61 61 65 71 75 81 89 97 103 110 115 119 121 115 113 116 115 104 83 63 57 65 73 76 79 74 60 63 75 84 99 114 125 129 132 134 133 134 135 135 136 136 135 134 134 132 132 130 129 129 127 125 124 124 124 123 124 124 125 128 131 135 139 143 148 152 154 159 161 164 166 166 167 167 167 167 165 162 160 158 155 153 149 146 142 140 137 134 131 127 123 121 118 117 116 114 113 112 111 111 110 109 109 109 108 108 107 107 107 105 105 105 103 102 102 102 101 101 101 101 101 102 102 102 101 100 99 99 98 96 95 94 93 93 91 89 88 88 87 86 86 85 85 84 84 83 84 83 83 82 82 80 79 79 78 77 76 75 75 74 73 73 74 75 76 78 81 84 88 92 96 101 105 109 114 118 124 128 131 136 140 143 127 0 0 0 0 0 0 0 0 0 0 0 0 0 0 0 0 0 0 0 0 0 0 0 0 0 0 0 0 0 0 0 0 0 0 0 0 0 0 0 0 0 0 0 0 0 0 0 0 0 0 0 0 0 0 0 0 0 0 0 0 0 0 0 0 0 0 0 0 0 0 
0 0 0 0 0 0 0 0 0 0 0 0 0 0 0 0 0 0 0 0 0 0 0 0 0 0 0 0 0 0 0 0 0 0 0 0 0 0 0 0 0 0 0 0 0 0 0 0 0 0 0 0 0 0 0 0 0 0 0 0 0 0 0 0 0 0 0 0 0 0 0 0 0 0 0 0 0 0 0 0 0 0 0 0 0 0 0 0 0 0 0 0 0 0 0 0 0 0 0 0 0 0 0 0 0 0 0 0 0 0 0 0 0 0 0 0 0 0 0 0 0 0 0 0 0 0 0 0 0 0 0 0 0 0 0 0 0 0 0 0 0 0 0 0 0 0 0 0 0 36 93 128 129 130 129 131 138 135 133 130 128 127 127 126 124 125 122 123 124 125 124 124 125 126 127 124 124 123 122 122 122 121 121 117 118 115 115 109 108 106 106 105 102 98 96 95 91 89 90 93 96 95 96 100 100 99 102 104 107 105 104 102 104 106 105 117 112 111 114 119 118 117 115 119 121 119 113 115 117 117 119 119 120 133 138 147 140 134 131 131 132 133 128 105 61 22 21 24 32 42 47 50 51 50 51 47 45 42 40 42 45 48 50 51 48 49 52 53 53 52 50 48 48 51 52 49 48 51 53 59 62 67 72 66 67 67 80 92 100 101 101 107 114 119 120 117 118 115 111 111 111 109 94 75 70 79 82 83 80 66 51 58 78 89 98 113 125 132 133 131 132 134 136 135 136 135 134 133 133 131 131 130 128 127 125 124 123 123 122 122 123 123 125 128 131 135 139 143 147 151 154 158 160 164 165 167 168 168 168 168 167 164 162 161 158 154 152 149 146 143 140 137 135 132 128 126 123 122 120 119 118 118 117 117 115 115 115 114 113 112 112 111 109 108 107 106 105 105 104 103 102 101 101 101 101 102 102 102 101 100 99 100 98 98 96 95 94 93 92 90 89 88 87 86 86 86 86 86 86 85 85 85 85 85 85 83 82 81 80 79 78 78 76 74 74 74 74 75 75 76 78 82 84 87 90 94 98 103 108 112 117 121 125 130 133 137 61 0 0 0 0 0 0 0 0 0 0 0 0 0 0 0 0 0 0 0 0 0 0 0 0 0 0 0 0 0 0 0 0 0 0 0 0 0 0 0 0 0 0 0 0 0 0 0 0 0 0 0 0 0 0 0 0 0 0 0 0 0 0 0 0 0 0 0 0 0 0 
0 0 0 0 0 0 0 0 0 0 0 0 0 0 0 0 0 0 0 0 0 0 0 0 0 0 0 0 0 0 0 0 0 0 0 0 0 0 0 0 0 0 0 0 0 0 0 0 0 0 0 0 0 0 0 0 0 0 0 0 0 0 0 0 0 0 0 0 0 0 0 0 0 0 0 0 0 0 0 0 0 0 0 0 0 0 0 0 0 0 0 0 0 0 0 0 0 0 0 0 0 0 0 0 0 0 0 0 0 0 0 0 0 0 0 0 0 0 0 0 0 0 0 0 0 0 0 0 0 0 0 0 0 0 0 0 0 0 0 0 0 0 0 0 0 0 0 0 0 0 0 32 89 129 133 136 136 132 132 130 129 128 127 126 125 124 123 123 124 126 124 126 126 127 126 123 122 121 121 122 124 121 118 118 118 116 116 114 111 108 107 103 103 103 101 96 92 90 90 93 91 90 90 91 96 98 102 106 103 104 102 103 113 116 116 114 113 116 113 114 110 111 108 109 112 112 114 111 113 95 107 107 116 115 124 123 130 126 133 138 137 133 122 98 53 20 17 22 28 39 47 51 50 52 46 42 40 40 42 45 48 50 52 52 52 53 53 52 49 49 47 45 45 53 61 58 50 57 67 76 76 80 91 96 92 97 106 117 120 120 115 115 123 126 130 124 116 113 113 112 110 104 99 88 83 84 84 87 81 60 53 63 77 88 97 108 122 133 133 133 134 134 134 134 135 134 134 133 132 130 129 127 126 125 123 122 122 123 121 122 122 124 126 128 131 135 139 142 146 150 154 157 160 163 165 167 169 169 169 169 168 166 165 163 160 157 155 152 150 147 144 141 138 136 133 131 130 128 126 124 123 123 122 122 121 121 121 119 119 118 116 115 114 113 111 109 108 106 105 104 104 103 102 102 102 102 102 102 101 100 100 100 99 99 96 94 94 92 91 90 90 89 88 86 86 87 86 87 86 88 88 87 87 88 88 87 87 85 84 83 82 81 79 77 76 75 74 74 75 75 78 79 81 84 86 89 93 98 102 106 110 114 118 123 127 118 0 0 0 0 0 0 0 0 0 0 0 0 0 0 0 0 0 0 0 0 0 0 0 0 0 0 0 0 0 0 0 0 0 0 0 0 0 0 0 0 0 0 0 0 0 0 0 0 0 0 0 0 0 0 0 0 0 0 0 0 0 0 0 0 0 0 0 0 0 0 0 
0 0 0 0 0 0 0 0 0 0 0 0 0 0 0 0 0 0 0 0 0 0 0 0 0 0 0 0 0 0 0 0 0 0 0 0 0 0 0 0 0 0 0 0 0 0 0 0 0 0 0 0 0 0 0 0 0 0 0 0 0 0 0 0 0 0 0 0 0 0 0 0 0 0 0 0 0 0 0 0 0 0 0 0 0 0 0 0 0 0 0 0 0 0 0 0 0 0 0 0 0 0 0 0 0 0 0 0 0 0 0 0 0 0 0 0 0 0 0 0 0 0 0 0 0 0 0 0 0 0 0 0 0 0 0 0 0 0 0 0 0 0 0 0 0 0 0 0 0 0 0 0 0 28 95 137 132 132 132 130 128 127 127 126 124 124 124 124 125 126 125 126 126 128 125 123 122 121 122 123 122 118 115 116 116 116 114 114 114 111 109 107 107 109 103 97 97 95 94 91 88 89 90 94 96 96 100 106 107 109 112 117 120 111 112 99 100 97 101 103 105 105 108 116 112 111 105 102 99 96 93 103 105 120 130 136 137 137 133 132 128 120 119 99 41 19 18 23 30 39 45 45 42 40 35 37 42 44 48 49 51 53 54 54 52 55 51 42 39 37 46 54 56 66 76 75 68 71 82 92 98 101 109 115 116 122 124 127 130 131 127 118 123 128 130 125 117 113 116 117 112 105 104 93 87 91 94 92 85 69 64 74 84 95 101 109 117 121 127 131 132 134 134 134 133 133 132 131 131 129 128 127 125 123 122 122 122 120 120 120 122 123 125 127 130 135 138 142 146 150 153 156 160 162 166 167 169 170 171 170 169 168 166 165 161 160 158 155 153 151 148 145 143 140 137 136 135 133 132 130 129 128 128 127 127 127 126 124 123 123 121 120 118 116 115 113 111 110 108 107 105 104 103 102 102 102 102 101 101 100 99 100 100 99 97 96 95 93 92 90 90 89 88 87 88 88 88 88 88 89 91 91 91 92 91 91 90 90 89 88 85 85 82 80 78 76 75 75 75 75 77 79 81 81 84 87 91 94 96 100 104 108 112 116 120 58 0 0 0 0 0 0 0 0 0 0 0 0 0 0 0 0 0 0 0 0 0 0 0 0 0 0 0 0 0 0 0 0 0 0 0 0 0 0 0 0 0 0 0 0 0 0 0 0 0 0 0 0 0 0 0 0 0 0 0 0 0 0 0 0 0 0 0 0 0 0 0 
0 0 0 0 0 0 0 0 0 0 0 0 0 0 0 0 0 0 0 0 0 0 0 0 0 0 0 0 0 0 0 0 0 0 0 0 0 0 0 0 0 0 0 0 0 0 0 0 0 0 0 0 0 0 0 0 0 0 0 0 0 0 0 0 0 0 0 0 0 0 0 0 0 0 0 0 0 0 0 0 0 0 0 0 0 0 0 0 0 0 0 0 0 0 0 0 0 0 0 0 0 0 0 0 0 0 0 0 0 0 0 0 0 0 0 0 0 0 0 0 0 0 0 0 0 0 0 0 0 0 0 0 0 0 0 0 0 0 0 0 0 0 0 0 0 0 0 0 0 0 0 0 0 0 0 29 86 132 130 129 128 127 126 125 125 124 124 125 126 125 125 125 127 127 125 124 123 122 124 120 118 116 115 116 116 115 116 118 120 118 114 112 110 108 103 100 100 98 99 95 93 93 90 90 91 96 100 101 99 101 111 107 99 93 91 100 111 107 109 107 109 107 108 108 105 102 99 106 106 112 116 112 115 121 125 130 130 123 115 117 119 118 114 83 36 18 17 22 31 38 39 32 27 25 30 39 45 48 51 53 54 56 55 55 53 48 40 37 39 49 53 63 73 85 88 91 92 90 101 106 110 116 123 129 130 130 135 141 139 135 131 123 121 125 125 121 118 111 111 112 107 103 106 105 98 99 101 97 91 88 84 88 95 104 111 115 122 125 120 119 125 130 131 132 132 131 131 130 128 128 127 125 124 122 121 120 120 119 119 120 121 122 124 126 129 134 137 141 144 149 153 156 159 163 165 168 169 171 172 171 170 169 168 166 163 163 160 158 156 154 152 150 148 145 143 141 140 139 138 136 135 134 133 133 132 132 129 129 128 127 125 124 121 120 117 116 115 113 111 109 107 105 104 102 102 102 102 101 102 101 99 100 99 99 97 97 95 93 91 90 90 89 88 89 90 90 90 91 92 93 94 95 96 96 95 95 95 95 94 93 91 90 88 85 82 80 78 77 76 77 78 80 81 81 84 86 87 90 92 96 98 103 107 111 107 3 0 0 0 0 0 0 0 0 0 0 0 0 0 0 0 0 0 0 0 0 0 0 0 0 0 0 0 0 0 0 0 0 0 0 0 0 0 0 0 0 0 0 0 0 0 0 0 0 0 0 0 0 0 0 0 0 0 0 0 0 0 0 0 0 0 0 0 0 0 0 0 
0 0 0 0 0 0 0 0 0 0 0 0 0 0 0 0 0 0 0 0 0 0 0 0 0 0 0 0 0 0 0 0 0 0 0 0 0 0 0 0 0 0 0 0 0 0 0 0 0 0 0 0 0 0 0 0 0 0 0 0 0 0 0 0 0 0 0 0 0 0 0 0 0 0 0 0 0 0 0 0 0 0 0 0 0 0 0 0 0 0 0 0 0 0 0 0 0 0 0 0 0 0 0 0 0 0 0 0 0 0 0 0 0 0 0 0 0 0 0 0 0 0 0 0 0 0 0 0 0 0 0 0 0 0 0 0 0 0 0 0 0 0 0 0 0 0 0 0 0 0 0 0 0 0 0 0 0 24 81 129 128 128 125 125 125 124 124 126 128 126 126 126 129 126 124 124 124 123 121 118 118 117 117 117 117 119 121 122 121 119 114 112 111 108 107 107 105 103 102 100 97 96 92 92 94 97 95 93 96 102 106 96 96 103 107 108 103 105 105 110 113 112 111 102 96 99 103 106 110 113 113 106 114 117 102 106 112 114 112 114 117 117 97 65 36 18 16 20 24 27 27 19 17 23 35 44 48 51 53 54 55 56 55 55 40 34 41 53 56 69 67 66 85 92 99 100 106 110 116 120 122 127 131 137 141 141 141 145 145 141 135 132 122 125 122 116 116 110 105 104 103 107 112 115 107 100 101 103 100 99 96 102 107 113 117 121 123 124 124 123 122 118 123 127 128 129 129 128 128 127 125 123 121 119 120 119 119 118 118 119 120 122 124 126 129 133 136 140 143 147 151 155 158 162 164 167 169 171 172 172 172 171 170 169 167 165 163 161 159 157 156 154 152 150 148 147 145 144 143 143 141 139 138 137 137 135 134 133 132 131 129 127 125 124 121 119 118 116 114 112 107 106 105 104 103 102 102 101 101 101 101 100 98 98 98 97 96 94 92 92 92 90 91 91 92 93 94 94 95 96 96 98 100 99 100 100 100 100 99 98 97 96 94 91 88 86 82 80 78 79 80 81 81 82 83 84 86 87 89 92 95 97 101 104 54 0 0 0 0 0 0 0 0 0 0 0 0 0 0 0 0 0 0 0 0 0 0 0 0 0 0 0 0 0 0 0 0 0 0 0 0 0 0 0 0 0 0 0 0 0 0 0 0 0 0 0 0 0 0 0 0 0 0 0 0 0 0 0 0 0 0 0 0 0 0 0 0 
0 0 0 0 0 0 0 0 0 0 0 0 0 0 0 0 0 0 0 0 0 0 0 0 0 0 0 0 0 0 0 0 0 0 0 0 0 0 0 0 0 0 0 0 0 0 0 0 0 0 0 0 0 0 0 0 0 0 0 0 0 0 0 0 0 0 0 0 0 0 0 0 0 0 0 0 0 0 0 0 0 0 0 0 0 0 0 0 0 0 0 0 0 0 0 0 0 0 0 0 0 0 0 0 0 0 0 0 0 0 0 0 0 0 0 0 0 0 0 0 0 0 0 0 0 0 0 0 0 0 0 0 0 0 0 0 0 0 0 0 0 0 0 0 0 0 0 0 0 0 0 0 0 0 0 0 0 0 0 20 76 127 125 125 125 124 126 128 128 127 127 129 129 126 124 123 124 122 121 120 119 118 118 119 120 120 121 119 117 114 114 113 113 113 112 109 106 106 105 99 100 99 97 96 95 94 90 91 100 101 101 99 101 101 99 98 94 97 100 104 108 105 104 103 106 114 113 115 110 108 111 114 115 108 103 99 111 112 121 124 115 101 76 55 40 19 14 14 13 13 19 21 22 25 35 44 52 51 51 50 49 48 44 39 29 39 52 72 84 90 92 91 103 110 113 116 118 120 124 131 134 135 140 142 146 150 147 146 145 140 135 132 125 120 118 112 112 101 93 92 100 107 108 111 109 107 103 102 102 103 102 104 109 117 123 126 127 126 126 129 128 125 121 118 121 124 124 125 125 125 124 122 120 119 118 118 117 116 118 119 120 120 123 125 128 131 134 139 142 146 150 154 157 161 164 166 169 171 172 173 173 173 173 171 170 168 165 163 162 161 160 158 156 155 153 152 150 150 149 147 147 145 145 143 142 141 140 139 137 135 133 131 130 128 127 123 121 118 116 113 110 108 108 105 103 102 102 101 100 101 100 99 98 98 97 97 96 95 95 95 95 94 94 96 96 97 98 99 100 102 102 103 104 105 105 105 104 104 104 104 103 100 100 96 93 91 88 85 82 81 81 82 82 84 84 84 86 88 89 90 92 94 95 92 3 0 0 0 0 0 0 0 0 0 0 0 0 0 0 0 0 0 0 0 0 0 0 0 0 0 0 0 0 0 0 0 0 0 0 0 0 0 0 0 0 0 0 0 0 0 0 0 0 0 0 0 0 0 0 0 0 0 0 0 0 0 0 0 0 0 0 0 0 0 0 0 0 
0 0 0 0 0 0 0 0 0 0 0 0 0 0 0 0 0 0 0 0 0 0 0 0 0 0 0 0 0 0 0 0 0 0 0 0 0 0 0 0 0 0 0 0 0 0 0 0 0 0 0 0 0 0 0 0 0 0 0 0 0 0 0 0 0 0 0 0 0 0 0 0 0 0 0 0 0 0 0 0 0 0 0 0 0 0 0 0 0 0 0 0 0 0 0 0 0 0 0 0 0 0 0 0 0 0 0 0 0 0 0 0 0 0 0 0 0 0 0 0 0 0 0 0 0 0 0 0 0 0 0 0 0 0 0 0 0 0 0 0 0 0 0 0 0 0 0 0 0 0 0 0 0 0 0 0 0 0 0 0 0 20 74 125 125 126 127 128 129 129 128 130 129 125 123 124 124 122 122 121 120 119 118 120 118 117 117 115 114 114 115 114 114 114 111 108 105 103 102 101 103 99 101 98 94 90 89 97 102 94 95 94 92 91 89 87 89 89 93 98 97 101 106 106 107 109 113 108 102 106 110 111 107 104 102 107 108 109 117 115 104 95 66 54 39 25 12 9 9 9 17 23 24 25 31 38 42 41 39 35 36 40 32 30 41 65 83 92 105 105 111 112 116 121 123 126 129 133 134 137 142 142 145 146 145 149 150 147 142 136 130 125 120 125 117 105 97 86 79 80 92 103 105 106 107 103 99 97 99 105 102 103 109 117 125 129 131 130 128 130 130 130 127 125 119 113 117 120 120 121 121 121 120 119 118 118 117 117 118 119 119 120 122 123 126 129 132 136 139 144 149 153 155 159 162 166 169 170 173 173 174 174 173 172 171 170 169 167 165 165 164 161 160 159 157 156 155 154 153 152 151 149 149 149 148 147 145 143 141 140 137 136 133 132 130 126 123 121 117 116 113 111 109 106 105 104 103 101 100 100 100 98 97 98 98 97 97 98 98 98 98 98 99 100 101 102 104 105 106 107 109 109 110 110 111 111 110 110 109 109 107 106 103 101 99 96 94 90 87 84 82 83 84 86 86 86 87 88 88 91 91 92 92 47 0 0 0 0 0 0 0 0 0 0 0 0 0 0 0 0 0 0 0 0 0 0 0 0 0 0 0 0 0 0 0 0 0 0 0 0 0 0 0 0 0 0 0 0 0 0 0 0 0 0 0 0 0 0 0 0 0 0 0 0 0 0 0 0 0 0 0 0 0 0 0 0 0 
0 0 0 0 0 0 0 0 0 0 0 0 0 0 0 0 0 0 0 0 0 0 0 0 0 0 0 0 0 0 0 0 0 0 0 0 0 0 0 0 0 0 0 0 0 0 0 0 0 0 0 0 0 0 0 0 0 0 0 0 0 0 0 0 0 0 0 0 0 0 0 0 0 0 0 0 0 0 0 0 0 0 0 0 0 0 0 0 0 0 0 0 0 0 0 0 0 0 0 0 0 0 0 0 0 0 0 0 0 0 0 0 0 0 0 0 0 0 0 0 0 0 0 0 0 0 0 0 0 0 0 0 0 0 0 0 0 0 0 0 0 0 0 0 0 0 0 0 0 0 0 0 0 0 0 0 0 0 0 0 0 0 0 16 70 127 128 129 129 129 128 128 128 126 124 125 123 123 122 121 121 120 118 118 117 117 117 115 116 116 114 114 113 112 108 104 102 101 102 104 103 101 99 94 90 89 93 100 88 86 86 87 84 83 85 82 87 87 92 97 100 100 102 100 100 103 108 108 102 101 106 109 110 108 95 107 114 105 90 96 98 85 66 62 36 19 12 10 11 13 15 19 20 22 24 25 24 24 22 24 31 35 45 56 69 96 110 111 115 118 118 123 126 128 130 129 136 142 142 140 144 145 147 150 146 146 143 144 142 134 128 119 109 114 114 92 77 72 71 78 90 99 101 97 98 92 84 88 95 98 99 101 107 115 124 128 129 129 129 130 131 130 129 127 125 122 116 112 113 115 117 118 118 117 116 117 118 118 118 118 119 119 121 121 124 128 130 134 137 141 146 151 154 158 161 165 167 170 172 173 174 174 175 174 173 173 171 170 169 168 167 165 163 162 162 160 159 158 157 157 156 154 153 152 152 151 149 148 145 144 142 139 136 135 133 130 127 123 120 117 114 112 111 107 105 104 103 101 101 102 100 98 98 98 98 98 99 100 101 101 102 103 104 104 106 106 110 112 113 112 113 114 114 115 116 116 115 114 115 113 112 111 108 106 103 100 98 94 92 89 86 85 86 86 86 87 88 89 89 90 90 91 88 6 0 0 0 0 0 0 0 0 0 0 0 0 0 0 0 0 0 0 0 0 0 0 0 0 0 0 0 0 0 0 0 0 0 0 0 0 0 0 0 0 0 0 0 0 0 0 0 0 0 0 0 0 0 0 0 0 0 0 0 0 0 0 0 0 0 0 0 0 0 0 0 0 0 
0 0 0 0 0 0 0 0 0 0 0 0 0 0 0 0 0 0 0 0 0 0 0 0 0 0 0 0 0 0 0 0 0 0 0 0 0 0 0 0 0 0 0 0 0 0 0 0 0 0 0 0 0 0 0 0 0 0 0 0 0 0 0 0 0 0 0 0 0 0 0 0 0 0 0 0 0 0 0 0 0 0 0 0 0 0 0 0 0 0 0 0 0 0 0 0 0 0 0 0 0 0 0 0 0 0 0 0 0 0 0 0 0 0 0 0 0 0 0 0 0 0 0 0 0 0 0 0 0 0 0 0 0 0 0 0 0 0 0 0 0 0 0 0 0 0 0 0 0 0 0 0 0 0 0 0 0 0 0 0 0 0 0 0 0 12 68 125 130 130 129 129 127 127 126 125 124 123 123 120 121 119 117 117 116 116 116 115 117 118 115 115 111 108 105 104 105 106 107 109 104 99 95 95 94 95 96 95 85 86 83 86 84 86 86 86 86 88 89 92 93 93 101 102 104 107 112 109 105 101 105 98 98 94 96 107 106 88 79 97 95 73 64 55 33 14 13 13 13 15 15 16 16 17 17 20 19 27 29 38 51 63 80 94 103 112 120 126 125 131 131 130 132 132 131 132 137 142 145 145 145 146 146 149 148 145 143 140 142 136 122 118 108 104 105 93 69 61 68 80 96 96 93 88 79 75 74 81 91 98 99 100 107 115 122 126 128 129 131 130 130 130 129 128 125 123 121 117 111 109 111 111 113 115 117 116 116 117 118 117 118 119 119 120 121 123 127 132 134 139 144 148 152 156 160 163 165 168 172 174 174 175 176 176 175 174 174 172 171 171 169 168 167 166 165 164 163 163 162 161 160 159 158 157 156 154 153 152 149 148 145 143 140 137 135 132 129 125 122 120 117 114 111 109 106 105 103 101 101 101 100 98 99 99 99 100 101 103 104 104 105 107 109 110 111 112 115 117 118 118 120 120 120 121 122 121 121 119 119 118 116 114 112 110 107 104 102 98 95 93 90 89 89 88 87 88 90 90 90 89 89 90 48 0 0 0 0 0 0 0 0 0 0 0 0 0 0 0 0 0 0 0 0 0 0 0 0 0 0 0 0 0 0 0 0 0 0 0 0 0 0 0 0 0 0 0 0 0 0 0 0 0 0 0 0 0 0 0 0 0 0 0 0 0 0 0 0 0 0 0 0 0 0 0 0 0 0 
0 0 0 0 0 0 0 0 0 0 0 0 0 0 0 0 0 0 0 0 0 0 0 0 0 0 0 0 0 0 0 0 0 0 0 0 0 0 0 0 0 0 0 0 0 0 0 0 0 0 0 0 0 0 0 0 0 0 0 0 0 0 0 0 0 0 0 0 0 0 0 0 0 0 0 0 0 0 0 0 0 0 0 0 0 0 0 0 0 0 0 0 0 0 0 0 0 0 0 0 0 0 0 0 0 0 0 0 0 0 0 0 0 0 0 0 0 0 0 0 0 0 0 0 0 0 0 0 0 0 0 0 0 0 0 0 0 0 0 0 0 0 0 0 0 0 0 0 0 0 0 0 0 0 0 0 0 0 0 0 0 0 0 0 0 0 0 12 69 126 130 129 129 129 125 125 124 124 123 121 120 118 116 115 116 116 117 117 116 116 113 111 110 107 106 110 113 111 110 107 103 98 98 103 100 102 101 94 91 90 90 89 87 86 88 89 84 84 82 82 90 100 106 104 108 106 99 107 108 103 96 90 93 94 101 93 91 90 88 87 75 63 59 51 33 22 19 19 19 18 22 25 23 23 34 41 47 61 79 84 89 94 108 112 119 127 126 133 133 133 134 133 134 135 138 136 137 143 141 140 143 143 141 145 149 143 138 136 137 136 127 118 117 108 95 83 75 77 80 85 97 98 93 85 68 63 60 76 97 106 107 107 114 123 126 128 131 134 134 131 130 129 128 127 124 123 121 118 115 114 111 110 112 113 113 116 116 117 118 117 117 118 117 117 120 122 125 128 132 137 142 145 149 153 158 162 165 168 172 174 175 176 177 177 177 176 175 175 174 173 172 171 171 170 168 167 167 166 166 165 164 163 163 162 160 158 157 155 153 151 149 146 143 140 138 135 131 127 124 121 119 115 113 111 109 106 103 102 100 99 100 100 100 100 102 103 103 105 108 108 109 112 113 115 116 117 120 122 124 124 126 128 127 128 127 127 127 125 124 123 121 118 116 114 112 109 106 104 101 98 96 94 92 90 90 91 91 90 90 90 89 89 8 0 0 0 0 0 0 0 0 0 0 0 0 0 0 0 0 0 0 0 0 0 0 0 0 0 0 0 0 0 0 0 0 0 0 0 0 0 0 0 0 0 0 0 0 0 0 0 0 0 0 0 0 0 0 0 0 0 0 0 0 0 0 0 0 0 0 0 0 0 0 0 0 0 0 
0 0 0 0 0 0 0 0 0 0 0 0 0 0 0 0 0 0 0 0 0 0 0 0 0 0 0 0 0 0 0 0 0 0 0 0 0 0 0 0 0 0 0 0 0 0 0 0 0 0 0 0 0 0 0 0 0 0 0 0 0 0 0 0 0 0 0 0 0 0 0 0 0 0 0 0 0 0 0 0 0 0 0 0 0 0 0 0 0 0 0 0 0 0 0 0 0 0 0 0 0 0 0 0 0 0 0 0 0 0 0 0 0 0 0 0 0 0 0 0 0 0 0 0 0 0 0 0 0 0 0 0 0 0 0 0 0 0 0 0 0 0 0 0 0 0 0 0 0 0 0 0 0 0 0 0 0 0 0 0 0 0 0 0 0 0 0 0 0 8 65 121 130 128 126 125 124 124 122 121 120 119 118 118 118 117 116 116 113 112 110 109 111 112 114 114 114 110 110 104 103 101 101 102 103 103 99 97 97 93 92 93 91 87 89 89 83 79 77 87 102 101 102 104 107 104 102 106 105 99 97 94 93 95 97 93 94 94 85 77 62 56 52 42 32 28 25 27 35 32 36 46 44 48 66 80 82 97 111 110 112 115 122 124 123 131 130 136 137 135 135 136 136 138 142 140 133 140 146 144 144 143 138 132 140 143 137 135 133 130 129 121 113 107 89 80 86 93 93 93 96 98 93 83 76 75 79 85 84 100 110 112 120 128 131 133 137 140 139 134 131 130 128 126 123 121 120 117 115 115 114 114 114 114 113 114 116 117 118 117 116 116 116 116 118 120 123 125 130 134 138 142 147 151 155 159 163 166 170 173 174 176 177 178 177 177 177 177 176 175 175 174 173 173 171 170 171 170 169 168 168 167 166 165 164 162 160 159 156 154 152 149 146 143 141 136 134 131 127 122 121 117 114 112 108 106 105 104 102 100 100 100 102 102 103 105 107 109 111 112 115 117 119 120 122 123 125 128 129 131 133 133 133 133 133 133 132 131 130 128 125 122 121 119 116 114 111 108 106 104 101 99 96 94 92 92 91 90 90 90 90 50 0 0 0 0 0 0 0 0 0 0 0 0 0 0 0 0 0 0 0 0 0 0 0 0 0 0 0 0 0 0 0 0 0 0 0 0 0 0 0 0 0 0 0 0 0 0 0 0 0 0 0 0 0 0 0 0 0 0 0 0 0 0 0 0 0 0 0 0 0 0 0 0 0 0 0 
0 0 0 0 0 0 0 0 0 0 0 0 0 0 0 0 0 0 0 0 0 0 0 0 0 0 0 0 0 0 0 0 0 0 0 0 0 0 0 0 0 0 0 0 0 0 0 0 0 0 0 0 0 0 0 0 0 0 0 0 0 0 0 0 0 0 0 0 0 0 0 0 0 0 0 0 0 0 0 0 0 0 0 0 0 0 0 0 0 0 0 0 0 0 0 0 0 0 0 0 0 0 0 0 0 0 0 0 0 0 0 0 0 0 0 0 0 0 0 0 0 0 0 0 0 0 0 0 0 0 0 0 0 0 0 0 0 0 0 0 0 0 0 0 0 0 0 0 0 0 0 0 0 0 0 0 0 0 0 0 0 0 0 0 0 0 0 0 0 0 0 4 61 116 127 126 125 124 123 122 121 121 120 120 118 116 114 113 112 112 112 113 114 115 113 113 111 110 109 107 107 105 104 100 105 100 100 100 98 96 95 94 88 89 91 88 81 78 85 95 98 93 94 96 102 101 103 102 98 90 90 94 97 95 100 100 87 80 77 70 59 50 46 38 28 31 34 41 48 47 50 57 68 73 95 104 107 113 121 119 118 123 126 129 126 126 131 135 138 140 135 139 142 140 140 142 138 136 141 144 144 143 140 139 135 140 136 131 127 123 122 125 123 114 100 95 99 102 100 99 98 100 98 91 93 97 101 103 97 93 98 105 118 130 134 137 141 145 144 140 136 132 128 125 123 120 118 117 115 115 115 116 116 114 115 116 116 117 117 117 116 115 114 115 115 117 120 122 126 130 134 139 143 148 152 156 161 165 169 171 173 176 178 179 178 179 179 179 178 177 176 176 176 174 173 173 174 173 172 172 171 170 169 169 167 165 163 161 159 157 155 151 149 146 143 138 136 133 130 126 123 119 115 112 110 107 105 104 103 102 101 101 103 104 106 108 111 113 114 117 120 122 124 126 127 129 131 132 133 135 137 138 138 139 139 138 137 136 134 132 129 128 126 124 122 120 116 114 111 108 106 103 101 99 96 94 93 92 91 90 90 11 0 0 0 0 0 0 0 0 0 0 0 0 0 0 0 0 0 0 0 0 0 0 0 0 0 0 0 0 0 0 0 0 0 0 0 0 0 0 0 0 0 0 0 0 0 0 0 0 0 0 0 0 0 0 0 0 0 0 0 0 0 0 0 0 0 0 0 0 0 0 0 0 0 0 0 
0 0 0 0 0 0 0 0 0 0 0 0 0 0 0 0 0 0 0 0 0 0 0 0 0 0 0 0 0 0 0 0 0 0 0 0 0 0 0 0 0 0 0 0 0 0 0 0 0 0 0 0 0 0 0 0 0 0 0 0 0 0 0 0 0 0 0 0 0 0 0 0 0 0 0 0 0 0 0 0 0 0 0 0 0 0 0 0 0 0 0 0 0 0 0 0 0 0 0 0 0 0 0 0 0 0 0 0 0 0 0 0 0 0 0 0 0 0 0 0 0 0 0 0 0 0 0 0 0 0 0 0 0 0 0 0 0 0 0 0 0 0 0 0 0 0 0 0 0 0 0 0 0 0 0 0 0 0 0 0 0 0 0 0 0 0 0 0 0 0 0 0 0 0 55 110 126 125 125 124 123 123 121 119 117 116 115 114 113 115 115 115 112 112 113 113 112 113 115 110 108 107 105 104 107 104 104 103 100 99 94 92 92 94 92 88 84 86 90 90 87 85 88 93 97 97 99 93 87 82 91 95 92 96 100 93 73 74 71 64 55 47 41 39 39 44 54 62 65 63 59 68 87 95 106 113 116 120 120 121 122 126 129 130 128 127 130 135 137 133 133 135 140 140 138 141 141 136 138 139 142 142 140 140 134 133 134 131 126 122 122 124 124 119 113 111 116 112 107 106 106 103 102 102 106 112 117 120 115 102 94 102 115 129 135 136 140 143 145 145 142 135 131 127 122 120 119 117 115 115 116 116 116 117 116 116 116 116 116 117 117 116 114 113 112 114 115 119 122 126 130 134 138 144 150 154 158 163 166 169 173 175 177 179 180 180 180 179 179 179 178 177 177 176 175 176 177 175 175 175 174 173 171 171 171 168 166 164 162 160 157 155 153 149 145 141 137 134 131 128 123 119 115 114 111 109 107 105 105 104 104 104 106 106 109 112 115 116 119 121 124 127 129 131 132 135 135 138 139 141 142 143 144 145 144 143 142 140 138 136 134 132 130 128 126 124 122 119 116 114 111 109 107 104 101 97 95 94 93 91 51 0 0 0 0 0 0 0 0 0 0 0 0 0 0 0 0 0 0 0 0 0 0 0 0 0 0 0 0 0 0 0 0 0 0 0 0 0 0 0 0 0 0 0 0 0 0 0 0 0 0 0 0 0 0 0 0 0 0 0 0 0 0 0 0 0 0 0 0 0 0 0 0 0 0 0 0 
0 0 0 0 0 0 0 0 0 0 0 0 0 0 0 0 0 0 0 0 0 0 0 0 0 0 0 0 0 0 0 0 0 0 0 0 0 0 0 0 0 0 0 0 0 0 0 0 0 0 0 0 0 0 0 0 0 0 0 0 0 0 0 0 0 0 0 0 0 0 0 0 0 0 0 0 0 0 0 0 0 0 0 0 0 0 0 0 0 0 0 0 0 0 0 0 0 0 0 0 0 0 0 0 0 0 0 0 0 0 0 0 0 0 0 0 0 0 0 0 0 0 0 0 0 0 0 0 0 0 0 0 0 0 0 0 0 0 0 0 0 0 0 0 0 0 0 0 0 0 0 0 0 0 0 0 0 0 0 0 0 0 0 0 0 0 0 0 0 0 0 0 0 0 0 0 55 110 126 125 125 123 118 118 117 116 116 115 115 117 114 112 111 113 115 115 115 116 115 112 112 111 112 112 108 106 106 104 101 98 96 96 98 94 91 90 88 91 92 86 79 82 85 93 92 91 87 83 80 82 93 93 83 98 91 77 73 71 64 58 51 52 44 42 49 59 70 78 77 76 80 82 103 90 109 121 122 126 122 125 122 125 130 131 133 131 131 135 139 138 134 132 139 139 130 136 141 137 136 135 132 137 136 137 136 130 128 128 127 125 122 123 122 120 118 120 125 122 119 117 113 109 105 108 115 121 126 127 123 117 111 109 108 121 133 134 134 136 139 142 144 143 138 132 127 122 118 117 116 116 118 118 117 117 117 116 115 116 115 114 114 115 115 113 112 112 111 115 118 121 125 130 134 140 146 151 155 159 162 168 171 174 177 179 180 180 180 180 180 180 180 179 179 178 178 179 178 177 177 177 177 175 174 173 173 172 169 167 166 163 160 157 154 151 147 143 140 136 132 129 124 121 118 115 113 110 108 107 106 107 106 108 109 111 114 116 119 121 124 126 128 131 133 135 137 140 140 143 145 147 147 148 149 149 148 148 146 145 142 140 138 137 134 132 130 128 126 124 121 119 117 116 113 110 107 103 99 96 94 92 11 0 0 0 0 0 0 0 0 0 0 0 0 0 0 0 0 0 0 0 0 0 0 0 0 0 0 0 0 0 0 0 0 0 0 0 0 0 0 0 0 0 0 0 0 0 0 0 0 0 0 0 0 0 0 0 0 0 0 0 0 0 0 0 0 0 0 0 0 0 0 0 0 0 0 0 0 
0 0 0 0 0 0 0 0 0 0 0 0 0 0 0 0 0 0 0 0 0 0 0 0 0 0 0 0 0 0 0 0 0 0 0 0 0 0 0 0 0 0 0 0 0 0 0 0 0 0 0 0 0 0 0 0 0 0 0 0 0 0 0 0 0 0 0 0 0 0 0 0 0 0 0 0 0 0 0 0 0 0 0 0 0 0 0 0 0 0 0 0 0 0 0 0 0 0 0 0 0 0 0 0 0 0 0 0 0 0 0 0 0 0 0 0 0 0 0 0 0 0 0 0 0 0 0 0 0 0 0 0 0 0 0 0 0 0 0 0 0 0 0 0 0 0 0 0 0 0 0 0 0 0 0 0 0 0 0 0 0 0 0 0 0 0 0 0 0 0 0 0 0 0 0 0 0 0 51 106 123 122 120 119 119 117 117 118 117 115 114 114 114 116 116 114 115 112 113 114 113 115 115 113 107 108 107 107 105 102 98 98 98 97 95 92 88 95 90 84 84 84 86 88 85 87 80 84 81 84 89 86 84 87 75 70 77 70 62 58 54 52 52 54 61 67 75 87 84 94 100 102 107 93 107 125 117 127 123 123 124 125 128 131 132 130 138 137 139 138 137 136 138 140 130 119 132 133 134 135 135 135 134 133 134 126 120 121 121 121 119 120 121 120 121 123 126 128 129 127 120 114 111 113 124 134 133 128 126 123 124 126 124 119 115 123 130 132 132 134 138 141 142 140 135 128 123 120 118 117 118 118 118 118 119 118 117 116 116 114 112 110 111 111 111 110 112 112 114 118 122 126 131 136 142 147 152 157 161 165 169 173 175 178 180 180 181 181 181 180 180 181 181 180 180 180 179 179 179 179 177 177 176 175 174 174 172 170 168 165 162 159 156 152 150 145 141 137 134 131 126 123 120 117 115 111 109 108 108 109 109 111 112 114 118 120 123 125 128 132 133 134 138 141 143 144 147 148 150 151 151 152 153 153 152 151 149 148 146 143 142 141 137 136 134 132 130 128 126 124 121 119 117 115 112 108 103 100 98 56 0 0 0 0 0 0 0 0 0 0 0 0 0 0 0 0 0 0 0 0 0 0 0 0 0 0 0 0 0 0 0 0 0 0 0 0 0 0 0 0 0 0 0 0 0 0 0 0 0 0 0 0 0 0 0 0 0 0 0 0 0 0 0 0 0 0 0 0 0 0 0 0 0 0 0 0 0 
0 0 0 0 0 0 0 0 0 0 0 0 0 0 0 0 0 0 0 0 0 0 0 0 0 0 0 0 0 0 0 0 0 0 0 0 0 0 0 0 0 0 0 0 0 0 0 0 0 0 0 0 0 0 0 0 0 0 0 0 0 0 0 0 0 0 0 0 0 0 0 0 0 0 0 0 0 0 0 0 0 0 0 0 0 0 0 0 0 0 0 0 0 0 0 0 0 0 0 0 0 0 0 0 0 0 0 0 0 0 0 0 0 0 0 0 0 0 0 0 0 0 0 0 0 0 0 0 0 0 0 0 0 0 0 0 0 0 0 0 0 0 0 0 0 0 0 0 0 0 0 0 0 0 0 0 0 0 0 0 0 0 0 0 0 0 0 0 0 0 0 0 0 0 0 0 0 0 0 0 45 100 124 122 121 119 119 120 117 115 117 118 116 116 117 116 114 113 116 118 117 117 111 111 110 109 109 109 107 102 100 103 101 100 98 95 95 96 91 86 87 85 84 85 88 86 83 84 80 81 85 82 78 76 74 73 75 69 64 64 60 60 62 66 71 73 78 88 94 106 111 106 108 96 105 118 116 124 122 125 123 127 127 132 134 131 134 136 141 137 135 135 137 142 137 124 124 128 134 135 135 134 130 127 127 119 111 109 109 107 111 119 122 122 123 125 128 131 135 133 122 115 115 118 128 138 137 134 133 131 134 136 136 131 126 119 115 123 128 129 130 134 138 142 141 137 132 126 122 120 118 119 119 120 119 118 118 116 115 113 111 109 107 105 104 104 105 109 114 115 119 124 128 132 138 144 149 153 158 163 167 171 173 176 179 180 181 181 182 182 181 181 182 182 181 181 180 179 181 180 179 178 177 176 175 174 173 172 169 167 164 161 158 154 150 147 144 139 135 131 130 126 122 120 116 113 111 110 110 112 113 113 115 119 122 124 126 129 132 135 137 139 143 145 146 148 150 152 154 154 155 155 156 156 155 155 153 151 149 147 146 144 141 140 138 136 134 132 130 127 126 124 122 120 117 113 108 104 101 15 0 0 0 0 0 0 0 0 0 0 0 0 0 0 0 0 0 0 0 0 0 0 0 0 0 0 0 0 0 0 0 0 0 0 0 0 0 0 0 0 0 0 0 0 0 0 0 0 0 0 0 0 0 0 0 0 0 0 0 0 0 0 0 0 0 0 0 0 0 0 0 0 0 0 0 0 0 
0 0 0 0 0 0 0 0 0 0 0 0 0 0 0 0 0 0 0 0 0 0 0 0 0 0 0 0 0 0 0 0 0 0 0 0 0 0 0 0 0 0 0 0 0 0 0 0 0 0 0 0 0 0 0 0 0 0 0 0 0 0 0 0 0 0 0 0 0 0 0 0 0 0 0 0 0 0 0 0 0 0 0 0 0 0 0 0 0 0 0 0 0 0 0 0 0 0 0 0 0 0 0 0 0 0 0 0 0 0 0 0 0 0 0 0 0 0 0 0 0 0 0 0 0 0 0 0 0 0 0 0 0 0 0 0 0 0 0 0 0 0 0 0 0 0 0 0 0 0 0 0 0 0 0 0 0 0 0 0 0 0 0 0 0 0 0 0 0 0 0 0 0 0 0 0 0 0 0 0 0 0 46 100 122 123 124 122 119 119 119 119 119 118 117 119 115 117 118 118 115 112 112 116 113 109 109 107 106 103 102 103 103 102 102 99 100 97 96 90 87 88 90 90 92 85 87 84 77 80 80 75 75 77 75 72 76 71 69 72 71 70 70 74 84 74 88 87 98 108 107 103 103 101 103 117 108 112 121 126 121 124 123 132 137 129 132 133 137 136 130 131 135 141 141 136 128 121 128 131 130 128 120 115 113 106 101 100 99 97 98 106 117 120 118 118 124 129 130 130 126 121 121 123 128 137 140 139 139 141 142 144 143 138 133 127 119 118 120 125 127 127 129 133 138 142 139 135 129 124 122 121 121 121 121 119 118 117 115 113 111 108 105 102 99 98 98 100 102 109 116 120 125 130 134 141 146 151 156 161 165 169 172 175 177 179 181 182 182 182 182 182 182 182 182 181 181 180 181 180 180 178 178 178 176 175 173 171 170 169 165 162 158 155 151 148 145 142 138 134 131 128 125 122 117 116 114 114 113 114 116 116 119 123 125 128 130 133 137 139 142 144 147 149 150 152 154 155 156 157 158 158 158 159 158 158 157 155 153 152 150 148 145 144 142 140 138 136 134 133 131 130 127 124 122 117 113 109 65 0 0 0 0 0 0 0 0 0 0 0 0 0 0 0 0 0 0 0 0 0 0 0 0 0 0 0 0 0 0 0 0 0 0 0 0 0 0 0 0 0 0 0 0 0 0 0 0 0 0 0 0 0 0 0 0 0 0 0 0 0 0 0 0 0 0 0 0 0 0 0 0 0 0 0 0 0 0 
0 0 0 0 0 0 0 0 0 0 0 0 0 0 0 0 0 0 0 0 0 0 0 0 0 0 0 0 0 0 0 0 0 0 0 0 0 0 0 0 0 0 0 0 0 0 0 0 0 0 0 0 0 0 0 0 0 0 0 0 0 0 0 0 0 0 0 0 0 0 0 0 0 0 0 0 0 0 0 0 0 0 0 0 0 0 0 0 0 0 0 0 0 0 0 0 0 0 0 0 0 0 0 0 0 0 0 0 0 0 0 0 0 0 0 0 0 0 0 0 0 0 0 0 0 0 0 0 0 0 0 0 0 0 0 0 0 0 0 0 0 0 0 0 0 0 0 0 0 0 0 0 0 0 0 0 0 0 0 0 0 0 0 0 0 0 0 0 0 0 0 0 0 0 0 0 0 0 0 0 0 0 0 0 42 98 124 122 121 121 118 117 117 116 116 117 116 120 120 116 112 115 119 118 114 111 109 106 104 103 101 103 103 105 104 102 101 99 95 92 93 94 92 92 92 87 87 83 77 86 79 74 78 76 73 73 76 77 76 81 77 77 79 86 82 83 97 85 97 114 108 104 105 108 112 117 108 108 114 119 116 118 120 127 133 126 126 131 129 136 131 129 126 131 137 138 135 125 122 128 125 118 112 102 98 94 87 90 86 84 89 95 106 110 108 107 115 126 125 125 127 127 130 132 135 140 142 143 143 146 147 149 146 141 136 132 128 122 119 122 126 125 125 127 129 134 140 143 137 134 129 127 124 122 121 120 120 117 115 112 110 107 103 99 96 94 93 93 97 100 104 111 118 124 132 138 143 149 155 159 163 166 171 174 176 178 180 181 182 182 182 182 182 182 182 182 181 182 182 180 179 179 178 178 177 176 174 171 171 169 166 164 160 157 153 150 147 145 140 137 134 130 127 123 120 118 117 118 117 118 119 121 124 127 130 132 134 138 141 143 146 149 151 152 154 156 158 158 159 159 160 161 162 161 161 160 159 159 157 156 154 152 150 149 146 144 141 140 138 137 136 134 131 129 126 123 117 112 20 0 0 0 0 0 0 0 0 0 0 0 0 0 0 0 0 0 0 0 0 0 0 0 0 0 0 0 0 0 0 0 0 0 0 0 0 0 0 0 0 0 0 0 0 0 0 0 0 0 0 0 0 0 0 0 0 0 0 0 0 0 0 0 0 0 0 0 0 0 0 0 0 0 0 0 0 0 0 
0 0 0 0 0 0 0 0 0 0 0 0 0 0 0 0 0 0 0 0 0 0 0 0 0 0 0 0 0 0 0 0 0 0 0 0 0 0 0 0 0 0 0 0 0 0 0 0 0 0 0 0 0 0 0 0 0 0 0 0 0 0 0 0 0 0 0 0 0 0 0 0 0 0 0 0 0 0 0 0 0 0 0 0 0 0 0 0 0 0 0 0 0 0 0 0 0 0 0 0 0 0 0 0 0 0 0 0 0 0 0 0 0 0 0 0 0 0 0 0 0 0 0 0 0 0 0 0 0 0 0 0 0 0 0 0 0 0 0 0 0 0 0 0 0 0 0 0 0 0 0 0 0 0 0 0 0 0 0 0 0 0 0 0 0 0 0 0 0 0 0 0 0 0 0 0 0 0 0 0 0 0 0 0 0 0 38 92 122 120 117 116 115 114 114 114 118 119 119 118 118 122 121 118 114 112 109 106 104 104 104 105 104 103 101 104 102 97 96 97 97 95 93 92 90 87 90 86 85 88 83 75 79 76 77 73 80 81 83 83 81 83 84 93 79 96 101 89 97 111 108 106 103 111 116 118 106 108 110 116 120 116 117 120 127 125 123 127 126 133 133 130 127 123 128 134 135 128 121 121 119 113 110 96 95 90 80 82 79 75 82 88 92 96 97 97 104 116 120 124 127 127 131 134 138 140 144 146 146 147 149 151 149 143 137 133 131 131 129 126 125 126 125 125 125 128 133 137 140 143 137 134 129 125 122 121 119 117 115 112 110 106 102 99 94 91 90 90 92 96 100 104 111 117 122 131 140 146 151 155 159 163 169 172 174 177 178 180 181 182 182 181 182 182 181 182 182 181 180 180 179 179 178 177 176 175 173 173 171 168 166 164 161 158 155 153 149 146 142 138 135 131 128 125 122 121 120 120 120 121 122 124 127 129 133 136 139 142 145 147 149 153 154 156 157 159 160 161 161 162 162 163 163 163 164 162 162 161 160 160 158 157 154 152 150 148 146 144 143 141 140 138 135 133 130 126 122 74 0 0 0 0 0 0 0 0 0 0 0 0 0 0 0 0 0 0 0 0 0 0 0 0 0 0 0 0 0 0 0 0 0 0 0 0 0 0 0 0 0 0 0 0 0 0 0 0 0 0 0 0 0 0 0 0 0 0 0 0 0 0 0 0 0 0 0 0 0 0 0 0 0 0 0 0 0 0 0 
0 0 0 0 0 0 0 0 0 0 0 0 0 0 0 0 0 0 0 0 0 0 0 0 0 0 0 0 0 0 0 0 0 0 0 0 0 0 0 0 0 0 0 0 0 0 0 0 0 0 0 0 0 0 0 0 0 0 0 0 0 0 0 0 0 0 0 0 0 0 0 0 0 0 0 0 0 0 0 0 0 0 0 0 0 0 0 0 0 0 0 0 0 0 0 0 0 0 0 0 0 0 0 0 0 0 0 0 0 0 0 0 0 0 0 0 0 0 0 0 0 0 0 0 0 0 0 0 0 0 0 0 0 0 0 0 0 0 0 0 0 0 0 0 0 0 0 0 0 0 0 0 0 0 0 0 0 0 0 0 0 0 0 0 0 0 0 0 0 0 0 0 0 0 0 0 0 0 0 0 0 0 0 0 0 0 0 0 38 90 119 117 116 115 116 117 119 119 119 122 122 122 119 115 112 110 108 106 105 105 107 107 104 104 103 104 101 101 100 100 98 95 96 96 94 92 94 91 89 93 88 82 79 78 79 77 81 82 85 82 86 88 93 93 92 101 105 97 93 104 107 107 106 109 114 118 110 110 116 116 119 117 115 114 119 121 115 123 123 129 130 129 128 121 114 125 133 130 121 117 114 111 110 102 95 90 81 76 75 70 79 88 88 89 93 95 93 105 113 121 123 123 124 127 132 137 139 143 147 147 148 149 149 146 139 133 131 131 131 133 134 131 128 127 125 126 127 131 136 140 141 141 136 131 127 123 119 117 114 111 108 104 100 96 93 89 87 86 88 92 97 102 109 115 121 127 133 139 145 149 156 162 165 170 173 176 177 178 180 181 181 181 182 182 181 182 181 181 179 180 179 179 178 178 176 175 174 173 171 169 168 165 163 160 157 155 151 147 143 140 136 133 130 127 125 124 123 122 123 124 126 128 130 133 136 139 142 145 148 151 153 155 157 159 160 162 163 163 164 164 165 165 165 165 165 164 164 164 163 163 162 160 158 157 155 151 150 148 147 146 144 143 141 138 135 131 126 23 0 0 0 0 0 0 0 0 0 0 0 0 0 0 0 0 0 0 0 0 0 0 0 0 0 0 0 0 0 0 0 0 0 0 0 0 0 0 0 0 0 0 0 0 0 0 0 0 0 0 0 0 0 0 0 0 0 0 0 0 0 0 0 0 0 0 0 0 0 0 0 0 0 0 0 0 0 0 0 
0 0 0 0 0 0 0 0 0 0 0 0 0 0 0 0 0 0 0 0 0 0 0 0 0 0 0 0 0 0 0 0 0 0 0 0 0 0 0 0 0 0 0 0 0 0 0 0 0 0 0 0 0 0 0 0 0 0 0 0 0 0 0 0 0 0 0 0 0 0 0 0 0 0 0 0 0 0 0 0 0 0 0 0 0 0 0 0 0 0 0 0 0 0 0 0 0 0 0 0 0 0 0 0 0 0 0 0 0 0 0 0 0 0 0 0 0 0 0 0 0 0 0 0 0 0 0 0 0 0 0 0 0 0 0 0 0 0 0 0 0 0 0 0 0 0 0 0 0 0 0 0 0 0 0 0 0 0 0 0 0 0 0 0 0 0 0 0 0 0 0 0 0 0 0 0 0 0 0 0 0 0 0 0 0 0 0 0 0 0 34 85 119 118 118 118 120 120 121 121 121 119 117 110 110 109 107 106 105 107 109 107 101 107 104 102 100 102 103 103 100 98 100 100 95 95 96 94 94 95 92 88 82 82 84 83 84 85 84 85 88 90 97 96 98 104 108 101 92 101 107 110 101 107 112 116 112 113 116 114 113 114 113 111 115 120 112 112 120 123 127 126 130 122 118 119 121 124 121 115 111 111 111 108 97 88 83 81 81 75 80 93 95 85 92 95 89 93 104 110 115 121 120 120 125 131 134 138 143 145 146 147 148 145 140 135 132 129 129 131 134 135 136 132 128 127 126 127 131 135 139 142 141 138 132 127 122 118 114 109 106 103 99 96 92 89 86 85 86 88 93 98 106 113 121 127 132 136 141 148 151 156 161 164 168 173 175 177 179 181 181 180 182 181 181 180 181 180 180 180 179 179 178 177 176 176 175 173 172 169 169 166 164 162 159 156 152 148 144 141 137 134 132 129 128 126 125 125 126 128 130 131 134 136 139 143 145 148 151 153 156 157 159 161 162 163 165 164 165 166 167 167 167 167 167 166 167 166 165 166 164 162 162 161 159 156 154 153 151 150 149 147 145 141 137 134 86 0 0 0 0 0 0 0 0 0 0 0 0 0 0 0 0 0 0 0 0 0 0 0 0 0 0 0 0 0 0 0 0 0 0 0 0 0 0 0 0 0 0 0 0 0 0 0 0 0 0 0 0 0 0 0 0 0 0 0 0 0 0 0 0 0 0 0 0 0 0 0 0 0 0 0 0 0 0 0 0 
0 0 0 0 0 0 0 0 0 0 0 0 0 0 0 0 0 0 0 0 0 0 0 0 0 0 0 0 0 0 0 0 0 0 0 0 0 0 0 0 0 0 0 0 0 0 0 0 0 0 0 0 0 0 0 0 0 0 0 0 0 0 0 0 0 0 0 0 0 0 0 0 0 0 0 0 0 0 0 0 0 0 0 0 0 0 0 0 0 0 0 0 0 0 0 0 0 0 0 0 0 0 0 0 0 0 0 0 0 0 0 0 0 0 0 0 0 0 0 0 0 0 0 0 0 0 0 0 0 0 0 0 0 0 0 0 0 0 0 0 0 0 0 0 0 0 0 0 0 0 0 0 0 0 0 0 0 0 0 0 0 0 0 0 0 0 0 0 0 0 0 0 0 0 0 0 0 0 0 0 0 0 0 0 0 0 0 0 0 0 0 0 30 81 118 120 124 123 122 120 119 117 113 110 111 109 106 103 104 111 107 104 105 108 103 103 103 107 104 101 101 100 102 101 98 98 99 95 96 97 95 94 89 87 87 86 89 85 87 87 88 93 96 99 102 105 109 103 93 98 108 109 104 107 108 117 112 114 117 113 114 113 115 113 111 116 113 108 114 119 122 122 123 121 120 119 119 121 123 119 115 114 113 111 102 92 92 94 95 84 82 90 94 90 92 97 90 95 100 99 104 111 117 121 124 128 132 137 138 140 143 144 145 143 138 135 132 129 129 128 130 134 138 139 137 133 130 129 128 131 134 137 140 141 138 134 128 121 115 111 107 103 98 96 92 88 85 84 85 87 92 97 104 111 117 125 131 137 143 147 151 154 158 162 164 166 170 174 177 178 178 179 180 180 180 180 180 180 180 179 179 179 178 178 176 176 174 173 172 171 169 167 165 163 160 157 153 149 146 142 138 135 134 132 131 128 127 128 129 131 132 134 137 140 143 146 149 151 153 156 158 159 160 163 164 165 166 167 168 169 169 169 169 169 168 169 168 167 167 167 166 165 164 163 162 160 158 158 156 154 153 151 147 144 141 137 29 0 0 0 0 0 0 0 0 0 0 0 0 0 0 0 0 0 0 0 0 0 0 0 0 0 0 0 0 0 0 0 0 0 0 0 0 0 0 0 0 0 0 0 0 0 0 0 0 0 0 0 0 0 0 0 0 0 0 0 0 0 0 0 0 0 0 0 0 0 0 0 0 0 0 0 0 0 0 0 0 
0 0 0 0 0 0 0 0 0 0 0 0 0 0 0 0 0 0 0 0 0 0 0 0 0 0 0 0 0 0 0 0 0 0 0 0 0 0 0 0 0 0 0 0 0 0 0 0 0 0 0 0 0 0 0 0 0 0 0 0 0 0 0 0 0 0 0 0 0 0 0 0 0 0 0 0 0 0 0 0 0 0 0 0 0 0 0 0 0 0 0 0 0 0 0 0 0 0 0 0 0 0 0 0 0 0 0 0 0 0 0 0 0 0 0 0 0 0 0 0 0 0 0 0 0 0 0 0 0 0 0 0 0 0 0 0 0 0 0 0 0 0 0 0 0 0 0 0 0 0 0 0 0 0 0 0 0 0 0 0 0 0 0 0 0 0 0 0 0 0 0 0 0 0 0 0 0 0 0 0 0 0 0 0 0 0 0 0 0 0 0 0 0 0 26 81 124 123 121 119 118 116 111 111 111 107 104 104 108 111 105 108 110 109 108 108 107 106 104 103 102 106 106 106 103 104 101 96 96 100 99 99 96 91 89 89 89 88 90 87 88 96 97 100 105 104 106 104 94 94 109 111 102 103 107 114 115 114 116 110 114 111 110 109 107 109 113 109 105 114 119 118 116 115 116 117 116 118 124 123 121 118 113 113 109 103 102 103 103 94 86 86 90 93 99 96 91 97 103 96 94 105 113 120 124 127 132 135 136 135 138 142 143 141 139 138 135 132 130 128 128 130 134 138 140 139 137 134 130 130 131 133 135 137 139 139 134 127 120 114 109 103 99 96 92 89 86 85 85 87 90 95 102 110 116 121 128 135 140 146 151 154 159 161 164 166 168 169 172 174 175 177 178 179 180 180 180 180 179 178 178 178 178 178 177 176 175 174 173 171 170 167 166 164 161 157 154 150 146 143 140 136 135 134 132 130 129 130 131 133 134 136 139 143 146 148 151 152 155 158 160 162 163 164 165 166 167 168 170 171 170 171 171 171 171 170 170 169 169 168 168 168 167 166 165 163 163 162 160 158 156 154 150 147 144 97 0 0 0 0 0 0 0 0 0 0 0 0 0 0 0 0 0 0 0 0 0 0 0 0 0 0 0 0 0 0 0 0 0 0 0 0 0 0 0 0 0 0 0 0 0 0 0 0 0 0 0 0 0 0 0 0 0 0 0 0 0 0 0 0 0 0 0 0 0 0 0 0 0 0 0 0 0 0 0 0 0 
0 0 0 0 0 0 0 0 0 0 0 0 0 0 0 0 0 0 0 0 0 0 0 0 0 0 0 0 0 0 0 0 0 0 0 0 0 0 0 0 0 0 0 0 0 0 0 0 0 0 0 0 0 0 0 0 0 0 0 0 0 0 0 0 0 0 0 0 0 0 0 0 0 0 0 0 0 0 0 0 0 0 0 0 0 0 0 0 0 0 0 0 0 0 0 0 0 0 0 0 0 0 0 0 0 0 0 0 0 0 0 0 0 0 0 0 0 0 0 0 0 0 0 0 0 0 0 0 0 0 0 0 0 0 0 0 0 0 0 0 0 0 0 0 0 0 0 0 0 0 0 0 0 0 0 0 0 0 0 0 0 0 0 0 0 0 0 0 0 0 0 0 0 0 0 0 0 0 0 0 0 0 0 0 0 0 0 0 0 0 0 0 0 0 0 0 27 79 120 119 117 114 111 110 109 103 105 110 113 107 109 112 111 109 108 111 108 105 106 102 104 108 108 108 106 107 102 96 99 102 100 100 100 95 94 94 91 89 91 91 91 95 97 98 105 104 103 105 97 96 105 107 103 105 103 113 116 110 110 111 110 111 109 108 108 105 111 107 98 103 112 114 111 106 108 115 114 113 118 119 117 117 115 116 114 111 109 106 105 101 91 86 86 92 96 100 97 102 106 101 94 100 110 119 127 130 132 134 134 132 134 137 140 140 137 138 137 134 130 128 128 128 130 133 137 140 141 138 136 133 129 130 130 132 134 137 136 135 127 120 113 106 100 97 95 92 90 88 88 89 91 96 102 109 116 121 127 133 138 144 148 154 158 161 164 167 170 171 171 172 173 173 175 176 177 178 178 178 178 178 178 178 178 178 177 177 175 174 172 171 170 168 166 163 160 157 154 151 147 144 141 138 136 135 133 131 132 132 133 135 137 139 142 146 148 150 153 155 158 159 161 162 164 165 167 168 169 170 171 172 172 172 172 173 173 172 171 172 171 170 170 170 169 168 167 167 166 165 164 162 160 157 154 151 146 36 0 0 0 0 0 0 0 0 0 0 0 0 0 0 0 0 0 0 0 0 0 0 0 0 0 0 0 0 0 0 0 0 0 0 0 0 0 0 0 0 0 0 0 0 0 0 0 0 0 0 0 0 0 0 0 0 0 0 0 0 0 0 0 0 0 0 0 0 0 0 0 0 0 0 0 0 0 0 0 0 0 
0 0 0 0 0 0 0 0 0 0 0 0 0 0 0 0 0 0 0 0 0 0 0 0 0 0 0 0 0 0 0 0 0 0 0 0 0 0 0 0 0 0 0 0 0 0 0 0 0 0 0 0 0 0 0 0 0 0 0 0 0 0 0 0 0 0 0 0 0 0 0 0 0 0 0 0 0 0 0 0 0 0 0 0 0 0 0 0 0 0 0 0 0 0 0 0 0 0 0 0 0 0 0 0 0 0 0 0 0 0 0 0 0 0 0 0 0 0 0 0 0 0 0 0 0 0 0 0 0 0 0 0 0 0 0 0 0 0 0 0 0 0 0 0 0 0 0 0 0 0 0 0 0 0 0 0 0 0 0 0 0 0 0 0 0 0 0 0 0 0 0 0 0 0 0 0 0 0 0 0 0 0 0 0 0 0 0 0 0 0 0 0 0 0 0 0 0 0 22 75 117 113 111 111 108 106 109 112 112 107 113 108 107 110 111 110 108 107 108 102 106 109 109 109 107 104 103 99 99 103 101 101 100 98 99 97 93 92 93 92 91 96 98 102 104 102 102 105 101 97 106 104 106 102 100 107 112 107 105 111 108 109 106 108 108 106 106 106 96 97 105 107 107 104 104 109 111 110 113 111 114 118 120 118 118 118 115 109 105 107 95 90 91 89 92 104 112 110 110 107 102 102 109 118 126 130 132 133 132 130 131 134 136 135 135 136 138 138 133 130 129 129 129 130 133 136 139 140 139 137 135 130 128 127 128 130 132 134 132 128 120 113 106 101 97 95 93 91 92 92 95 98 103 108 115 119 125 131 137 142 147 151 155 159 163 166 169 171 172 173 173 175 175 174 175 175 175 176 176 177 177 178 178 178 177 177 176 174 173 172 170 169 166 163 160 157 154 151 147 144 141 139 137 136 134 133 134 135 136 137 140 142 145 147 150 152 155 156 159 160 162 163 165 166 168 169 170 172 173 172 172 173 174 174 173 173 172 172 172 171 171 171 171 170 170 170 168 167 166 165 163 160 157 154 108 0 0 0 0 0 0 0 0 0 0 0 0 0 0 0 0 0 0 0 0 0 0 0 0 0 0 0 0 0 0 0 0 0 0 0 0 0 0 0 0 0 0 0 0 0 0 0 0 0 0 0 0 0 0 0 0 0 0 0 0 0 0 0 0 0 0 0 0 0 0 0 0 0 0 0 0 0 0 0 0 0 0 
0 0 0 0 0 0 0 0 0 0 0 0 0 0 0 0 0 0 0 0 0 0 0 0 0 0 0 0 0 0 0 0 0 0 0 0 0 0 0 0 0 0 0 0 0 0 0 0 0 0 0 0 0 0 0 0 0 0 0 0 0 0 0 0 0 0 0 0 0 0 0 0 0 0 0 0 0 0 0 0 0 0 0 0 0 0 0 0 0 0 0 0 0 0 0 0 0 0 0 0 0 0 0 0 0 0 0 0 0 0 0 0 0 0 0 0 0 0 0 0 0 0 0 0 0 0 0 0 0 0 0 0 0 0 0 0 0 0 0 0 0 0 0 0 0 0 0 0 0 0 0 0 0 0 0 0 0 0 0 0 0 0 0 0 0 0 0 0 0 0 0 0 0 0 0 0 0 0 0 0 0 0 0 0 0 0 0 0 0 0 0 0 0 0 0 0 0 0 0 0 18 67 114 113 110 109 108 111 110 109 109 106 109 113 114 110 107 110 107 106 109 110 108 109 108 106 107 102 102 105 105 103 103 100 104 100 97 95 95 95 95 99 101 103 104 101 102 104 101 97 98 102 104 102 99 102 107 105 104 107 108 108 104 105 107 106 104 103 96 93 97 102 107 107 102 102 103 104 105 107 109 114 116 114 113 116 117 111 106 105 98 92 94 96 98 107 119 120 117 115 108 108 111 119 127 131 133 133 132 132 131 132 133 133 132 133 134 137 137 134 131 130 130 130 130 131 134 137 138 139 139 136 130 127 125 124 125 128 130 131 126 122 114 107 102 98 97 96 96 97 99 101 105 110 115 120 125 131 136 140 145 150 153 157 162 164 166 169 171 172 173 175 176 176 175 175 175 174 174 175 175 177 178 177 176 176 176 174 173 172 170 169 166 163 160 157 154 151 148 145 143 140 137 136 136 135 135 136 137 139 141 144 147 149 151 154 156 158 159 161 163 164 165 168 169 170 171 171 172 172 173 175 175 175 175 174 173 173 173 172 172 173 172 171 172 171 170 170 168 166 165 161 159 155 43 0 0 0 0 0 0 0 0 0 0 0 0 0 0 0 0 0 0 0 0 0 0 0 0 0 0 0 0 0 0 0 0 0 0 0 0 0 0 0 0 0 0 0 0 0 0 0 0 0 0 0 0 0 0 0 0 0 0 0 0 0 0 0 0 0 0 0 0 0 0 0 0 0 0 0 0 0 0 0 0 0 0 
0 0 0 0 0 0 0 0 0 0 0 0 0 0 0 0 0 0 0 0 0 0 0 0 0 0 0 0 0 0 0 0 0 0 0 0 0 0 0 0 0 0 0 0 0 0 0 0 0 0 0 0 0 0 0 0 0 0 0 0 0 0 0 0 0 0 0 0 0 0 0 0 0 0 0 0 0 0 0 0 0 0 0 0 0 0 0 0 0 0 0 0 0 0 0 0 0 0 0 0 0 0 0 0 0 0 0 0 0 0 0 0 0 0 0 0 0 0 0 0 0 0 0 0 0 0 0 0 0 0 0 0 0 0 0 0 0 0 0 0 0 0 0 0 0 0 0 0 0 0 0 0 0 0 0 0 0 0 0 0 0 0 0 0 0 0 0 0 0 0 0 0 0 0 0 0 0 0 0 0 0 0 0 0 0 0 0 0 0 0 0 0 0 0 0 0 0 0 0 0 0 0 18 67 111 110 109 112 110 110 106 110 114 116 112 106 105 112 110 109 114 112 109 110 109 107 108 105 104 103 106 107 104 105 105 102 100 98 98 98 98 102 104 105 104 101 102 105 102 100 98 100 99 99 98 101 105 104 102 103 107 108 105 102 104 106 104 101 97 96 98 101 105 106 101 99 98 95 98 105 103 102 106 107 107 112 116 113 106 104 100 97 99 105 108 110 118 128 128 126 122 115 114 120 126 131 135 134 132 131 131 132 132 131 130 130 132 134 137 135 133 131 130 130 130 130 131 133 135 138 142 141 135 129 124 122 121 121 124 127 128 128 122 116 111 105 101 101 102 102 103 104 107 112 117 121 126 130 135 139 144 148 152 155 158 161 165 168 170 172 172 174 175 175 176 176 176 176 176 175 175 175 177 176 175 175 176 174 173 172 171 168 166 163 160 157 154 151 148 145 143 140 138 137 136 136 136 137 138 141 143 145 149 152 154 155 156 159 160 162 164 165 166 168 169 169 171 172 172 173 173 175 175 176 176 175 174 174 174 173 173 173 173 172 173 172 172 171 170 168 166 164 161 113 0 0 0 0 0 0 0 0 0 0 0 0 0 0 0 0 0 0 0 0 0 0 0 0 0 0 0 0 0 0 0 0 0 0 0 0 0 0 0 0 0 0 0 0 0 0 0 0 0 0 0 0 0 0 0 0 0 0 0 0 0 0 0 0 0 0 0 0 0 0 0 0 0 0 0 0 0 0 0 0 0 0 0 
0 0 0 0 0 0 0 0 0 0 0 0 0 0 0 0 0 0 0 0 0 0 0 0 0 0 0 0 0 0 0 0 0 0 0 0 0 0 0 0 0 0 0 0 0 0 0 0 0 0 0 0 0 0 0 0 0 0 0 0 0 0 0 0 0 0 0 0 0 0 0 0 0 0 0 0 0 0 0 0 0 0 0 0 0 0 0 0 0 0 0 0 0 0 0 0 0 0 0 0 0 0 0 0 0 0 0 0 0 0 0 0 0 0 0 0 0 0 0 0 0 0 0 0 0 0 0 0 0 0 0 0 0 0 0 0 0 0 0 0 0 0 0 0 0 0 0 0 0 0 0 0 0 0 0 0 0 0 0 0 0 0 0 0 0 0 0 0 0 0 0 0 0 0 0 0 0 0 0 0 0 0 0 0 0 0 0 0 0 0 0 0 0 0 0 0 0 0 0 0 0 0 0 0 14 62 112 113 112 110 109 114 118 117 111 106 108 113 112 112 114 113 111 112 110 108 108 107 106 106 108 108 106 107 107 103 101 100 101 102 103 105 106 107 104 103 104 104 104 102 98 101 102 99 100 102 101 100 99 101 103 106 107 100 101 104 103 101 99 101 103 103 104 104 100 98 95 91 97 103 99 94 98 104 105 108 112 112 111 108 107 106 106 110 112 115 119 129 135 134 132 124 121 125 127 132 136 135 133 131 129 130 131 130 129 129 130 131 134 135 136 133 131 130 129 129 129 130 131 133 137 142 141 134 125 121 118 118 118 121 124 127 127 124 119 115 109 106 106 106 108 108 112 114 118 123 127 131 134 139 143 146 151 154 156 160 163 165 168 170 171 173 174 175 176 176 176 177 177 177 176 176 175 175 174 174 175 173 172 171 170 167 164 162 159 156 152 150 147 144 142 139 137 136 136 135 136 138 139 143 145 148 151 153 155 156 158 160 161 163 164 165 167 168 169 170 171 172 172 173 174 175 175 176 176 176 175 175 175 174 175 174 174 173 173 173 173 172 171 169 167 165 163 45 0 0 0 0 0 0 0 0 0 0 0 0 0 0 0 0 0 0 0 0 0 0 0 0 0 0 0 0 0 0 0 0 0 0 0 0 0 0 0 0 0 0 0 0 0 0 0 0 0 0 0 0 0 0 0 0 0 0 0 0 0 0 0 0 0 0 0 0 0 0 0 0 0 0 0 0 0 0 0 0 0 0 0 
0 0 0 0 0 0 0 0 0 0 0 0 0 0 0 0 0 0 0 0 0 0 0 0 0 0 0 0 0 0 0 0 0 0 0 0 0 0 0 0 0 0 0 0 0 0 0 0 0 0 0 0 0 0 0 0 0 0 0 0 0 0 0 0 0 0 0 0 0 0 0 0 0 0 0 0 0 0 0 0 0 0 0 0 0 0 0 0 0 0 0 0 0 0 0 0 0 0 0 0 0 0 0 0 0 0 0 0 0 0 0 0 0 0 0 0 0 0 0 0 0 0 0 0 0 0 0 0 0 0 0 0 0 0 0 0 0 0 0 0 0 0 0 0 0 0 0 0 0 0 0 0 0 0 0 0 0 0 0 0 0 0 0 0 0 0 0 0 0 0 0 0 0 0 0 0 0 0 0 0 0 0 0 0 0 0 0 0 0 0 0 0 0 0 0 0 0 0 0 0 0 0 0 0 0 0 10 60 110 113 115 119 119 116 113 110 111 116 113 115 117 114 112 114 113 110 109 108 108 109 111 112 110 108 109 107 104 102 103 105 107 107 107 107 105 104 106 107 104 103 102 102 102 101 102 103 103 98 100 99 100 103 106 102 98 99 100 102 102 104 105 104 102 100 97 96 94 90 100 104 100 93 93 99 102 103 106 106 111 112 114 112 109 111 115 118 121 124 135 142 139 134 129 130 132 134 139 137 134 131 129 128 129 129 129 128 128 129 131 134 136 136 133 130 129 128 127 128 128 129 132 137 140 141 133 124 120 117 115 116 118 122 127 128 126 124 118 116 113 112 112 114 116 117 119 124 127 130 134 138 142 145 149 152 155 159 161 163 166 168 170 171 173 174 175 175 176 177 177 176 176 176 176 175 174 174 174 172 171 170 168 166 162 160 158 155 151 148 146 143 141 138 137 136 136 135 136 137 140 143 146 149 152 154 156 157 159 161 162 163 165 166 167 168 170 170 171 172 173 174 174 175 175 176 175 176 176 176 175 175 175 175 174 174 174 175 174 173 171 170 168 167 124 0 0 0 0 0 0 0 0 0 0 0 0 0 0 0 0 0 0 0 0 0 0 0 0 0 0 0 0 0 0 0 0 0 0 0 0 0 0 0 0 0 0 0 0 0 0 0 0 0 0 0 0 0 0 0 0 0 0 0 0 0 0 0 0 0 0 0 0 0 0 0 0 0 0 0 0 0 0 0 0 0 0 0 0 
0 0 0 0 0 0 0 0 0 0 0 0 0 0 0 0 0 0 0 0 0 0 0 0 0 0 0 0 0 0 0 0 0 0 0 0 0 0 0 0 0 0 0 0 0 0 0 0 0 0 0 0 0 0 0 0 0 0 0 0 0 0 0 0 0 0 0 0 0 0 0 0 0 0 0 0 0 0 0 0 0 0 0 0 0 0 0 0 0 0 0 0 0 0 0 0 0 0 0 0 0 0 0 0 0 0 0 0 0 0 0 0 0 0 0 0 0 0 0 0 0 0 0 0 0 0 0 0 0 0 0 0 0 0 0 0 0 0 0 0 0 0 0 0 0 0 0 0 0 0 0 0 0 0 0 0 0 0 0 0 0 0 0 0 0 0 0 0 0 0 0 0 0 0 0 0 0 0 0 0 0 0 0 0 0 0 0 0 0 0 0 0 0 0 0 0 0 0 0 0 0 0 0 0 0 0 0 0 7 57 114 121 120 117 115 112 114 115 115 119 120 117 113 116 113 113 112 111 110 109 113 115 114 109 111 109 107 107 107 108 109 111 109 110 107 106 109 110 107 105 104 104 103 102 102 102 100 100 101 99 98 97 104 102 97 98 98 100 103 105 104 104 102 98 99 96 96 96 103 108 101 99 90 91 93 95 98 101 106 110 112 114 110 110 115 118 121 124 131 141 145 143 139 134 133 133 136 139 139 135 129 129 129 129 128 128 128 128 129 131 134 135 134 132 129 128 127 127 127 127 128 131 135 142 140 132 124 120 117 115 115 118 122 126 129 129 126 125 122 121 119 120 119 121 122 124 128 131 135 137 140 143 148 150 153 156 158 161 164 166 168 171 173 173 174 175 176 176 176 176 176 176 175 175 174 174 173 172 170 169 167 164 162 159 157 153 150 147 144 142 139 138 136 135 134 135 137 138 141 144 148 151 154 155 157 158 160 161 162 163 165 167 168 168 170 170 171 172 173 175 175 174 175 176 175 175 175 176 175 175 175 175 175 176 175 175 174 174 173 172 170 168 52 0 0 0 0 0 0 0 0 0 0 0 0 0 0 0 0 0 0 0 0 0 0 0 0 0 0 0 0 0 0 0 0 0 0 0 0 0 0 0 0 0 0 0 0 0 0 0 0 0 0 0 0 0 0 0 0 0 0 0 0 0 0 0 0 0 0 0 0 0 0 0 0 0 0 0 0 0 0 0 0 0 0 0 0 
0 0 0 0 0 0 0 0 0 0 0 0 0 0 0 0 0 0 0 0 0 0 0 0 0 0 0 0 0 0 0 0 0 0 0 0 0 0 0 0 0 0 0 0 0 0 0 0 0 0 0 0 0 0 0 0 0 0 0 0 0 0 0 0 0 0 0 0 0 0 0 0 0 0 0 0 0 0 0 0 0 0 0 0 0 0 0 0 0 0 0 0 0 0 0 0 0 0 0 0 0 0 0 0 0 0 0 0 0 0 0 0 0 0 0 0 0 0 0 0 0 0 0 0 0 0 0 0 0 0 0 0 0 0 0 0 0 0 0 0 0 0 0 0 0 0 0 0 0 0 0 0 0 0 0 0 0 0 0 0 0 0 0 0 0 0 0 0 0 0 0 0 0 0 0 0 0 0 0 0 0 0 0 0 0 0 0 0 0 0 0 0 0 0 0 0 0 0 0 0 0 0 0 0 0 0 0 0 0 0 7 60 112 119 117 115 117 113 116 119 121 118 115 117 116 115 114 115 113 111 115 117 115 112 113 110 109 109 111 111 114 114 114 114 114 111 114 114 113 111 109 109 107 103 103 101 100 102 100 99 96 95 98 99 95 93 94 95 103 105 103 104 104 99 98 96 100 99 102 105 103 99 91 87 87 84 91 96 103 109 111 112 110 109 113 117 121 125 129 135 144 150 145 138 132 130 132 137 141 138 132 128 128 129 128 129 128 128 127 128 130 133 134 133 130 127 127 126 126 126 125 126 129 134 140 141 132 124 120 117 116 117 118 122 127 129 131 131 129 127 125 124 123 124 125 127 129 131 134 137 139 142 146 149 151 154 156 159 162 165 167 169 171 172 173 174 175 175 175 175 176 175 174 175 174 173 173 171 169 168 166 162 160 157 154 151 148 145 142 139 138 136 135 134 133 134 136 139 142 146 149 152 154 156 157 159 161 162 162 163 165 167 169 169 170 171 172 173 173 175 174 174 174 175 175 176 176 176 177 176 175 175 175 175 175 174 174 174 173 171 171 133 0 0 0 0 0 0 0 0 0 0 0 0 0 0 0 0 0 0 0 0 0 0 0 0 0 0 0 0 0 0 0 0 0 0 0 0 0 0 0 0 0 0 0 0 0 0 0 0 0 0 0 0 0 0 0 0 0 0 0 0 0 0 0 0 0 0 0 0 0 0 0 0 0 0 0 0 0 0 0 0 0 0 0 0 0 
0 0 0 0 0 0 0 0 0 0 0 0 0 0 0 0 0 0 0 0 0 0 0 0 0 0 0 0 0 0 0 0 0 0 0 0 0 0 0 0 0 0 0 0 0 0 0 0 0 0 0 0 0 0 0 0 0 0 0 0 0 0 0 0 0 0 0 0 0 0 0 0 0 0 0 0 0 0 0 0 0 0 0 0 0 0 0 0 0 0 0 0 0 0 0 0 0 0 0 0 0 0 0 0 0 0 0 0 0 0 0 0 0 0 0 0 0 0 0 0 0 0 0 0 0 0 0 0 0 0 0 0 0 0 0 0 0 0 0 0 0 0 0 0 0 0 0 0 0 0 0 0 0 0 0 0 0 0 0 0 0 0 0 0 0 0 0 0 0 0 0 0 0 0 0 0 0 0 0 0 0 0 0 0 0 0 0 0 0 0 0 0 0 0 0 0 0 0 0 0 0 0 0 0 0 0 0 0 0 0 0 0 4 56 108 121 119 117 119 121 122 118 118 118 118 118 117 117 116 114 117 118 117 116 115 113 112 113 115 116 117 117 116 116 115 117 117 118 116 116 115 118 111 106 105 103 102 105 103 100 98 93 94 96 92 89 92 95 101 103 100 102 103 102 100 99 100 102 103 105 105 101 93 88 86 85 88 92 99 107 112 109 109 109 112 116 119 124 130 133 140 148 150 142 134 129 131 135 139 140 135 130 129 128 128 128 127 128 126 126 126 129 131 133 132 128 124 124 123 123 123 124 124 126 134 142 138 132 126 120 118 117 118 121 124 128 131 134 134 133 132 130 129 128 128 128 130 132 133 135 138 141 144 147 150 153 155 158 162 164 165 168 170 171 172 173 174 175 174 175 175 174 174 173 173 172 171 169 168 166 163 160 158 155 152 149 146 143 140 137 136 134 134 133 134 135 137 141 144 147 150 153 154 156 157 159 161 162 163 164 166 167 168 169 170 171 172 172 173 174 174 174 174 174 174 175 175 175 175 176 176 175 175 175 175 174 174 174 172 171 171 59 0 0 0 0 0 0 0 0 0 0 0 0 0 0 0 0 0 0 0 0 0 0 0 0 0 0 0 0 0 0 0 0 0 0 0 0 0 0 0 0 0 0 0 0 0 0 0 0 0 0 0 0 0 0 0 0 0 0 0 0 0 0 0 0 0 0 0 0 0 0 0 0 0 0 0 0 0 0 0 0 0 0 0 0 0 
0 0 0 0 0 0 0 0 0 0 0 0 0 0 0 0 0 0 0 0 0 0 0 0 0 0 0 0 0 0 0 0 0 0 0 0 0 0 0 0 0 0 0 0 0 0 0 0 0 0 0 0 0 0 0 0 0 0 0 0 0 0 0 0 0 0 0 0 0 0 0 0 0 0 0 0 0 0 0 0 0 0 0 0 0 0 0 0 0 0 0 0 0 0 0 0 0 0 0 0 0 0 0 0 0 0 0 0 0 0 0 0 0 0 0 0 0 0 0 0 0 0 0 0 0 0 0 0 0 0 0 0 0 0 0 0 0 0 0 0 0 0 0 0 0 0 0 0 0 0 0 0 0 0 0 0 0 0 0 0 0 0 0 0 0 0 0 0 0 0 0 0 0 0 0 0 0 0 0 0 0 0 0 0 0 0 0 0 0 0 0 0 0 0 0 0 0 0 0 0 0 0 0 0 0 0 0 0 0 0 0 0 0 0 0 53 106 122 122 125 123 120 120 121 119 121 120 120 119 118 120 120 119 118 116 116 116 117 119 119 119 119 118 120 122 121 121 120 120 121 120 120 115 113 112 108 107 106 104 101 98 95 96 97 95 88 91 96 101 101 98 98 101 103 101 103 105 104 102 103 105 104 98 91 88 88 91 93 97 103 109 109 109 112 115 117 119 124 130 133 136 142 151 151 139 131 130 131 134 139 140 133 127 128 128 127 126 126 125 124 125 126 127 130 132 130 125 122 121 121 121 122 120 121 126 134 138 139 134 128 123 121 121 123 124 128 130 133 136 137 137 135 133 132 129 129 131 132 133 134 136 139 143 145 148 151 154 157 160 162 164 167 169 170 172 172 173 174 174 174 175 174 173 173 172 171 170 168 166 163 160 157 156 153 149 146 143 140 138 136 133 132 132 130 132 136 139 141 144 148 151 154 155 156 158 160 161 163 164 165 166 167 167 169 169 170 171 171 172 172 173 173 173 173 173 174 174 175 175 175 176 176 175 176 175 173 173 173 172 171 134 0 0 0 0 0 0 0 0 0 0 0 0 0 0 0 0 0 0 0 0 0 0 0 0 0 0 0 0 0 0 0 0 0 0 0 0 0 0 0 0 0 0 0 0 0 0 0 0 0 0 0 0 0 0 0 0 0 0 0 0 0 0 0 0 0 0 0 0 0 0 0 0 0 0 0 0 0 0 0 0 0 0 0 0 0 0 
0 0 0 0 0 0 0 0 0 0 0 0 0 0 0 0 0 0 0 0 0 0 0 0 0 0 0 0 0 0 0 0 0 0 0 0 0 0 0 0 0 0 0 0 0 0 0 0 0 0 0 0 0 0 0 0 0 0 0 0 0 0 0 0 0 0 0 0 0 0 0 0 0 0 0 0 0 0 0 0 0 0 0 0 0 0 0 0 0 0 0 0 0 0 0 0 0 0 0 0 0 0 0 0 0 0 0 0 0 0 0 0 0 0 0 0 0 0 0 0 0 0 0 0 0 0 0 0 0 0 0 0 0 0 0 0 0 0 0 0 0 0 0 0 0 0 0 0 0 0 0 0 0 0 0 0 0 0 0 0 0 0 0 0 0 0 0 0 0 0 0 0 0 0 0 0 0 0 0 0 0 0 0 0 0 0 0 0 0 0 0 0 0 0 0 0 0 0 0 0 0 0 0 0 0 0 0 0 0 0 0 0 0 0 0 0 0 54 109 127 124 122 122 123 121 120 121 121 122 121 122 121 119 119 117 118 119 121 122 121 121 122 122 122 124 124 123 123 124 124 125 122 119 119 118 115 112 109 108 106 102 100 98 98 96 92 93 98 103 101 97 97 99 100 101 101 104 106 102 102 104 106 106 100 96 95 95 96 99 103 108 109 111 115 117 118 119 123 128 133 134 136 144 151 145 134 130 131 133 137 141 136 130 128 127 126 126 125 124 122 124 124 124 126 129 130 127 122 121 119 119 120 119 119 120 126 132 137 137 136 130 126 124 124 126 129 130 132 134 137 139 139 137 134 132 130 131 131 132 134 136 139 142 144 146 149 152 155 158 161 163 165 167 169 171 172 172 173 173 173 173 173 172 172 171 170 168 167 164 161 158 155 153 150 146 143 139 137 134 132 131 130 129 130 133 136 140 143 146 149 151 155 157 158 159 160 161 162 164 166 166 167 167 169 169 170 170 171 170 172 171 172 173 173 173 173 173 175 174 175 175 176 176 175 175 175 173 172 173 173 59 0 0 0 0 0 0 0 0 0 0 0 0 0 0 0 0 0 0 0 0 0 0 0 0 0 0 0 0 0 0 0 0 0 0 0 0 0 0 0 0 0 0 0 0 0 0 0 0 0 0 0 0 0 0 0 0 0 0 0 0 0 0 0 0 0 0 0 0 0 0 0 0 0 0 0 0 0 0 0 0 0 0 0 0 0 0 
0 0 0 0 0 0 0 0 0 0 0 0 0 0 0 0 0 0 0 0 0 0 0 0 0 0 0 0 0 0 0 0 0 0 0 0 0 0 0 0 0 0 0 0 0 0 0 0 0 0 0 0 0 0 0 0 0 0 0 0 0 0 0 0 0 0 0 0 0 0 0 0 0 0 0 0 0 0 0 0 0 0 0 0 0 0 0 0 0 0 0 0 0 0 0 0 0 0 0 0 0 0 0 0 0 0 0 0 0 0 0 0 0 0 0 0 0 0 0 0 0 0 0 0 0 0 0 0 0 0 0 0 0 0 0 0 0 0 0 0 0 0 0 0 0 0 0 0 0 0 0 0 0 0 0 0 0 0 0 0 0 0 0 0 0 0 0 0 0 0 0 0 0 0 0 0 0 0 0 0 0 0 0 0 0 0 0 0 0 0 0 0 0 0 0 0 0 0 0 0 0 0 0 0 0 0 0 0 0 0 0 0 0 0 0 0 0 0 0 51 105 124 125 125 123 121 123 123 123 123 123 122 122 120 120 121 122 124 123 122 123 124 125 125 126 125 125 125 125 126 127 124 123 123 124 121 117 114 112 111 107 104 102 102 99 98 97 100 101 100 98 95 97 101 101 98 103 105 103 101 103 108 111 111 105 103 101 101 104 105 109 112 114 118 119 119 121 125 128 130 131 132 135 144 147 141 132 130 131 133 138 138 134 129 126 125 124 123 122 121 121 121 120 121 124 127 126 123 120 118 118 118 118 117 118 120 125 132 136 138 135 132 129 127 128 130 132 132 134 137 139 139 140 139 136 134 133 132 132 133 135 137 139 142 145 148 151 154 156 159 162 165 165 167 170 170 171 172 173 172 172 171 171 170 169 167 166 164 161 159 156 153 150 147 143 139 135 132 130 128 128 128 128 130 133 138 141 144 147 150 152 155 157 159 160 161 162 163 164 165 166 167 168 169 169 169 169 171 170 171 171 171 172 171 172 173 173 173 173 174 173 175 174 174 175 175 174 173 172 140 0 0 0 0 0 0 0 0 0 0 0 0 0 0 0 0 0 0 0 0 0 0 0 0 0 0 0 0 0 0 0 0 0 0 0 0 0 0 0 0 0 0 0 0 0 0 0 0 0 0 0 0 0 0 0 0 0 0 0 0 0 0 0 0 0 0 0 0 0 0 0 0 0 0 0 0 0 0 0 0 0 0 0 0 0 0 0 
0 0 0 0 0 0 0 0 0 0 0 0 0 0 0 0 0 0 0 0 0 0 0 0 0 0 0 0 0 0 0 0 0 0 0 0 0 0 0 0 0 0 0 0 0 0 0 0 0 0 0 0 0 0 0 0 0 0 0 0 0 0 0 0 0 0 0 0 0 0 0 0 0 0 0 0 0 0 0 0 0 0 0 0 0 0 0 0 0 0 0 0 0 0 0 0 0 0 0 0 0 0 0 0 0 0 0 0 0 0 0 0 0 0 0 0 0 0 0 0 0 0 0 0 0 0 0 0 0 0 0 0 0 0 0 0 0 0 0 0 0 0 0 0 0 0 0 0 0 0 0 0 0 0 0 0 0 0 0 0 0 0 0 0 0 0 0 0 0 0 0 0 0 0 0 0 0 0 0 0 0 0 0 0 0 0 0 0 0 0 0 0 0 0 0 0 0 0 0 0 0 0 0 0 0 0 0 0 0 0 0 0 0 0 0 0 0 0 0 0 0 46 101 125 124 124 124 123 124 124 124 124 123 122 122 123 123 124 123 124 125 126 125 125 126 127 127 127 127 127 128 126 126 126 127 124 122 118 116 115 112 109 107 105 103 103 101 103 103 102 100 95 95 98 99 97 102 104 103 101 104 109 116 119 116 110 109 106 107 109 111 114 115 117 119 121 124 126 128 128 130 130 131 137 144 144 135 128 128 130 135 139 137 131 127 125 123 121 120 120 118 118 117 118 120 122 124 124 120 118 117 117 118 117 118 119 120 126 133 135 137 137 134 132 132 131 132 135 135 137 138 139 141 140 139 138 135 133 132 132 134 135 137 140 143 146 149 152 154 157 160 163 165 166 168 168 170 170 172 171 171 170 170 169 167 166 164 161 159 157 154 150 146 143 138 135 131 129 127 126 127 127 128 131 135 138 142 146 148 152 154 155 157 159 160 162 163 164 165 165 166 167 168 168 168 169 170 170 170 170 170 170 171 171 172 173 173 173 173 173 173 174 174 174 174 175 173 173 172 64 0 0 0 0 0 0 0 0 0 0 0 0 0 0 0 0 0 0 0 0 0 0 0 0 0 0 0 0 0 0 0 0 0 0 0 0 0 0 0 0 0 0 0 0 0 0 0 0 0 0 0 0 0 0 0 0 0 0 0 0 0 0 0 0 0 0 0 0 0 0 0 0 0 0 0 0 0 0 0 0 0 0 0 0 0 0 0 
0 0 0 0 0 0 0 0 0 0 0 0 0 0 0 0 0 0 0 0 0 0 0 0 0 0 0 0 0 0 0 0 0 0 0 0 0 0 0 0 0 0 0 0 0 0 0 0 0 0 0 0 0 0 0 0 0 0 0 0 0 0 0 0 0 0 0 0 0 0 0 0 0 0 0 0 0 0 0 0 0 0 0 0 0 0 0 0 0 0 0 0 0 0 0 0 0 0 0 0 0 0 0 0 0 0 0 0 0 0 0 0 0 0 0 0 0 0 0 0 0 0 0 0 0 0 0 0 0 0 0 0 0 0 0 0 0 0 0 0 0 0 0 0 0 0 0 0 0 0 0 0 0 0 0 0 0 0 0 0 0 0 0 0 0 0 0 0 0 0 0 0 0 0 0 0 0 0 0 0 0 0 0 0 0 0 0 0 0 0 0 0 0 0 0 0 0 0 0 0 0 0 0 0 0 0 0 0 0 0 0 0 0 0 0 0 0 0 0 0 0 0 0 46 101 126 125 124 124 125 125 124 123 124 125 124 123 124 124 125 127 127 125 126 127 128 128 128 128 127 127 128 126 128 128 127 124 122 120 120 116 115 113 111 109 108 106 105 104 105 103 99 95 99 97 98 101 103 104 103 106 110 117 121 122 117 114 112 113 116 116 117 116 117 119 121 124 127 127 127 130 131 131 132 138 142 138 131 127 127 131 136 138 134 130 125 122 119 118 117 117 116 116 116 117 117 122 124 121 118 117 117 118 118 118 119 120 123 128 133 136 138 137 137 135 134 134 135 135 137 137 138 139 139 140 139 137 134 133 132 133 135 136 139 141 144 147 150 153 155 159 161 163 165 166 168 169 169 170 170 169 170 168 167 166 164 161 159 157 154 150 145 142 138 134 131 127 125 125 125 126 126 129 133 137 140 143 147 150 152 154 156 157 159 160 162 163 165 166 165 166 166 167 167 168 168 169 169 169 170 170 170 171 171 172 172 172 173 173 173 173 174 174 174 174 174 173 173 146 0 0 0 0 0 0 0 0 0 0 0 0 0 0 0 0 0 0 0 0 0 0 0 0 0 0 0 0 0 0 0 0 0 0 0 0 0 0 0 0 0 0 0 0 0 0 0 0 0 0 0 0 0 0 0 0 0 0 0 0 0 0 0 0 0 0 0 0 0 0 0 0 0 0 0 0 0 0 0 0 0 0 0 0 0 0 0 0 
0 0 0 0 0 0 0 0 0 0 0 0 0 0 0 0 0 0 0 0 0 0 0 0 0 0 0 0 0 0 0 0 0 0 0 0 0 0 0 0 0 0 0 0 0 0 0 0 0 0 0 0 0 0 0 0 0 0 0 0 0 0 0 0 0 0 0 0 0 0 0 0 0 0 0 0 0 0 0 0 0 0 0 0 0 0 0 0 0 0 0 0 0 0 0 0 0 0 0 0 0 0 0 0 0 0 0 0 0 0 0 0 0 0 0 0 0 0 0 0 0 0 0 0 0 0 0 0 0 0 0 0 0 0 0 0 0 0 0 0 0 0 0 0 0 0 0 0 0 0 0 0 0 0 0 0 0 0 0 0 0 0 0 0 0 0 0 0 0 0 0 0 0 0 0 0 0 0 0 0 0 0 0 0 0 0 0 0 0 0 0 0 0 0 0 0 0 0 0 0 0 0 0 0 0 0 0 0 0 0 0 0 0 0 0 0 0 0 0 0 0 0 0 0 0 43 98 125 125 126 125 125 125 124 125 125 125 125 126 126 126 126 126 126 127 127 128 127 128 128 128 129 128 129 129 129 125 124 124 123 120 119 118 118 116 113 110 108 108 110 110 106 102 102 102 101 102 104 104 104 106 112 118 123 126 122 119 117 118 121 120 118 118 120 120 120 123 127 125 127 129 131 131 130 133 140 140 133 128 126 127 130 134 137 133 125 120 118 116 115 114 113 112 112 114 115 118 121 122 119 117 116 117 118 119 120 121 122 123 130 134 136 138 140 139 136 136 135 136 136 136 136 136 137 138 138 137 136 133 132 132 133 135 137 140 142 145 148 151 154 157 159 161 164 166 167 168 169 169 169 169 168 167 165 163 161 158 156 154 150 146 141 138 133 129 127 123 122 122 122 125 128 131 135 138 140 144 147 150 152 155 157 158 160 161 162 164 165 165 165 166 166 166 166 167 168 168 168 168 169 169 169 170 171 172 172 172 173 173 173 173 174 174 174 174 175 175 174 70 0 0 0 0 0 0 0 0 0 0 0 0 0 0 0 0 0 0 0 0 0 0 0 0 0 0 0 0 0 0 0 0 0 0 0 0 0 0 0 0 0 0 0 0 0 0 0 0 0 0 0 0 0 0 0 0 0 0 0 0 0 0 0 0 0 0 0 0 0 0 0 0 0 0 0 0 0 0 0 0 0 0 0 0 0 0 0 0 
0 0 0 0 0 0 0 0 0 0 0 0 0 0 0 0 0 0 0 0 0 0 0 0 0 0 0 0 0 0 0 0 0 0 0 0 0 0 0 0 0 0 0 0 0 0 0 0 0 0 0 0 0 0 0 0 0 0 0 0 0 0 0 0 0 0 0 0 0 0 0 0 0 0 0 0 0 0 0 0 0 0 0 0 0 0 0 0 0 0 0 0 0 0 0 0 0 0 0 0 0 0 0 0 0 0 0 0 0 0 0 0 0 0 0 0 0 0 0 0 0 0 0 0 0 0 0 0 0 0 0 0 0 0 0 0 0 0 0 0 0 0 0 0 0 0 0 0 0 0 0 0 0 0 0 0 0 0 0 0 0 0 0 0 0 0 0 0 0 0 0 0 0 0 0 0 0 0 0 0 0 0 0 0 0 0 0 0 0 0 0 0 0 0 0 0 0 0 0 0 0 0 0 0 0 0 0 0 0 0 0 0 0 0 0 0 0 0 0 0 0 0 0 0 0 0 0 39 94 127 126 125 126 125 124 126 127 127 126 125 125 126 127 127 126 126 126 126 127 129 129 129 129 130 130 129 126 125 125 125 123 122 120 120 120 116 113 112 113 115 116 112 107 107 108 106 106 107 107 108 109 114 118 122 127 126 123 121 122 125 126 119 119 119 120 121 122 124 124 126 127 129 130 129 129 136 141 137 129 124 125 125 129 136 135 128 120 117 114 113 111 111 111 111 111 112 115 118 121 121 118 118 117 118 119 120 122 123 124 128 133 135 135 138 140 140 138 136 136 135 135 134 133 134 133 134 136 136 134 133 132 132 133 135 137 141 143 145 149 154 156 158 160 163 165 166 167 169 169 168 167 166 165 163 161 158 155 152 150 146 141 137 132 129 126 123 120 121 121 123 125 129 132 136 140 142 145 149 152 154 156 159 160 161 161 163 163 164 164 165 165 165 165 166 166 167 167 167 168 169 169 170 170 172 172 172 171 172 172 173 173 173 174 173 174 175 175 148 0 0 0 0 0 0 0 0 0 0 0 0 0 0 0 0 0 0 0 0 0 0 0 0 0 0 0 0 0 0 0 0 0 0 0 0 0 0 0 0 0 0 0 0 0 0 0 0 0 0 0 0 0 0 0 0 0 0 0 0 0 0 0 0 0 0 0 0 0 0 0 0 0 0 0 0 0 0 0 0 0 0 0 0 0 0 0 0 0 
0 0 0 0 0 0 0 0 0 0 0 0 0 0 0 0 0 0 0 0 0 0 0 0 0 0 0 0 0 0 0 0 0 0 0 0 0 0 0 0 0 0 0 0 0 0 0 0 0 0 0 0 0 0 0 0 0 0 0 0 0 0 0 0 0 0 0 0 0 0 0 0 0 0 0 0 0 0 0 0 0 0 0 0 0 0 0 0 0 0 0 0 0 0 0 0 0 0 0 0 0 0 0 0 0 0 0 0 0 0 0 0 0 0 0 0 0 0 0 0 0 0 0 0 0 0 0 0 0 0 0 0 0 0 0 0 0 0 0 0 0 0 0 0 0 0 0 0 0 0 0 0 0 0 0 0 0 0 0 0 0 0 0 0 0 0 0 0 0 0 0 0 0 0 0 0 0 0 0 0 0 0 0 0 0 0 0 0 0 0 0 0 0 0 0 0 0 0 0 0 0 0 0 0 0 0 0 0 0 0 0 0 0 0 0 0 0 0 0 0 0 0 0 0 0 0 0 0 0 35 90 125 126 125 124 126 126 126 125 126 127 127 127 127 126 125 125 127 128 129 129 129 130 131 131 129 128 126 126 125 125 124 122 122 122 120 117 117 116 116 117 114 112 112 112 109 111 111 111 112 112 113 116 121 127 128 125 122 122 126 126 122 120 119 120 122 122 121 123 125 125 126 129 129 128 131 138 140 132 125 122 121 125 130 135 132 123 116 113 111 109 108 110 109 109 110 112 115 118 119 120 119 118 117 119 120 122 122 123 126 130 133 134 135 139 142 140 138 135 134 134 133 132 131 129 130 131 133 133 133 132 131 132 133 135 138 140 144 148 152 154 157 160 162 165 165 167 167 167 167 166 164 163 160 158 155 151 148 145 142 137 133 128 125 123 119 118 120 122 124 127 131 134 138 141 144 147 151 153 155 157 159 160 161 162 163 163 163 164 164 164 165 165 165 166 166 167 168 169 169 170 170 170 172 172 172 171 172 173 174 172 173 174 173 174 175 175 71 0 0 0 0 0 0 0 0 0 0 0 0 0 0 0 0 0 0 0 0 0 0 0 0 0 0 0 0 0 0 0 0 0 0 0 0 0 0 0 0 0 0 0 0 0 0 0 0 0 0 0 0 0 0 0 0 0 0 0 0 0 0 0 0 0 0 0 0 0 0 0 0 0 0 0 0 0 0 0 0 0 0 0 0 0 0 0 0 0 
0 0 0 0 0 0 0 0 0 0 0 0 0 0 0 0 0 0 0 0 0 0 0 0 0 0 0 0 0 0 0 0 0 0 0 0 0 0 0 0 0 0 0 0 0 0 0 0 0 0 0 0 0 0 0 0 0 0 0 0 0 0 0 0 0 0 0 0 0 0 0 0 0 0 0 0 0 0 0 0 0 0 0 0 0 0 0 0 0 0 0 0 0 0 0 0 0 0 0 0 0 0 0 0 0 0 0 0 0 0 0 0 0 0 0 0 0 0 0 0 0 0 0 0 0 0 0 0 0 0 0 0 0 0 0 0 0 0 0 0 0 0 0 0 0 0 0 0 0 0 0 0 0 0 0 0 0 0 0 0 0 0 0 0 0 0 0 0 0 0 0 0 0 0 0 0 0 0 0 0 0 0 0 0 0 0 0 0 0 0 0 0 0 0 0 0 0 0 0 0 0 0 0 0 0 0 0 0 0 0 0 0 0 0 0 0 0 0 0 0 0 0 0 0 0 0 0 0 0 0 0 36 90 125 125 126 127 127 126 127 127 128 126 126 125 125 125 127 128 128 129 128 129 130 130 129 128 127 127 125 124 124 124 123 123 121 118 119 118 120 119 115 116 118 116 114 114 115 114 114 114 114 116 119 126 130 128 123 121 126 128 125 122 121 120 121 122 121 123 125 124 126 128 129 128 128 133 141 138 127 124 120 120 124 130 133 126 117 112 108 107 106 107 107 107 108 109 112 116 119 121 121 119 117 118 119 121 121 122 124 126 131 134 134 134 137 140 140 136 133 132 131 130 129 127 127 127 128 130 131 132 132 131 132 134 136 139 143 145 150 153 156 158 161 163 165 166 166 166 164 164 162 160 157 155 151 148 144 140 136 134 128 124 121 119 117 118 119 122 125 129 132 136 140 142 146 149 152 154 156 158 159 160 161 162 163 163 163 164 163 164 164 164 165 165 165 166 167 168 170 169 170 171 171 172 172 172 172 173 173 173 174 175 174 174 175 153 0 0 0 0 0 0 0 0 0 0 0 0 0 0 0 0 0 0 0 0 0 0 0 0 0 0 0 0 0 0 0 0 0 0 0 0 0 0 0 0 0 0 0 0 0 0 0 0 0 0 0 0 0 0 0 0 0 0 0 0 0 0 0 0 0 0 0 0 0 0 0 0 0 0 0 0 0 0 0 0 0 0 0 0 0 0 0 0 0 0 
0 0 0 0 0 0 0 0 0 0 0 0 0 0 0 0 0 0 0 0 0 0 0 0 0 0 0 0 0 0 0 0 0 0 0 0 0 0 0 0 0 0 0 0 0 0 0 0 0 0 0 0 0 0 0 0 0 0 0 0 0 0 0 0 0 0 0 0 0 0 0 0 0 0 0 0 0 0 0 0 0 0 0 0 0 0 0 0 0 0 0 0 0 0 0 0 0 0 0 0 0 0 0 0 0 0 0 0 0 0 0 0 0 0 0 0 0 0 0 0 0 0 0 0 0 0 0 0 0 0 0 0 0 0 0 0 0 0 0 0 0 0 0 0 0 0 0 0 0 0 0 0 0 0 0 0 0 0 0 0 0 0 0 0 0 0 0 0 0 0 0 0 0 0 0 0 0 0 0 0 0 0 0 0 0 0 0 0 0 0 0 0 0 0 0 0 0 0 0 0 0 0 0 0 0 0 0 0 0 0 0 0 0 0 0 0 0 0 0 0 0 0 0 0 0 0 0 0 0 0 0 0 0 31 87 127 128 127 128 127 127 128 127 125 125 125 126 127 127 127 127 128 128 128 129 128 128 127 126 125 124 125 124 124 123 120 119 120 120 121 122 119 120 123 122 119 120 119 117 116 117 117 118 118 125 131 130 125 123 127 129 127 122 121 121 121 122 122 122 123 124 124 127 128 128 127 129 138 143 134 123 118 116 119 124 130 129 121 113 108 106 105 105 106 107 107 108 110 113 117 120 121 120 119 118 120 121 121 122 124 125 128 132 134 133 134 137 139 137 134 131 129 128 126 125 123 123 123 124 127 131 131 131 133 134 135 138 141 145 148 152 155 158 160 162 163 165 165 164 162 161 159 156 154 151 147 144 140 137 133 129 124 121 118 116 116 117 120 123 127 131 135 138 142 144 147 150 153 155 157 158 159 160 161 162 162 162 163 163 162 164 164 164 164 164 164 164 165 167 168 169 169 170 170 170 171 172 173 173 172 172 174 176 174 173 173 76 0 0 0 0 0 0 0 0 0 0 0 0 0 0 0 0 0 0 0 0 0 0 0 0 0 0 0 0 0 0 0 0 0 0 0 0 0 0 0 0 0 0 0 0 0 0 0 0 0 0 0 0 0 0 0 0 0 0 0 0 0 0 0 0 0 0 0 0 0 0 0 0 0 0 0 0 0 0 0 0 0 0 0 0 0 0 0 0 0 0 
0 0 0 0 0 0 0 0 0 0 0 0 0 0 0 0 0 0 0 0 0 0 0 0 0 0 0 0 0 0 0 0 0 0 0 0 0 0 0 0 0 0 0 0 0 0 0 0 0 0 0 0 0 0 0 0 0 0 0 0 0 0 0 0 0 0 0 0 0 0 0 0 0 0 0 0 0 0 0 0 0 0 0 0 0 0 0 0 0 0 0 0 0 0 0 0 0 0 0 0 0 0 0 0 0 0 0 0 0 0 0 0 0 0 0 0 0 0 0 0 0 0 0 0 0 0 0 0 0 0 0 0 0 0 0 0 0 0 0 0 0 0 0 0 0 0 0 0 0 0 0 0 0 0 0 0 0 0 0 0 0 0 0 0 0 0 0 0 0 0 0 0 0 0 0 0 0 0 0 0 0 0 0 0 0 0 0 0 0 0 0 0 0 0 0 0 0 0 0 0 0 0 0 0 0 0 0 0 0 0 0 0 0 0 0 0 0 0 0 0 0 0 0 0 0 0 0 0 0 0 0 0 0 0 0 28 84 128 128 127 128 127 127 126 125 127 128 129 128 126 126 126 126 127 128 128 128 127 126 125 125 125 124 123 122 120 121 122 121 122 124 122 122 123 124 123 123 123 120 118 118 119 120 122 126 131 132 127 123 126 131 128 123 121 120 121 122 122 122 122 123 123 125 127 127 127 127 132 143 139 127 120 116 116 120 126 130 126 116 109 105 105 105 105 106 107 108 108 111 115 118 120 121 120 118 119 120 121 121 123 125 125 128 131 132 131 133 136 138 137 132 129 126 124 123 120 119 119 119 121 125 128 131 132 134 135 137 139 144 148 151 154 157 159 160 162 163 163 162 159 158 156 154 150 147 143 140 137 133 128 124 120 118 116 114 116 118 121 124 128 132 136 140 143 147 149 152 154 157 158 159 160 160 161 162 162 162 162 161 162 162 163 163 163 163 164 163 166 167 167 168 168 169 170 170 170 172 172 172 172 173 174 173 173 174 157 0 0 0 0 0 0 0 0 0 0 0 0 0 0 0 0 0 0 0 0 0 0 0 0 0 0 0 0 0 0 0 0 0 0 0 0 0 0 0 0 0 0 0 0 0 0 0 0 0 0 0 0 0 0 0 0 0 0 0 0 0 0 0 0 0 0 0 0 0 0 0 0 0 0 0 0 0 0 0 0 0 0 0 0 0 0 0 0 0 0 0 
0 0 0 0 0 0 0 0 0 0 0 0 0 0 0 0 0 0 0 0 0 0 0 0 0 0 0 0 0 0 0 0 0 0 0 0 0 0 0 0 0 0 0 0 0 0 0 0 0 0 0 0 0 0 0 0 0 0 0 0 0 0 0 0 0 0 0 0 0 0 0 0 0 0 0 0 0 0 0 0 0 0 0 0 0 0 0 0 0 0 0 0 0 0 0 0 0 0 0 0 0 0 0 0 0 0 0 0 0 0 0 0 0 0 0 0 0 0 0 0 0 0 0 0 0 0 0 0 0 0 0 0 0 0 0 0 0 0 0 0 0 0 0 0 0 0 0 0 0 0 0 0 0 0 0 0 0 0 0 0 0 0 0 0 0 0 0 0 0 0 0 0 0 0 0 0 0 0 0 0 0 0 0 0 0 0 0 0 0 0 0 0 0 0 0 0 0 0 0 0 0 0 0 0 0 0 0 0 0 0 0 0 0 0 0 0 0 0 0 0 0 0 0 0 0 0 0 0 0 0 0 0 0 0 0 0 0 28 83 127 127 127 128 126 127 127 128 128 126 125 126 125 125 125 126 127 126 126 126 125 125 125 123 122 121 121 121 121 121 124 125 123 122 123 126 124 124 123 121 120 120 121 123 127 127 131 131 127 124 126 131 131 125 121 119 119 119 120 120 121 122 122 123 127 127 125 125 127 137 143 133 120 114 113 112 118 127 127 120 111 104 103 104 103 104 106 107 107 109 113 116 120 122 120 118 118 118 120 121 123 124 125 126 129 130 129 129 132 136 137 134 130 125 123 121 119 117 116 115 115 117 122 128 130 133 135 136 138 142 147 150 153 155 158 160 161 161 160 159 157 156 153 151 147 144 140 137 133 129 124 120 116 115 114 115 118 120 124 127 131 135 138 143 145 149 151 154 155 157 158 160 159 160 160 161 161 161 161 161 161 161 162 162 162 163 164 165 166 166 166 168 168 169 169 170 171 171 172 171 172 173 173 173 173 173 81 0 0 0 0 0 0 0 0 0 0 0 0 0 0 0 0 0 0 0 0 0 0 0 0 0 0 0 0 0 0 0 0 0 0 0 0 0 0 0 0 0 0 0 0 0 0 0 0 0 0 0 0 0 0 0 0 0 0 0 0 0 0 0 0 0 0 0 0 0 0 0 0 0 0 0 0 0 0 0 0 0 0 0 0 0 0 0 0 0 0 0 
0 0 0 0 0 0 0 0 0 0 0 0 0 0 0 0 0 0 0 0 0 0 0 0 0 0 0 0 0 0 0 0 0 0 0 0 0 0 0 0 0 0 0 0 0 0 0 0 0 0 0 0 0 0 0 0 0 0 0 0 0 0 0 0 0 0 0 0 0 0 0 0 0 0 0 0 0 0 0 0 0 0 0 0 0 0 0 0 0 0 0 0 0 0 0 0 0 0 0 0 0 0 0 0 0 0 0 0 0 0 0 0 0 0 0 0 0 0 0 0 0 0 0 0 0 0 0 0 0 0 0 0 0 0 0 0 0 0 0 0 0 0 0 0 0 0 0 0 0 0 0 0 0 0 0 0 0 0 0 0 0 0 0 0 0 0 0 0 0 0 0 0 0 0 0 0 0 0 0 0 0 0 0 0 0 0 0 0 0 0 0 0 0 0 0 0 0 0 0 0 0 0 0 0 0 0 0 0 0 0 0 0 0 0 0 0 0 0 0 0 0 0 0 0 0 0 0 0 0 0 0 0 0 0 0 0 0 0 0 23 79 128 127 127 127 127 126 127 125 124 124 123 122 123 123 124 124 125 125 124 125 124 122 121 121 121 122 120 118 122 125 122 122 124 126 125 126 123 121 121 121 122 126 128 127 129 132 128 123 125 132 132 125 121 119 118 117 119 119 120 121 122 122 123 126 126 124 123 130 140 138 123 113 110 109 112 119 125 124 115 107 102 103 103 104 105 106 107 108 110 114 118 120 120 118 117 117 119 119 120 121 123 124 127 129 128 128 129 131 134 135 132 126 122 119 117 114 112 111 110 113 116 121 126 131 134 137 138 141 144 148 151 154 156 159 159 159 158 157 155 153 150 147 143 140 136 133 128 124 120 116 114 114 114 116 119 124 126 130 134 138 141 144 148 150 153 155 157 157 158 159 158 159 160 160 160 160 160 160 161 161 161 162 162 163 163 165 166 166 167 167 168 169 169 170 170 172 172 172 173 174 173 173 173 163 5 0 0 0 0 0 0 0 0 0 0 0 0 0 0 0 0 0 0 0 0 0 0 0 0 0 0 0 0 0 0 0 0 0 0 0 0 0 0 0 0 0 0 0 0 0 0 0 0 0 0 0 0 0 0 0 0 0 0 0 0 0 0 0 0 0 0 0 0 0 0 0 0 0 0 0 0 0 0 0 0 0 0 0 0 0 0 0 0 0 0 0 
0 0 0 0 0 0 0 0 0 0 0 0 0 0 0 0 0 0 0 0 0 0 0 0 0 0 0 0 0 0 0 0 0 0 0 0 0 0 0 0 0 0 0 0 0 0 0 0 0 0 0 0 0 0 0 0 0 0 0 0 0 0 0 0 0 0 0 0 0 0 0 0 0 0 0 0 0 0 0 0 0 0 0 0 0 0 0 0 0 0 0 0 0 0 0 0 0 0 0 0 0 0 0 0 0 0 0 0 0 0 0 0 0 0 0 0 0 0 0 0 0 0 0 0 0 0 0 0 0 0 0 0 0 0 0 0 0 0 0 0 0 0 0 0 0 0 0 0 0 0 0 0 0 0 0 0 0 0 0 0 0 0 0 0 0 0 0 0 0 0 0 0 0 0 0 0 0 0 0 0 0 0 0 0 0 0 0 0 0 0 0 0 0 0 0 0 0 0 0 0 0 0 0 0 0 0 0 0 0 0 0 0 0 0 0 0 0 0 0 0 0 0 0 0 0 0 0 0 0 0 0 0 0 0 0 0 0 0 0 0 0 20 75 126 126 126 126 126 125 125 124 123 121 121 122 121 122 123 123 123 124 123 121 121 120 120 121 119 119 122 126 122 121 124 127 127 126 124 120 120 120 122 126 129 128 128 130 129 124 124 130 133 126 120 119 118 117 117 118 118 119 121 121 122 124 124 122 121 123 133 139 130 113 107 107 107 111 120 126 121 110 103 101 103 103 104 105 106 106 108 112 114 117 120 118 117 116 117 118 119 119 120 122 122 125 127 126 127 127 129 133 132 128 123 118 114 112 111 108 107 108 110 114 120 126 132 136 138 141 144 145 148 152 155 156 157 157 156 154 152 149 146 142 139 136 132 129 124 120 116 114 113 113 115 117 121 125 128 133 137 141 143 146 149 152 154 156 156 157 158 158 159 160 160 161 160 160 159 160 160 160 162 162 163 163 164 165 166 165 167 167 169 169 169 170 170 172 172 172 173 173 173 173 173 87 0 0 0 0 0 0 0 0 0 0 0 0 0 0 0 0 0 0 0 0 0 0 0 0 0 0 0 0 0 0 0 0 0 0 0 0 0 0 0 0 0 0 0 0 0 0 0 0 0 0 0 0 0 0 0 0 0 0 0 0 0 0 0 0 0 0 0 0 0 0 0 0 0 0 0 0 0 0 0 0 0 0 0 0 0 0 0 0 0 0 0 0 
0 0 0 0 0 0 0 0 0 0 0 0 0 0 0 0 0 0 0 0 0 0 0 0 0 0 0 0 0 0 0 0 0 0 0 0 0 0 0 0 0 0 0 0 0 0 0 0 0 0 0 0 0 0 0 0 0 0 0 0 0 0 0 0 0 0 0 0 0 0 0 0 0 0 0 0 0 0 0 0 0 0 0 0 0 0 0 0 0 0 0 0 0 0 0 0 0 0 0 0 0 0 0 0 0 0 0 0 0 0 0 0 0 0 0 0 0 0 0 0 0 0 0 0 0 0 0 0 0 0 0 0 0 0 0 0 0 0 0 0 0 0 0 0 0 0 0 0 0 0 0 0 0 0 0 0 0 0 0 0 0 0 0 0 0 0 0 0 0 0 0 0 0 0 0 0 0 0 0 0 0 0 0 0 0 0 0 0 0 0 0 0 0 0 0 0 0 0 0 0 0 0 0 0 0 0 0 0 0 0 0 0 0 0 0 0 0 0 0 0 0 0 0 0 0 0 0 0 0 0 0 0 0 0 0 0 0 0 0 0 0 0 0 19 74 125 125 126 126 125 124 123 122 121 119 118 119 120 120 122 122 121 120 120 119 120 119 118 120 123 124 121 120 124 127 126 127 124 121 119 120 121 126 130 128 128 130 129 124 123 129 133 127 119 117 117 116 116 117 117 117 119 120 120 121 122 121 118 117 126 136 135 117 106 104 103 105 114 123 123 115 106 102 101 102 102 103 104 105 107 109 111 114 117 118 117 115 115 116 116 117 118 120 120 122 125 127 124 123 125 127 130 129 124 118 114 111 108 107 106 106 107 110 115 121 127 133 137 140 142 143 146 151 153 153 154 154 153 150 148 145 142 138 135 132 129 126 121 117 114 112 113 114 116 119 124 127 131 135 139 142 145 148 151 153 155 155 156 156 157 158 159 159 160 160 160 160 160 160 160 161 162 162 162 163 164 164 165 166 167 168 169 169 170 171 171 171 172 173 173 173 173 173 163 10 0 0 0 0 0 0 0 0 0 0 0 0 0 0 0 0 0 0 0 0 0 0 0 0 0 0 0 0 0 0 0 0 0 0 0 0 0 0 0 0 0 0 0 0 0 0 0 0 0 0 0 0 0 0 0 0 0 0 0 0 0 0 0 0 0 0 0 0 0 0 0 0 0 0 0 0 0 0 0 0 0 0 0 0 0 0 0 0 0 0 0 0 
0 0 0 0 0 0 0 0 0 0 0 0 0 0 0 0 0 0 0 0 0 0 0 0 0 0 0 0 0 0 0 0 0 0 0 0 0 0 0 0 0 0 0 0 0 0 0 0 0 0 0 0 0 0 0 0 0 0 0 0 0 0 0 0 0 0 0 0 0 0 0 0 0 0 0 0 0 0 0 0 0 0 0 0 0 0 0 0 0 0 0 0 0 0 0 0 0 0 0 0 0 0 0 0 0 0 0 0 0 0 0 0 0 0 0 0 0 0 0 0 0 0 0 0 0 0 0 0 0 0 0 0 0 0 0 0 0 0 0 0 0 0 0 0 0 0 0 0 0 0 0 0 0 0 0 0 0 0 0 0 0 0 0 0 0 0 0 0 0 0 0 0 0 0 0 0 0 0 0 0 0 0 0 0 0 0 0 0 0 0 0 0 0 0 0 0 0 0 0 0 0 0 0 0 0 0 0 0 0 0 0 0 0 0 0 0 0 0 0 0 0 0 0 0 0 0 0 0 0 0 0 0 0 0 0 0 0 0 0 0 0 0 0 0 0 15 70 126 125 124 123 122 122 120 117 117 117 118 118 119 118 118 117 117 117 118 117 117 120 124 123 118 118 123 127 126 126 124 120 119 119 121 125 129 128 127 130 131 126 122 127 132 127 120 116 114 114 115 115 115 116 116 118 118 118 120 120 117 113 118 130 137 123 107 102 100 101 106 115 122 121 112 104 101 101 102 102 103 104 105 108 110 113 115 117 117 116 114 115 115 116 116 118 119 120 124 126 125 122 122 124 127 129 126 120 115 110 107 105 105 104 106 108 111 116 122 128 134 138 141 144 146 149 150 151 151 151 150 147 144 142 139 135 132 128 125 121 117 114 111 111 113 115 118 122 126 130 134 137 141 144 147 149 151 153 154 155 156 156 156 156 158 159 160 160 160 160 160 160 160 161 162 162 162 163 164 165 165 166 168 169 168 169 170 171 171 171 171 173 174 173 173 173 87 0 0 0 0 0 0 0 0 0 0 0 0 0 0 0 0 0 0 0 0 0 0 0 0 0 0 0 0 0 0 0 0 0 0 0 0 0 0 0 0 0 0 0 0 0 0 0 0 0 0 0 0 0 0 0 0 0 0 0 0 0 0 0 0 0 0 0 0 0 0 0 0 0 0 0 0 0 0 0 0 0 0 0 0 0 0 0 0 0 0 0 0 0 
0 0 0 0 0 0 0 0 0 0 0 0 0 0 0 0 0 0 0 0 0 0 0 0 0 0 0 0 0 0 0 0 0 0 0 0 0 0 0 0 0 0 0 0 0 0 0 0 0 0 0 0 0 0 0 0 0 0 0 0 0 0 0 0 0 0 0 0 0 0 0 0 0 0 0 0 0 0 0 0 0 0 0 0 0 0 0 0 0 0 0 0 0 0 0 0 0 0 0 0 0 0 0 0 0 0 0 0 0 0 0 0 0 0 0 0 0 0 0 0 0 0 0 0 0 0 0 0 0 0 0 0 0 0 0 0 0 0 0 0 0 0 0 0 0 0 0 0 0 0 0 0 0 0 0 0 0 0 0 0 0 0 0 0 0 0 0 0 0 0 0 0 0 0 0 0 0 0 0 0 0 0 0 0 0 0 0 0 0 0 0 0 0 0 0 0 0 0 0 0 0 0 0 0 0 0 0 0 0 0 0 0 0 0 0 0 0 0 0 0 0 0 0 0 0 0 0 0 0 0 0 0 0 0 0 0 0 0 0 0 0 0 0 0 0 0 0 11 66 121 124 124 123 120 118 118 116 116 116 116 114 113 113 112 114 115 115 116 119 122 120 116 115 122 126 125 125 122 118 117 117 117 122 128 127 125 128 130 127 122 124 130 128 120 115 112 113 112 111 113 113 114 116 116 117 118 120 116 113 113 122 135 130 110 101 99 98 100 108 118 123 118 109 103 101 103 103 103 105 106 107 109 111 114 116 118 118 116 115 115 116 117 118 120 120 122 125 124 122 121 121 122 126 127 123 117 111 107 105 104 103 104 107 109 112 117 123 129 134 139 142 144 146 146 147 149 148 146 144 141 139 136 132 128 124 121 117 114 111 110 110 113 116 119 125 129 132 136 139 142 144 147 149 151 152 152 154 155 155 156 156 156 157 158 159 160 161 160 160 161 161 162 163 164 164 165 166 166 167 168 169 168 169 171 171 171 171 171 171 173 173 172 167 10 0 0 0 0 0 0 0 0 0 0 0 0 0 0 0 0 0 0 0 0 0 0 0 0 0 0 0 0 0 0 0 0 0 0 0 0 0 0 0 0 0 0 0 0 0 0 0 0 0 0 0 0 0 0 0 0 0 0 0 0 0 0 0 0 0 0 0 0 0 0 0 0 0 0 0 0 0 0 0 0 0 0 0 0 0 0 0 0 0 0 0 0 0 
0 0 0 0 0 0 0 0 0 0 0 0 0 0 0 0 0 0 0 0 0 0 0 0 0 0 0 0 0 0 0 0 0 0 0 0 0 0 0 0 0 0 0 0 0 0 0 0 0 0 0 0 0 0 0 0 0 0 0 0 0 0 0 0 0 0 0 0 0 0 0 0 0 0 0 0 0 0 0 0 0 0 0 0 0 0 0 0 0 0 0 0 0 0 0 0 0 0 0 0 0 0 0 0 0 0 0 0 0 0 0 0 0 0 0 0 0 0 0 0 0 0 0 0 0 0 0 0 0 0 0 0 0 0 0 0 0 0 0 0 0 0 0 0 0 0 0 0 0 0 0 0 0 0 0 0 0 0 0 0 0 0 0 0 0 0 0 0 0 0 0 0 0 0 0 0 0 0 0 0 0 0 0 0 0 0 0 0 0 0 0 0 0 0 0 0 0 0 0 0 0 0 0 0 0 0 0 0 0 0 0 0 0 0 0 0 0 0 0 0 0 0 0 0 0 0 0 0 0 0 0 0 0 0 0 0 0 0 0 0 0 0 0 0 0 0 0 0 0 8 62 117 123 120 119 117 116 115 115 114 111 110 109 109 109 110 112 113 117 122 115 111 114 120 124 124 125 120 116 115 115 117 121 127 128 126 127 130 128 121 121 129 129 120 114 112 111 110 108 110 110 111 113 115 115 115 116 116 113 110 115 129 135 120 104 101 100 100 105 113 121 123 116 108 104 105 105 105 107 108 108 110 112 114 116 118 118 117 117 117 118 119 120 121 121 122 125 127 124 122 120 120 121 125 126 121 114 108 107 104 103 104 106 108 111 114 119 123 129 136 140 142 142 143 143 144 143 141 141 139 135 132 129 126 122 118 114 111 110 109 111 115 118 122 126 130 133 136 140 143 144 146 149 151 152 152 153 153 155 155 156 156 157 157 158 159 160 160 161 162 163 162 164 165 165 166 166 165 167 168 169 170 171 171 171 171 171 171 172 173 174 174 92 0 0 0 0 0 0 0 0 0 0 0 0 0 0 0 0 0 0 0 0 0 0 0 0 0 0 0 0 0 0 0 0 0 0 0 0 0 0 0 0 0 0 0 0 0 0 0 0 0 0 0 0 0 0 0 0 0 0 0 0 0 0 0 0 0 0 0 0 0 0 0 0 0 0 0 0 0 0 0 0 0 0 0 0 0 0 0 0 0 0 0 0 0 0 
0 0 0 0 0 0 0 0 0 0 0 0 0 0 0 0 0 0 0 0 0 0 0 0 0 0 0 0 0 0 0 0 0 0 0 0 0 0 0 0 0 0 0 0 0 0 0 0 0 0 0 0 0 0 0 0 0 0 0 0 0 0 0 0 0 0 0 0 0 0 0 0 0 0 0 0 0 0 0 0 0 0 0 0 0 0 0 0 0 0 0 0 0 0 0 0 0 0 0 0 0 0 0 0 0 0 0 0 0 0 0 0 0 0 0 0 0 0 0 0 0 0 0 0 0 0 0 0 0 0 0 0 0 0 0 0 0 0 0 0 0 0 0 0 0 0 0 0 0 0 0 0 0 0 0 0 0 0 0 0 0 0 0 0 0 0 0 0 0 0 0 0 0 0 0 0 0 0 0 0 0 0 0 0 0 0 0 0 0 0 0 0 0 0 0 0 0 0 0 0 0 0 0 0 0 0 0 0 0 0 0 0 0 0 0 0 0 0 0 0 0 0 0 0 0 0 0 0 0 0 0 0 0 0 0 0 0 0 0 0 0 0 0 0 0 0 0 0 0 0 0 8 61 113 119 117 116 116 116 114 112 110 107 106 105 107 108 109 115 116 111 107 108 116 122 122 123 118 115 114 114 116 120 127 129 124 125 128 127 122 120 126 131 121 112 111 109 109 108 109 109 111 112 114 113 113 116 116 114 111 112 122 136 130 109 101 101 100 103 109 118 124 123 114 108 107 108 109 110 110 111 114 114 115 118 120 119 118 118 119 120 121 120 121 123 123 125 128 126 123 121 120 120 122 125 125 118 112 107 105 104 104 106 107 109 112 116 120 125 131 137 140 141 140 140 140 139 137 137 135 132 128 125 122 119 116 113 110 109 110 113 117 120 124 128 131 134 136 139 142 145 147 149 150 151 152 154 154 154 155 156 157 158 158 159 160 160 160 161 162 163 163 163 164 165 166 166 167 168 168 169 170 171 171 171 171 172 172 172 172 172 174 16 0 0 0 0 0 0 0 0 0 0 0 0 0 0 0 0 0 0 0 0 0 0 0 0 0 0 0 0 0 0 0 0 0 0 0 0 0 0 0 0 0 0 0 0 0 0 0 0 0 0 0 0 0 0 0 0 0 0 0 0 0 0 0 0 0 0 0 0 0 0 0 0 0 0 0 0 0 0 0 0 0 0 0 0 0 0 0 0 0 0 0 0 0 0 
0 0 0 0 0 0 0 0 0 0 0 0 0 0 0 0 0 0 0 0 0 0 0 0 0 0 0 0 0 0 0 0 0 0 0 0 0 0 0 0 0 0 0 0 0 0 0 0 0 0 0 0 0 0 0 0 0 0 0 0 0 0 0 0 0 0 0 0 0 0 0 0 0 0 0 0 0 0 0 0 0 0 0 0 0 0 0 0 0 0 0 0 0 0 0 0 0 0 0 0 0 0 0 0 0 0 0 0 0 0 0 0 0 0 0 0 0 0 0 0 0 0 0 0 0 0 0 0 0 0 0 0 0 0 0 0 0 0 0 0 0 0 0 0 0 0 0 0 0 0 0 0 0 0 0 0 0 0 0 0 0 0 0 0 0 0 0 0 0 0 0 0 0 0 0 0 0 0 0 0 0 0 0 0 0 0 0 0 0 0 0 0 0 0 0 0 0 0 0 0 0 0 0 0 0 0 0 0 0 0 0 0 0 0 0 0 0 0 0 0 0 0 0 0 0 0 0 0 0 0 0 0 0 0 0 0 0 0 0 0 0 0 0 0 0 0 0 0 0 0 0 0 0 4 56 107 116 117 117 114 112 110 108 106 105 106 106 106 114 114 107 104 105 112 119 121 123 117 113 112 113 114 118 125 128 124 123 126 127 121 117 123 128 123 113 110 108 109 109 108 109 110 112 114 114 114 117 118 116 112 110 118 131 132 117 106 105 103 106 109 116 124 125 120 114 110 111 112 113 113 114 115 117 118 119 121 122 121 122 122 122 123 124 125 126 126 126 128 129 126 124 123 123 123 126 127 124 117 110 107 105 104 104 105 108 111 114 119 122 127 131 135 137 138 138 137 135 133 133 131 128 125 122 119 116 113 110 109 110 110 114 118 122 125 129 131 134 136 139 142 144 146 148 149 151 152 153 153 154 155 157 157 158 159 160 160 161 161 162 162 163 164 165 165 165 166 165 168 169 169 170 171 171 171 171 171 172 173 173 173 172 97 0 0 0 0 0 0 0 0 0 0 0 0 0 0 0 0 0 0 0 0 0 0 0 0 0 0 0 0 0 0 0 0 0 0 0 0 0 0 0 0 0 0 0 0 0 0 0 0 0 0 0 0 0 0 0 0 0 0 0 0 0 0 0 0 0 0 0 0 0 0 0 0 0 0 0 0 0 0 0 0 0 0 0 0 0 0 0 0 0 0 0 0 0 0 0 
0 0 0 0 0 0 0 0 0 0 0 0 0 0 0 0 0 0 0 0 0 0 0 0 0 0 0 0 0 0 0 0 0 0 0 0 0 0 0 0 0 0 0 0 0 0 0 0 0 0 0 0 0 0 0 0 0 0 0 0 0 0 0 0 0 0 0 0 0 0 0 0 0 0 0 0 0 0 0 0 0 0 0 0 0 0 0 0 0 0 0 0 0 0 0 0 0 0 0 0 0 0 0 0 0 0 0 0 0 0 0 0 0 0 0 0 0 0 0 0 0 0 0 0 0 0 0 0 0 0 0 0 0 0 0 0 0 0 0 0 0 0 0 0 0 0 0 0 0 0 0 0 0 0 0 0 0 0 0 0 0 0 0 0 0 0 0 0 0 0 0 0 0 0 0 0 0 0 0 0 0 0 0 0 0 0 0 0 0 0 0 0 0 0 0 0 0 0 0 0 0 0 0 0 0 0 0 0 0 0 0 0 0 0 0 0 0 0 0 0 0 0 0 0 0 0 0 0 0 0 0 0 0 0 0 0 0 0 0 0 0 0 0 0 0 0 0 0 0 0 0 0 0 0 0 0 51 103 117 115 113 112 110 108 107 106 106 108 113 112 102 101 102 111 117 120 121 117 112 111 112 113 115 123 128 125 123 125 126 122 117 121 129 125 116 110 109 109 108 109 110 110 113 114 114 115 117 119 117 115 114 116 126 133 123 113 109 110 110 111 116 122 128 127 121 115 114 115 116 117 118 119 120 121 122 124 125 126 125 125 126 127 128 128 128 129 129 131 132 131 129 128 127 126 126 127 128 123 116 111 107 105 105 105 108 109 113 117 120 122 127 129 133 134 134 132 131 130 128 126 124 122 119 116 113 111 110 109 111 112 116 120 123 127 129 132 133 135 139 142 145 146 148 149 151 151 152 153 155 156 157 157 158 160 161 161 162 162 163 163 164 164 166 167 167 167 168 170 170 171 171 171 171 171 172 173 172 172 173 173 173 21 0 0 0 0 0 0 0 0 0 0 0 0 0 0 0 0 0 0 0 0 0 0 0 0 0 0 0 0 0 0 0 0 0 0 0 0 0 0 0 0 0 0 0 0 0 0 0 0 0 0 0 0 0 0 0 0 0 0 0 0 0 0 0 0 0 0 0 0 0 0 0 0 0 0 0 0 0 0 0 0 0 0 0 0 0 0 0 0 0 0 0 0 0 0 0 
0 0 0 0 0 0 0 0 0 0 0 0 0 0 0 0 0 0 0 0 0 0 0 0 0 0 0 0 0 0 0 0 0 0 0 0 0 0 0 0 0 0 0 0 0 0 0 0 0 0 0 0 0 0 0 0 0 0 0 0 0 0 0 0 0 0 0 0 0 0 0 0 0 0 0 0 0 0 0 0 0 0 0 0 0 0 0 0 0 0 0 0 0 0 0 0 0 0 0 0 0 0 0 0 0 0 0 0 0 0 0 0 0 0 0 0 0 0 0 0 0 0 0 0 0 0 0 0 0 0 0 0 0 0 0 0 0 0 0 0 0 0 0 0 0 0 0 0 0 0 0 0 0 0 0 0 0 0 0 0 0 0 0 0 0 0 0 0 0 0 0 0 0 0 0 0 0 0 0 0 0 0 0 0 0 0 0 0 0 0 0 0 0 0 0 0 0 0 0 0 0 0 0 0 0 0 0 0 0 0 0 0 0 0 0 0 0 0 0 0 0 0 0 0 0 0 0 0 0 0 0 0 0 0 0 0 0 0 0 0 0 0 0 0 0 0 0 0 0 0 0 0 0 0 0 0 0 0 51 101 114 114 113 110 109 107 107 111 115 109 101 98 101 108 117 119 121 115 111 111 111 112 114 122 127 126 122 125 127 124 119 120 128 127 119 111 110 110 111 112 111 112 114 115 116 117 119 120 120 118 116 117 122 131 129 120 115 115 114 115 118 122 128 132 129 124 120 120 120 121 122 123 124 125 126 127 129 130 130 129 130 130 131 132 132 133 135 134 136 135 134 133 132 130 129 128 130 129 123 116 110 108 108 107 108 110 111 115 118 120 123 124 127 130 131 130 128 126 126 123 119 118 117 114 111 110 110 110 112 115 119 122 125 127 128 131 133 135 138 141 144 147 148 149 150 151 153 154 155 156 157 158 159 160 161 163 163 164 165 166 166 166 166 167 168 168 168 170 170 171 171 171 171 170 172 172 172 172 172 173 97 0 0 0 0 0 0 0 0 0 0 0 0 0 0 0 0 0 0 0 0 0 0 0 0 0 0 0 0 0 0 0 0 0 0 0 0 0 0 0 0 0 0 0 0 0 0 0 0 0 0 0 0 0 0 0 0 0 0 0 0 0 0 0 0 0 0 0 0 0 0 0 0 0 0 0 0 0 0 0 0 0 0 0 0 0 0 0 0 0 0 0 0 0 0 0 0 
0 0 0 0 0 0 0 0 0 0 0 0 0 0 0 0 0 0 0 0 0 0 0 0 0 0 0 0 0 0 0 0 0 0 0 0 0 0 0 0 0 0 0 0 0 0 0 0 0 0 0 0 0 0 0 0 0 0 0 0 0 0 0 0 0 0 0 0 0 0 0 0 0 0 0 0 0 0 0 0 0 0 0 0 0 0 0 0 0 0 0 0 0 0 0 0 0 0 0 0 0 0 0 0 0 0 0 0 0 0 0 0 0 0 0 0 0 0 0 0 0 0 0 0 0 0 0 0 0 0 0 0 0 0 0 0 0 0 0 0 0 0 0 0 0 0 0 0 0 0 0 0 0 0 0 0 0 0 0 0 0 0 0 0 0 0 0 0 0 0 0 0 0 0 0 0 0 0 0 0 0 0 0 0 0 0 0 0 0 0 0 0 0 0 0 0 0 0 0 0 0 0 0 0 0 0 0 0 0 0 0 0 0 0 0 0 0 0 0 0 0 0 0 0 0 0 0 0 0 0 0 0 0 0 0 0 0 0 0 0 0 0 0 0 0 0 0 0 0 0 0 0 0 0 0 0 0 0 0 0 46 97 115 113 111 110 110 114 114 106 101 99 100 109 116 119 119 114 111 111 112 110 113 121 127 126 123 124 126 126 120 120 128 130 123 115 113 114 115 115 115 117 117 118 120 121 122 123 123 123 120 120 121 129 132 129 123 120 120 120 123 125 129 134 134 130 126 126 126 127 127 128 128 129 130 132 133 134 134 134 135 136 136 137 138 138 138 138 139 139 140 138 135 134 132 130 129 129 128 122 115 111 109 108 109 109 110 112 114 117 118 120 123 125 126 126 125 123 121 119 117 116 114 113 111 110 110 111 114 118 120 123 125 127 129 131 133 137 139 142 144 148 148 150 151 152 154 155 156 156 158 159 160 162 163 164 165 165 165 166 167 167 167 168 168 169 169 170 170 170 171 171 171 171 172 173 173 173 173 173 21 0 0 0 0 0 0 0 0 0 0 0 0 0 0 0 0 0 0 0 0 0 0 0 0 0 0 0 0 0 0 0 0 0 0 0 0 0 0 0 0 0 0 0 0 0 0 0 0 0 0 0 0 0 0 0 0 0 0 0 0 0 0 0 0 0 0 0 0 0 0 0 0 0 0 0 0 0 0 0 0 0 0 0 0 0 0 0 0 0 0 0 0 0 0 0 0 
0 0 0 0 0 0 0 0 0 0 0 0 0 0 0 0 0 0 0 0 0 0 0 0 0 0 0 0 0 0 0 0 0 0 0 0 0 0 0 0 0 0 0 0 0 0 0 0 0 0 0 0 0 0 0 0 0 0 0 0 0 0 0 0 0 0 0 0 0 0 0 0 0 0 0 0 0 0 0 0 0 0 0 0 0 0 0 0 0 0 0 0 0 0 0 0 0 0 0 0 0 0 0 0 0 0 0 0 0 0 0 0 0 0 0 0 0 0 0 0 0 0 0 0 0 0 0 0 0 0 0 0 0 0 0 0 0 0 0 0 0 0 0 0 0 0 0 0 0 0 0 0 0 0 0 0 0 0 0 0 0 0 0 0 0 0 0 0 0 0 0 0 0 0 0 0 0 0 0 0 0 0 0 0 0 0 0 0 0 0 0 0 0 0 0 0 0 0 0 0 0 0 0 0 0 0 0 0 0 0 0 0 0 0 0 0 0 0 0 0 0 0 0 0 0 0 0 0 0 0 0 0 0 0 0 0 0 0 0 0 0 0 0 0 0 0 0 0 0 0 0 0 0 0 0 0 0 0 0 0 0 0 43 93 114 112 113 116 112 105 101 100 102 108 115 116 119 115 110 111 112 112 114 121 126 126 123 124 127 128 123 123 128 132 128 119 117 119 119 120 120 121 122 121 124 125 125 126 127 127 126 125 124 129 133 136 131 127 126 126 127 129 133 137 139 137 133 132 132 132 133 133 133 134 135 137 138 139 139 140 140 140 141 142 143 143 143 143 144 144 143 141 139 139 136 132 131 130 130 129 122 115 112 109 107 108 108 109 111 113 115 117 119 120 120 121 122 120 118 116 115 114 113 112 110 111 111 113 116 119 122 125 126 127 130 132 134 137 140 142 145 148 149 150 151 154 154 156 157 158 159 160 161 163 164 166 166 166 167 167 168 168 168 168 169 170 170 171 171 171 171 172 172 173 172 173 173 174 174 103 0 0 0 0 0 0 0 0 0 0 0 0 0 0 0 0 0 0 0 0 0 0 0 0 0 0 0 0 0 0 0 0 0 0 0 0 0 0 0 0 0 0 0 0 0 0 0 0 0 0 0 0 0 0 0 0 0 0 0 0 0 0 0 0 0 0 0 0 0 0 0 0 0 0 0 0 0 0 0 0 0 0 0 0 0 0 0 0 0 0 0 0 0 0 0 0 0 
0 0 0 0 0 0 0 0 0 0 0 0 0 0 0 0 0 0 0 0 0 0 0 0 0 0 0 0 0 0 0 0 0 0 0 0 0 0 0 0 0 0 0 0 0 0 0 0 0 0 0 0 0 0 0 0 0 0 0 0 0 0 0 0 0 0 0 0 0 0 0 0 0 0 0 0 0 0 0 0 0 0 0 0 0 0 0 0 0 0 0 0 0 0 0 0 0 0 0 0 0 0 0 0 0 0 0 0 0 0 0 0 0 0 0 0 0 0 0 0 0 0 0 0 0 0 0 0 0 0 0 0 0 0 0 0 0 0 0 0 0 0 0 0 0 0 0 0 0 0 0 0 0 0 0 0 0 0 0 0 0 0 0 0 0 0 0 0 0 0 0 0 0 0 0 0 0 0 0 0 0 0 0 0 0 0 0 0 0 0 0 0 0 0 0 0 0 0 0 0 0 0 0 0 0 0 0 0 0 0 0 0 0 0 0 0 0 0 0 0 0 0 0 0 0 0 0 0 0 0 0 0 0 0 0 0 0 0 0 0 0 0 0 0 0 0 0 0 0 0 0 0 0 0 0 0 0 0 0 0 0 0 0 0 39 89 115 116 112 105 102 102 102 109 116 119 119 115 110 111 112 113 116 122 127 127 125 125 128 130 126 126 129 134 131 125 123 124 124 125 126 125 126 126 127 129 130 130 130 132 130 129 130 131 136 140 138 134 132 133 132 134 136 139 142 142 140 139 139 138 138 140 140 140 140 142 143 143 144 144 144 145 146 146 147 147 148 148 148 149 148 145 143 142 139 136 133 131 130 131 127 120 115 111 108 106 106 107 109 109 111 113 114 115 116 117 118 118 117 114 112 112 111 111 111 112 112 115 118 121 123 125 127 128 130 133 136 138 141 143 145 148 150 151 152 153 154 156 158 159 160 163 163 164 165 166 167 168 167 168 169 169 169 169 170 170 170 172 172 171 172 172 172 173 173 173 173 174 174 27 0 0 0 0 0 0 0 0 0 0 0 0 0 0 0 0 0 0 0 0 0 0 0 0 0 0 0 0 0 0 0 0 0 0 0 0 0 0 0 0 0 0 0 0 0 0 0 0 0 0 0 0 0 0 0 0 0 0 0 0 0 0 0 0 0 0 0 0 0 0 0 0 0 0 0 0 0 0 0 0 0 0 0 0 0 0 0 0 0 0 0 0 0 0 0 0 0 
0 0 0 0 0 0 0 0 0 0 0 0 0 0 0 0 0 0 0 0 0 0 0 0 0 0 0 0 0 0 0 0 0 0 0 0 0 0 0 0 0 0 0 0 0 0 0 0 0 0 0 0 0 0 0 0 0 0 0 0 0 0 0 0 0 0 0 0 0 0 0 0 0 0 0 0 0 0 0 0 0 0 0 0 0 0 0 0 0 0 0 0 0 0 0 0 0 0 0 0 0 0 0 0 0 0 0 0 0 0 0 0 0 0 0 0 0 0 0 0 0 0 0 0 0 0 0 0 0 0 0 0 0 0 0 0 0 0 0 0 0 0 0 0 0 0 0 0 0 0 0 0 0 0 0 0 0 0 0 0 0 0 0 0 0 0 0 0 0 0 0 0 0 0 0 0 0 0 0 0 0 0 0 0 0 0 0 0 0 0 0 0 0 0 0 0 0 0 0 0 0 0 0 0 0 0 0 0 0 0 0 0 0 0 0 0 0 0 0 0 0 0 0 0 0 0 0 0 0 0 0 0 0 0 0 0 0 0 0 0 0 0 0 0 0 0 0 0 0 0 0 0 0 0 0 0 0 0 0 0 0 0 0 0 0 0 40 90 111 106 104 102 104 112 119 120 119 115 114 114 114 116 119 122 127 129 127 127 130 132 130 129 131 135 133 131 130 129 129 129 131 131 132 132 132 133 134 134 136 136 135 134 135 136 139 143 144 141 139 139 139 140 141 144 146 147 145 146 144 143 144 145 146 146 146 148 148 148 148 148 148 149 151 151 151 152 152 152 151 151 151 149 146 145 143 140 137 134 130 129 129 127 118 112 108 106 106 106 106 106 106 108 109 111 112 114 116 116 115 113 112 111 110 111 111 112 115 117 120 122 124 126 128 130 132 134 137 139 142 144 146 149 151 152 152 154 155 157 159 160 162 164 164 165 166 167 168 169 168 169 170 170 170 171 171 172 171 171 172 172 172 172 172 173 173 173 173 174 109 0 0 0 0 0 0 0 0 0 0 0 0 0 0 0 0 0 0 0 0 0 0 0 0 0 0 0 0 0 0 0 0 0 0 0 0 0 0 0 0 0 0 0 0 0 0 0 0 0 0 0 0 0 0 0 0 0 0 0 0 0 0 0 0 0 0 0 0 0 0 0 0 0 0 0 0 0 0 0 0 0 0 0 0 0 0 0 0 0 0 0 0 0 0 0 0 0 0 
0 0 0 0 0 0 0 0 0 0 0 0 0 0 0 0 0 0 0 0 0 0 0 0 0 0 0 0 0 0 0 0 0 0 0 0 0 0 0 0 0 0 0 0 0 0 0 0 0 0 0 0 0 0 0 0 0 0 0 0 0 0 0 0 0 0 0 0 0 0 0 0 0 0 0 0 0 0 0 0 0 0 0 0 0 0 0 0 0 0 0 0 0 0 0 0 0 0 0 0 0 0 0 0 0 0 0 0 0 0 0 0 0 0 0 0 0 0 0 0 0 0 0 0 0 0 0 0 0 0 0 0 0 0 0 0 0 0 0 0 0 0 0 0 0 0 0 0 0 0 0 0 0 0 0 0 0 0 0 0 0 0 0 0 0 0 0 0 0 0 0 0 0 0 0 0 0 0 0 0 0 0 0 0 0 0 0 0 0 0 0 0 0 0 0 0 0 0 0 0 0 0 0 0 0 0 0 0 0 0 0 0 0 0 0 0 0 0 0 0 0 0 0 0 0 0 0 0 0 0 0 0 0 0 0 0 0 0 0 0 0 0 0 0 0 0 0 0 0 0 0 0 0 0 0 0 0 0 0 0 0 0 0 0 0 0 0 0 34 80 105 105 109 116 119 120 121 117 115 116 118 120 121 124 128 132 132 130 131 135 133 133 134 137 138 135 134 133 135 135 136 137 137 138 139 138 139 140 142 141 140 140 141 142 143 146 148 147 146 145 146 146 147 148 150 151 150 150 149 149 150 150 151 152 153 154 154 153 153 152 151 153 154 154 155 156 155 154 155 154 153 152 150 148 146 143 139 136 133 129 128 128 122 114 109 106 105 104 102 103 103 105 105 106 108 110 112 113 114 113 111 111 111 111 113 114 117 120 122 125 126 128 129 131 134 136 138 141 143 145 147 149 151 152 154 155 157 158 159 161 163 165 166 166 167 168 169 169 169 170 170 170 170 171 171 171 171 171 172 173 173 172 172 173 173 173 173 174 33 0 0 0 0 0 0 0 0 0 0 0 0 0 0 0 0 0 0 0 0 0 0 0 0 0 0 0 0 0 0 0 0 0 0 0 0 0 0 0 0 0 0 0 0 0 0 0 0 0 0 0 0 0 0 0 0 0 0 0 0 0 0 0 0 0 0 0 0 0 0 0 0 0 0 0 0 0 0 0 0 0 0 0 0 0 0 0 0 0 0 0 0 0 0 0 0 0 0 
0 0 0 0 0 0 0 0 0 0 0 0 0 0 0 0 0 0 0 0 0 0 0 0 0 0 0 0 0 0 0 0 0 0 0 0 0 0 0 0 0 0 0 0 0 0 0 0 0 0 0 0 0 0 0 0 0 0 0 0 0 0 0 0 0 0 0 0 0 0 0 0 0 0 0 0 0 0 0 0 0 0 0 0 0 0 0 0 0 0 0 0 0 0 0 0 0 0 0 0 0 0 0 0 0 0 0 0 0 0 0 0 0 0 0 0 0 0 0 0 0 0 0 0 0 0 0 0 0 0 0 0 0 0 0 0 0 0 0 0 0 0 0 0 0 0 0 0 0 0 0 0 0 0 0 0 0 0 0 0 0 0 0 0 0 0 0 0 0 0 0 0 0 0 0 0 0 0 0 0 0 0 0 0 0 0 0 0 0 0 0 0 0 0 0 0 0 0 0 0 0 0 0 0 0 0 0 0 0 0 0 0 0 0 0 0 0 0 0 0 0 0 0 0 0 0 0 0 0 0 0 0 0 0 0 0 0 0 0 0 0 0 0 0 0 0 0 0 0 0 0 0 0 0 0 0 0 0 0 0 0 0 0 0 0 0 0 0 0 0 29 77 111 118 121 123 122 119 117 118 121 123 125 127 132 136 135 134 134 137 137 136 137 140 142 140 139 140 141 142 142 142 143 145 145 145 145 146 146 146 145 145 146 147 148 150 151 152 151 151 152 152 153 153 153 154 155 155 155 156 156 156 156 157 157 158 158 158 158 157 156 158 158 159 159 159 159 158 158 157 156 154 151 150 148 145 142 138 133 130 128 127 125 120 112 106 103 100 99 100 101 101 101 102 104 107 109 110 112 113 111 111 111 113 115 117 120 122 125 127 128 129 131 133 135 138 140 142 144 146 148 149 152 153 154 156 157 159 160 163 164 166 167 167 168 169 169 169 170 171 170 170 171 171 172 172 171 172 172 172 172 172 173 173 174 174 174 114 0 0 0 0 0 0 0 0 0 0 0 0 0 0 0 0 0 0 0 0 0 0 0 0 0 0 0 0 0 0 0 0 0 0 0 0 0 0 0 0 0 0 0 0 0 0 0 0 0 0 0 0 0 0 0 0 0 0 0 0 0 0 0 0 0 0 0 0 0 0 0 0 0 0 0 0 0 0 0 0 0 0 0 0 0 0 0 0 0 0 0 0 0 0 0 0 0 0 0 
0 0 0 0 0 0 0 0 0 0 0 0 0 0 0 0 0 0 0 0 0 0 0 0 0 0 0 0 0 0 0 0 0 0 0 0 0 0 0 0 0 0 0 0 0 0 0 0 0 0 0 0 0 0 0 0 0 0 0 0 0 0 0 0 0 0 0 0 0 0 0 0 0 0 0 0 0 0 0 0 0 0 0 0 0 0 0 0 0 0 0 0 0 0 0 0 0 0 0 0 0 0 0 0 0 0 0 0 0 0 0 0 0 0 0 0 0 0 0 0 0 0 0 0 0 0 0 0 0 0 0 0 0 0 0 0 0 0 0 0 0 0 0 0 0 0 0 0 0 0 0 0 0 0 0 0 0 0 0 0 0 0 0 0 0 0 0 0 0 0 0 0 0 0 0 0 0 0 0 0 0 0 0 0 0 0 0 0 0 0 0 0 0 0 0 0 0 0 0 0 0 0 0 0 0 0 0 0 0 0 0 0 0 0 0 0 0 0 0 0 0 0 0 0 0 0 0 0 0 0 0 0 0 0 0 0 0 0 0 0 0 0 0 0 0 0 0 0 0 0 0 0 0 0 0 0 0 0 0 0 0 0 0 0 0 0 0 0 0 0 0 0 32 87 124 125 124 121 120 122 124 127 129 131 135 139 138 137 138 140 140 141 142 144 146 145 144 145 147 147 148 148 149 150 150 149 151 151 151 150 150 150 151 152 153 154 154 155 155 156 157 158 158 158 159 159 159 157 158 159 160 161 161 161 161 162 162 162 161 161 161 161 162 162 162 162 162 161 160 160 159 156 154 151 149 147 145 140 135 131 127 124 123 121 115 107 102 99 97 97 98 98 97 98 100 104 106 108 111 113 113 113 113 115 118 119 122 124 127 127 129 130 133 134 136 139 141 143 145 147 149 150 152 154 155 157 159 159 161 164 165 166 167 168 168 168 170 169 170 171 171 171 171 171 171 171 171 172 172 172 172 172 173 173 174 174 174 33 0 0 0 0 0 0 0 0 0 0 0 0 0 0 0 0 0 0 0 0 0 0 0 0 0 0 0 0 0 0 0 0 0 0 0 0 0 0 0 0 0 0 0 0 0 0 0 0 0 0 0 0 0 0 0 0 0 0 0 0 0 0 0 0 0 0 0 0 0 0 0 0 0 0 0 0 0 0 0 0 0 0 0 0 0 0 0 0 0 0 0 0 0 0 0 0 0 0 0 
0 0 0 0 0 0 0 0 0 0 0 0 0 0 0 0 0 0 0 0 0 0 0 0 0 0 0 0 0 0 0 0 0 0 0 0 0 0 0 0 0 0 0 0 0 0 0 0 0 0 0 0 0 0 0 0 0 0 0 0 0 0 0 0 0 0 0 0 0 0 0 0 0 0 0 0 0 0 0 0 0 0 0 0 0 0 0 0 0 0 0 0 0 0 0 0 0 0 0 0 0 0 0 0 0 0 0 0 0 0 0 0 0 0 0 0 0 0 0 0 0 0 0 0 0 0 0 0 0 0 0 0 0 0 0 0 0 0 0 0 0 0 0 0 0 0 0 0 0 0 0 0 0 0 0 0 0 0 0 0 0 0 0 0 0 0 0 0 0 0 0 0 0 0 0 0 0 0 0 0 0 0 0 0 0 0 0 0 0 0 0 0 0 0 0 0 0 0 0 0 0 0 0 0 0 0 0 0 0 0 0 0 0 0 0 0 0 0 0 0 0 0 0 0 0 0 0 0 0 0 0 0 0 0 0 0 0 0 0 0 0 0 0 0 0 0 0 0 0 0 0 0 0 0 0 0 0 0 0 0 0 0 0 0 0 0 0 0 0 0 0 0 0 0 31 87 127 125 126 127 129 131 134 135 139 142 142 141 141 143 144 145 146 147 148 149 150 151 152 152 153 154 153 154 154 155 155 155 155 155 154 154 156 157 157 158 158 158 158 159 161 162 161 162 163 163 163 161 161 162 163 164 165 165 164 165 166 165 165 164 164 163 164 165 165 165 164 163 162 162 160 159 157 154 151 148 145 141 136 132 127 123 121 119 116 110 103 98 96 95 95 95 94 96 98 100 103 106 110 113 114 115 116 119 120 121 124 126 127 128 130 131 133 135 137 140 141 143 145 147 149 151 153 155 156 159 160 161 162 164 165 166 168 169 168 169 170 170 171 170 171 172 172 172 172 172 172 172 172 172 172 173 173 174 174 174 114 0 0 0 0 0 0 0 0 0 0 0 0 0 0 0 0 0 0 0 0 0 0 0 0 0 0 0 0 0 0 0 0 0 0 0 0 0 0 0 0 0 0 0 0 0 0 0 0 0 0 0 0 0 0 0 0 0 0 0 0 0 0 0 0 0 0 0 0 0 0 0 0 0 0 0 0 0 0 0 0 0 0 0 0 0 0 0 0 0 0 0 0 0 0 0 0 0 0 0 0 
0 0 0 0 0 0 0 0 0 0 0 0 0 0 0 0 0 0 0 0 0 0 0 0 0 0 0 0 0 0 0 0 0 0 0 0 0 0 0 0 0 0 0 0 0 0 0 0 0 0 0 0 0 0 0 0 0 0 0 0 0 0 0 0 0 0 0 0 0 0 0 0 0 0 0 0 0 0 0 0 0 0 0 0 0 0 0 0 0 0 0 0 0 0 0 0 0 0 0 0 0 0 0 0 0 0 0 0 0 0 0 0 0 0 0 0 0 0 0 0 0 0 0 0 0 0 0 0 0 0 0 0 0 0 0 0 0 0 0 0 0 0 0 0 0 0 0 0 0 0 0 0 0 0 0 0 0 0 0 0 0 0 0 0 0 0 0 0 0 0 0 0 0 0 0 0 0 0 0 0 0 0 0 0 0 0 0 0 0 0 0 0 0 0 0 0 0 0 0 0 0 0 0 0 0 0 0 0 0 0 0 0 0 0 0 0 0 0 0 0 0 0 0 0 0 0 0 0 0 0 0 0 0 0 0 0 0 0 0 0 0 0 0 0 0 0 0 0 0 0 0 0 0 0 0 0 0 0 0 0 0 0 0 0 0 0 0 0 0 0 0 0 0 0 0 0 27 84 130 132 134 136 138 139 141 144 145 144 144 146 147 149 150 151 151 152 155 155 157 157 157 158 158 159 159 160 159 159 158 157 157 157 158 159 161 162 162 159 161 163 164 164 164 166 167 166 166 165 164 164 165 167 168 168 168 168 168 168 167 167 165 165 166 167 167 167 165 165 165 164 162 161 159 155 152 149 146 141 136 132 128 123 119 117 116 113 105 98 94 93 92 92 93 94 96 98 101 104 109 113 116 118 119 121 122 123 126 128 128 130 132 133 135 137 139 141 143 145 147 149 151 153 155 156 159 161 161 162 164 165 166 167 168 168 169 169 170 171 171 171 171 172 172 172 171 172 172 172 172 172 173 172 173 173 173 173 38 0 0 0 0 0 0 0 0 0 0 0 0 0 0 0 0 0 0 0 0 0 0 0 0 0 0 0 0 0 0 0 0 0 0 0 0 0 0 0 0 0 0 0 0 0 0 0 0 0 0 0 0 0 0 0 0 0 0 0 0 0 0 0 0 0 0 0 0 0 0 0 0 0 0 0 0 0 0 0 0 0 0 0 0 0 0 0 0 0 0 0 0 0 0 0 0 0 0 0 0 
0 0 0 0 0 0 0 0 0 0 0 0 0 0 0 0 0 0 0 0 0 0 0 0 0 0 0 0 0 0 0 0 0 0 0 0 0 0 0 0 0 0 0 0 0 0 0 0 0 0 0 0 0 0 0 0 0 0 0 0 0 0 0 0 0 0 0 0 0 0 0 0 0 0 0 0 0 0 0 0 0 0 0 0 0 0 0 0 0 0 0 0 0 0 0 0 0 0 0 0 0 0 0 0 0 0 0 0 0 0 0 0 0 0 0 0 0 0 0 0 0 0 0 0 0 0 0 0 0 0 0 0 0 0 0 0 0 0 0 0 0 0 0 0 0 0 0 0 0 0 0 0 0 0 0 0 0 0 0 0 0 0 0 0 0 0 0 0 0 0 0 0 0 0 0 0 0 0 0 0 0 0 0 0 0 0 0 0 0 0 0 0 0 0 0 0 0 0 0 0 0 0 0 0 0 0 0 0 0 0 0 0 0 0 0 0 0 0 0 0 0 0 0 0 0 0 0 0 0 0 0 0 0 0 0 0 0 0 0 0 0 0 0 0 0 0 0 0 0 0 0 0 0 0 0 0 0 0 0 0 0 0 0 0 0 0 0 0 0 0 0 0 0 0 0 0 0 0 29 89 138 140 142 143 145 147 148 148 148 150 150 153 154 154 154 155 157 159 160 161 161 161 161 162 163 162 162 162 161 160 160 160 160 161 163 164 164 162 163 164 166 166 167 167 168 168 168 167 166 164 166 168 169 169 169 170 170 170 170 169 167 167 167 168 167 167 166 166 166 165 163 161 158 154 152 149 146 142 137 133 128 121 116 114 112 111 108 102 96 94 91 91 92 94 95 98 101 104 109 114 118 121 122 123 124 125 128 129 130 131 133 135 137 139 140 143 145 146 149 150 152 155 157 157 159 161 162 164 164 166 167 168 168 169 170 169 170 170 171 171 172 172 172 172 172 172 172 173 173 173 173 173 173 173 173 119 0 0 0 0 0 0 0 0 0 0 0 0 0 0 0 0 0 0 0 0 0 0 0 0 0 0 0 0 0 0 0 0 0 0 0 0 0 0 0 0 0 0 0 0 0 0 0 0 0 0 0 0 0 0 0 0 0 0 0 0 0 0 0 0 0 0 0 0 0 0 0 0 0 0 0 0 0 0 0 0 0 0 0 0 0 0 0 0 0 0 0 0 0 0 0 0 0 0 0 0 0 
0 0 0 0 0 0 0 0 0 0 0 0 0 0 0 0 0 0 0 0 0 0 0 0 0 0 0 0 0 0 0 0 0 0 0 0 0 0 0 0 0 0 0 0 0 0 0 0 0 0 0 0 0 0 0 0 0 0 0 0 0 0 0 0 0 0 0 0 0 0 0 0 0 0 0 0 0 0 0 0 0 0 0 0 0 0 0 0 0 0 0 0 0 0 0 0 0 0 0 0 0 0 0 0 0 0 0 0 0 0 0 0 0 0 0 0 0 0 0 0 0 0 0 0 0 0 0 0 0 0 0 0 0 0 0 0 0 0 0 0 0 0 0 0 0 0 0 0 0 0 0 0 0 0 0 0 0 0 0 0 0 0 0 0 0 0 0 0 0 0 0 0 0 0 0 0 0 0 0 0 0 0 0 0 0 0 0 0 0 0 0 0 0 0 0 0 0 0 0 0 0 0 0 0 0 0 0 0 0 0 0 0 0 0 0 0 0 0 0 0 0 0 0 0 0 0 0 0 0 0 0 0 0 0 0 0 0 0 0 0 0 0 0 0 0 0 0 0 0 0 0 0 0 0 0 0 0 0 0 0 0 0 0 0 0 0 0 0 0 0 0 0 0 0 0 0 0 0 0 0 26 89 145 146 148 150 150 151 152 152 152 155 157 157 156 157 160 162 163 164 164 164 164 165 165 165 165 164 163 163 162 161 161 162 165 166 165 165 164 165 167 167 168 169 170 169 169 169 167 166 166 168 170 171 171 171 171 171 171 171 170 168 167 169 169 168 167 166 165 165 163 161 158 155 153 148 146 142 138 132 127 121 116 111 107 106 107 104 99 94 91 90 92 94 97 100 103 106 110 115 119 123 124 125 126 127 130 131 132 133 135 137 139 141 143 146 147 149 150 152 154 156 158 159 160 160 162 164 164 165 167 168 168 169 170 170 171 171 171 171 172 172 172 172 173 173 173 173 173 173 174 174 176 175 175 43 0 0 0 0 0 0 0 0 0 0 0 0 0 0 0 0 0 0 0 0 0 0 0 0 0 0 0 0 0 0 0 0 0 0 0 0 0 0 0 0 0 0 0 0 0 0 0 0 0 0 0 0 0 0 0 0 0 0 0 0 0 0 0 0 0 0 0 0 0 0 0 0 0 0 0 0 0 0 0 0 0 0 0 0 0 0 0 0 0 0 0 0 0 0 0 0 0 0 0 0 0 
0 0 0 0 0 0 0 0 0 0 0 0 0 0 0 0 0 0 0 0 0 0 0 0 0 0 0 0 0 0 0 0 0 0 0 0 0 0 0 0 0 0 0 0 0 0 0 0 0 0 0 0 0 0 0 0 0 0 0 0 0 0 0 0 0 0 0 0 0 0 0 0 0 0 0 0 0 0 0 0 0 0 0 0 0 0 0 0 0 0 0 0 0 0 0 0 0 0 0 0 0 0 0 0 0 0 0 0 0 0 0 0 0 0 0 0 0 0 0 0 0 0 0 0 0 0 0 0 0 0 0 0 0 0 0 0 0 0 0 0 0 0 0 0 0 0 0 0 0 0 0 0 0 0 0 0 0 0 0 0 0 0 0 0 0 0 0 0 0 0 0 0 0 0 0 0 0 0 0 0 0 0 0 0 0 0 0 0 0 0 0 0 0 0 0 0 0 0 0 0 0 0 0 0 0 0 0 0 0 0 0 0 0 0 0 0 0 0 0 0 0 0 0 0 0 0 0 0 0 0 0 0 0 0 0 0 0 0 0 0 0 0 0 0 0 0 0 0 0 0 0 0 0 0 0 0 0 0 0 0 0 0 0 0 0 0 0 0 0 0 0 0 0 0 0 0 0 0 0 0 0 0 22 89 151 152 153 154 155 154 153 158 160 160 158 159 162 164 165 165 166 165 166 166 166 166 167 167 165 163 163 162 162 164 166 167 168 167 165 166 167 168 169 170 171 170 170 171 169 168 167 168 171 172 172 172 172 172 171 171 170 169 167 168 169 169 168 167 166 165 163 161 159 156 153 148 145 141 138 132 126 120 114 109 105 103 105 104 102 96 91 90 94 96 99 102 106 109 113 117 120 124 126 128 129 130 132 134 136 137 138 140 142 144 146 148 149 150 153 154 155 157 158 159 160 162 164 165 165 166 167 168 169 170 170 170 171 171 171 172 172 172 172 172 173 173 174 173 173 174 174 174 173 174 126 0 0 0 0 0 0 0 0 0 0 0 0 0 0 0 0 0 0 0 0 0 0 0 0 0 0 0 0 0 0 0 0 0 0 0 0 0 0 0 0 0 0 0 0 0 0 0 0 0 0 0 0 0 0 0 0 0 0 0 0 0 0 0 0 0 0 0 0 0 0 0 0 0 0 0 0 0 0 0 0 0 0 0 0 0 0 0 0 0 0 0 0 0 0 0 0 0 0 0 0 0 0 
0 0 0 0 0 0 0 0 0 0 0 0 0 0 0 0 0 0 0 0 0 0 0 0 0 0 0 0 0 0 0 0 0 0 0 0 0 0 0 0 0 0 0 0 0 0 0 0 0 0 0 0 0 0 0 0 0 0 0 0 0 0 0 0 0 0 0 0 0 0 0 0 0 0 0 0 0 0 0 0 0 0 0 0 0 0 0 0 0 0 0 0 0 0 0 0 0 0 0 0 0 0 0 0 0 0 0 0 0 0 0 0 0 0 0 0 0 0 0 0 0 0 0 0 0 0 0 0 0 0 0 0 0 0 0 0 0 0 0 0 0 0 0 0 0 0 0 0 0 0 0 0 0 0 0 0 0 0 0 0 0 0 0 0 0 0 0 0 0 0 0 0 0 0 0 0 0 0 0 0 0 0 0 0 0 0 0 0 0 0 0 0 0 0 0 0 0 0 0 0 0 0 0 0 0 0 0 0 0 0 0 0 0 0 0 0 0 0 0 0 0 0 0 0 0 0 0 0 0 0 0 0 0 0 0 0 0 0 0 0 0 0 0 0 0 0 0 0 0 0 0 0 0 0 0 0 0 0 0 0 0 0 0 0 0 0 0 0 0 0 0 0 0 0 0 0 0 0 0 0 0 0 0 0 19 87 155 156 158 156 155 158 163 162 160 160 162 166 167 167 166 167 168 168 168 169 168 168 168 165 163 162 162 165 167 168 168 168 166 166 167 168 169 171 171 171 170 171 170 169 168 168 171 171 172 172 172 172 172 171 170 169 167 167 168 169 168 168 166 164 163 160 158 156 152 148 144 140 136 131 125 119 113 107 103 101 100 103 103 99 94 93 95 99 102 105 109 113 115 120 123 126 128 130 131 133 134 136 138 140 141 143 144 147 148 150 151 153 154 156 158 158 158 159 161 163 164 165 166 167 167 168 170 170 170 170 171 171 171 172 172 172 172 172 173 174 174 174 174 174 174 175 175 175 49 0 0 0 0 0 0 0 0 0 0 0 0 0 0 0 0 0 0 0 0 0 0 0 0 0 0 0 0 0 0 0 0 0 0 0 0 0 0 0 0 0 0 0 0 0 0 0 0 0 0 0 0 0 0 0 0 0 0 0 0 0 0 0 0 0 0 0 0 0 0 0 0 0 0 0 0 0 0 0 0 0 0 0 0 0 0 0 0 0 0 0 0 0 0 0 0 0 0 0 0 0 0 
0 0 0 0 0 0 0 0 0 0 0 0 0 0 0 0 0 0 0 0 0 0 0 0 0 0 0 0 0 0 0 0 0 0 0 0 0 0 0 0 0 0 0 0 0 0 0 0 0 0 0 0 0 0 0 0 0 0 0 0 0 0 0 0 0 0 0 0 0 0 0 0 0 0 0 0 0 0 0 0 0 0 0 0 0 0 0 0 0 0 0 0 0 0 0 0 0 0 0 0 0 0 0 0 0 0 0 0 0 0 0 0 0 0 0 0 0 0 0 0 0 0 0 0 0 0 0 0 0 0 0 0 0 0 0 0 0 0 0 0 0 0 0 0 0 0 0 0 0 0 0 0 0 0 0 0 0 0 0 0 0 0 0 0 0 0 0 0 0 0 0 0 0 0 0 0 0 0 0 0 0 0 0 0 0 0 0 0 0 0 0 0 0 0 0 0 0 0 0 0 0 0 0 0 0 0 0 0 0 0 0 0 0 0 0 0 0 0 0 0 0 0 0 0 0 0 0 0 0 0 0 0 0 0 0 0 0 0 0 0 0 0 0 0 0 0 0 0 0 0 0 0 0 0 0 0 0 0 0 0 0 0 0 0 0 0 0 0 0 0 0 0 0 0 0 0 0 0 0 0 0 0 0 0 0 0 19 89 160 156 155 159 162 163 161 161 163 166 168 168 168 168 168 169 170 170 168 169 169 168 165 163 163 165 167 169 170 169 167 166 167 169 170 171 170 171 171 173 171 170 168 167 169 171 172 173 172 172 172 171 170 169 168 167 167 168 168 168 166 164 162 159 158 156 152 148 143 140 136 130 124 118 112 107 102 99 98 100 104 104 102 100 99 102 106 109 113 115 118 123 126 128 130 132 135 136 137 138 140 142 145 146 148 150 151 151 154 154 155 157 159 159 159 160 162 163 165 166 166 168 168 169 170 170 171 171 171 171 173 173 172 172 172 173 173 173 174 174 174 174 175 175 175 126 0 0 0 0 0 0 0 0 0 0 0 0 0 0 0 0 0 0 0 0 0 0 0 0 0 0 0 0 0 0 0 0 0 0 0 0 0 0 0 0 0 0 0 0 0 0 0 0 0 0 0 0 0 0 0 0 0 0 0 0 0 0 0 0 0 0 0 0 0 0 0 0 0 0 0 0 0 0 0 0 0 0 0 0 0 0 0 0 0 0 0 0 0 0 0 0 0 0 0 0 0 0 0 
0 0 0 0 0 0 0 0 0 0 0 0 0 0 0 0 0 0 0 0 0 0 0 0 0 0 0 0 0 0 0 0 0 0 0 0 0 0 0 0 0 0 0 0 0 0 0 0 0 0 0 0 0 0 0 0 0 0 0 0 0 0 0 0 0 0 0 0 0 0 0 0 0 0 0 0 0 0 0 0 0 0 0 0 0 0 0 0 0 0 0 0 0 0 0 0 0 0 0 0 0 0 0 0 0 0 0 0 0 0 0 0 0 0 0 0 0 0 0 0 0 0 0 0 0 0 0 0 0 0 0 0 0 0 0 0 0 0 0 0 0 0 0 0 0 0 0 0 0 0 0 0 0 0 0 0 0 0 0 0 0 0 0 0 0 0 0 0 0 0 0 0 0 0 0 0 0 0 0 0 0 0 0 0 0 0 0 0 0 0 0 0 0 0 0 0 0 0 0 0 0 0 0 0 0 0 0 0 0 0 0 0 0 0 0 0 0 0 0 0 0 0 0 0 0 0 0 0 0 0 0 0 0 0 0 0 0 0 0 0 0 0 0 0 0 0 0 0 0 0 0 0 0 0 0 0 0 0 0 0 0 0 0 0 0 0 0 0 0 0 0 0 0 0 0 0 0 0 0 0 0 0 0 0 0 0 0 0 15 83 151 159 163 164 162 161 163 166 168 169 169 169 170 169 169 171 170 170 170 169 167 165 164 165 167 169 171 170 168 167 167 169 171 171 171 172 173 173 173 172 169 167 168 170 172 173 172 172 172 171 171 169 167 167 166 167 167 167 165 163 161 158 157 154 151 148 143 138 134 129 123 117 111 107 102 99 98 99 102 105 105 104 103 106 110 113 117 120 123 126 128 130 132 135 139 139 140 141 143 145 147 149 151 152 153 154 156 156 157 158 159 160 161 162 163 164 165 167 168 168 168 170 170 171 172 172 172 172 173 173 172 173 173 173 173 173 174 174 174 175 175 175 175 49 0 0 0 0 0 0 0 0 0 0 0 0 0 0 0 0 0 0 0 0 0 0 0 0 0 0 0 0 0 0 0 0 0 0 0 0 0 0 0 0 0 0 0 0 0 0 0 0 0 0 0 0 0 0 0 0 0 0 0 0 0 0 0 0 0 0 0 0 0 0 0 0 0 0 0 0 0 0 0 0 0 0 0 0 0 0 0 0 0 0 0 0 0 0 0 0 0 0 0 0 0 0 0 
0 0 0 0 0 0 0 0 0 0 0 0 0 0 0 0 0 0 0 0 0 0 0 0 0 0 0 0 0 0 0 0 0 0 0 0 0 0 0 0 0 0 0 0 0 0 0 0 0 0 0 0 0 0 0 0 0 0 0 0 0 0 0 0 0 0 0 0 0 0 0 0 0 0 0 0 0 0 0 0 0 0 0 0 0 0 0 0 0 0 0 0 0 0 0 0 0 0 0 0 0 0 0 0 0 0 0 0 0 0 0 0 0 0 0 0 0 0 0 0 0 0 0 0 0 0 0 0 0 0 0 0 0 0 0 0 0 0 0 0 0 0 0 0 0 0 0 0 0 0 0 0 0 0 0 0 0 0 0 0 0 0 0 0 0 0 0 0 0 0 0 0 0 0 0 0 0 0 0 0 0 0 0 0 0 0 0 0 0 0 0 0 0 0 0 0 0 0 0 0 0 0 0 0 0 0 0 0 0 0 0 0 0 0 0 0 0 0 0 0 0 0 0 0 0 0 0 0 0 0 0 0 0 0 0 0 0 0 0 0 0 0 0 0 0 0 0 0 0 0 0 0 0 0 0 0 0 0 0 0 0 0 0 0 0 0 0 0 0 0 0 0 0 0 0 0 0 0 0 0 0 0 0 0 0 0 0 0 0 0 10 80 152 165 163 161 163 167 169 170 170 170 170 170 170 171 171 171 171 170 168 166 164 165 167 169 171 171 170 168 169 169 169 171 172 173 172 172 172 172 170 168 168 169 172 173 172 173 171 171 170 169 168 166 166 168 167 165 164 163 161 158 155 153 150 147 143 138 133 128 122 117 112 107 103 100 99 99 101 106 108 109 109 111 114 117 121 124 127 130 131 133 135 138 141 141 143 145 146 147 149 151 153 154 154 156 157 159 159 160 160 161 162 163 164 164 166 168 169 169 169 170 171 171 172 172 172 172 173 173 173 173 173 173 174 174 174 175 175 174 174 175 132 0 0 0 0 0 0 0 0 0 0 0 0 0 0 0 0 0 0 0 0 0 0 0 0 0 0 0 0 0 0 0 0 0 0 0 0 0 0 0 0 0 0 0 0 0 0 0 0 0 0 0 0 0 0 0 0 0 0 0 0 0 0 0 0 0 0 0 0 0 0 0 0 0 0 0 0 0 0 0 0 0 0 0 0 0 0 0 0 0 0 0 0 0 0 0 0 0 0 0 0 0 0 0 0 
0 0 0 0 0 0 0 0 0 0 0 0 0 0 0 0 0 0 0 0 0 0 0 0 0 0 0 0 0 0 0 0 0 0 0 0 0 0 0 0 0 0 0 0 0 0 0 0 0 0 0 0 0 0 0 0 0 0 0 0 0 0 0 0 0 0 0 0 0 0 0 0 0 0 0 0 0 0 0 0 0 0 0 0 0 0 0 0 0 0 0 0 0 0 0 0 0 0 0 0 0 0 0 0 0 0 0 0 0 0 0 0 0 0 0 0 0 0 0 0 0 0 0 0 0 0 0 0 0 0 0 0 0 0 0 0 0 0 0 0 0 0 0 0 0 0 0 0 0 0 0 0 0 0 0 0 0 0 0 0 0 0 0 0 0 0 0 0 0 0 0 0 0 0 0 0 0 0 0 0 0 0 0 0 0 0 0 0 0 0 0 0 0 0 0 0 0 0 0 0 0 0 0 0 0 0 0 0 0 0 0 0 0 0 0 0 0 0 0 0 0 0 0 0 0 0 0 0 0 0 0 0 0 0 0 0 0 0 0 0 0 0 0 0 0 0 0 0 0 0 0 0 0 0 0 0 0 0 0 0 0 0 0 0 0 0 0 0 0 0 0 0 0 0 0 0 0 0 0 0 0 0 0 0 0 0 0 0 0 0 0 0 10 83 153 161 163 167 169 170 170 169 170 171 171 171 171 171 172 171 170 167 165 165 168 170 172 172 170 168 169 169 169 170 172 172 172 172 172 173 171 168 168 168 171 172 172 172 172 171 170 169 168 165 166 166 166 165 163 162 160 158 155 152 149 146 142 137 132 127 122 116 111 107 103 101 101 102 103 107 112 114 116 117 120 122 126 129 131 133 135 137 139 141 143 144 146 148 149 151 152 153 154 155 156 157 159 159 161 162 162 163 163 165 166 166 167 169 170 170 171 171 171 172 172 172 172 172 173 173 173 173 173 173 174 174 174 174 175 174 174 175 54 0 0 0 0 0 0 0 0 0 0 0 0 0 0 0 0 0 0 0 0 0 0 0 0 0 0 0 0 0 0 0 0 0 0 0 0 0 0 0 0 0 0 0 0 0 0 0 0 0 0 0 0 0 0 0 0 0 0 0 0 0 0 0 0 0 0 0 0 0 0 0 0 0 0 0 0 0 0 0 0 0 0 0 0 0 0 0 0 0 0 0 0 0 0 0 0 0 0 0 0 0 0 0 0 
0 0 0 0 0 0 0 0 0 0 0 0 0 0 0 0 0 0 0 0 0 0 0 0 0 0 0 0 0 0 0 0 0 0 0 0 0 0 0 0 0 0 0 0 0 0 0 0 0 0 0 0 0 0 0 0 0 0 0 0 0 0 0 0 0 0 0 0 0 0 0 0 0 0 0 0 0 0 0 0 0 0 0 0 0 0 0 0 0 0 0 0 0 0 0 0 0 0 0 0 0 0 0 0 0 0 0 0 0 0 0 0 0 0 0 0 0 0 0 0 0 0 0 0 0 0 0 0 0 0 0 0 0 0 0 0 0 0 0 0 0 0 0 0 0 0 0 0 0 0 0 0 0 0 0 0 0 0 0 0 0 0 0 0 0 0 0 0 0 0 0 0 0 0 0 0 0 0 0 0 0 0 0 0 0 0 0 0 0 0 0 0 0 0 0 0 0 0 0 0 0 0 0 0 0 0 0 0 0 0 0 0 0 0 0 0 0 0 0 0 0 0 0 0 0 0 0 0 0 0 0 0 0 0 0 0 0 0 0 0 0 0 0 0 0 0 0 0 0 0 0 0 0 0 0 0 0 0 0 0 0 0 0 0 0 0 0 0 0 0 0 0 0 0 0 0 0 0 0 0 0 0 0 0 0 0 0 0 0 0 0 0 0 0 5 76 148 168 170 170 170 169 171 172 172 172 172 172 172 173 172 169 167 167 168 170 172 173 171 170 170 170 168 170 172 172 172 173 173 173 172 170 169 168 169 171 172 171 171 170 169 169 169 166 165 165 165 164 163 160 159 157 155 152 148 145 142 136 130 126 122 117 111 108 104 104 103 104 106 109 114 118 120 122 126 127 130 133 135 137 139 140 142 144 146 148 150 150 152 153 155 156 157 157 157 159 160 161 162 163 164 164 165 167 168 167 169 170 171 171 171 172 171 172 172 172 172 173 173 173 173 173 173 173 173 174 174 174 174 174 174 137 0 0 0 0 0 0 0 0 0 0 0 0 0 0 0 0 0 0 0 0 0 0 0 0 0 0 0 0 0 0 0 0 0 0 0 0 0 0 0 0 0 0 0 0 0 0 0 0 0 0 0 0 0 0 0 0 0 0 0 0 0 0 0 0 0 0 0 0 0 0 0 0 0 0 0 0 0 0 0 0 0 0 0 0 0 0 0 0 0 0 0 0 0 0 0 0 0 0 0 0 0 0 0 0 0 
0 0 0 0 0 0 0 0 0 0 0 0 0 0 0 0 0 0 0 0 0 0 0 0 0 0 0 0 0 0 0 0 0 0 0 0 0 0 0 0 0 0 0 0 0 0 0 0 0 0 0 0 0 0 0 0 0 0 0 0 0 0 0 0 0 0 0 0 0 0 0 0 0 0 0 0 0 0 0 0 0 0 0 0 0 0 0 0 0 0 0 0 0 0 0 0 0 0 0 0 0 0 0 0 0 0 0 0 0 0 0 0 0 0 0 0 0 0 0 0 0 0 0 0 0 0 0 0 0 0 0 0 0 0 0 0 0 0 0 0 0 0 0 0 0 0 0 0 0 0 0 0 0 0 0 0 0 0 0 0 0 0 0 0 0 0 0 0 0 0 0 0 0 0 0 0 0 0 0 0 0 0 0 0 0 0 0 0 0 0 0 0 0 0 0 0 0 0 0 0 0 0 0 0 0 0 0 0 0 0 0 0 0 0 0 0 0 0 0 0 0 0 0 0 0 0 0 0 0 0 0 0 0 0 0 0 0 0 0 0 0 0 0 0 0 0 0 0 0 0 0 0 0 0 0 0 0 0 0 0 0 0 0 0 0 0 0 0 0 0 0 0 0 0 0 0 0 0 0 0 0 0 0 0 0 0 0 0 0 0 0 0 0 0 0 0 0 74 149 170 169 170 173 173 172 173 173 173 173 173 173 170 168 167 167 170 172 173 172 171 170 170 169 169 171 173 172 173 173 172 172 171 170 169 169 170 171 171 170 169 169 168 167 166 165 164 164 164 162 160 158 157 154 151 148 145 141 136 130 125 121 118 114 111 108 107 107 108 110 113 118 121 125 128 130 131 134 136 137 141 143 145 146 147 149 151 152 153 154 155 157 158 159 160 160 162 162 163 164 165 166 166 168 169 169 169 170 171 172 171 172 172 172 173 174 173 172 173 173 173 173 173 173 173 173 174 174 174 174 174 174 60 0 0 0 0 0 0 0 0 0 0 0 0 0 0 0 0 0 0 0 0 0 0 0 0 0 0 0 0 0 0 0 0 0 0 0 0 0 0 0 0 0 0 0 0 0 0 0 0 0 0 0 0 0 0 0 0 0 0 0 0 0 0 0 0 0 0 0 0 0 0 0 0 0 0 0 0 0 0 0 0 0 0 0 0 0 0 0 0 0 0 0 0 0 0 0 0 0 0 0 0 0 0 0 0 0 
0 0 0 0 0 0 0 0 0 0 0 0 0 0 0 0 0 0 0 0 0 0 0 0 0 0 0 0 0 0 0 0 0 0 0 0 0 0 0 0 0 0 0 0 0 0 0 0 0 0 0 0 0 0 0 0 0 0 0 0 0 0 0 0 0 0 0 0 0 0 0 0 0 0 0 0 0 0 0 0 0 0 0 0 0 0 0 0 0 0 0 0 0 0 0 0 0 0 0 0 0 0 0 0 0 0 0 0 0 0 0 0 0 0 0 0 0 0 0 0 0 0 0 0 0 0 0 0 0 0 0 0 0 0 0 0 0 0 0 0 0 0 0 0 0 0 0 0 0 0 0 0 0 0 0 0 0 0 0 0 0 0 0 0 0 0 0 0 0 0 0 0 0 0 0 0 0 0 0 0 0 0 0 0 0 0 0 0 0 0 0 0 0 0 0 0 0 0 0 0 0 0 0 0 0 0 0 0 0 0 0 0 0 0 0 0 0 0 0 0 0 0 0 0 0 0 0 0 0 0 0 0 0 0 0 0 0 0 0 0 0 0 0 0 0 0 0 0 0 0 0 0 0 0 0 0 0 0 0 0 0 0 0 0 0 0 0 0 0 0 0 0 0 0 0 0 0 0 0 0 0 0 0 0 0 0 0 0 0 0 0 0 0 0 0 0 0 0 0 74 149 172 173 172 173 174 174 174 174 173 173 171 168 166 167 169 172 173 172 170 170 170 170 168 171 172 172 172 172 172 172 172 171 169 167 168 170 171 170 169 169 168 167 164 163 163 163 162 161 160 158 156 153 151 147 144 140 136 131 126 122 118 115 113 112 111 111 113 115 118 121 125 128 132 135 137 139 141 143 145 147 149 150 150 153 154 155 156 156 158 159 160 162 162 163 164 165 165 166 167 168 169 169 170 170 171 171 172 172 172 172 172 172 173 173 173 172 173 173 173 173 173 174 173 173 174 174 174 174 174 136 0 0 0 0 0 0 0 0 0 0 0 0 0 0 0 0 0 0 0 0 0 0 0 0 0 0 0 0 0 0 0 0 0 0 0 0 0 0 0 0 0 0 0 0 0 0 0 0 0 0 0 0 0 0 0 0 0 0 0 0 0 0 0 0 0 0 0 0 0 0 0 0 0 0 0 0 0 0 0 0 0 0 0 0 0 0 0 0 0 0 0 0 0 0 0 0 0 0 0 0 0 0 0 0 0 0 
0 0 0 0 0 0 0 0 0 0 0 0 0 0 0 0 0 0 0 0 0 0 0 0 0 0 0 0 0 0 0 0 0 0 0 0 0 0 0 0 0 0 0 0 0 0 0 0 0 0 0 0 0 0 0 0 0 0 0 0 0 0 0 0 0 0 0 0 0 0 0 0 0 0 0 0 0 0 0 0 0 0 0 0 0 0 0 0 0 0 0 0 0 0 0 0 0 0 0 0 0 0 0 0 0 0 0 0 0 0 0 0 0 0 0 0 0 0 0 0 0 0 0 0 0 0 0 0 0 0 0 0 0 0 0 0 0 0 0 0 0 0 0 0 0 0 0 0 0 0 0 0 0 0 0 0 0 0 0 0 0 0 0 0 0 0 0 0 0 0 0 0 0 0 0 0 0 0 0 0 0 0 0 0 0 0 0 0 0 0 0 0 0 0 0 0 0 0 0 0 0 0 0 0 0 0 0 0 0 0 0 0 0 0 0 0 0 0 0 0 0 0 0 0 0 0 0 0 0 0 0 0 0 0 0 0 0 0 0 0 0 0 0 0 0 0 0 0 0 0 0 0 0 0 0 0 0 0 0 0 0 0 0 0 0 0 0 0 0 0 0 0 0 0 0 0 0 0 0 0 0 0 0 0 0 0 0 0 0 0 0 0 0 0 0 0 0 0 0 0 0 70 145 174 174 174 174 174 174 174 174 172 169 167 167 169 171 173 171 170 169 171 171 169 170 171 172 171 171 171 171 171 171 169 167 167 168 170 169 169 169 168 166 164 163 162 161 161 159 159 158 155 152 150 146 143 138 134 131 125 122 119 117 115 115 114 116 117 118 122 125 129 132 136 138 141 143 146 148 149 149 152 153 154 155 157 157 158 159 160 162 163 164 164 165 166 167 167 169 169 169 169 170 171 172 172 172 172 172 172 172 173 172 173 173 173 172 172 173 173 173 173 173 173 173 173 173 174 174 175 60 0 0 0 0 0 0 0 0 0 0 0 0 0 0 0 0 0 0 0 0 0 0 0 0 0 0 0 0 0 0 0 0 0 0 0 0 0 0 0 0 0 0 0 0 0 0 0 0 0 0 0 0 0 0 0 0 0 0 0 0 0 0 0 0 0 0 0 0 0 0 0 0 0 0 0 0 0 0 0 0 0 0 0 0 0 0 0 0 0 0 0 0 0 0 0 0 0 0 0 0 0 0 0 0 0 0 
0 0 0 0 0 0 0 0 0 0 0 0 0 0 0 0 0 0 0 0 0 0 0 0 0 0 0 0 0 0 0 0 0 0 0 0 0 0 0 0 0 0 0 0 0 0 0 0 0 0 0 0 0 0 0 0 0 0 0 0 0 0 0 0 0 0 0 0 0 0 0 0 0 0 0 0 0 0 0 0 0 0 0 0 0 0 0 0 0 0 0 0 0 0 0 0 0 0 0 0 0 0 0 0 0 0 0 0 0 0 0 0 0 0 0 0 0 0 0 0 0 0 0 0 0 0 0 0 0 0 0 0 0 0 0 0 0 0 0 0 0 0 0 0 0 0 0 0 0 0 0 0 0 0 0 0 0 0 0 0 0 0 0 0 0 0 0 0 0 0 0 0 0 0 0 0 0 0 0 0 0 0 0 0 0 0 0 0 0 0 0 0 0 0 0 0 0 0 0 0 0 0 0 0 0 0 0 0 0 0 0 0 0 0 0 0 0 0 0 0 0 0 0 0 0 0 0 0 0 0 0 0 0 0 0 0 0 0 0 0 0 0 0 0 0 0 0 0 0 0 0 0 0 0 0 0 0 0 0 0 0 0 0 0 0 0 0 0 0 0 0 0 0 0 0 0 0 0 0 0 0 0 0 0 0 0 0 0 0 0 0 0 0 0 0 0 0 0 0 0 0 0 0 65 141 175 175 174 175 175 174 173 171 168 167 169 171 172 172 170 168 171 171 168 168 171 171 171 171 172 172 171 170 169 166 166 166 168 169 168 167 166 164 163 162 161 160 159 159 159 156 154 151 148 145 141 137 134 131 126 123 121 119 118 117 117 118 121 123 126 130 133 137 140 143 145 147 149 151 152 153 155 157 157 159 160 160 161 162 162 164 165 166 167 167 168 168 169 169 170 169 171 170 172 172 172 173 172 172 172 173 173 173 173 173 173 173 172 172 172 173 173 173 173 173 174 174 174 174 142 0 0 0 0 0 0 0 0 0 0 0 0 0 0 0 0 0 0 0 0 0 0 0 0 0 0 0 0 0 0 0 0 0 0 0 0 0 0 0 0 0 0 0 0 0 0 0 0 0 0 0 0 0 0 0 0 0 0 0 0 0 0 0 0 0 0 0 0 0 0 0 0 0 0 0 0 0 0 0 0 0 0 0 0 0 0 0 0 0 0 0 0 0 0 0 0 0 0 0 0 0 0 0 0 0 0 0 
0 0 0 0 0 0 0 0 0 0 0 0 0 0 0 0 0 0 0 0 0 0 0 0 0 0 0 0 0 0 0 0 0 0 0 0 0 0 0 0 0 0 0 0 0 0 0 0 0 0 0 0 0 0 0 0 0 0 0 0 0 0 0 0 0 0 0 0 0 0 0 0 0 0 0 0 0 0 0 0 0 0 0 0 0 0 0 0 0 0 0 0 0 0 0 0 0 0 0 0 0 0 0 0 0 0 0 0 0 0 0 0 0 0 0 0 0 0 0 0 0 0 0 0 0 0 0 0 0 0 0 0 0 0 0 0 0 0 0 0 0 0 0 0 0 0 0 0 0 0 0 0 0 0 0 0 0 0 0 0 0 0 0 0 0 0 0 0 0 0 0 0 0 0 0 0 0 0 0 0 0 0 0 0 0 0 0 0 0 0 0 0 0 0 0 0 0 0 0 0 0 0 0 0 0 0 0 0 0 0 0 0 0 0 0 0 0 0 0 0 0 0 0 0 0 0 0 0 0 0 0 0 0 0 0 0 0 0 0 0 0 0 0 0 0 0 0 0 0 0 0 0 0 0 0 0 0 0 0 0 0 0 0 0 0 0 0 0 0 0 0 0 0 0 0 0 0 0 0 0 0 0 0 0 0 0 0 0 0 0 0 0 0 0 0 0 0 0 0 0 0 0 0 0 0 60 137 175 176 176 175 174 173 171 168 169 170 172 172 170 168 170 171 169 168 169 170 171 171 172 171 171 170 169 167 165 165 167 168 168 166 165 164 163 162 160 158 158 158 158 155 152 150 146 143 139 136 134 131 127 124 123 121 119 119 120 122 125 127 131 134 138 142 144 147 148 149 152 154 156 157 158 160 160 161 162 163 164 164 164 165 166 167 168 169 169 170 170 170 170 171 171 171 172 171 173 172 173 172 173 173 173 173 173 173 173 173 173 172 173 173 173 173 173 174 174 173 174 174 65 0 0 0 0 0 0 0 0 0 0 0 0 0 0 0 0 0 0 0 0 0 0 0 0 0 0 0 0 0 0 0 0 0 0 0 0 0 0 0 0 0 0 0 0 0 0 0 0 0 0 0 0 0 0 0 0 0 0 0 0 0 0 0 0 0 0 0 0 0 0 0 0 0 0 0 0 0 0 0 0 0 0 0 0 0 0 0 0 0 0 0 0 0 0 0 0 0 0 0 0 0 0 0 0 0 0 0 
0 0 0 0 0 0 0 0 0 0 0 0 0 0 0 0 0 0 0 0 0 0 0 0 0 0 0 0 0 0 0 0 0 0 0 0 0 0 0 0 0 0 0 0 0 0 0 0 0 0 0 0 0 0 0 0 0 0 0 0 0 0 0 0 0 0 0 0 0 0 0 0 0 0 0 0 0 0 0 0 0 0 0 0 0 0 0 0 0 0 0 0 0 0 0 0 0 0 0 0 0 0 0 0 0 0 0 0 0 0 0 0 0 0 0 0 0 0 0 0 0 0 0 0 0 0 0 0 0 0 0 0 0 0 0 0 0 0 0 0 0 0 0 0 0 0 0 0 0 0 0 0 0 0 0 0 0 0 0 0 0 0 0 0 0 0 0 0 0 0 0 0 0 0 0 0 0 0 0 0 0 0 0 0 0 0 0 0 0 0 0 0 0 0 0 0 0 0 0 0 0 0 0 0 0 0 0 0 0 0 0 0 0 0 0 0 0 0 0 0 0 0 0 0 0 0 0 0 0 0 0 0 0 0 0 0 0 0 0 0 0 0 0 0 0 0 0 0 0 0 0 0 0 0 0 0 0 0 0 0 0 0 0 0 0 0 0 0 0 0 0 0 0 0 0 0 0 0 0 0 0 0 0 0 0 0 0 0 0 0 0 0 0 0 0 0 0 0 0 0 0 0 0 0 0 0 0 60 137 176 175 174 174 171 170 169 169 171 171 170 168 170 171 170 168 167 170 171 171 171 170 170 170 169 168 166 164 165 167 167 166 165 163 162 161 159 157 157 157 155 154 151 148 145 142 138 135 133 130 127 125 123 121 121 122 123 125 128 132 135 138 142 144 147 149 151 153 154 157 159 160 160 161 162 163 164 164 165 165 166 166 167 168 169 169 170 170 171 171 171 171 172 173 172 172 172 172 173 172 172 173 172 173 172 173 173 173 173 173 173 173 173 173 173 173 173 174 173 147 0 0 0 0 0 0 0 0 0 0 0 0 0 0 0 0 0 0 0 0 0 0 0 0 0 0 0 0 0 0 0 0 0 0 0 0 0 0 0 0 0 0 0 0 0 0 0 0 0 0 0 0 0 0 0 0 0 0 0 0 0 0 0 0 0 0 0 0 0 0 0 0 0 0 0 0 0 0 0 0 0 0 0 0 0 0 0 0 0 0 0 0 0 0 0 0 0 0 0 0 0 0 0 0 0 0 0 0 
0 0 0 0 0 0 0 0 0 0 0 0 0 0 0 0 0 0 0 0 0 0 0 0 0 0 0 0 0 0 0 0 0 0 0 0 0 0 0 0 0 0 0 0 0 0 0 0 0 0 0 0 0 0 0 0 0 0 0 0 0 0 0 0 0 0 0 0 0 0 0 0 0 0 0 0 0 0 0 0 0 0 0 0 0 0 0 0 0 0 0 0 0 0 0 0 0 0 0 0 0 0 0 0 0 0 0 0 0 0 0 0 0 0 0 0 0 0 0 0 0 0 0 0 0 0 0 0 0 0 0 0 0 0 0 0 0 0 0 0 0 0 0 0 0 0 0 0 0 0 0 0 0 0 0 0 0 0 0 0 0 0 0 0 0 0 0 0 0 0 0 0 0 0 0 0 0 0 0 0 0 0 0 0 0 0 0 0 0 0 0 0 0 0 0 0 0 0 0 0 0 0 0 0 0 0 0 0 0 0 0 0 0 0 0 0 0 0 0 0 0 0 0 0 0 0 0 0 0 0 0 0 0 0 0 0 0 0 0 0 0 0 0 0 0 0 0 0 0 0 0 0 0 0 0 0 0 0 0 0 0 0 0 0 0 0 0 0 0 0 0 0 0 0 0 0 0 0 0 0 0 0 0 0 0 0 0 0 0 0 0 0 0 0 0 0 0 0 0 0 0 0 0 0 0 0 0 0 0 55 131 175 174 171 170 170 170 172 172 170 169 171 172 170 168 166 168 170 171 171 170 170 170 169 168 166 165 164 165 166 166 164 163 162 160 157 156 156 155 153 152 150 147 144 141 136 135 132 129 126 124 122 122 122 123 125 127 132 135 138 141 145 147 149 152 154 154 156 159 160 161 162 163 164 165 166 166 167 167 167 167 167 168 169 170 170 170 171 171 171 172 172 173 173 172 172 173 173 173 172 172 172 172 172 172 172 172 172 173 173 173 173 173 173 173 173 174 174 70 0 0 0 0 0 0 0 0 0 0 0 0 0 0 0 0 0 0 0 0 0 0 0 0 0 0 0 0 0 0 0 0 0 0 0 0 0 0 0 0 0 0 0 0 0 0 0 0 0 0 0 0 0 0 0 0 0 0 0 0 0 0 0 0 0 0 0 0 0 0 0 0 0 0 0 0 0 0 0 0 0 0 0 0 0 0 0 0 0 0 0 0 0 0 0 0 0 0 0 0 0 0 0 0 0 0 0 0 
0 0 0 0 0 0 0 0 0 0 0 0 0 0 0 0 0 0 0 0 0 0 0 0 0 0 0 0 0 0 0 0 0 0 0 0 0 0 0 0 0 0 0 0 0 0 0 0 0 0 0 0 0 0 0 0 0 0 0 0 0 0 0 0 0 0 0 0 0 0 0 0 0 0 0 0 0 0 0 0 0 0 0 0 0 0 0 0 0 0 0 0 0 0 0 0 0 0 0 0 0 0 0 0 0 0 0 0 0 0 0 0 0 0 0 0 0 0 0 0 0 0 0 0 0 0 0 0 0 0 0 0 0 0 0 0 0 0 0 0 0 0 0 0 0 0 0 0 0 0 0 0 0 0 0 0 0 0 0 0 0 0 0 0 0 0 0 0 0 0 0 0 0 0 0 0 0 0 0 0 0 0 0 0 0 0 0 0 0 0 0 0 0 0 0 0 0 0 0 0 0 0 0 0 0 0 0 0 0 0 0 0 0 0 0 0 0 0 0 0 0 0 0 0 0 0 0 0 0 0 0 0 0 0 0 0 0 0 0 0 0 0 0 0 0 0 0 0 0 0 0 0 0 0 0 0 0 0 0 0 0 0 0 0 0 0 0 0 0 0 0 0 0 0 0 0 0 0 0 0 0 0 0 0 0 0 0 0 0 0 0 0 0 0 0 0 0 0 0 0 0 0 0 0 0 0 0 0 0 0 0 49 125 172 170 169 170 172 172 171 169 170 171 171 169 167 167 169 171 170 170 169 169 169 167 166 164 163 163 164 165 164 162 161 158 156 155 154 153 151 149 148 145 141 137 135 132 129 126 124 122 121 122 123 125 127 130 135 137 141 144 147 150 152 155 156 156 158 160 161 163 164 165 166 166 167 167 168 168 168 168 168 169 170 170 170 172 172 172 172 172 172 173 173 173 173 173 172 172 172 173 173 172 172 172 172 172 172 173 173 173 174 173 173 173 173 173 152 0 0 0 0 0 0 0 0 0 0 0 0 0 0 0 0 0 0 0 0 0 0 0 0 0 0 0 0 0 0 0 0 0 0 0 0 0 0 0 0 0 0 0 0 0 0 0 0 0 0 0 0 0 0 0 0 0 0 0 0 0 0 0 0 0 0 0 0 0 0 0 0 0 0 0 0 0 0 0 0 0 0 0 0 0 0 0 0 0 0 0 0 0 0 0 0 0 0 0 0 0 0 0 0 0 0 0 0 0 
0 0 0 0 0 0 0 0 0 0 0 0 0 0 0 0 0 0 0 0 0 0 0 0 0 0 0 0 0 0 0 0 0 0 0 0 0 0 0 0 0 0 0 0 0 0 0 0 0 0 0 0 0 0 0 0 0 0 0 0 0 0 0 0 0 0 0 0 0 0 0 0 0 0 0 0 0 0 0 0 0 0 0 0 0 0 0 0 0 0 0 0 0 0 0 0 0 0 0 0 0 0 0 0 0 0 0 0 0 0 0 0 0 0 0 0 0 0 0 0 0 0 0 0 0 0 0 0 0 0 0 0 0 0 0 0 0 0 0 0 0 0 0 0 0 0 0 0 0 0 0 0 0 0 0 0 0 0 0 0 0 0 0 0 0 0 0 0 0 0 0 0 0 0 0 0 0 0 0 0 0 0 0 0 0 0 0 0 0 0 0 0 0 0 0 0 0 0 0 0 0 0 0 0 0 0 0 0 0 0 0 0 0 0 0 0 0 0 0 0 0 0 0 0 0 0 0 0 0 0 0 0 0 0 0 0 0 0 0 0 0 0 0 0 0 0 0 0 0 0 0 0 0 0 0 0 0 0 0 0 0 0 0 0 0 0 0 0 0 0 0 0 0 0 0 0 0 0 0 0 0 0 0 0 0 0 0 0 0 0 0 0 0 0 0 0 0 0 0 0 0 0 0 0 0 0 0 0 0 0 0 0 0 48 122 168 170 171 172 171 169 169 171 171 169 167 166 168 170 170 170 169 169 169 167 166 164 163 163 163 162 162 162 160 157 155 153 153 150 147 146 145 142 139 134 132 129 126 123 121 121 121 121 122 125 128 133 137 140 144 147 150 152 155 157 157 158 159 161 162 163 164 165 166 167 168 168 169 169 168 168 169 169 170 171 171 172 171 172 172 172 173 173 173 173 173 173 172 172 172 173 172 172 171 172 173 173 172 172 172 173 173 173 173 173 173 173 76 0 0 0 0 0 0 0 0 0 0 0 0 0 0 0 0 0 0 0 0 0 0 0 0 0 0 0 0 0 0 0 0 0 0 0 0 0 0 0 0 0 0 0 0 0 0 0 0 0 0 0 0 0 0 0 0 0 0 0 0 0 0 0 0 0 0 0 0 0 0 0 0 0 0 0 0 0 0 0 0 0 0 0 0 0 0 0 0 0 0 0 0 0 0 0 0 0 0 0 0 0 0 0 0 0 0 0 0 0 
0 0 0 0 0 0 0 0 0 0 0 0 0 0 0 0 0 0 0 0 0 0 0 0 0 0 0 0 0 0 0 0 0 0 0 0 0 0 0 0 0 0 0 0 0 0 0 0 0 0 0 0 0 0 0 0 0 0 0 0 0 0 0 0 0 0 0 0 0 0 0 0 0 0 0 0 0 0 0 0 0 0 0 0 0 0 0 0 0 0 0 0 0 0 0 0 0 0 0 0 0 0 0 0 0 0 0 0 0 0 0 0 0 0 0 0 0 0 0 0 0 0 0 0 0 0 0 0 0 0 0 0 0 0 0 0 0 0 0 0 0 0 0 0 0 0 0 0 0 0 0 0 0 0 0 0 0 0 0 0 0 0 0 0 0 0 0 0 0 0 0 0 0 0 0 0 0 0 0 0 0 0 0 0 0 0 0 0 0 0 0 0 0 0 0 0 0 0 0 0 0 0 0 0 0 0 0 0 0 0 0 0 0 0 0 0 0 0 0 0 0 0 0 0 0 0 0 0 0 0 0 0 0 0 0 0 0 0 0 0 0 0 0 0 0 0 0 0 0 0 0 0 0 0 0 0 0 0 0 0 0 0 0 0 0 0 0 0 0 0 0 0 0 0 0 0 0 0 0 0 0 0 0 0 0 0 0 0 0 0 0 0 0 0 0 0 0 0 0 0 0 0 0 0 0 0 0 0 0 0 0 0 0 0 0 42 117 170 173 171 169 169 170 170 170 168 166 168 168 169 169 168 168 168 167 166 164 162 162 162 162 160 160 158 156 154 152 151 147 145 143 140 138 135 132 129 126 123 120 118 118 118 120 123 126 129 134 138 142 145 149 151 154 156 157 158 159 161 162 162 163 165 166 166 167 168 169 169 170 169 170 169 170 170 170 171 171 171 171 172 172 172 172 172 172 172 172 172 172 172 172 172 171 171 172 173 173 173 172 172 173 174 173 173 173 173 152 0 0 0 0 0 0 0 0 0 0 0 0 0 0 0 0 0 0 0 0 0 0 0 0 0 0 0 0 0 0 0 0 0 0 0 0 0 0 0 0 0 0 0 0 0 0 0 0 0 0 0 0 0 0 0 0 0 0 0 0 0 0 0 0 0 0 0 0 0 0 0 0 0 0 0 0 0 0 0 0 0 0 0 0 0 0 0 0 0 0 0 0 0 0 0 0 0 0 0 0 0 0 0 0 0 0 0 0 0 0 
0 0 0 0 0 0 0 0 0 0 0 0 0 0 0 0 0 0 0 0 0 0 0 0 0 0 0 0 0 0 0 0 0 0 0 0 0 0 0 0 0 0 0 0 0 0 0 0 0 0 0 0 0 0 0 0 0 0 0 0 0 0 0 0 0 0 0 0 0 0 0 0 0 0 0 0 0 0 0 0 0 0 0 0 0 0 0 0 0 0 0 0 0 0 0 0 0 0 0 0 0 0 0 0 0 0 0 0 0 0 0 0 0 0 0 0 0 0 0 0 0 0 0 0 0 0 0 0 0 0 0 0 0 0 0 0 0 0 0 0 0 0 0 0 0 0 0 0 0 0 0 0 0 0 0 0 0 0 0 0 0 0 0 0 0 0 0 0 0 0 0 0 0 0 0 0 0 0 0 0 0 0 0 0 0 0 0 0 0 0 0 0 0 0 0 0 0 0 0 0 0 0 0 0 0 0 0 0 0 0 0 0 0 0 0 0 0 0 0 0 0 0 0 0 0 0 0 0 0 0 0 0 0 0 0 0 0 0 0 0 0 0 0 0 0 0 0 0 0 0 0 0 0 0 0 0 0 0 0 0 0 0 0 0 0 0 0 0 0 0 0 0 0 0 0 0 0 0 0 0 0 0 0 0 0 0 0 0 0 0 0 0 0 0 0 0 0 0 0 0 0 0 0 0 0 0 0 0 0 0 0 0 0 0 0 0 0 37 113 171 169 168 170 169 170 168 166 166 168 169 168 167 167 167 166 165 164 162 160 160 160 159 158 156 154 152 150 147 144 143 140 137 134 130 129 125 121 118 115 115 115 115 119 123 126 130 135 138 142 146 150 152 154 157 158 160 161 162 162 162 164 166 167 168 168 169 169 170 170 170 170 170 170 170 170 170 171 171 171 172 172 172 171 172 172 172 172 172 172 172 172 172 172 172 173 173 173 172 173 172 173 173 173 173 173 173 75 0 0 0 0 0 0 0 0 0 0 0 0 0 0 0 0 0 0 0 0 0 0 0 0 0 0 0 0 0 0 0 0 0 0 0 0 0 0 0 0 0 0 0 0 0 0 0 0 0 0 0 0 0 0 0 0 0 0 0 0 0 0 0 0 0 0 0 0 0 0 0 0 0 0 0 0 0 0 0 0 0 0 0 0 0 0 0 0 0 0 0 0 0 0 0 0 0 0 0 0 0 0 0 0 0 0 0 0 0 0 
0 0 0 0 0 0 0 0 0 0 0 0 0 0 0 0 0 0 0 0 0 0 0 0 0 0 0 0 0 0 0 0 0 0 0 0 0 0 0 0 0 0 0 0 0 0 0 0 0 0 0 0 0 0 0 0 0 0 0 0 0 0 0 0 0 0 0 0 0 0 0 0 0 0 0 0 0 0 0 0 0 0 0 0 0 0 0 0 0 0 0 0 0 0 0 0 0 0 0 0 0 0 0 0 0 0 0 0 0 0 0 0 0 0 0 0 0 0 0 0 0 0 0 0 0 0 0 0 0 0 0 0 0 0 0 0 0 0 0 0 0 0 0 0 0 0 0 0 0 0 0 0 0 0 0 0 0 0 0 0 0 0 0 0 0 0 0 0 0 0 0 0 0 0 0 0 0 0 0 0 0 0 0 0 0 0 0 0 0 0 0 0 0 0 0 0 0 0 0 0 0 0 0 0 0 0 0 0 0 0 0 0 0 0 0 0 0 0 0 0 0 0 0 0 0 0 0 0 0 0 0 0 0 0 0 0 0 0 0 0 0 0 0 0 0 0 0 0 0 0 0 0 0 0 0 0 0 0 0 0 0 0 0 0 0 0 0 0 0 0 0 0 0 0 0 0 0 0 0 0 0 0 0 0 0 0 0 0 0 0 0 0 0 0 0 0 0 0 0 0 0 0 0 0 0 0 0 0 0 0 0 0 0 0 0 0 0 0 0 32 105 169 170 170 171 169 167 165 166 168 167 167 167 167 166 165 163 161 159 158 159 158 157 154 152 150 147 144 141 139 137 133 130 127 124 120 115 113 111 111 111 112 116 121 126 130 136 138 143 147 151 154 155 157 160 161 163 163 163 164 165 166 167 168 169 169 169 170 170 170 170 170 170 170 170 170 170 171 172 172 172 172 171 172 171 172 172 172 172 172 172 172 172 173 173 173 172 173 173 172 173 173 173 173 174 157 0 0 0 0 0 0 0 0 0 0 0 0 0 0 0 0 0 0 0 0 0 0 0 0 0 0 0 0 0 0 0 0 0 0 0 0 0 0 0 0 0 0 0 0 0 0 0 0 0 0 0 0 0 0 0 0 0 0 0 0 0 0 0 0 0 0 0 0 0 0 0 0 0 0 0 0 0 0 0 0 0 0 0 0 0 0 0 0 0 0 0 0 0 0 0 0 0 0 0 0 0 0 0 0 0 0 0 0 0 0 0 
0 0 0 0 0 0 0 0 0 0 0 0 0 0 0 0 0 0 0 0 0 0 0 0 0 0 0 0 0 0 0 0 0 0 0 0 0 0 0 0 0 0 0 0 0 0 0 0 0 0 0 0 0 0 0 0 0 0 0 0 0 0 0 0 0 0 0 0 0 0 0 0 0 0 0 0 0 0 0 0 0 0 0 0 0 0 0 0 0 0 0 0 0 0 0 0 0 0 0 0 0 0 0 0 0 0 0 0 0 0 0 0 0 0 0 0 0 0 0 0 0 0 0 0 0 0 0 0 0 0 0 0 0 0 0 0 0 0 0 0 0 0 0 0 0 0 0 0 0 0 0 0 0 0 0 0 0 0 0 0 0 0 0 0 0 0 0 0 0 0 0 0 0 0 0 0 0 0 0 0 0 0 0 0 0 0 0 0 0 0 0 0 0 0 0 0 0 0 0 0 0 0 0 0 0 0 0 0 0 0 0 0 0 0 0 0 0 0 0 0 0 0 0 0 0 0 0 0 0 0 0 0 0 0 0 0 0 0 0 0 0 0 0 0 0 0 0 0 0 0 0 0 0 0 0 0 0 0 0 0 0 0 0 0 0 0 0 0 0 0 0 0 0 0 0 0 0 0 0 0 0 0 0 0 0 0 0 0 0 0 0 0 0 0 0 0 0 0 0 0 0 0 0 0 0 0 0 0 0 0 0 0 0 0 0 0 0 0 0 0 0 31 106 171 171 170 168 165 166 167 167 168 168 167 166 164 163 162 160 157 157 158 156 153 151 148 145 141 137 135 132 129 125 122 118 113 110 107 106 107 107 108 113 120 125 129 134 138 144 147 152 155 157 159 160 162 164 164 164 165 165 165 167 168 170 170 170 170 170 170 170 170 170 170 170 170 170 171 171 171 171 171 171 171 172 172 172 172 172 172 173 172 173 172 173 173 173 173 173 173 173 174 173 173 173 81 0 0 0 0 0 0 0 0 0 0 0 0 0 0 0 0 0 0 0 0 0 0 0 0 0 0 0 0 0 0 0 0 0 0 0 0 0 0 0 0 0 0 0 0 0 0 0 0 0 0 0 0 0 0 0 0 0 0 0 0 0 0 0 0 0 0 0 0 0 0 0 0 0 0 0 0 0 0 0 0 0 0 0 0 0 0 0 0 0 0 0 0 0 0 0 0 0 0 0 0 0 0 0 0 0 0 0 0 0 0 0 
0 0 0 0 0 0 0 0 0 0 0 0 0 0 0 0 0 0 0 0 0 0 0 0 0 0 0 0 0 0 0 0 0 0 0 0 0 0 0 0 0 0 0 0 0 0 0 0 0 0 0 0 0 0 0 0 0 0 0 0 0 0 0 0 0 0 0 0 0 0 0 0 0 0 0 0 0 0 0 0 0 0 0 0 0 0 0 0 0 0 0 0 0 0 0 0 0 0 0 0 0 0 0 0 0 0 0 0 0 0 0 0 0 0 0 0 0 0 0 0 0 0 0 0 0 0 0 0 0 0 0 0 0 0 0 0 0 0 0 0 0 0 0 0 0 0 0 0 0 0 0 0 0 0 0 0 0 0 0 0 0 0 0 0 0 0 0 0 0 0 0 0 0 0 0 0 0 0 0 0 0 0 0 0 0 0 0 0 0 0 0 0 0 0 0 0 0 0 0 0 0 0 0 0 0 0 0 0 0 0 0 0 0 0 0 0 0 0 0 0 0 0 0 0 0 0 0 0 0 0 0 0 0 0 0 0 0 0 0 0 0 0 0 0 0 0 0 0 0 0 0 0 0 0 0 0 0 0 0 0 0 0 0 0 0 0 0 0 0 0 0 0 0 0 0 0 0 0 0 0 0 0 0 0 0 0 0 0 0 0 0 0 0 0 0 0 0 0 0 0 0 0 0 0 0 0 0 0 0 0 0 0 0 0 0 0 0 0 0 0 0 0 0 26 102 171 167 165 166 166 167 166 166 166 165 164 162 161 160 156 155 155 154 151 149 146 141 138 134 130 128 125 120 116 111 106 104 102 102 101 103 107 111 117 123 127 132 136 141 146 151 155 157 159 161 163 164 164 165 165 165 165 167 168 169 169 170 171 171 171 170 170 170 170 170 170 170 171 171 171 171 171 171 171 173 172 172 172 172 172 172 173 173 172 173 173 172 173 173 174 174 174 174 174 163 5 0 0 0 0 0 0 0 0 0 0 0 0 0 0 0 0 0 0 0 0 0 0 0 0 0 0 0 0 0 0 0 0 0 0 0 0 0 0 0 0 0 0 0 0 0 0 0 0 0 0 0 0 0 0 0 0 0 0 0 0 0 0 0 0 0 0 0 0 0 0 0 0 0 0 0 0 0 0 0 0 0 0 0 0 0 0 0 0 0 0 0 0 0 0 0 0 0 0 0 0 0 0 0 0 0 0 0 0 0 0 0 
0 0 0 0 0 0 0 0 0 0 0 0 0 0 0 0 0 0 0 0 0 0 0 0 0 0 0 0 0 0 0 0 0 0 0 0 0 0 0 0 0 0 0 0 0 0 0 0 0 0 0 0 0 0 0 0 0 0 0 0 0 0 0 0 0 0 0 0 0 0 0 0 0 0 0 0 0 0 0 0 0 0 0 0 0 0 0 0 0 0 0 0 0 0 0 0 0 0 0 0 0 0 0 0 0 0 0 0 0 0 0 0 0 0 0 0 0 0 0 0 0 0 0 0 0 0 0 0 0 0 0 0 0 0 0 0 0 0 0 0 0 0 0 0 0 0 0 0 0 0 0 0 0 0 0 0 0 0 0 0 0 0 0 0 0 0 0 0 0 0 0 0 0 0 0 0 0 0 0 0 0 0 0 0 0 0 0 0 0 0 0 0 0 0 0 0 0 0 0 0 0 0 0 0 0 0 0 0 0 0 0 0 0 0 0 0 0 0 0 0 0 0 0 0 0 0 0 0 0 0 0 0 0 0 0 0 0 0 0 0 0 0 0 0 0 0 0 0 0 0 0 0 0 0 0 0 0 0 0 0 0 0 0 0 0 0 0 0 0 0 0 0 0 0 0 0 0 0 0 0 0 0 0 0 0 0 0 0 0 0 0 0 0 0 0 0 0 0 0 0 0 0 0 0 0 0 0 0 0 0 0 0 0 0 0 0 0 0 0 0 0 0 0 0 0 21 94 166 165 165 167 165 166 165 164 163 161 160 158 156 153 153 151 149 147 142 138 134 131 127 124 120 114 109 104 100 97 96 96 96 99 103 107 112 119 124 129 134 140 145 149 153 156 159 161 163 164 164 165 166 165 165 167 168 169 169 170 171 171 170 171 171 170 170 170 170 169 170 170 171 171 171 171 172 172 171 172 172 172 172 172 172 173 173 174 173 172 173 174 174 174 174 174 174 87 0 0 0 0 0 0 0 0 0 0 0 0 0 0 0 0 0 0 0 0 0 0 0 0 0 0 0 0 0 0 0 0 0 0 0 0 0 0 0 0 0 0 0 0 0 0 0 0 0 0 0 0 0 0 0 0 0 0 0 0 0 0 0 0 0 0 0 0 0 0 0 0 0 0 0 0 0 0 0 0 0 0 0 0 0 0 0 0 0 0 0 0 0 0 0 0 0 0 0 0 0 0 0 0 0 0 0 0 0 0 0 0 
0 0 0 0 0 0 0 0 0 0 0 0 0 0 0 0 0 0 0 0 0 0 0 0 0 0 0 0 0 0 0 0 0 0 0 0 0 0 0 0 0 0 0 0 0 0 0 0 0 0 0 0 0 0 0 0 0 0 0 0 0 0 0 0 0 0 0 0 0 0 0 0 0 0 0 0 0 0 0 0 0 0 0 0 0 0 0 0 0 0 0 0 0 0 0 0 0 0 0 0 0 0 0 0 0 0 0 0 0 0 0 0 0 0 0 0 0 0 0 0 0 0 0 0 0 0 0 0 0 0 0 0 0 0 0 0 0 0 0 0 0 0 0 0 0 0 0 0 0 0 0 0 0 0 0 0 0 0 0 0 0 0 0 0 0 0 0 0 0 0 0 0 0 0 0 0 0 0 0 0 0 0 0 0 0 0 0 0 0 0 0 0 0 0 0 0 0 0 0 0 0 0 0 0 0 0 0 0 0 0 0 0 0 0 0 0 0 0 0 0 0 0 0 0 0 0 0 0 0 0 0 0 0 0 0 0 0 0 0 0 0 0 0 0 0 0 0 0 0 0 0 0 0 0 0 0 0 0 0 0 0 0 0 0 0 0 0 0 0 0 0 0 0 0 0 0 0 0 0 0 0 0 0 0 0 0 0 0 0 0 0 0 0 0 0 0 0 0 0 0 0 0 0 0 0 0 0 0 0 0 0 0 0 0 0 0 0 0 0 0 0 0 0 0 0 0 0 20 93 166 166 166 166 164 164 163 161 160 157 155 152 150 148 147 144 139 135 131 127 123 119 114 109 103 97 94 91 90 90 91 95 100 104 107 114 121 127 132 138 143 148 151 154 157 159 161 163 165 165 166 166 165 166 168 168 169 169 170 170 170 170 170 170 169 170 169 169 169 170 170 170 171 171 172 172 171 172 172 172 172 173 172 173 173 173 173 174 174 175 174 174 175 174 164 11 0 0 0 0 0 0 0 0 0 0 0 0 0 0 0 0 0 0 0 0 0 0 0 0 0 0 0 0 0 0 0 0 0 0 0 0 0 0 0 0 0 0 0 0 0 0 0 0 0 0 0 0 0 0 0 0 0 0 0 0 0 0 0 0 0 0 0 0 0 0 0 0 0 0 0 0 0 0 0 0 0 0 0 0 0 0 0 0 0 0 0 0 0 0 0 0 0 0 0 0 0 0 0 0 0 0 0 0 0 0 0 0 
0 0 0 0 0 0 0 0 0 0 0 0 0 0 0 0 0 0 0 0 0 0 0 0 0 0 0 0 0 0 0 0 0 0 0 0 0 0 0 0 0 0 0 0 0 0 0 0 0 0 0 0 0 0 0 0 0 0 0 0 0 0 0 0 0 0 0 0 0 0 0 0 0 0 0 0 0 0 0 0 0 0 0 0 0 0 0 0 0 0 0 0 0 0 0 0 0 0 0 0 0 0 0 0 0 0 0 0 0 0 0 0 0 0 0 0 0 0 0 0 0 0 0 0 0 0 0 0 0 0 0 0 0 0 0 0 0 0 0 0 0 0 0 0 0 0 0 0 0 0 0 0 0 0 0 0 0 0 0 0 0 0 0 0 0 0 0 0 0 0 0 0 0 0 0 0 0 0 0 0 0 0 0 0 0 0 0 0 0 0 0 0 0 0 0 0 0 0 0 0 0 0 0 0 0 0 0 0 0 0 0 0 0 0 0 0 0 0 0 0 0 0 0 0 0 0 0 0 0 0 0 0 0 0 0 0 0 0 0 0 0 0 0 0 0 0 0 0 0 0 0 0 0 0 0 0 0 0 0 0 0 0 0 0 0 0 0 0 0 0 0 0 0 0 0 0 0 0 0 0 0 0 0 0 0 0 0 0 0 0 0 0 0 0 0 0 0 0 0 0 0 0 0 0 0 0 0 0 0 0 0 0 0 0 0 0 0 0 0 0 0 0 0 0 0 0 0 0 0 15 88 160 164 164 163 162 160 159 157 154 151 149 146 143 140 136 132 129 124 120 114 108 102 97 93 89 86 85 86 87 91 95 99 102 109 117 123 129 135 141 144 148 151 154 156 160 162 163 164 165 166 166 166 167 168 169 169 169 169 169 171 171 170 169 169 169 169 169 170 170 170 171 171 172 172 171 172 172 172 172 172 173 173 173 173 174 174 175 174 174 175 175 174 87 0 0 0 0 0 0 0 0 0 0 0 0 0 0 0 0 0 0 0 0 0 0 0 0 0 0 0 0 0 0 0 0 0 0 0 0 0 0 0 0 0 0 0 0 0 0 0 0 0 0 0 0 0 0 0 0 0 0 0 0 0 0 0 0 0 0 0 0 0 0 0 0 0 0 0 0 0 0 0 0 0 0 0 0 0 0 0 0 0 0 0 0 0 0 0 0 0 0 0 0 0 0 0 0 0 0 0 0 0 0 0 0 0 
0 0 0 0 0 0 0 0 0 0 0 0 0 0 0 0 0 0 0 0 0 0 0 0 0 0 0 0 0 0 0 0 0 0 0 0 0 0 0 0 0 0 0 0 0 0 0 0 0 0 0 0 0 0 0 0 0 0 0 0 0 0 0 0 0 0 0 0 0 0 0 0 0 0 0 0 0 0 0 0 0 0 0 0 0 0 0 0 0 0 0 0 0 0 0 0 0 0 0 0 0 0 0 0 0 0 0 0 0 0 0 0 0 0 0 0 0 0 0 0 0 0 0 0 0 0 0 0 0 0 0 0 0 0 0 0 0 0 0 0 0 0 0 0 0 0 0 0 0 0 0 0 0 0 0 0 0 0 0 0 0 0 0 0 0 0 0 0 0 0 0 0 0 0 0 0 0 0 0 0 0 0 0 0 0 0 0 0 0 0 0 0 0 0 0 0 0 0 0 0 0 0 0 0 0 0 0 0 0 0 0 0 0 0 0 0 0 0 0 0 0 0 0 0 0 0 0 0 0 0 0 0 0 0 0 0 0 0 0 0 0 0 0 0 0 0 0 0 0 0 0 0 0 0 0 0 0 0 0 0 0 0 0 0 0 0 0 0 0 0 0 0 0 0 0 0 0 0 0 0 0 0 0 0 0 0 0 0 0 0 0 0 0 0 0 0 0 0 0 0 0 0 0 0 0 0 0 0 0 0 0 0 0 0 0 0 0 0 0 0 0 0 0 0 0 0 0 0 0 0 0 10 82 153 162 160 159 157 155 153 150 147 143 140 136 132 129 124 120 115 108 102 97 91 87 83 80 80 80 83 86 90 94 97 105 113 120 125 131 137 141 144 148 150 153 156 158 160 162 163 165 166 165 166 166 167 169 169 169 169 170 170 170 169 169 169 169 170 170 170 171 172 171 171 171 171 172 173 173 173 173 173 173 173 173 174 174 174 174 174 174 175 169 11 0 0 0 0 0 0 0 0 0 0 0 0 0 0 0 0 0 0 0 0 0 0 0 0 0 0 0 0 0 0 0 0 0 0 0 0 0 0 0 0 0 0 0 0 0 0 0 0 0 0 0 0 0 0 0 0 0 0 0 0 0 0 0 0 0 0 0 0 0 0 0 0 0 0 0 0 0 0 0 0 0 0 0 0 0 0 0 0 0 0 0 0 0 0 0 0 0 0 0 0 0 0 0 0 0 0 0 0 0 0 0 0 0 
0 0 0 0 0 0 0 0 0 0 0 0 0 0 0 0 0 0 0 0 0 0 0 0 0 0 0 0 0 0 0 0 0 0 0 0 0 0 0 0 0 0 0 0 0 0 0 0 0 0 0 0 0 0 0 0 0 0 0 0 0 0 0 0 0 0 0 0 0 0 0 0 0 0 0 0 0 0 0 0 0 0 0 0 0 0 0 0 0 0 0 0 0 0 0 0 0 0 0 0 0 0 0 0 0 0 0 0 0 0 0 0 0 0 0 0 0 0 0 0 0 0 0 0 0 0 0 0 0 0 0 0 0 0 0 0 0 0 0 0 0 0 0 0 0 0 0 0 0 0 0 0 0 0 0 0 0 0 0 0 0 0 0 0 0 0 0 0 0 0 0 0 0 0 0 0 0 0 0 0 0 0 0 0 0 0 0 0 0 0 0 0 0 0 0 0 0 0 0 0 0 0 0 0 0 0 0 0 0 0 0 0 0 0 0 0 0 0 0 0 0 0 0 0 0 0 0 0 0 0 0 0 0 0 0 0 0 0 0 0 0 0 0 0 0 0 0 0 0 0 0 0 0 0 0 0 0 0 0 0 0 0 0 0 0 0 0 0 0 0 0 0 0 0 0 0 0 0 0 0 0 0 0 0 0 0 0 0 0 0 0 0 0 0 0 0 0 0 0 0 0 0 0 0 0 0 0 0 0 0 0 0 0 0 0 0 0 0 0 0 0 0 0 0 0 0 0 0 0 0 0 0 0 10 80 149 158 156 153 151 148 144 140 136 132 129 125 121 116 110 104 98 91 86 81 77 75 74 75 78 81 86 91 96 101 109 116 122 127 133 136 140 144 147 150 152 154 157 159 160 162 163 163 164 164 166 168 168 169 169 169 169 169 169 169 169 169 169 170 169 170 171 171 171 172 171 172 173 173 173 174 173 174 174 173 173 174 174 174 174 174 175 93 0 0 0 0 0 0 0 0 0 0 0 0 0 0 0 0 0 0 0 0 0 0 0 0 0 0 0 0 0 0 0 0 0 0 0 0 0 0 0 0 0 0 0 0 0 0 0 0 0 0 0 0 0 0 0 0 0 0 0 0 0 0 0 0 0 0 0 0 0 0 0 0 0 0 0 0 0 0 0 0 0 0 0 0 0 0 0 0 0 0 0 0 0 0 0 0 0 0 0 0 0 0 0 0 0 0 0 0 0 0 0 0 0 0 
0 0 0 0 0 0 0 0 0 0 0 0 0 0 0 0 0 0 0 0 0 0 0 0 0 0 0 0 0 0 0 0 0 0 0 0 0 0 0 0 0 0 0 0 0 0 0 0 0 0 0 0 0 0 0 0 0 0 0 0 0 0 0 0 0 0 0 0 0 0 0 0 0 0 0 0 0 0 0 0 0 0 0 0 0 0 0 0 0 0 0 0 0 0 0 0 0 0 0 0 0 0 0 0 0 0 0 0 0 0 0 0 0 0 0 0 0 0 0 0 0 0 0 0 0 0 0 0 0 0 0 0 0 0 0 0 0 0 0 0 0 0 0 0 0 0 0 0 0 0 0 0 0 0 0 0 0 0 0 0 0 0 0 0 0 0 0 0 0 0 0 0 0 0 0 0 0 0 0 0 0 0 0 0 0 0 0 0 0 0 0 0 0 0 0 0 0 0 0 0 0 0 0 0 0 0 0 0 0 0 0 0 0 0 0 0 0 0 0 0 0 0 0 0 0 0 0 0 0 0 0 0 0 0 0 0 0 0 0 0 0 0 0 0 0 0 0 0 0 0 0 0 0 0 0 0 0 0 0 0 0 0 0 0 0 0 0 0 0 0 0 0 0 0 0 0 0 0 0 0 0 0 0 0 0 0 0 0 0 0 0 0 0 0 0 0 0 0 0 0 0 0 0 0 0 0 0 0 0 0 0 0 0 0 0 0 0 0 0 0 0 0 0 0 0 0 0 0 0 0 0 0 0 0 0 5 73 140 152 150 146 142 137 133 128 125 122 117 112 107 100 94 86 81 77 74 73 72 73 75 78 82 86 91 98 103 111 116 122 127 131 134 139 142 144 147 151 153 154 155 158 159 160 160 161 163 165 166 167 167 168 169 169 169 168 168 169 169 169 169 170 170 171 172 172 172 172 172 173 174 173 173 174 174 174 174 174 174 174 174 175 175 16 0 0 0 0 0 0 0 0 0 0 0 0 0 0 0 0 0 0 0 0 0 0 0 0 0 0 0 0 0 0 0 0 0 0 0 0 0 0 0 0 0 0 0 0 0 0 0 0 0 0 0 0 0 0 0 0 0 0 0 0 0 0 0 0 0 0 0 0 0 0 0 0 0 0 0 0 0 0 0 0 0 0 0 0 0 0 0 0 0 0 0 0 0 0 0 0 0 0 0 0 0 0 0 0 0 0 0 0 0 0 0 0 0 0 
0 0 0 0 0 0 0 0 0 0 0 0 0 0 0 0 0 0 0 0 0 0 0 0 0 0 0 0 0 0 0 0 0 0 0 0 0 0 0 0 0 0 0 0 0 0 0 0 0 0 0 0 0 0 0 0 0 0 0 0 0 0 0 0 0 0 0 0 0 0 0 0 0 0 0 0 0 0 0 0 0 0 0 0 0 0 0 0 0 0 0 0 0 0 0 0 0 0 0 0 0 0 0 0 0 0 0 0 0 0 0 0 0 0 0 0 0 0 0 0 0 0 0 0 0 0 0 0 0 0 0 0 0 0 0 0 0 0 0 0 0 0 0 0 0 0 0 0 0 0 0 0 0 0 0 0 0 0 0 0 0 0 0 0 0 0 0 0 0 0 0 0 0 0 0 0 0 0 0 0 0 0 0 0 0 0 0 0 0 0 0 0 0 0 0 0 0 0 0 0 0 0 0 0 0 0 0 0 0 0 0 0 0 0 0 0 0 0 0 0 0 0 0 0 0 0 0 0 0 0 0 0 0 0 0 0 0 0 0 0 0 0 0 0 0 0 0 0 0 0 0 0 0 0 0 0 0 0 0 0 0 0 0 0 0 0 0 0 0 0 0 0 0 0 0 0 0 0 0 0 0 0 0 0 0 0 0 0 0 0 0 0 0 0 0 0 0 0 0 0 0 0 0 0 0 0 0 0 0 0 0 0 0 0 0 0 0 0 0 0 0 0 0 0 0 0 0 0 0 0 0 0 0 0 0 0 0 0 66 129 144 140 135 130 125 122 117 112 107 103 96 89 83 77 74 72 71 71 71 72 74 78 82 87 92 96 105 110 115 119 124 128 133 135 138 141 145 147 149 151 152 154 155 156 157 158 161 164 164 165 166 167 167 168 168 168 168 168 169 169 170 169 170 171 172 172 173 173 173 174 174 174 173 174 174 174 174 174 174 175 175 99 0 0 0 0 0 0 0 0 0 0 0 0 0 0 0 0 0 0 0 0 0 0 0 0 0 0 0 0 0 0 0 0 0 0 0 0 0 0 0 0 0 0 0 0 0 0 0 0 0 0 0 0 0 0 0 0 0 0 0 0 0 0 0 0 0 0 0 0 0 0 0 0 0 0 0 0 0 0 0 0 0 0 0 0 0 0 0 0 0 0 0 0 0 0 0 0 0 0 0 0 0 0 0 0 0 0 0 0 0 0 0 0 0 0 0 
0 0 0 0 0 0 0 0 0 0 0 0 0 0 0 0 0 0 0 0 0 0 0 0 0 0 0 0 0 0 0 0 0 0 0 0 0 0 0 0 0 0 0 0 0 0 0 0 0 0 0 0 0 0 0 0 0 0 0 0 0 0 0 0 0 0 0 0 0 0 0 0 0 0 0 0 0 0 0 0 0 0 0 0 0 0 0 0 0 0 0 0 0 0 0 0 0 0 0 0 0 0 0 0 0 0 0 0 0 0 0 0 0 0 0 0 0 0 0 0 0 0 0 0 0 0 0 0 0 0 0 0 0 0 0 0 0 0 0 0 0 0 0 0 0 0 0 0 0 0 0 0 0 0 0 0 0 0 0 0 0 0 0 0 0 0 0 0 0 0 0 0 0 0 0 0 0 0 0 0 0 0 0 0 0 0 0 0 0 0 0 0 0 0 0 0 0 0 0 0 0 0 0 0 0 0 0 0 0 0 0 0 0 0 0 0 0 0 0 0 0 0 0 0 0 0 0 0 0 0 0 0 0 0 0 0 0 0 0 0 0 0 0 0 0 0 0 0 0 0 0 0 0 0 0 0 0 0 0 0 0 0 0 0 0 0 0 0 0 0 0 0 0 0 0 0 0 0 0 0 0 0 0 0 0 0 0 0 0 0 0 0 0 0 0 0 0 0 0 0 0 0 0 0 0 0 0 0 0 0 0 0 0 0 0 0 0 0 0 0 0 0 0 0 0 0 0 0 0 0 0 0 0 0 0 0 0 0 0 0 58 116 134 128 123 118 113 108 103 98 93 85 80 76 73 71 69 68 69 70 70 73 76 81 85 90 97 105 109 114 119 123 128 130 134 137 140 141 142 146 148 148 149 151 152 153 156 159 161 162 162 163 165 165 166 166 167 167 166 167 167 169 170 171 171 173 173 173 173 173 174 174 173 173 174 175 175 174 174 174 175 22 0 0 0 0 0 0 0 0 0 0 0 0 0 0 0 0 0 0 0 0 0 0 0 0 0 0 0 0 0 0 0 0 0 0 0 0 0 0 0 0 0 0 0 0 0 0 0 0 0 0 0 0 0 0 0 0 0 0 0 0 0 0 0 0 0 0 0 0 0 0 0 0 0 0 0 0 0 0 0 0 0 0 0 0 0 0 0 0 0 0 0 0 0 0 0 0 0 0 0 0 0 0 0 0 0 0 0 0 0 0 0 0 0 0 0 
0 0 0 0 0 0 0 0 0 0 0 0 0 0 0 0 0 0 0 0 0 0 0 0 0 0 0 0 0 0 0 0 0 0 0 0 0 0 0 0 0 0 0 0 0 0 0 0 0 0 0 0 0 0 0 0 0 0 0 0 0 0 0 0 0 0 0 0 0 0 0 0 0 0 0 0 0 0 0 0 0 0 0 0 0 0 0 0 0 0 0 0 0 0 0 0 0 0 0 0 0 0 0 0 0 0 0 0 0 0 0 0 0 0 0 0 0 0 0 0 0 0 0 0 0 0 0 0 0 0 0 0 0 0 0 0 0 0 0 0 0 0 0 0 0 0 0 0 0 0 0 0 0 0 0 0 0 0 0 0 0 0 0 0 0 0 0 0 0 0 0 0 0 0 0 0 0 0 0 0 0 0 0 0 0 0 0 0 0 0 0 0 0 0 0 0 0 0 0 0 0 0 0 0 0 0 0 0 0 0 0 0 0 0 0 0 0 0 0 0 0 0 0 0 0 0 0 0 0 0 0 0 0 0 0 0 0 0 0 0 0 0 0 0 0 0 0 0 0 0 0 0 0 0 0 0 0 0 0 0 0 0 0 0 0 0 0 0 0 0 0 0 0 0 0 0 0 0 0 0 0 0 0 0 0 0 0 0 0 0 0 0 0 0 0 0 0 0 0 0 0 0 0 0 0 0 0 0 0 0 0 0 0 0 0 0 0 0 0 0 0 0 0 0 0 0 0 0 0 0 0 0 0 0 0 0 0 0 0 0 0 0 53 105 120 115 108 103 99 95 90 83 79 74 73 70 68 67 67 67 68 69 72 75 79 84 91 98 104 110 115 119 124 128 131 134 135 137 139 140 141 143 145 146 147 148 151 154 156 156 158 159 160 161 162 163 164 164 164 165 166 169 170 171 171 172 172 173 173 173 173 174 174 174 174 175 175 175 174 174 104 0 0 0 0 0 0 0 0 0 0 0 0 0 0 0 0 0 0 0 0 0 0 0 0 0 0 0 0 0 0 0 0 0 0 0 0 0 0 0 0 0 0 0 0 0 0 0 0 0 0 0 0 0 0 0 0 0 0 0 0 0 0 0 0 0 0 0 0 0 0 0 0 0 0 0 0 0 0 0 0 0 0 0 0 0 0 0 0 0 0 0 0 0 0 0 0 0 0 0 0 0 0 0 0 0 0 0 0 0 0 0 0 0 0 0 0 
0 0 0 0 0 0 0 0 0 0 0 0 0 0 0 0 0 0 0 0 0 0 0 0 0 0 0 0 0 0 0 0 0 0 0 0 0 0 0 0 0 0 0 0 0 0 0 0 0 0 0 0 0 0 0 0 0 0 0 0 0 0 0 0 0 0 0 0 0 0 0 0 0 0 0 0 0 0 0 0 0 0 0 0 0 0 0 0 0 0 0 0 0 0 0 0 0 0 0 0 0 0 0 0 0 0 0 0 0 0 0 0 0 0 0 0 0 0 0 0 0 0 0 0 0 0 0 0 0 0 0 0 0 0 0 0 0 0 0 0 0 0 0 0 0 0 0 0 0 0 0 0 0 0 0 0 0 0 0 0 0 0 0 0 0 0 0 0 0 0 0 0 0 0 0 0 0 0 0 0 0 0 0 0 0 0 0 0 0 0 0 0 0 0 0 0 0 0 0 0 0 0 0 0 0 0 0 0 0 0 0 0 0 0 0 0 0 0 0 0 0 0 0 0 0 0 0 0 0 0 0 0 0 0 0 0 0 0 0 0 0 0 0 0 0 0 0 0 0 0 0 0 0 0 0 0 0 0 0 0 0 0 0 0 0 0 0 0 0 0 0 0 0 0 0 0 0 0 0 0 0 0 0 0 0 0 0 0 0 0 0 0 0 0 0 0 0 0 0 0 0 0 0 0 0 0 0 0 0 0 0 0 0 0 0 0 0 0 0 0 0 0 0 0 0 0 0 0 0 0 0 0 0 0 0 0 0 0 0 0 0 0 0 0 43 89 104 99 95 91 85 81 77 73 70 69 68 68 68 66 67 66 68 69 74 79 86 93 98 104 111 115 121 125 129 130 131 133 136 136 137 138 140 141 142 143 145 148 151 152 153 154 155 156 157 159 160 161 162 163 164 167 168 170 171 172 173 173 173 173 173 173 174 174 174 174 174 175 174 174 22 0 0 0 0 0 0 0 0 0 0 0 0 0 0 0 0 0 0 0 0 0 0 0 0 0 0 0 0 0 0 0 0 0 0 0 0 0 0 0 0 0 0 0 0 0 0 0 0 0 0 0 0 0 0 0 0 0 0 0 0 0 0 0 0 0 0 0 0 0 0 0 0 0 0 0 0 0 0 0 0 0 0 0 0 0 0 0 0 0 0 0 0 0 0 0 0 0 0 0 0 0 0 0 0 0 0 0 0 0 0 0 0 0 0 0 0 
0 0 0 0 0 0 0 0 0 0 0 0 0 0 0 0 0 0 0 0 0 0 0 0 0 0 0 0 0 0 0 0 0 0 0 0 0 0 0 0 0 0 0 0 0 0 0 0 0 0 0 0 0 0 0 0 0 0 0 0 0 0 0 0 0 0 0 0 0 0 0 0 0 0 0 0 0 0 0 0 0 0 0 0 0 0 0 0 0 0 0 0 0 0 0 0 0 0 0 0 0 0 0 0 0 0 0 0 0 0 0 0 0 0 0 0 0 0 0 0 0 0 0 0 0 0 0 0 0 0 0 0 0 0 0 0 0 0 0 0 0 0 0 0 0 0 0 0 0 0 0 0 0 0 0 0 0 0 0 0 0 0 0 0 0 0 0 0 0 0 0 0 0 0 0 0 0 0 0 0 0 0 0 0 0 0 0 0 0 0 0 0 0 0 0 0 0 0 0 0 0 0 0 0 0 0 0 0 0 0 0 0 0 0 0 0 0 0 0 0 0 0 0 0 0 0 0 0 0 0 0 0 0 0 0 0 0 0 0 0 0 0 0 0 0 0 0 0 0 0 0 0 0 0 0 0 0 0 0 0 0 0 0 0 0 0 0 0 0 0 0 0 0 0 0 0 0 0 0 0 0 0 0 0 0 0 0 0 0 0 0 0 0 0 0 0 0 0 0 0 0 0 0 0 0 0 0 0 0 0 0 0 0 0 0 0 0 0 0 0 0 0 0 0 0 0 0 0 0 0 0 0 0 0 0 0 0 0 0 0 0 0 0 0 0 0 35 74 91 87 83 79 75 72 69 67 68 68 67 66 65 64 64 66 71 76 82 89 94 101 108 114 119 123 126 127 129 130 132 133 134 135 136 137 138 139 140 142 145 147 147 148 149 151 152 154 156 157 159 160 161 163 166 167 169 170 172 173 173 172 173 173 173 174 174 173 174 174 174 103 0 0 0 0 0 0 0 0 0 0 0 0 0 0 0 0 0 0 0 0 0 0 0 0 0 0 0 0 0 0 0 0 0 0 0 0 0 0 0 0 0 0 0 0 0 0 0 0 0 0 0 0 0 0 0 0 0 0 0 0 0 0 0 0 0 0 0 0 0 0 0 0 0 0 0 0 0 0 0 0 0 0 0 0 0 0 0 0 0 0 0 0 0 0 0 0 0 0 0 0 0 0 0 0 0 0 0 0 0 0 0 0 0 0 0 0 0 
0 0 0 0 0 0 0 0 0 0 0 0 0 0 0 0 0 0 0 0 0 0 0 0 0 0 0 0 0 0 0 0 0 0 0 0 0 0 0 0 0 0 0 0 0 0 0 0 0 0 0 0 0 0 0 0 0 0 0 0 0 0 0 0 0 0 0 0 0 0 0 0 0 0 0 0 0 0 0 0 0 0 0 0 0 0 0 0 0 0 0 0 0 0 0 0 0 0 0 0 0 0 0 0 0 0 0 0 0 0 0 0 0 0 0 0 0 0 0 0 0 0 0 0 0 0 0 0 0 0 0 0 0 0 0 0 0 0 0 0 0 0 0 0 0 0 0 0 0 0 0 0 0 0 0 0 0 0 0 0 0 0 0 0 0 0 0 0 0 0 0 0 0 0 0 0 0 0 0 0 0 0 0 0 0 0 0 0 0 0 0 0 0 0 0 0 0 0 0 0 0 0 0 0 0 0 0 0 0 0 0 0 0 0 0 0 0 0 0 0 0 0 0 0 0 0 0 0 0 0 0 0 0 0 0 0 0 0 0 0 0 0 0 0 0 0 0 0 0 0 0 0 0 0 0 0 0 0 0 0 0 0 0 0 0 0 0 0 0 0 0 0 0 0 0 0 0 0 0 0 0 0 0 0 0 0 0 0 0 0 0 0 0 0 0 0 0 0 0 0 0 0 0 0 0 0 0 0 0 0 0 0 0 0 0 0 0 0 0 0 0 0 0 0 0 0 0 0 0 0 0 0 0 0 0 0 0 0 0 0 0 0 0 0 0 0 0 0 30 65 82 79 76 73 70 69 69 68 67 66 65 64 63 66 70 75 80 88 93 102 110 114 117 122 125 126 127 129 130 131 131 132 133 134 135 136 136 137 140 142 142 142 143 144 146 148 149 152 154 156 158 160 163 165 167 168 170 171 172 173 173 174 174 173 174 173 173 174 174 27 0 0 0 0 0 0 0 0 0 0 0 0 0 0 0 0 0 0 0 0 0 0 0 0 0 0 0 0 0 0 0 0 0 0 0 0 0 0 0 0 0 0 0 0 0 0 0 0 0 0 0 0 0 0 0 0 0 0 0 0 0 0 0 0 0 0 0 0 0 0 0 0 0 0 0 0 0 0 0 0 0 0 0 0 0 0 0 0 0 0 0 0 0 0 0 0 0 0 0 0 0 0 0 0 0 0 0 0 0 0 0 0 0 0 0 0 0 
0 0 0 0 0 0 0 0 0 0 0 0 0 0 0 0 0 0 0 0 0 0 0 0 0 0 0 0 0 0 0 0 0 0 0 0 0 0 0 0 0 0 0 0 0 0 0 0 0 0 0 0 0 0 0 0 0 0 0 0 0 0 0 0 0 0 0 0 0 0 0 0 0 0 0 0 0 0 0 0 0 0 0 0 0 0 0 0 0 0 0 0 0 0 0 0 0 0 0 0 0 0 0 0 0 0 0 0 0 0 0 0 0 0 0 0 0 0 0 0 0 0 0 0 0 0 0 0 0 0 0 0 0 0 0 0 0 0 0 0 0 0 0 0 0 0 0 0 0 0 0 0 0 0 0 0 0 0 0 0 0 0 0 0 0 0 0 0 0 0 0 0 0 0 0 0 0 0 0 0 0 0 0 0 0 0 0 0 0 0 0 0 0 0 0 0 0 0 0 0 0 0 0 0 0 0 0 0 0 0 0 0 0 0 0 0 0 0 0 0 0 0 0 0 0 0 0 0 0 0 0 0 0 0 0 0 0 0 0 0 0 0 0 0 0 0 0 0 0 0 0 0 0 0 0 0 0 0 0 0 0 0 0 0 0 0 0 0 0 0 0 0 0 0 0 0 0 0 0 0 0 0 0 0 0 0 0 0 0 0 0 0 0 0 0 0 0 0 0 0 0 0 0 0 0 0 0 0 0 0 0 0 0 0 0 0 0 0 0 0 0 0 0 0 0 0 0 0 0 0 0 0 0 0 0 0 0 0 0 0 0 0 0 0 0 0 0 0 0 0 25 59 78 75 71 72 72 71 70 68 67 66 66 68 71 76 83 89 96 104 111 115 119 123 126 127 127 128 129 129 130 130 131 132 133 133 133 134 136 138 138 138 138 139 140 141 144 145 147 150 152 155 158 161 164 166 168 170 172 172 172 173 173 173 174 173 173 173 109 0 0 0 0 0 0 0 0 0 0 0 0 0 0 0 0 0 0 0 0 0 0 0 0 0 0 0 0 0 0 0 0 0 0 0 0 0 0 0 0 0 0 0 0 0 0 0 0 0 0 0 0 0 0 0 0 0 0 0 0 0 0 0 0 0 0 0 0 0 0 0 0 0 0 0 0 0 0 0 0 0 0 0 0 0 0 0 0 0 0 0 0 0 0 0 0 0 0 0 0 0 0 0 0 0 0 0 0 0 0 0 0 0 0 0 0 0 0 
0 0 0 0 0 0 0 0 0 0 0 0 0 0 0 0 0 0 0 0 0 0 0 0 0 0 0 0 0 0 0 0 0 0 0 0 0 0 0 0 0 0 0 0 0 0 0 0 0 0 0 0 0 0 0 0 0 0 0 0 0 0 0 0 0 0 0 0 0 0 0 0 0 0 0 0 0 0 0 0 0 0 0 0 0 0 0 0 0 0 0 0 0 0 0 0 0 0 0 0 0 0 0 0 0 0 0 0 0 0 0 0 0 0 0 0 0 0 0 0 0 0 0 0 0 0 0 0 0 0 0 0 0 0 0 0 0 0 0 0 0 0 0 0 0 0 0 0 0 0 0 0 0 0 0 0 0 0 0 0 0 0 0 0 0 0 0 0 0 0 0 0 0 0 0 0 0 0 0 0 0 0 0 0 0 0 0 0 0 0 0 0 0 0 0 0 0 0 0 0 0 0 0 0 0 0 0 0 0 0 0 0 0 0 0 0 0 0 0 0 0 0 0 0 0 0 0 0 0 0 0 0 0 0 0 0 0 0 0 0 0 0 0 0 0 0 0 0 0 0 0 0 0 0 0 0 0 0 0 0 0 0 0 0 0 0 0 0 0 0 0 0 0 0 0 0 0 0 0 0 0 0 0 0 0 0 0 0 0 0 0 0 0 0 0 0 0 0 0 0 0 0 0 0 0 0 0 0 0 0 0 0 0 0 0 0 0 0 0 0 0 0 0 0 0 0 0 0 0 0 0 0 0 0 0 0 0 0 0 0 0 0 0 0 0 0 0 0 0 0 0 0 22 56 76 75 74 73 72 71 70 69 70 72 75 81 88 94 101 108 115 119 123 127 129 130 129 129 130 130 130 129 130 131 131 131 131 132 132 134 135 134 134 135 135 137 139 139 142 144 146 150 153 156 159 162 164 167 169 170 171 172 171 172 173 173 172 174 33 0 0 0 0 0 0 0 0 0 0 0 0 0 0 0 0 0 0 0 0 0 0 0 0 0 0 0 0 0 0 0 0 0 0 0 0 0 0 0 0 0 0 0 0 0 0 0 0 0 0 0 0 0 0 0 0 0 0 0 0 0 0 0 0 0 0 0 0 0 0 0 0 0 0 0 0 0 0 0 0 0 0 0 0 0 0 0 0 0 0 0 0 0 0 0 0 0 0 0 0 0 0 0 0 0 0 0 0 0 0 0 0 0 0 0 0 0 0 
0 0 0 0 0 0 0 0 0 0 0 0 0 0 0 0 0 0 0 0 0 0 0 0 0 0 0 0 0 0 0 0 0 0 0 0 0 0 0 0 0 0 0 0 0 0 0 0 0 0 0 0 0 0 0 0 0 0 0 0 0 0 0 0 0 0 0 0 0 0 0 0 0 0 0 0 0 0 0 0 0 0 0 0 0 0 0 0 0 0 0 0 0 0 0 0 0 0 0 0 0 0 0 0 0 0 0 0 0 0 0 0 0 0 0 0 0 0 0 0 0 0 0 0 0 0 0 0 0 0 0 0 0 0 0 0 0 0 0 0 0 0 0 0 0 0 0 0 0 0 0 0 0 0 0 0 0 0 0 0 0 0 0 0 0 0 0 0 0 0 0 0 0 0 0 0 0 0 0 0 0 0 0 0 0 0 0 0 0 0 0 0 0 0 0 0 0 0 0 0 0 0 0 0 0 0 0 0 0 0 0 0 0 0 0 0 0 0 0 0 0 0 0 0 0 0 0 0 0 0 0 0 0 0 0 0 0 0 0 0 0 0 0 0 0 0 0 0 0 0 0 0 0 0 0 0 0 0 0 0 0 0 0 0 0 0 0 0 0 0 0 0 0 0 0 0 0 0 0 0 0 0 0 0 0 0 0 0 0 0 0 0 0 0 0 0 0 0 0 0 0 0 0 0 0 0 0 0 0 0 0 0 0 0 0 0 0 0 0 0 0 0 0 0 0 0 0 0 0 0 0 0 0 0 0 0 0 0 0 0 0 0 0 0 0 0 0 0 0 0 0 0 0 0 19 56 78 76 75 75 73 73 74 77 80 87 94 102 109 116 123 126 129 133 134 134 135 135 134 133 132 131 132 132 132 131 131 131 131 132 132 132 132 131 131 133 134 136 137 139 142 144 148 152 154 157 159 162 165 166 168 169 170 170 171 171 172 113 0 0 0 0 0 0 0 0 0 0 0 0 0 0 0 0 0 0 0 0 0 0 0 0 0 0 0 0 0 0 0 0 0 0 0 0 0 0 0 0 0 0 0 0 0 0 0 0 0 0 0 0 0 0 0 0 0 0 0 0 0 0 0 0 0 0 0 0 0 0 0 0 0 0 0 0 0 0 0 0 0 0 0 0 0 0 0 0 0 0 0 0 0 0 0 0 0 0 0 0 0 0 0 0 0 0 0 0 0 0 0 0 0 0 0 0 0 0 0 
0 0 0 0 0 0 0 0 0 0 0 0 0 0 0 0 0 0 0 0 0 0 0 0 0 0 0 0 0 0 0 0 0 0 0 0 0 0 0 0 0 0 0 0 0 0 0 0 0 0 0 0 0 0 0 0 0 0 0 0 0 0 0 0 0 0 0 0 0 0 0 0 0 0 0 0 0 0 0 0 0 0 0 0 0 0 0 0 0 0 0 0 0 0 0 0 0 0 0 0 0 0 0 0 0 0 0 0 0 0 0 0 0 0 0 0 0 0 0 0 0 0 0 0 0 0 0 0 0 0 0 0 0 0 0 0 0 0 0 0 0 0 0 0 0 0 0 0 0 0 0 0 0 0 0 0 0 0 0 0 0 0 0 0 0 0 0 0 0 0 0 0 0 0 0 0 0 0 0 0 0 0 0 0 0 0 0 0 0 0 0 0 0 0 0 0 0 0 0 0 0 0 0 0 0 0 0 0 0 0 0 0 0 0 0 0 0 0 0 0 0 0 0 0 0 0 0 0 0 0 0 0 0 0 0 0 0 0 0 0 0 0 0 0 0 0 0 0 0 0 0 0 0 0 0 0 0 0 0 0 0 0 0 0 0 0 0 0 0 0 0 0 0 0 0 0 0 0 0 0 0 0 0 0 0 0 0 0 0 0 0 0 0 0 0 0 0 0 0 0 0 0 0 0 0 0 0 0 0 0 0 0 0 0 0 0 0 0 0 0 0 0 0 0 0 0 0 0 0 0 0 0 0 0 0 0 0 0 0 0 0 0 0 0 0 0 0 0 0 0 0 0 0 0 0 0 20 55 80 78 77 77 77 79 85 92 100 108 117 123 129 134 137 141 143 142 142 141 140 138 137 135 134 135 134 133 133 132 132 132 131 131 130 129 129 131 131 132 134 137 139 142 145 147 150 152 153 157 160 162 164 165 166 167 169 169 170 37 0 0 0 0 0 0 0 0 0 0 0 0 0 0 0 0 0 0 0 0 0 0 0 0 0 0 0 0 0 0 0 0 0 0 0 0 0 0 0 0 0 0 0 0 0 0 0 0 0 0 0 0 0 0 0 0 0 0 0 0 0 0 0 0 0 0 0 0 0 0 0 0 0 0 0 0 0 0 0 0 0 0 0 0 0 0 0 0 0 0 0 0 0 0 0 0 0 0 0 0 0 0 0 0 0 0 0 0 0 0 0 0 0 0 0 0 0 0 0 
0 0 0 0 0 0 0 0 0 0 0 0 0 0 0 0 0 0 0 0 0 0 0 0 0 0 0 0 0 0 0 0 0 0 0 0 0 0 0 0 0 0 0 0 0 0 0 0 0 0 0 0 0 0 0 0 0 0 0 0 0 0 0 0 0 0 0 0 0 0 0 0 0 0 0 0 0 0 0 0 0 0 0 0 0 0 0 0 0 0 0 0 0 0 0 0 0 0 0 0 0 0 0 0 0 0 0 0 0 0 0 0 0 0 0 0 0 0 0 0 0 0 0 0 0 0 0 0 0 0 0 0 0 0 0 0 0 0 0 0 0 0 0 0 0 0 0 0 0 0 0 0 0 0 0 0 0 0 0 0 0 0 0 0 0 0 0 0 0 0 0 0 0 0 0 0 0 0 0 0 0 0 0 0 0 0 0 0 0 0 0 0 0 0 0 0 0 0 0 0 0 0 0 0 0 0 0 0 0 0 0 0 0 0 0 0 0 0 0 0 0 0 0 0 0 0 0 0 0 0 0 0 0 0 0 0 0 0 0 0 0 0 0 0 0 0 0 0 0 0 0 0 0 0 0 0 0 0 0 0 0 0 0 0 0 0 0 0 0 0 0 0 0 0 0 0 0 0 0 0 0 0 0 0 0 0 0 0 0 0 0 0 0 0 0 0 0 0 0 0 0 0 0 0 0 0 0 0 0 0 0 0 0 0 0 0 0 0 0 0 0 0 0 0 0 0 0 0 0 0 0 0 0 0 0 0 0 0 0 0 0 0 0 0 0 0 0 0 0 0 0 0 0 0 0 0 0 0 17 53 80 79 80 82 88 97 106 114 123 129 136 141 145 148 150 150 149 148 146 145 143 141 139 139 138 137 137 135 134 134 133 131 130 128 129 129 129 131 133 135 138 140 143 145 147 148 150 153 155 158 159 161 161 163 164 165 109 0 0 0 0 0 0 0 0 0 0 0 0 0 0 0 0 0 0 0 0 0 0 0 0 0 0 0 0 0 0 0 0 0 0 0 0 0 0 0 0 0 0 0 0 0 0 0 0 0 0 0 0 0 0 0 0 0 0 0 0 0 0 0 0 0 0 0 0 0 0 0 0 0 0 0 0 0 0 0 0 0 0 0 0 0 0 0 0 0 0 0 0 0 0 0 0 0 0 0 0 0 0 0 0 0 0 0 0 0 0 0 0 0 0 0 0 0 0 0 0 
0 0 0 0 0 0 0 0 0 0 0 0 0 0 0 0 0 0 0 0 0 0 0 0 0 0 0 0 0 0 0 0 0 0 0 0 0 0 0 0 0 0 0 0 0 0 0 0 0 0 0 0 0 0 0 0 0 0 0 0 0 0 0 0 0 0 0 0 0 0 0 0 0 0 0 0 0 0 0 0 0 0 0 0 0 0 0 0 0 0 0 0 0 0 0 0 0 0 0 0 0 0 0 0 0 0 0 0 0 0 0 0 0 0 0 0 0 0 0 0 0 0 0 0 0 0 0 0 0 0 0 0 0 0 0 0 0 0 0 0 0 0 0 0 0 0 0 0 0 0 0 0 0 0 0 0 0 0 0 0 0 0 0 0 0 0 0 0 0 0 0 0 0 0 0 0 0 0 0 0 0 0 0 0 0 0 0 0 0 0 0 0 0 0 0 0 0 0 0 0 0 0 0 0 0 0 0 0 0 0 0 0 0 0 0 0 0 0 0 0 0 0 0 0 0 0 0 0 0 0 0 0 0 0 0 0 0 0 0 0 0 0 0 0 0 0 0 0 0 0 0 0 0 0 0 0 0 0 0 0 0 0 0 0 0 0 0 0 0 0 0 0 0 0 0 0 0 0 0 0 0 0 0 0 0 0 0 0 0 0 0 0 0 0 0 0 0 0 0 0 0 0 0 0 0 0 0 0 0 0 0 0 0 0 0 0 0 0 0 0 0 0 0 0 0 0 0 0 0 0 0 0 0 0 0 0 0 0 0 0 0 0 0 0 0 0 0 0 0 0 0 0 0 0 0 0 0 0 0 0 15 51 84 85 91 100 110 120 128 135 141 147 151 154 155 156 155 155 154 152 151 149 147 145 143 142 142 141 139 138 136 134 132 129 129 130 131 132 133 135 138 139 141 143 145 146 147 150 152 153 155 157 157 158 160 161 35 0 0 0 0 0 0 0 0 0 0 0 0 0 0 0 0 0 0 0 0 0 0 0 0 0 0 0 0 0 0 0 0 0 0 0 0 0 0 0 0 0 0 0 0 0 0 0 0 0 0 0 0 0 0 0 0 0 0 0 0 0 0 0 0 0 0 0 0 0 0 0 0 0 0 0 0 0 0 0 0 0 0 0 0 0 0 0 0 0 0 0 0 0 0 0 0 0 0 0 0 0 0 0 0 0 0 0 0 0 0 0 0 0 0 0 0 0 0 0 0 
0 0 0 0 0 0 0 0 0 0 0 0 0 0 0 0 0 0 0 0 0 0 0 0 0 0 0 0 0 0 0 0 0 0 0 0 0 0 0 0 0 0 0 0 0 0 0 0 0 0 0 0 0 0 0 0 0 0 0 0 0 0 0 0 0 0 0 0 0 0 0 0 0 0 0 0 0 0 0 0 0 0 0 0 0 0 0 0 0 0 0 0 0 0 0 0 0 0 0 0 0 0 0 0 0 0 0 0 0 0 0 0 0 0 0 0 0 0 0 0 0 0 0 0 0 0 0 0 0 0 0 0 0 0 0 0 0 0 0 0 0 0 0 0 0 0 0 0 0 0 0 0 0 0 0 0 0 0 0 0 0 0 0 0 0 0 0 0 0 0 0 0 0 0 0 0 0 0 0 0 0 0 0 0 0 0 0 0 0 0 0 0 0 0 0 0 0 0 0 0 0 0 0 0 0 0 0 0 0 0 0 0 0 0 0 0 0 0 0 0 0 0 0 0 0 0 0 0 0 0 0 0 0 0 0 0 0 0 0 0 0 0 0 0 0 0 0 0 0 0 0 0 0 0 0 0 0 0 0 0 0 0 0 0 0 0 0 0 0 0 0 0 0 0 0 0 0 0 0 0 0 0 0 0 0 0 0 0 0 0 0 0 0 0 0 0 0 0 0 0 0 0 0 0 0 0 0 0 0 0 0 0 0 0 0 0 0 0 0 0 0 0 0 0 0 0 0 0 0 0 0 0 0 0 0 0 0 0 0 0 0 0 0 0 0 0 0 0 0 0 0 0 0 0 0 0 0 0 0 0 0 0 16 55 94 102 112 122 132 138 145 150 154 157 159 160 160 160 159 158 156 155 154 152 150 149 148 147 145 143 141 139 137 134 133 133 134 135 135 136 138 139 141 141 142 143 145 147 149 150 152 153 153 154 155 108 0 0 0 0 0 0 0 0 0 0 0 0 0 0 0 0 0 0 0 0 0 0 0 0 0 0 0 0 0 0 0 0 0 0 0 0 0 0 0 0 0 0 0 0 0 0 0 0 0 0 0 0 0 0 0 0 0 0 0 0 0 0 0 0 0 0 0 0 0 0 0 0 0 0 0 0 0 0 0 0 0 0 0 0 0 0 0 0 0 0 0 0 0 0 0 0 0 0 0 0 0 0 0 0 0 0 0 0 0 0 0 0 0 0 0 0 0 0 0 0 0 
0 0 0 0 0 0 0 0 0 0 0 0 0 0 0 0 0 0 0 0 0 0 0 0 0 0 0 0 0 0 0 0 0 0 0 0 0 0 0 0 0 0 0 0 0 0 0 0 0 0 0 0 0 0 0 0 0 0 0 0 0 0 0 0 0 0 0 0 0 0 0 0 0 0 0 0 0 0 0 0 0 0 0 0 0 0 0 0 0 0 0 0 0 0 0 0 0 0 0 0 0 0 0 0 0 0 0 0 0 0 0 0 0 0 0 0 0 0 0 0 0 0 0 0 0 0 0 0 0 0 0 0 0 0 0 0 0 0 0 0 0 0 0 0 0 0 0 0 0 0 0 0 0 0 0 0 0 0 0 0 0 0 0 0 0 0 0 0 0 0 0 0 0 0 0 0 0 0 0 0 0 0 0 0 0 0 0 0 0 0 0 0 0 0 0 0 0 0 0 0 0 0 0 0 0 0 0 0 0 0 0 0 0 0 0 0 0 0 0 0 0 0 0 0 0 0 0 0 0 0 0 0 0 0 0 0 0 0 0 0 0 0 0 0 0 0 0 0 0 0 0 0 0 0 0 0 0 0 0 0 0 0 0 0 0 0 0 0 0 0 0 0 0 0 0 0 0 0 0 0 0 0 0 0 0 0 0 0 0 0 0 0 0 0 0 0 0 0 0 0 0 0 0 0 0 0 0 0 0 0 0 0 0 0 0 0 0 0 0 0 0 0 0 0 0 0 0 0 0 0 0 0 0 0 0 0 0 0 0 0 0 0 0 0 0 0 0 0 0 0 0 0 0 0 0 0 0 0 0 0 0 0 0 0 15 62 113 122 131 138 145 150 155 160 163 164 164 163 163 162 162 160 159 158 157 155 154 153 151 150 148 147 144 140 138 138 138 138 137 138 139 140 142 141 142 144 144 146 147 148 150 151 151 151 152 38 0 0 0 0 0 0 0 0 0 0 0 0 0 0 0 0 0 0 0 0 0 0 0 0 0 0 0 0 0 0 0 0 0 0 0 0 0 0 0 0 0 0 0 0 0 0 0 0 0 0 0 0 0 0 0 0 0 0 0 0 0 0 0 0 0 0 0 0 0 0 0 0 0 0 0 0 0 0 0 0 0 0 0 0 0 0 0 0 0 0 0 0 0 0 0 0 0 0 0 0 0 0 0 0 0 0 0 0 0 0 0 0 0 0 0 0 0 0 0 0 0 
0 0 0 0 0 0 0 0 0 0 0 0 0 0 0 0 0 0 0 0 0 0 0 0 0 0 0 0 0 0 0 0 0 0 0 0 0 0 0 0 0 0 0 0 0 0 0 0 0 0 0 0 0 0 0 0 0 0 0 0 0 0 0 0 0 0 0 0 0 0 0 0 0 0 0 0 0 0 0 0 0 0 0 0 0 0 0 0 0 0 0 0 0 0 0 0 0 0 0 0 0 0 0 0 0 0 0 0 0 0 0 0 0 0 0 0 0 0 0 0 0 0 0 0 0 0 0 0 0 0 0 0 0 0 0 0 0 0 0 0 0 0 0 0 0 0 0 0 0 0 0 0 0 0 0 0 0 0 0 0 0 0 0 0 0 0 0 0 0 0 0 0 0 0 0 0 0 0 0 0 0 0 0 0 0 0 0 0 0 0 0 0 0 0 0 0 0 0 0 0 0 0 0 0 0 0 0 0 0 0 0 0 0 0 0 0 0 0 0 0 0 0 0 0 0 0 0 0 0 0 0 0 0 0 0 0 0 0 0 0 0 0 0 0 0 0 0 0 0 0 0 0 0 0 0 0 0 0 0 0 0 0 0 0 0 0 0 0 0 0 0 0 0 0 0 0 0 0 0 0 0 0 0 0 0 0 0 0 0 0 0 0 0 0 0 0 0 0 0 0 0 0 0 0 0 0 0 0 0 0 0 0 0 0 0 0 0 0 0 0 0 0 0 0 0 0 0 0 0 0 0 0 0 0 0 0 0 0 0 0 0 0 0 0 0 0 0 0 0 0 0 0 0 0 0 0 0 0 0 0 0 0 0 0 0 0 14 70 131 138 144 151 156 161 164 166 166 167 167 167 166 166 165 163 162 162 161 160 158 156 156 155 152 148 145 143 143 142 141 141 141 142 142 142 143 144 144 144 145 147 149 150 150 150 108 0 0 0 0 0 0 0 0 0 0 0 0 0 0 0 0 0 0 0 0 0 0 0 0 0 0 0 0 0 0 0 0 0 0 0 0 0 0 0 0 0 0 0 0 0 0 0 0 0 0 0 0 0 0 0 0 0 0 0 0 0 0 0 0 0 0 0 0 0 0 0 0 0 0 0 0 0 0 0 0 0 0 0 0 0 0 0 0 0 0 0 0 0 0 0 0 0 0 0 0 0 0 0 0 0 0 0 0 0 0 0 0 0 0 0 0 0 0 0 0 0 0 
0 0 0 0 0 0 0 0 0 0 0 0 0 0 0 0 0 0 0 0 0 0 0 0 0 0 0 0 0 0 0 0 0 0 0 0 0 0 0 0 0 0 0 0 0 0 0 0 0 0 0 0 0 0 0 0 0 0 0 0 0 0 0 0 0 0 0 0 0 0 0 0 0 0 0 0 0 0 0 0 0 0 0 0 0 0 0 0 0 0 0 0 0 0 0 0 0 0 0 0 0 0 0 0 0 0 0 0 0 0 0 0 0 0 0 0 0 0 0 0 0 0 0 0 0 0 0 0 0 0 0 0 0 0 0 0 0 0 0 0 0 0 0 0 0 0 0 0 0 0 0 0 0 0 0 0 0 0 0 0 0 0 0 0 0 0 0 0 0 0 0 0 0 0 0 0 0 0 0 0 0 0 0 0 0 0 0 0 0 0 0 0 0 0 0 0 0 0 0 0 0 0 0 0 0 0 0 0 0 0 0 0 0 0 0 0 0 0 0 0 0 0 0 0 0 0 0 0 0 0 0 0 0 0 0 0 0 0 0 0 0 0 0 0 0 0 0 0 0 0 0 0 0 0 0 0 0 0 0 0 0 0 0 0 0 0 0 0 0 0 0 0 0 0 0 0 0 0 0 0 0 0 0 0 0 0 0 0 0 0 0 0 0 0 0 0 0 0 0 0 0 0 0 0 0 0 0 0 0 0 0 0 0 0 0 0 0 0 0 0 0 0 0 0 0 0 0 0 0 0 0 0 0 0 0 0 0 0 0 0 0 0 0 0 0 0 0 0 0 0 0 0 0 0 0 0 0 0 0 0 0 0 0 0 0 0 0 0 16 79 145 151 157 162 165 166 167 167 168 168 169 169 168 168 166 166 166 165 164 162 162 161 159 155 152 150 149 147 146 145 145 145 144 144 145 145 144 144 145 146 147 148 149 149 41 0 0 0 0 0 0 0 0 0 0 0 0 0 0 0 0 0 0 0 0 0 0 0 0 0 0 0 0 0 0 0 0 0 0 0 0 0 0 0 0 0 0 0 0 0 0 0 0 0 0 0 0 0 0 0 0 0 0 0 0 0 0 0 0 0 0 0 0 0 0 0 0 0 0 0 0 0 0 0 0 0 0 0 0 0 0 0 0 0 0 0 0 0 0 0 0 0 0 0 0 0 0 0 0 0 0 0 0 0 0 0 0 0 0 0 0 0 0 0 0 0 0 
0 0 0 0 0 0 0 0 0 0 0 0 0 0 0 0 0 0 0 0 0 0 0 0 0 0 0 0 0 0 0 0 0 0 0 0 0 0 0 0 0 0 0 0 0 0 0 0 0 0 0 0 0 0 0 0 0 0 0 0 0 0 0 0 0 0 0 0 0 0 0 0 0 0 0 0 0 0 0 0 0 0 0 0 0 0 0 0 0 0 0 0 0 0 0 0 0 0 0 0 0 0 0 0 0 0 0 0 0 0 0 0 0 0 0 0 0 0 0 0 0 0 0 0 0 0 0 0 0 0 0 0 0 0 0 0 0 0 0 0 0 0 0 0 0 0 0 0 0 0 0 0 0 0 0 0 0 0 0 0 0 0 0 0 0 0 0 0 0 0 0 0 0 0 0 0 0 0 0 0 0 0 0 0 0 0 0 0 0 0 0 0 0 0 0 0 0 0 0 0 0 0 0 0 0 0 0 0 0 0 0 0 0 0 0 0 0 0 0 0 0 0 0 0 0 0 0 0 0 0 0 0 0 0 0 0 0 0 0 0 0 0 0 0 0 0 0 0 0 0 0 0 0 0 0 0 0 0 0 0 0 0 0 0 0 0 0 0 0 0 0 0 0 0 0 0 0 0 0 0 0 0 0 0 0 0 0 0 0 0 0 0 0 0 0 0 0 0 0 0 0 0 0 0 0 0 0 0 0 0 0 0 0 0 0 0 0 0 0 0 0 0 0 0 0 0 0 0 0 0 0 0 0 0 0 0 0 0 0 0 0 0 0 0 0 0 0 0 0 0 0 0 0 0 0 0 0 0 0 0 0 0 0 0 0 0 0 0 0 0 13 81 152 162 164 166 168 168 169 169 169 170 170 170 169 169 169 168 168 167 167 166 164 161 158 156 154 153 152 150 149 148 148 147 146 146 145 145 145 145 145 146 147 106 0 0 0 0 0 0 0 0 0 0 0 0 0 0 0 0 0 0 0 0 0 0 0 0 0 0 0 0 0 0 0 0 0 0 0 0 0 0 0 0 0 0 0 0 0 0 0 0 0 0 0 0 0 0 0 0 0 0 0 0 0 0 0 0 0 0 0 0 0 0 0 0 0 0 0 0 0 0 0 0 0 0 0 0 0 0 0 0 0 0 0 0 0 0 0 0 0 0 0 0 0 0 0 0 0 0 0 0 0 0 0 0 0 0 0 0 0 0 0 0 0 0 0 
0 0 0 0 0 0 0 0 0 0 0 0 0 0 0 0 0 0 0 0 0 0 0 0 0 0 0 0 0 0 0 0 0 0 0 0 0 0 0 0 0 0 0 0 0 0 0 0 0 0 0 0 0 0 0 0 0 0 0 0 0 0 0 0 0 0 0 0 0 0 0 0 0 0 0 0 0 0 0 0 0 0 0 0 0 0 0 0 0 0 0 0 0 0 0 0 0 0 0 0 0 0 0 0 0 0 0 0 0 0 0 0 0 0 0 0 0 0 0 0 0 0 0 0 0 0 0 0 0 0 0 0 0 0 0 0 0 0 0 0 0 0 0 0 0 0 0 0 0 0 0 0 0 0 0 0 0 0 0 0 0 0 0 0 0 0 0 0 0 0 0 0 0 0 0 0 0 0 0 0 0 0 0 0 0 0 0 0 0 0 0 0 0 0 0 0 0 0 0 0 0 0 0 0 0 0 0 0 0 0 0 0 0 0 0 0 0 0 0 0 0 0 0 0 0 0 0 0 0 0 0 0 0 0 0 0 0 0 0 0 0 0 0 0 0 0 0 0 0 0 0 0 0 0 0 0 0 0 0 0 0 0 0 0 0 0 0 0 0 0 0 0 0 0 0 0 0 0 0 0 0 0 0 0 0 0 0 0 0 0 0 0 0 0 0 0 0 0 0 0 0 0 0 0 0 0 0 0 0 0 0 0 0 0 0 0 0 0 0 0 0 0 0 0 0 0 0 0 0 0 0 0 0 0 0 0 0 0 0 0 0 0 0 0 0 0 0 0 0 0 0 0 0 0 0 0 0 0 0 0 0 0 0 0 0 0 0 0 0 0 0 0 10 81 155 167 168 169 170 170 170 171 171 170 170 170 170 170 170 169 169 168 167 165 163 161 160 159 157 156 154 154 153 151 150 149 149 148 147 146 146 146 147 41 0 0 0 0 0 0 0 0 0 0 0 0 0 0 0 0 0 0 0 0 0 0 0 0 0 0 0 0 0 0 0 0 0 0 0 0 0 0 0 0 0 0 0 0 0 0 0 0 0 0 0 0 0 0 0 0 0 0 0 0 0 0 0 0 0 0 0 0 0 0 0 0 0 0 0 0 0 0 0 0 0 0 0 0 0 0 0 0 0 0 0 0 0 0 0 0 0 0 0 0 0 0 0 0 0 0 0 0 0 0 0 0 0 0 0 0 0 0 0 0 0 0 0 
0 0 0 0 0 0 0 0 0 0 0 0 0 0 0 0 0 0 0 0 0 0 0 0 0 0 0 0 0 0 0 0 0 0 0 0 0 0 0 0 0 0 0 0 0 0 0 0 0 0 0 0 0 0 0 0 0 0 0 0 0 0 0 0 0 0 0 0 0 0 0 0 0 0 0 0 0 0 0 0 0 0 0 0 0 0 0 0 0 0 0 0 0 0 0 0 0 0 0 0 0 0 0 0 0 0 0 0 0 0 0 0 0 0 0 0 0 0 0 0 0 0 0 0 0 0 0 0 0 0 0 0 0 0 0 0 0 0 0 0 0 0 0 0 0 0 0 0 0 0 0 0 0 0 0 0 0 0 0 0 0 0 0 0 0 0 0 0 0 0 0 0 0 0 0 0 0 0 0 0 0 0 0 0 0 0 0 0 0 0 0 0 0 0 0 0 0 0 0 0 0 0 0 0 0 0 0 0 0 0 0 0 0 0 0 0 0 0 0 0 0 0 0 0 0 0 0 0 0 0 0 0 0 0 0 0 0 0 0 0 0 0 0 0 0 0 0 0 0 0 0 0 0 0 0 0 0 0 0 0 0 0 0 0 0 0 0 0 0 0 0 0 0 0 0 0 0 0 0 0 0 0 0 0 0 0 0 0 0 0 0 0 0 0 0 0 0 0 0 0 0 0 0 0 0 0 0 0 0 0 0 0 0 0 0 0 0 0 0 0 0 0 0 0 0 0 0 0 0 0 0 0 0 0 0 0 0 0 0 0 0 0 0 0 0 0 0 0 0 0 0 0 0 0 0 0 0 0 0 0 0 0 0 0 0 0 0 0 0 0 0 0 0 0 5 78 152 170 169 169 170 172 171 170 170 170 170 170 170 170 170 169 168 168 167 164 163 163 162 161 159 158 158 156 155 154 152 151 150 149 148 148 111 0 0 0 0 0 0 0 0 0 0 0 0 0 0 0 0 0 0 0 0 0 0 0 0 0 0 0 0 0 0 0 0 0 0 0 0 0 0 0 0 0 0 0 0 0 0 0 0 0 0 0 0 0 0 0 0 0 0 0 0 0 0 0 0 0 0 0 0 0 0 0 0 0 0 0 0 0 0 0 0 0 0 0 0 0 0 0 0 0 0 0 0 0 0 0 0 0 0 0 0 0 0 0 0 0 0 0 0 0 0 0 0 0 0 0 0 0 0 0 0 0 0 0 0 
0 0 0 0 0 0 0 0 0 0 0 0 0 0 0 0 0 0 0 0 0 0 0 0 0 0 0 0 0 0 0 0 0 0 0 0 0 0 0 0 0 0 0 0 0 0 0 0 0 0 0 0 0 0 0 0 0 0 0 0 0 0 0 0 0 0 0 0 0 0 0 0 0 0 0 0 0 0 0 0 0 0 0 0 0 0 0 0 0 0 0 0 0 0 0 0 0 0 0 0 0 0 0 0 0 0 0 0 0 0 0 0 0 0 0 0 0 0 0 0 0 0 0 0 0 0 0 0 0 0 0 0 0 0 0 0 0 0 0 0 0 0 0 0 0 0 0 0 0 0 0 0 0 0 0 0 0 0 0 0 0 0 0 0 0 0 0 0 0 0 0 0 0 0 0 0 0 0 0 0 0 0 0 0 0 0 0 0 0 0 0 0 0 0 0 0 0 0 0 0 0 0 0 0 0 0 0 0 0 0 0 0 0 0 0 0 0 0 0 0 0 0 0 0 0 0 0 0 0 0 0 0 0 0 0 0 0 0 0 0 0 0 0 0 0 0 0 0 0 0 0 0 0 0 0 0 0 0 0 0 0 0 0 0 0 0 0 0 0 0 0 0 0 0 0 0 0 0 0 0 0 0 0 0 0 0 0 0 0 0 0 0 0 0 0 0 0 0 0 0 0 0 0 0 0 0 0 0 0 0 0 0 0 0 0 0 0 0 0 0 0 0 0 0 0 0 0 0 0 0 0 0 0 0 0 0 0 0 0 0 0 0 0 0 0 0 0 0 0 0 0 0 0 0 0 0 0 0 0 0 0 0 0 0 0 0 0 0 0 0 0 0 0 0 0 0 5 79 152 169 170 170 169 169 170 171 170 170 170 170 171 169 169 169 169 166 166 166 167 166 163 164 163 162 160 159 157 155 154 153 152 151 46 0 0 0 0 0 0 0 0 0 0 0 0 0 0 0 0 0 0 0 0 0 0 0 0 0 0 0 0 0 0 0 0 0 0 0 0 0 0 0 0 0 0 0 0 0 0 0 0 0 0 0 0 0 0 0 0 0 0 0 0 0 0 0 0 0 0 0 0 0 0 0 0 0 0 0 0 0 0 0 0 0 0 0 0 0 0 0 0 0 0 0 0 0 0 0 0 0 0 0 0 0 0 0 0 0 0 0 0 0 0 0 0 0 0 0 0 0 0 0 0 0 0 0 0 
0 0 0 0 0 0 0 0 0 0 0 0 0 0 0 0 0 0 0 0 0 0 0 0 0 0 0 0 0 0 0 0 0 0 0 0 0 0 0 0 0 0 0 0 0 0 0 0 0 0 0 0 0 0 0 0 0 0 0 0 0 0 0 0 0 0 0 0 0 0 0 0 0 0 0 0 0 0 0 0 0 0 0 0 0 0 0 0 0 0 0 0 0 0 0 0 0 0 0 0 0 0 0 0 0 0 0 0 0 0 0 0 0 0 0 0 0 0 0 0 0 0 0 0 0 0 0 0 0 0 0 0 0 0 0 0 0 0 0 0 0 0 0 0 0 0 0 0 0 0 0 0 0 0 0 0 0 0 0 0 0 0 0 0 0 0 0 0 0 0 0 0 0 0 0 0 0 0 0 0 0 0 0 0 0 0 0 0 0 0 0 0 0 0 0 0 0 0 0 0 0 0 0 0 0 0 0 0 0 0 0 0 0 0 0 0 0 0 0 0 0 0 0 0 0 0 0 0 0 0 0 0 0 0 0 0 0 0 0 0 0 0 0 0 0 0 0 0 0 0 0 0 0 0 0 0 0 0 0 0 0 0 0 0 0 0 0 0 0 0 0 0 0 0 0 0 0 0 0 0 0 0 0 0 0 0 0 0 0 0 0 0 0 0 0 0 0 0 0 0 0 0 0 0 0 0 0 0 0 0 0 0 0 0 0 0 0 0 0 0 0 0 0 0 0 0 0 0 0 0 0 0 0 0 0 0 0 0 0 0 0 0 0 0 0 0 0 0 0 0 0 0 0 0 0 0 0 0 0 0 0 0 0 0 0 0 0 0 0 0 0 0 0 0 0 0 0 0 0 74 148 168 168 167 169 169 169 168 169 170 169 169 169 170 169 168 167 168 168 167 166 167 167 166 164 163 162 161 159 157 156 121 0 0 0 0 0 0 0 0 0 0 0 0 0 0 0 0 0 0 0 0 0 0 0 0 0 0 0 0 0 0 0 0 0 0 0 0 0 0 0 0 0 0 0 0 0 0 0 0 0 0 0 0 0 0 0 0 0 0 0 0 0 0 0 0 0 0 0 0 0 0 0 0 0 0 0 0 0 0 0 0 0 0 0 0 0 0 0 0 0 0 0 0 0 0 0 0 0 0 0 0 0 0 0 0 0 0 0 0 0 0 0 0 0 0 0 0 0 0 0 0 0 0 0 0 0 
0 0 0 0 0 0 0 0 0 0 0 0 0 0 0 0 0 0 0 0 0 0 0 0 0 0 0 0 0 0 0 0 0 0 0 0 0 0 0 0 0 0 0 0 0 0 0 0 0 0 0 0 0 0 0 0 0 0 0 0 0 0 0 0 0 0 0 0 0 0 0 0 0 0 0 0 0 0 0 0 0 0 0 0 0 0 0 0 0 0 0 0 0 0 0 0 0 0 0 0 0 0 0 0 0 0 0 0 0 0 0 0 0 0 0 0 0 0 0 0 0 0 0 0 0 0 0 0 0 0 0 0 0 0 0 0 0 0 0 0 0 0 0 0 0 0 0 0 0 0 0 0 0 0 0 0 0 0 0 0 0 0 0 0 0 0 0 0 0 0 0 0 0 0 0 0 0 0 0 0 0 0 0 0 0 0 0 0 0 0 0 0 0 0 0 0 0 0 0 0 0 0 0 0 0 0 0 0 0 0 0 0 0 0 0 0 0 0 0 0 0 0 0 0 0 0 0 0 0 0 0 0 0 0 0 0 0 0 0 0 0 0 0 0 0 0 0 0 0 0 0 0 0 0 0 0 0 0 0 0 0 0 0 0 0 0 0 0 0 0 0 0 0 0 0 0 0 0 0 0 0 0 0 0 0 0 0 0 0 0 0 0 0 0 0 0 0 0 0 0 0 0 0 0 0 0 0 0 0 0 0 0 0 0 0 0 0 0 0 0 0 0 0 0 0 0 0 0 0 0 0 0 0 0 0 0 0 0 0 0 0 0 0 0 0 0 0 0 0 0 0 0 0 0 0 0 0 0 0 0 0 0 0 0 0 0 0 0 0 0 0 0 0 0 0 0 0 0 0 0 0 68 140 166 167 166 167 167 168 168 168 168 168 169 168 168 167 168 169 168 168 169 169 168 167 166 166 166 163 163 162 54 0 0 0 0 0 0 0 0 0 0 0 0 0 0 0 0 0 0 0 0 0 0 0 0 0 0 0 0 0 0 0 0 0 0 0 0 0 0 0 0 0 0 0 0 0 0 0 0 0 0 0 0 0 0 0 0 0 0 0 0 0 0 0 0 0 0 0 0 0 0 0 0 0 0 0 0 0 0 0 0 0 0 0 0 0 0 0 0 0 0 0 0 0 0 0 0 0 0 0 0 0 0 0 0 0 0 0 0 0 0 0 0 0 0 0 0 0 0 0 0 0 0 0 0 0 
0 0 0 0 0 0 0 0 0 0 0 0 0 0 0 0 0 0 0 0 0 0 0 0 0 0 0 0 0 0 0 0 0 0 0 0 0 0 0 0 0 0 0 0 0 0 0 0 0 0 0 0 0 0 0 0 0 0 0 0 0 0 0 0 0 0 0 0 0 0 0 0 0 0 0 0 0 0 0 0 0 0 0 0 0 0 0 0 0 0 0 0 0 0 0 0 0 0 0 0 0 0 0 0 0 0 0 0 0 0 0 0 0 0 0 0 0 0 0 0 0 0 0 0 0 0 0 0 0 0 0 0 0 0 0 0 0 0 0 0 0 0 0 0 0 0 0 0 0 0 0 0 0 0 0 0 0 0 0 0 0 0 0 0 0 0 0 0 0 0 0 0 0 0 0 0 0 0 0 0 0 0 0 0 0 0 0 0 0 0 0 0 0 0 0 0 0 0 0 0 0 0 0 0 0 0 0 0 0 0 0 0 0 0 0 0 0 0 0 0 0 0 0 0 0 0 0 0 0 0 0 0 0 0 0 0 0 0 0 0 0 0 0 0 0 0 0 0 0 0 0 0 0 0 0 0 0 0 0 0 0 0 0 0 0 0 0 0 0 0 0 0 0 0 0 0 0 0 0 0 0 0 0 0 0 0 0 0 0 0 0 0 0 0 0 0 0 0 0 0 0 0 0 0 0 0 0 0 0 0 0 0 0 0 0 0 0 0 0 0 0 0 0 0 0 0 0 0 0 0 0 0 0 0 0 0 0 0 0 0 0 0 0 0 0 0 0 0 0 0 0 0 0 0 0 0 0 0 0 0 0 0 0 0 0 0 0 0 0 0 0 0 0 0 0 0 0 0 0 0 0 0 0 67 139 164 164 165 166 166 166 166 167 167 167 167 167 167 167 167 168 170 170 169 168 169 169 168 166 166 134 0 0 0 0 0 0 0 0 0 0 0 0 0 0 0 0 0 0 0 0 0 0 0 0 0 0 0 0 0 0 0 0 0 0 0 0 0 0 0 0 0 0 0 0 0 0 0 0 0 0 0 0 0 0 0 0 0 0 0 0 0 0 0 0 0 0 0 0 0 0 0 0 0 0 0 0 0 0 0 0 0 0 0 0 0 0 0 0 0 0 0 0 0 0 0 0 0 0 0 0 0 0 0 0 0 0 0 0 0 0 0 0 0 0 0 0 0 0 0 0 0 0 0 0 0 0 
0 0 0 0 0 0 0 0 0 0 0 0 0 0 0 0 0 0 0 0 0 0 0 0 0 0 0 0 0 0 0 0 0 0 0 0 0 0 0 0 0 0 0 0 0 0 0 0 0 0 0 0 0 0 0 0 0 0 0 0 0 0 0 0 0 0 0 0 0 0 0 0 0 0 0 0 0 0 0 0 0 0 0 0 0 0 0 0 0 0 0 0 0 0 0 0 0 0 0 0 0 0 0 0 0 0 0 0 0 0 0 0 0 0 0 0 0 0 0 0 0 0 0 0 0 0 0 0 0 0 0 0 0 0 0 0 0 0 0 0 0 0 0 0 0 0 0 0 0 0 0 0 0 0 0 0 0 0 0 0 0 0 0 0 0 0 0 0 0 0 0 0 0 0 0 0 0 0 0 0 0 0 0 0 0 0 0 0 0 0 0 0 0 0 0 0 0 0 0 0 0 0 0 0 0 0 0 0 0 0 0 0 0 0 0 0 0 0 0 0 0 0 0 0 0 0 0 0 0 0 0 0 0 0 0 0 0 0 0 0 0 0 0 0 0 0 0 0 0 0 0 0 0 0 0 0 0 0 0 0 0 0 0 0 0 0 0 0 0 0 0 0 0 0 0 0 0 0 0 0 0 0 0 0 0 0 0 0 0 0 0 0 0 0 0 0 0 0 0 0 0 0 0 0 0 0 0 0 0 0 0 0 0 0 0 0 0 0 0 0 0 0 0 0 0 0 0 0 0 0 0 0 0 0 0 0 0 0 0 0 0 0 0 0 0 0 0 0 0 0 0 0 0 0 0 0 0 0 0 0 0 0 0 0 0 0 0 0 0 0 0 0 0 0 0 0 0 0 0 0 0 0 0 0 0 61 131 163 163 162 163 164 165 165 165 165 166 166 165 165 167 169 169 168 169 170 170 168 168 169 63 0 0 0 0 0 0 0 0 0 0 0 0 0 0 0 0 0 0 0 0 0 0 0 0 0 0 0 0 0 0 0 0 0 0 0 0 0 0 0 0 0 0 0 0 0 0 0 0 0 0 0 0 0 0 0 0 0 0 0 0 0 0 0 0 0 0 0 0 0 0 0 0 0 0 0 0 0 0 0 0 0 0 0 0 0 0 0 0 0 0 0 0 0 0 0 0 0 0 0 0 0 0 0 0 0 0 0 0 0 0 0 0 0 0 0 0 0 0 0 0 0 0 0 0 0 0 
0 0 0 0 0 0 0 0 0 0 0 0 0 0 0 0 0 0 0 0 0 0 0 0 0 0 0 0 0 0 0 0 0 0 0 0 0 0 0 0 0 0 0 0 0 0 0 0 0 0 0 0 0 0 0 0 0 0 0 0 0 0 0 0 0 0 0 0 0 0 0 0 0 0 0 0 0 0 0 0 0 0 0 0 0 0 0 0 0 0 0 0 0 0 0 0 0 0 0 0 0 0 0 0 0 0 0 0 0 0 0 0 0 0 0 0 0 0 0 0 0 0 0 0 0 0 0 0 0 0 0 0 0 0 0 0 0 0 0 0 0 0 0 0 0 0 0 0 0 0 0 0 0 0 0 0 0 0 0 0 0 0 0 0 0 0 0 0 0 0 0 0 0 0 0 0 0 0 0 0 0 0 0 0 0 0 0 0 0 0 0 0 0 0 0 0 0 0 0 0 0 0 0 0 0 0 0 0 0 0 0 0 0 0 0 0 0 0 0 0 0 0 0 0 0 0 0 0 0 0 0 0 0 0 0 0 0 0 0 0 0 0 0 0 0 0 0 0 0 0 0 0 0 0 0 0 0 0 0 0 0 0 0 0 0 0 0 0 0 0 0 0 0 0 0 0 0 0 0 0 0 0 0 0 0 0 0 0 0 0 0 0 0 0 0 0 0 0 0 0 0 0 0 0 0 0 0 0 0 0 0 0 0 0 0 0 0 0 0 0 0 0 0 0 0 0 0 0 0 0 0 0 0 0 0 0 0 0 0 0 0 0 0 0 0 0 0 0 0 0 0 0 0 0 0 0 0 0 0 0 0 0 0 0 0 0 0 0 0 0 0 0 0 0 0 0 0 0 0 0 0 0 0 0 0 0 0 55 125 158 159 160 162 162 162 162 163 164 162 163 165 167 166 167 168 169 169 169 170 139 0 0 0 0 0 0 0 0 0 0 0 0 0 0 0 0 0 0 0 0 0 0 0 0 0 0 0 0 0 0 0 0 0 0 0 0 0 0 0 0 0 0 0 0 0 0 0 0 0 0 0 0 0 0 0 0 0 0 0 0 0 0 0 0 0 0 0 0 0 0 0 0 0 0 0 0 0 0 0 0 0 0 0 0 0 0 0 0 0 0 0 0 0 0 0 0 0 0 0 0 0 0 0 0 0 0 0 0 0 0 0 0 0 0 0 0 0 0 0 0 0 0 0 0 0 0 0 
0 0 0 0 0 0 0 0 0 0 0 0 0 0 0 0 0 0 0 0 0 0 0 0 0 0 0 0 0 0 0 0 0 0 0 0 0 0 0 0 0 0 0 0 0 0 0 0 0 0 0 0 0 0 0 0 0 0 0 0 0 0 0 0 0 0 0 0 0 0 0 0 0 0 0 0 0 0 0 0 0 0 0 0 0 0 0 0 0 0 0 0 0 0 0 0 0 0 0 0 0 0 0 0 0 0 0 0 0 0 0 0 0 0 0 0 0 0 0 0 0 0 0 0 0 0 0 0 0 0 0 0 0 0 0 0 0 0 0 0 0 0 0 0 0 0 0 0 0 0 0 0 0 0 0 0 0 0 0 0 0 0 0 0 0 0 0 0 0 0 0 0 0 0 0 0 0 0 0 0 0 0 0 0 0 0 0 0 0 0 0 0 0 0 0 0 0 0 0 0 0 0 0 0 0 0 0 0 0 0 0 0 0 0 0 0 0 0 0 0 0 0 0 0 0 0 0 0 0 0 0 0 0 0 0 0 0 0 0 0 0 0 0 0 0 0 0 0 0 0 0 0 0 0 0 0 0 0 0 0 0 0 0 0 0 0 0 0 0 0 0 0 0 0 0 0 0 0 0 0 0 0 0 0 0 0 0 0 0 0 0 0 0 0 0 0 0 0 0 0 0 0 0 0 0 0 0 0 0 0 0 0 0 0 0 0 0 0 0 0 0 0 0 0 0 0 0 0 0 0 0 0 0 0 0 0 0 0 0 0 0 0 0 0 0 0 0 0 0 0 0 0 0 0 0 0 0 0 0 0 0 0 0 0 0 0 0 0 0 0 0 0 0 0 0 0 0 0 0 0 0 0 0 0 0 0 0 0 0 54 122 157 158 158 158 159 161 161 160 161 162 163 164 165 166 167 168 168 169 64 0 0 0 0 0 0 0 0 0 0 0 0 0 0 0 0 0 0 0 0 0 0 0 0 0 0 0 0 0 0 0 0 0 0 0 0 0 0 0 0 0 0 0 0 0 0 0 0 0 0 0 0 0 0 0 0 0 0 0 0 0 0 0 0 0 0 0 0 0 0 0 0 0 0 0 0 0 0 0 0 0 0 0 0 0 0 0 0 0 0 0 0 0 0 0 0 0 0 0 0 0 0 0 0 0 0 0 0 0 0 0 0 0 0 0 0 0 0 0 0 0 0 0 0 0 0 0 
0 0 0 0 0 0 0 0 0 0 0 0 0 0 0 0 0 0 0 0 0 0 0 0 0 0 0 0 0 0 0 0 0 0 0 0 0 0 0 0 0 0 0 0 0 0 0 0 0 0 0 0 0 0 0 0 0 0 0 0 0 0 0 0 0 0 0 0 0 0 0 0 0 0 0 0 0 0 0 0 0 0 0 0 0 0 0 0 0 0 0 0 0 0 0 0 0 0 0 0 0 0 0 0 0 0 0 0 0 0 0 0 0 0 0 0 0 0 0 0 0 0 0 0 0 0 0 0 0 0 0 0 0 0 0 0 0 0 0 0 0 0 0 0 0 0 0 0 0 0 0 0 0 0 0 0 0 0 0 0 0 0 0 0 0 0 0 0 0 0 0 0 0 0 0 0 0 0 0 0 0 0 0 0 0 0 0 0 0 0 0 0 0 0 0 0 0 0 0 0 0 0 0 0 0 0 0 0 0 0 0 0 0 0 0 0 0 0 0 0 0 0 0 0 0 0 0 0 0 0 0 0 0 0 0 0 0 0 0 0 0 0 0 0 0 0 0 0 0 0 0 0 0 0 0 0 0 0 0 0 0 0 0 0 0 0 0 0 0 0 0 0 0 0 0 0 0 0 0 0 0 0 0 0 0 0 0 0 0 0 0 0 0 0 0 0 0 0 0 0 0 0 0 0 0 0 0 0 0 0 0 0 0 0 0 0 0 0 0 0 0 0 0 0 0 0 0 0 0 0 0 0 0 0 0 0 0 0 0 0 0 0 0 0 0 0 0 0 0 0 0 0 0 0 0 0 0 0 0 0 0 0 0 0 0 0 0 0 0 0 0 0 0 0 0 0 0 0 0 0 0 0 0 0 0 0 0 0 0 0 0 49 116 155 155 155 156 156 157 157 159 159 161 163 163 165 165 166 141 0 0 0 0 0 0 0 0 0 0 0 0 0 0 0 0 0 0 0 0 0 0 0 0 0 0 0 0 0 0 0 0 0 0 0 0 0 0 0 0 0 0 0 0 0 0 0 0 0 0 0 0 0 0 0 0 0 0 0 0 0 0 0 0 0 0 0 0 0 0 0 0 0 0 0 0 0 0 0 0 0 0 0 0 0 0 0 0 0 0 0 0 0 0 0 0 0 0 0 0 0 0 0 0 0 0 0 0 0 0 0 0 0 0 0 0 0 0 0 0 0 0 0 0 0 0 0 0 
0 0 0 0 0 0 0 0 0 0 0 0 0 0 0 0 0 0 0 0 0 0 0 0 0 0 0 0 0 0 0 0 0 0 0 0 0 0 0 0 0 0 0 0 0 0 0 0 0 0 0 0 0 0 0 0 0 0 0 0 0 0 0 0 0 0 0 0 0 0 0 0 0 0 0 0 0 0 0 0 0 0 0 0 0 0 0 0 0 0 0 0 0 0 0 0 0 0 0 0 0 0 0 0 0 0 0 0 0 0 0 0 0 0 0 0 0 0 0 0 0 0 0 0 0 0 0 0 0 0 0 0 0 0 0 0 0 0 0 0 0 0 0 0 0 0 0 0 0 0 0 0 0 0 0 0 0 0 0 0 0 0 0 0 0 0 0 0 0 0 0 0 0 0 0 0 0 0 0 0 0 0 0 0 0 0 0 0 0 0 0 0 0 0 0 0 0 0 0 0 0 0 0 0 0 0 0 0 0 0 0 0 0 0 0 0 0 0 0 0 0 0 0 0 0 0 0 0 0 0 0 0 0 0 0 0 0 0 0 0 0 0 0 0 0 0 0 0 0 0 0 0 0 0 0 0 0 0 0 0 0 0 0 0 0 0 0 0 0 0 0 0 0 0 0 0 0 0 0 0 0 0 0 0 0 0 0 0 0 0 0 0 0 0 0 0 0 0 0 0 0 0 0 0 0 0 0 0 0 0 0 0 0 0 0 0 0 0 0 0 0 0 0 0 0 0 0 0 0 0 0 0 0 0 0 0 0 0 0 0 0 0 0 0 0 0 0 0 0 0 0 0 0 0 0 0 0 0 0 0 0 0 0 0 0 0 0 0 0 0 0 0 0 0 0 0 0 0 0 0 0 0 0 0 0 0 0 0 0 0 0 0 0 43 109 152 152 153 154 154 155 156 158 160 160 162 163 164 67 0 0 0 0 0 0 0 0 0 0 0 0 0 0 0 0 0 0 0 0 0 0 0 0 0 0 0 0 0 0 0 0 0 0 0 0 0 0 0 0 0 0 0 0 0 0 0 0 0 0 0 0 0 0 0 0 0 0 0 0 0 0 0 0 0 0 0 0 0 0 0 0 0 0 0 0 0 0 0 0 0 0 0 0 0 0 0 0 0 0 0 0 0 0 0 0 0 0 0 0 0 0 0 0 0 0 0 0 0 0 0 0 0 0 0 0 0 0 0 0 0 0 0 0 0 0 0 0 
0 0 0 0 0 0 0 0 0 0 0 0 0 0 0 0 0 0 0 0 0 0 0 0 0 0 0 0 0 0 0 0 0 0 0 0 0 0 0 0 0 0 0 0 0 0 0 0 0 0 0 0 0 0 0 0 0 0 0 0 0 0 0 0 0 0 0 0 0 0 0 0 0 0 0 0 0 0 0 0 0 0 0 0 0 0 0 0 0 0 0 0 0 0 0 0 0 0 0 0 0 0 0 0 0 0 0 0 0 0 0 0 0 0 0 0 0 0 0 0 0 0 0 0 0 0 0 0 0 0 0 0 0 0 0 0 0 0 0 0 0 0 0 0 0 0 0 0 0 0 0 0 0 0 0 0 0 0 0 0 0 0 0 0 0 0 0 0 0 0 0 0 0 0 0 0 0 0 0 0 0 0 0 0 0 0 0 0 0 0 0 0 0 0 0 0 0 0 0 0 0 0 0 0 0 0 0 0 0 0 0 0 0 0 0 0 0 0 0 0 0 0 0 0 0 0 0 0 0 0 0 0 0 0 0 0 0 0 0 0 0 0 0 0 0 0 0 0 0 0 0 0 0 0 0 0 0 0 0 0 0 0 0 0 0 0 0 0 0 0 0 0 0 0 0 0 0 0 0 0 0 0 0 0 0 0 0 0 0 0 0 0 0 0 0 0 0 0 0 0 0 0 0 0 0 0 0 0 0 0 0 0 0 0 0 0 0 0 0 0 0 0 0 0 0 0 0 0 0 0 0 0 0 0 0 0 0 0 0 0 0 0 0 0 0 0 0 0 0 0 0 0 0 0 0 0 0 0 0 0 0 0 0 0 0 0 0 0 0 0 0 0 0 0 0 0 0 0 0 0 0 0 0 0 0 0 0 0 0 0 0 0 0 0 0 37 102 148 149 149 150 152 153 155 156 158 159 141 0 0 0 0 0 0 0 0 0 0 0 0 0 0 0 0 0 0 0 0 0 0 0 0 0 0 0 0 0 0 0 0 0 0 0 0 0 0 0 0 0 0 0 0 0 0 0 0 0 0 0 0 0 0 0 0 0 0 0 0 0 0 0 0 0 0 0 0 0 0 0 0 0 0 0 0 0 0 0 0 0 0 0 0 0 0 0 0 0 0 0 0 0 0 0 0 0 0 0 0 0 0 0 0 0 0 0 0 0 0 0 0 0 0 0 0 0 0 0 0 0 0 0 0 0 0 0 0 0 
0 0 0 0 0 0 0 0 0 0 0 0 0 0 0 0 0 0 0 0 0 0 0 0 0 0 0 0 0 0 0 0 0 0 0 0 0 0 0 0 0 0 0 0 0 0 0 0 0 0 0 0 0 0 0 0 0 0 0 0 0 0 0 0 0 0 0 0 0 0 0 0 0 0 0 0 0 0 0 0 0 0 0 0 0 0 0 0 0 0 0 0 0 0 0 0 0 0 0 0 0 0 0 0 0 0 0 0 0 0 0 0 0 0 0 0 0 0 0 0 0 0 0 0 0 0 0 0 0 0 0 0 0 0 0 0 0 0 0 0 0 0 0 0 0 0 0 0 0 0 0 0 0 0 0 0 0 0 0 0 0 0 0 0 0 0 0 0 0 0 0 0 0 0 0 0 0 0 0 0 0 0 0 0 0 0 0 0 0 0 0 0 0 0 0 0 0 0 0 0 0 0 0 0 0 0 0 0 0 0 0 0 0 0 0 0 0 0 0 0 0 0 0 0 0 0 0 0 0 0 0 0 0 0 0 0 0 0 0 0 0 0 0 0 0 0 0 0 0 0 0 0 0 0 0 0 0 0 0 0 0 0 0 0 0 0 0 0 0 0 0 0 0 0 0 0 0 0 0 0 0 0 0 0 0 0 0 0 0 0 0 0 0 0 0 0 0 0 0 0 0 0 0 0 0 0 0 0 0 0 0 0 0 0 0 0 0 0 0 0 0 0 0 0 0 0 0 0 0 0 0 0 0 0 0 0 0 0 0 0 0 0 0 0 0 0 0 0 0 0 0 0 0 0 0 0 0 0 0 0 0 0 0 0 0 0 0 0 0 0 0 0 0 0 0 0 0 0 0 0 0 0 0 0 0 0 0 0 0 0 0 0 0 0 0 0 0 36 100 144 145 147 149 151 153 155 155 69 0 0 0 0 0 0 0 0 0 0 0 0 0 0 0 0 0 0 0 0 0 0 0 0 0 0 0 0 0 0 0 0 0 0 0 0 0 0 0 0 0 0 0 0 0 0 0 0 0 0 0 0 0 0 0 0 0 0 0 0 0 0 0 0 0 0 0 0 0 0 0 0 0 0 0 0 0 0 0 0 0 0 0 0 0 0 0 0 0 0 0 0 0 0 0 0 0 0 0 0 0 0 0 0 0 0 0 0 0 0 0 0 0 0 0 0 0 0 0 0 0 0 0 0 0 0 0 0 0 
0 0 0 0 0 0 0 0 0 0 0 0 0 0 0 0 0 0 0 0 0 0 0 0 0 0 0 0 0 0 0 0 0 0 0 0 0 0 0 0 0 0 0 0 0 0 0 0 0 0 0 0 0 0 0 0 0 0 0 0 0 0 0 0 0 0 0 0 0 0 0 0 0 0 0 0 0 0 0 0 0 0 0 0 0 0 0 0 0 0 0 0 0 0 0 0 0 0 0 0 0 0 0 0 0 0 0 0 0 0 0 0 0 0 0 0 0 0 0 0 0 0 0 0 0 0 0 0 0 0 0 0 0 0 0 0 0 0 0 0 0 0 0 0 0 0 0 0 0 0 0 0 0 0 0 0 0 0 0 0 0 0 0 0 0 0 0 0 0 0 0 0 0 0 0 0 0 0 0 0 0 0 0 0 0 0 0 0 0 0 0 0 0 0 0 0 0 0 0 0 0 0 0 0 0 0 0 0 0 0 0 0 0 0 0 0 0 0 0 0 0 0 0 0 0 0 0 0 0 0 0 0 0 0 0 0 0 0 0 0 0 0 0 0 0 0 0 0 0 0 0 0 0 0 0 0 0 0 0 0 0 0 0 0 0 0 0 0 0 0 0 0 0 0 0 0 0 0 0 0 0 0 0 0 0 0 0 0 0 0 0 0 0 0 0 0 0 0 0 0 0 0 0 0 0 0 0 0 0 0 0 0 0 0 0 0 0 0 0 0 0 0 0 0 0 0 0 0 0 0 0 0 0 0 0 0 0 0 0 0 0 0 0 0 0 0 0 0 0 0 0 0 0 0 0 0 0 0 0 0 0 0 0 0 0 0 0 0 0 0 0 0 0 0 0 0 0 0 0 0 0 0 0 0 0 0 0 0 0 0 0 0 0 0 0 0 0 0 0 31 92 141 144 146 148 151 133 0 0 0 0 0 0 0 0 0 0 0 0 0 0 0 0 0 0 0 0 0 0 0 0 0 0 0 0 0 0 0 0 0 0 0 0 0 0 0 0 0 0 0 0 0 0 0 0 0 0 0 0 0 0 0 0 0 0 0 0 0 0 0 0 0 0 0 0 0 0 0 0 0 0 0 0 0 0 0 0 0 0 0 0 0 0 0 0 0 0 0 0 0 0 0 0 0 0 0 0 0 0 0 0 0 0 0 0 0 0 0 0 0 0 0 0 0 0 0 0 0 0 0 0 0 0 0 0 0 0 
0 0 0 0 0 0 0 0 0 0 0 0 0 0 0 0 0 0 0 0 0 0 0 0 0 0 0 0 0 0 0 0 0 0 0 0 0 0 0 0 0 0 0 0 0 0 0 0 0 0 0 0 0 0 0 0 0 0 0 0 0 0 0 0 0 0 0 0 0 0 0 0 0 0 0 0 0 0 0 0 0 0 0 0 0 0 0 0 0 0 0 0 0 0 0 0 0 0 0 0 0 0 0 0 0 0 0 0 0 0 0 0 0 0 0 0 0 0 0 0 0 0 0 0 0 0 0 0 0 0 0 0 0 0 0 0 0 0 0 0 0 0 0 0 0 0 0 0 0 0 0 0 0 0 0 0 0 0 0 0 0 0 0 0 0 0 0 0 0 0 0 0 0 0 0 0 0 0 0 0 0 0 0 0 0 0 0 0 0 0 0 0 0 0 0 0 0 0 0 0 0 0 0 0 0 0 0 0 0 0 0 0 0 0 0 0 0 0 0 0 0 0 0 0 0 0 0 0 0 0 0 0 0 0 0 0 0 0 0 0 0 0 0 0 0 0 0 0 0 0 0 0 0 0 0 0 0 0 0 0 0 0 0 0 0 0 0 0 0 0 0 0 0 0 0 0 0 0 0 0 0 0 0 0 0 0 0 0 0 0 0 0 0 0 0 0 0 0 0 0 0 0 0 0 0 0 0 0 0 0 0 0 0 0 0 0 0 0 0 0 0 0 0 0 0 0 0 0 0 0 0 0 0 0 0 0 0 0 0 0 0 0 0 0 0 0 0 0 0 0 0 0 0 0 0 0 0 0 0 0 0 0 0 0 0 0 0 0 0 0 0 0 0 0 0 0 0 0 0 0 0 0 0 0 0 0 0 0 0 0 0 0 0 0 0 0 0 0 0 0 0 26 88 141 144 146 65 0 0 0 0 0 0 0 0 0 0 0 0 0 0 0 0 0 0 0 0 0 0 0 0 0 0 0 0 0 0 0 0 0 0 0 0 0 0 0 0 0 0 0 0 0 0 0 0 0 0 0 0 0 0 0 0 0 0 0 0 0 0 0 0 0 0 0 0 0 0 0 0 0 0 0 0 0 0 0 0 0 0 0 0 0 0 0 0 0 0 0 0 0 0 0 0 0 0 0 0 0 0 0 0 0 0 0 0 0 0 0 0 0 0 0 0 0 0 0 0 0 0 0 0 0 0 0 0 0 0 
0 0 0 0 0 0 0 0 0 0 0 0 0 0 0 0 0 0 0 0 0 0 0 0 0 0 0 0 0 0 0 0 0 0 0 0 0 0 0 0 0 0 0 0 0 0 0 0 0 0 0 0 0 0 0 0 0 0 0 0 0 0 0 0 0 0 0 0 0 0 0 0 0 0 0 0 0 0 0 0 0 0 0 0 0 0 0 0 0 0 0 0 0 0 0 0 0 0 0 0 0 0 0 0 0 0 0 0 0 0 0 0 0 0 0 0 0 0 0 0 0 0 0 0 0 0 0 0 0 0 0 0 0 0 0 0 0 0 0 0 0 0 0 0 0 0 0 0 0 0 0 0 0 0 0 0 0 0 0 0 0 0 0 0 0 0 0 0 0 0 0 0 0 0 0 0 0 0 0 0 0 0 0 0 0 0 0 0 0 0 0 0 0 0 0 0 0 0 0 0 0 0 0 0 0 0 0 0 0 0 0 0 0 0 0 0 0 0 0 0 0 0 0 0 0 0 0 0 0 0 0 0 0 0 0 0 0 0 0 0 0 0 0 0 0 0 0 0 0 0 0 0 0 0 0 0 0 0 0 0 0 0 0 0 0 0 0 0 0 0 0 0 0 0 0 0 0 0 0 0 0 0 0 0 0 0 0 0 0 0 0 0 0 0 0 0 0 0 0 0 0 0 0 0 0 0 0 0 0 0 0 0 0 0 0 0 0 0 0 0 0 0 0 0 0 0 0 0 0 0 0 0 0 0 0 0 0 0 0 0 0 0 0 0 0 0 0 0 0 0 0 0 0 0 0 0 0 0 0 0 0 0 0 0 0 0 0 0 0 0 0 0 0 0 0 0 0 0 0 0 0 0 0 0 0 0 0 0 0 0 0 0 0 0 0 0 0 0 0 0 0 0 0 26 88 129 0 0 0 0 0 0 0 0 0 0 0 0 0 0 0 0 0 0 0 0 0 0 0 0 0 0 0 0 0 0 0 0 0 0 0 0 0 0 0 0 0 0 0 0 0 0 0 0 0 0 0 0 0 0 0 0 0 0 0 0 0 0 0 0 0 0 0 0 0 0 0 0 0 0 0 0 0 0 0 0 0 0 0 0 0 0 0 0 0 0 0 0 0 0 0 0 0 0 0 0 0 0 0 0 0 0 0 0 0 0 0 0 0 0 0 0 0 0 0 0 0 0 0 0 0 0 0 0 0 0 0 
