0 0 0 0 0 0 0 0 0 0 0 0 0 0 0 0 0 0 0 0 0 0 0 0 0 0 0 0 0 0 0 0 0 0 0 0 0 0 0 0 0 0 0 0 0 0 0 0 0 0 0 0 0 0 0 0 0 0 0 0 0 0 0 0 0 0 0 0 0 0 0 0 0 0 0 0 0 0 0 0 0 0 0 0 0 0 0 0 0 0 0 0 0 0 0 0 0 0 0 0 0 0 0 0 0 0 0 0 0 0 0 0 0 0 0 0 0 0 0 0 0 0 0 0 0 0 0 0 0 0 0 0 122 120 0 0 0 0 0 0 0 0 0 0 0 0 0 0 0 0 0 0 0 0 0 0 0 0 0 0 0 0 0 0 0 0 0 0 0 0 0 0 0 0 0 0 0 0 0 0 0 0 0 0 0 0 0 0 0 0 0 0 0 0 0 0 0 0 0 0 0 0 0 0 0 0 0 0 0 0 0 0 0 0 0 0 0 0 0 0 0 0 0 0 0 0 0 0 0 0 0 0 0 0 0 0 0 0 0 0 0 0 0 0 0 0 0 0 0 0 0 0 0 0 0 0 0 0 0 0 0 0 0 0 0 0 0 0 0 0 0 0 0 0 0 0 0 0 0 0 0 0 0 0 0 0 0 0 0 0 0 0 0 0 0 0 0 0 0 0 0 0 0 0 0 0 0 0 0 0 0 0 0 0 0 0 0 0 0 0 0 0 0 0 0 0 0 0 0 0 0 0 0 0 0 0 0 0 0 0 0 0 0 0 0 0 0 0 0 0 0 0 0 0 0 0 0 0 0 0 0 0 0 0 0 0 0 0 0 0 0 0 0 0 0 0 0 0 0 0 0 0 0 0 0 0 0 0 0 0 0 0 0 0 0 0 0 0 0 0 0 0 0 0 0 0 0 0 0 0 0 0 0 0 0 0 0 0 0 0 0 0 0 0 0 0 0 0 0 0 0 0 0 0 0 0 0 0 0 0 0 0 0 0 0 0 0 0 0 0 0 0 0 0 0 0 0 0 0 0 0 0 0 0 0 0 0 0 0 0 0 0 0 0 0 0 0 0 0 0 0 0 0 0 0 0 0 0 0 0 0 0 0 0 0 0 0 0 0 0 0 0 0 0 0 0 0 0 0 0 0 0 0 0 0 0 0 0 0 0 0 0 0 0 0 0 0 0 0 0 0 0 0 0 0 0 0 
0 0 0 0 0 0 0 0 0 0 0 0 0 0 0 0 0 0 0 0 0 0 0 0 0 0 0 0 0 0 0 0 0 0 0 0 0 0 0 0 0 0 0 0 0 0 0 0 0 0 0 0 0 0 0 0 0 0 0 0 0 0 0 0 0 0 0 0 0 0 0 0 0 0 0 0 0 0 0 0 0 0 0 0 0 0 0 0 0 0 0 0 0 0 0 0 0 0 0 0 0 0 0 0 0 0 0 0 0 0 0 0 0 0 0 0 0 0 0 0 0 0 0 0 0 0 0 0 0 0 0 125 124 122 120 120 0 0 0 0 0 0 0 0 0 0 0 0 0 0 0 0 0 0 0 0 0 0 0 0 0 0 0 0 0 0 0 0 0 0 0 0 0 0 0 0 0 0 0 0 0 0 0 0 0 0 0 0 0 0 0 0 0 0 0 0 0 0 0 0 0 0 0 0 0 0 0 0 0 0 0 0 0 0 0 0 0 0 0 0 0 0 0 0 0 0 0 0 0 0 0 0 0 0 0 0 0 0 0 0 0 0 0 0 0 0 0 0 0 0 0 0 0 0 0 0 0 0 0 0 0 0 0 0 0 0 0 0 0 0 0 0 0 0 0 0 0 0 0 0 0 0 0 0 0 0 0 0 0 0 0 0 0 0 0 0 0 0 0 0 0 0 0 0 0 0 0 0 0 0 0 0 0 0 0 0 0 0 0 0 0 0 0 0 0 0 0 0 0 0 0 0 0 0 0 0 0 0 0 0 0 0 0 0 0 0 0 0 0 0 0 0 0 0 0 0 0 0 0 0 0 0 0 0 0 0 0 0 0 0 0 0 0 0 0 0 0 0 0 0 0 0 0 0 0 0 0 0 0 0 0 0 0 0 0 0 0 0 0 0 0 0 0 0 0 0 0 0 0 0 0 0 0 0 0 0 0 0 0 0 0 0 0 0 0 0 0 0 0 0 0 0 0 0 0 0 0 0 0 0 0 0 0 0 0 0 0 0 0 0 0 0 0 0 0 0 0 0 0 0 0 0 0 0 0 0 0 0 0 0 0 0 0 0 0 0 0 0 0 0 0 0 0 0 0 0 0 0 0 0 0 0 0 0 0 0 0 0 0 0 0 0 0 0 0 0 0 0 0 0 0 0 0 0 0 0 0 0 0 0 0 0 0 0 0 0 0 0 0 0 0 0 0 0 0 0 0 
0 0 0 0 0 0 0 0 0 0 0 0 0 0 0 0 0 0 0 0 0 0 0 0 0 0 0 0 0 0 0 0 0 0 0 0 0 0 0 0 0 0 0 0 0 0 0 0 0 0 0 0 0 0 0 0 0 0 0 0 0 0 0 0 0 0 0 0 0 0 0 0 0 0 0 0 0 0 0 0 0 0 0 0 0 0 0 0 0 0 0 0 0 0 0 0 0 0 0 0 0 0 0 0 0 0 0 0 0 0 0 0 0 0 0 0 0 0 0 0 0 0 0 0 0 0 0 0 0 0 0 127 125 122 121 121 120 120 0 0 0 0 0 0 0 0 0 0 0 0 0 0 0 0 0 0 0 0 0 0 0 0 0 0 0 0 0 0 0 0 0 0 0 0 0 0 0 0 0 0 0 0 0 0 0 0 0 0 0 0 0 0 0 0 0 0 0 0 0 0 0 0 0 0 0 0 0 0 0 0 0 0 0 0 0 0 0 0 0 0 0 0 0 0 0 0 0 0 0 0 0 0 0 0 0 0 0 0 0 0 0 0 0 0 0 0 0 0 0 0 0 0 0 0 0 0 0 0 0 0 0 0 0 0 0 0 0 0 0 0 0 0 0 0 0 0 0 0 0 0 0 0 0 0 0 0 0 0 0 0 0 0 0 0 0 0 0 0 0 0 0 0 0 0 0 0 0 0 0 0 0 0 0 0 0 0 0 0 0 0 0 0 0 0 0 0 0 0 0 0 0 0 0 0 0 0 0 0 0 0 0 0 0 0 0 0 0 0 0 0 0 0 0 0 0 0 0 0 0 0 0 0 0 0 0 0 0 0 0 0 0 0 0 0 0 0 0 0 0 0 0 0 0 0 0 0 0 0 0 0 0 0 0 0 0 0 0 0 0 0 0 0 0 0 0 0 0 0 0 0 0 0 0 0 0 0 0 0 0 0 0 0 0 0 0 0 0 0 0 0 0 0 0 0 0 0 0 0 0 0 0 0 0 0 0 0 0 0 0 0 0 0 0 0 0 0 0 0 0 0 0 0 0 0 0 0 0 0 0 0 0 0 0 0 0 0 0 0 0 0 0 0 0 0 0 0 0 0 0 0 0 0 0 0 0 0 0 0 0 0 0 0 0 0 0 0 0 0 0 0 0 0 0 0 0 0 0 0 0 0 0 0 0 0 0 0 0 0 0 0 0 0 0 0 0 0 0 
0 0 0 0 0 0 0 0 0 0 0 0 0 0 0 0 0 0 0 0 0 0 0 0 0 0 0 0 0 0 0 0 0 0 0 0 0 0 0 0 0 0 0 0 0 0 0 0 0 0 0 0 0 0 0 0 0 0 0 0 0 0 0 0 0 0 0 0 0 0 0 0 0 0 0 0 0 0 0 0 0 0 0 0 0 0 0 0 0 0 0 0 0 0 0 0 0 0 0 0 0 0 0 0 0 0 0 0 0 0 0 0 0 0 0 0 0 0 0 0 0 0 0 0 0 0 0 0 0 0 132 130 128 124 124 121 121 120 122 123 124 0 0 0 0 0 0 0 0 0 0 0 0 0 0 0 0 0 0 0 0 0 0 0 0 0 0 0 0 0 0 0 0 0 0 0 0 0 0 0 0 0 0 0 0 0 0 0 0 0 0 0 0 0 0 0 0 0 0 0 0 0 0 0 0 0 0 0 0 0 0 0 0 0 0 0 0 0 0 0 0 0 0 0 0 0 0 0 0 0 0 0 0 0 0 0 0 0 0 0 0 0 0 0 0 0 0 0 0 0 0 0 0 0 0 0 0 0 0 0 0 0 0 0 0 0 0 0 0 0 0 0 0 0 0 0 0 0 0 0 0 0 0 0 0 0 0 0 0 0 0 0 0 0 0 0 0 0 0 0 0 0 0 0 0 0 0 0 0 0 0 0 0 0 0 0 0 0 0 0 0 0 0 0 0 0 0 0 0 0 0 0 0 0 0 0 0 0 0 0 0 0 0 0 0 0 0 0 0 0 0 0 0 0 0 0 0 0 0 0 0 0 0 0 0 0 0 0 0 0 0 0 0 0 0 0 0 0 0 0 0 0 0 0 0 0 0 0 0 0 0 0 0 0 0 0 0 0 0 0 0 0 0 0 0 0 0 0 0 0 0 0 0 0 0 0 0 0 0 0 0 0 0 0 0 0 0 0 0 0 0 0 0 0 0 0 0 0 0 0 0 0 0 0 0 0 0 0 0 0 0 0 0 0 0 0 0 0 0 0 0 0 0 0 0 0 0 0 0 0 0 0 0 0 0 0 0 0 0 0 0 0 0 0 0 0 0 0 0 0 0 0 0 0 0 0 0 0 0 0 0 0 0 0 0 0 0 0 0 0 0 0 0 0 0 0 0 0 0 0 0 0 0 0 0 0 0 0 0 0 0 0 0 0 0 0 0 
0 0 0 0 0 0 0 0 0 0 0 0 0 0 0 0 0 0 0 0 0 0 0 0 0 0 0 0 0 0 0 0 0 0 0 0 0 0 0 0 0 0 0 0 0 0 0 0 0 0 0 0 0 0 0 0 0 0 0 0 0 0 0 0 0 0 0 0 0 0 0 0 0 0 0 0 0 0 0 0 0 0 0 0 0 0 0 0 0 0 0 0 0 0 0 0 0 0 0 0 0 0 0 0 0 0 0 0 0 0 0 0 0 0 0 0 0 0 0 0 0 0 0 0 0 0 0 0 0 0 132 131 128 128 126 123 122 121 123 124 123 124 0 0 0 0 0 0 0 0 0 0 0 0 0 0 0 0 0 0 0 0 0 0 0 0 0 0 0 0 0 0 0 0 0 0 0 0 0 0 0 0 0 0 0 0 0 0 0 0 0 0 0 0 0 0 0 0 0 0 0 0 0 0 0 0 0 0 0 0 0 0 0 0 0 0 0 0 0 0 0 0 0 0 0 0 0 0 0 0 0 0 0 0 0 0 0 0 0 0 0 0 0 0 0 0 0 0 0 0 0 0 0 0 0 0 0 0 0 0 0 0 0 0 0 0 0 0 0 0 0 0 0 0 0 0 0 0 0 0 0 0 0 0 0 0 0 0 0 0 0 0 0 0 0 0 0 0 0 0 0 0 0 0 0 0 0 0 0 0 0 0 0 0 0 0 0 0 0 0 0 0 0 0 0 0 0 0 0 0 0 0 0 0 0 0 0 0 0 0 0 0 0 0 0 0 0 0 0 0 0 0 0 0 0 0 0 0 0 0 0 0 0 0 0 0 0 0 0 0 0 0 0 0 0 0 0 0 0 0 0 0 0 0 0 0 0 0 0 0 0 0 0 0 0 0 0 0 0 0 0 0 0 0 0 0 0 0 0 0 0 0 0 0 0 0 0 0 0 0 0 0 0 0 0 0 0 0 0 0 0 0 0 0 0 0 0 0 0 0 0 0 0 0 0 0 0 0 0 0 0 0 0 0 0 0 0 0 0 0 0 0 0 0 0 0 0 0 0 0 0 0 0 0 0 0 0 0 0 0 0 0 0 0 0 0 0 0 0 0 0 0 0 0 0 0 0 0 0 0 0 0 0 0 0 0 0 0 0 0 0 0 0 0 0 0 0 0 0 0 0 0 0 0 0 0 0 0 0 0 0 0 0 0 0 0 0 
0 0 0 0 0 0 0 0 0 0 0 0 0 0 0 0 0 0 0 0 0 0 0 0 0 0 0 0 0 0 0 0 0 0 0 0 0 0 0 0 0 0 0 0 0 0 0 0 0 0 0 0 0 0 0 0 0 0 0 0 0 0 0 0 0 0 0 0 0 0 0 0 0 0 0 0 0 0 0 0 0 0 0 0 0 0 0 0 0 0 0 0 0 0 0 0 0 0 0 0 0 0 0 0 0 0 0 0 0 0 0 0 0 0 0 0 0 0 0 0 0 0 0 0 0 0 0 0 0 138 136 133 130 128 126 124 122 122 122 124 124 124 126 127 0 0 0 0 0 0 0 0 0 0 0 0 0 0 0 0 0 0 0 0 0 0 0 0 0 0 0 0 0 0 0 0 0 0 0 0 0 0 0 0 0 0 0 0 0 0 0 0 0 0 0 0 0 0 0 0 0 0 0 0 0 0 0 0 0 0 0 0 0 0 0 0 0 0 0 0 0 0 0 0 0 0 0 0 0 0 0 0 0 0 0 0 0 0 0 0 0 0 0 0 0 0 0 0 0 0 0 0 0 0 0 0 0 0 0 0 0 0 0 0 0 0 0 0 0 0 0 0 0 0 0 0 0 0 0 0 0 0 0 0 0 0 0 0 0 0 0 0 0 0 0 0 0 0 0 0 0 0 0 0 0 0 0 0 0 0 0 0 0 0 0 0 0 0 0 0 0 0 0 0 0 0 0 0 0 0 0 0 0 0 0 0 0 0 0 0 0 0 0 0 0 0 0 0 0 0 0 0 0 0 0 0 0 0 0 0 0 0 0 0 0 0 0 0 0 0 0 0 0 0 0 0 0 0 0 0 0 0 0 0 0 0 0 0 0 0 0 0 0 0 0 0 0 0 0 0 0 0 0 0 0 0 0 0 0 0 0 0 0 0 0 0 0 0 0 0 0 0 0 0 0 0 0 0 0 0 0 0 0 0 0 0 0 0 0 0 0 0 0 0 0 0 0 0 0 0 0 0 0 0 0 0 0 0 0 0 0 0 0 0 0 0 0 0 0 0 0 0 0 0 0 0 0 0 0 0 0 0 0 0 0 0 0 0 0 0 0 0 0 0 0 0 0 0 0 0 0 0 0 0 0 0 0 0 0 0 0 0 0 0 0 0 0 0 0 0 0 0 0 0 0 0 0 0 0 0 0 0 0 0 0 0 0 
0 0 0 0 0 0 0 0 0 0 0 0 0 0 0 0 0 0 0 0 0 0 0 0 0 0 0 0 0 0 0 0 0 0 0 0 0 0 0 0 0 0 0 0 0 0 0 0 0 0 0 0 0 0 0 0 0 0 0 0 0 0 0 0 0 0 0 0 0 0 0 0 0 0 0 0 0 0 0 0 0 0 0 0 0 0 0 0 0 0 0 0 0 0 0 0 0 0 0 0 0 0 0 0 0 0 0 0 0 0 0 0 0 0 0 0 0 0 0 0 0 0 0 0 0 0 0 0 0 139 137 133 133 132 127 126 124 122 123 124 125 124 125 127 128 128 0 0 0 0 0 0 0 0 0 0 0 0 0 0 0 0 0 0 0 0 0 0 0 0 0 0 0 0 0 0 0 0 0 0 0 0 0 0 0 0 0 0 0 0 0 0 0 0 0 0 0 0 0 0 0 0 0 0 0 0 0 0 0 0 0 0 0 0 0 0 0 0 0 0 0 0 0 0 0 0 0 0 0 0 0 0 0 0 0 0 0 0 0 0 0 0 0 0 0 0 0 0 0 0 0 0 0 0 0 0 0 0 0 0 0 0 0 0 0 0 0 0 0 0 0 0 0 0 0 0 0 0 0 0 0 0 0 0 0 0 0 0 0 0 0 0 0 0 0 0 0 0 0 0 0 0 0 0 0 0 0 0 0 0 0 0 0 0 0 0 0 0 0 0 0 0 0 0 0 0 0 0 0 0 0 0 0 0 0 0 0 0 0 0 0 0 0 0 0 0 0 0 0 0 0 0 0 0 0 0 0 0 0 0 0 0 0 0 0 0 0 0 0 0 0 0 0 0 0 0 0 0 0 0 0 0 0 0 0 0 0 0 0 0 0 0 0 0 0 0 0 0 0 0 0 0 0 0 0 0 0 0 0 0 0 0 0 0 0 0 0 0 0 0 0 0 0 0 0 0 0 0 0 0 0 0 0 0 0 0 0 0 0 0 0 0 0 0 0 0 0 0 0 0 0 0 0 0 0 0 0 0 0 0 0 0 0 0 0 0 0 0 0 0 0 0 0 0 0 0 0 0 0 0 0 0 0 0 0 0 0 0 0 0 0 0 0 0 0 0 0 0 0 0 0 0 0 0 0 0 0 0 0 0 0 0 0 0 0 0 0 0 0 0 0 0 0 0 0 0 0 0 0 0 0 0 0 0 0 0 0 
0 0 0 0 0 0 0 0 0 0 0 0 0 0 0 0 0 0 0 0 0 0 0 0 0 0 0 0 0 0 0 0 0 0 0 0 0 0 0 0 0 0 0 0 0 0 0 0 0 0 0 0 0 0 0 0 0 0 0 0 0 0 0 0 0 0 0 0 0 0 0 0 0 0 0 0 0 0 0 0 0 0 0 0 0 0 0 0 0 0 0 0 0 0 0 0 0 0 0 0 0 0 0 0 0 0 0 0 0 0 0 0 0 0 0 0 0 0 0 0 0 0 0 0 0 0 0 0 145 142 142 137 135 132 128 126 126 126 125 125 125 126 128 127 128 128 131 131 133 0 0 0 0 0 0 0 0 0 0 0 0 0 0 0 0 0 0 0 0 0 0 0 0 0 0 0 0 0 0 0 0 0 0 0 0 0 0 0 0 0 0 0 0 0 0 0 0 0 0 0 0 0 0 0 0 0 0 0 0 0 0 0 0 0 0 0 0 0 0 0 0 0 0 0 0 0 0 0 0 0 0 0 0 0 0 0 0 0 0 0 0 0 0 0 0 0 0 0 0 0 0 0 0 0 0 0 0 0 0 0 0 0 0 0 0 0 0 0 0 0 0 0 0 0 0 0 0 0 0 0 0 0 0 0 0 0 0 0 0 0 0 0 0 0 0 0 0 0 0 0 0 0 0 0 0 0 0 0 0 0 0 0 0 0 0 0 0 0 0 0 0 0 0 0 0 0 0 0 0 0 0 0 0 0 0 0 0 0 0 0 0 0 0 0 0 0 0 0 0 0 0 0 0 0 0 0 0 0 0 0 0 0 0 0 0 0 0 0 0 0 0 0 0 0 0 0 0 0 0 0 0 0 0 0 0 0 0 0 0 0 0 0 0 0 0 0 0 0 0 0 0 0 0 0 0 0 0 0 0 0 0 0 0 0 0 0 0 0 0 0 0 0 0 0 0 0 0 0 0 0 0 0 0 0 0 0 0 0 0 0 0 0 0 0 0 0 0 0 0 0 0 0 0 0 0 0 0 0 0 0 0 0 0 0 0 0 0 0 0 0 0 0 0 0 0 0 0 0 0 0 0 0 0 0 0 0 0 0 0 0 0 0 0 0 0 0 0 0 0 0 0 0 0 0 0 0 0 0 0 0 0 0 0 0 0 0 0 0 0 0 0 0 0 0 0 0 0 0 0 0 0 0 0 0 0 0 0 
0 0 0 0 0 0 0 0 0 0 0 0 0 0 0 0 0 0 0 0 0 0 0 0 0 0 0 0 0 0 0 0 0 0 0 0 0 0 0 0 0 0 0 0 0 0 0 0 0 0 0 0 0 0 0 0 0 0 0 0 0 0 0 0 0 0 0 0 0 0 0 0 0 0 0 0 0 0 0 0 0 0 0 0 0 0 0 0 0 0 0 0 0 0 0 0 0 0 0 0 0 0 0 0 0 0 0 0 0 0 0 0 0 0 0 0 0 0 0 0 0 0 0 0 0 0 0 0 144 143 142 141 137 133 132 127 128 127 125 126 125 126 128 130 130 130 132 133 133 135 0 0 0 0 0 0 0 0 0 0 0 0 0 0 0 0 0 0 0 0 0 0 0 0 0 0 0 0 0 0 0 0 0 0 0 0 0 0 0 0 0 0 0 0 0 0 0 0 0 0 0 0 0 0 0 0 0 0 0 0 0 0 0 0 0 0 0 0 0 0 0 0 0 0 0 0 0 0 0 0 0 0 0 0 0 0 0 0 0 0 0 0 0 0 0 0 0 0 0 0 0 0 0 0 0 0 0 0 0 0 0 0 0 0 0 0 0 0 0 0 0 0 0 0 0 0 0 0 0 0 0 0 0 0 0 0 0 0 0 0 0 0 0 0 0 0 0 0 0 0 0 0 0 0 0 0 0 0 0 0 0 0 0 0 0 0 0 0 0 0 0 0 0 0 0 0 0 0 0 0 0 0 0 0 0 0 0 0 0 0 0 0 0 0 0 0 0 0 0 0 0 0 0 0 0 0 0 0 0 0 0 0 0 0 0 0 0 0 0 0 0 0 0 0 0 0 0 0 0 0 0 0 0 0 0 0 0 0 0 0 0 0 0 0 0 0 0 0 0 0 0 0 0 0 0 0 0 0 0 0 0 0 0 0 0 0 0 0 0 0 0 0 0 0 0 0 0 0 0 0 0 0 0 0 0 0 0 0 0 0 0 0 0 0 0 0 0 0 0 0 0 0 0 0 0 0 0 0 0 0 0 0 0 0 0 0 0 0 0 0 0 0 0 0 0 0 0 0 0 0 0 0 0 0 0 0 0 0 0 0 0 0 0 0 0 0 0 0 0 0 0 0 0 0 0 0 0 0 0 0 0 0 0 0 0 0 0 0 0 0 0 0 0 0 0 0 0 0 0 0 0 0 0 0 0 0 0 
0 0 0 0 0 0 0 0 0 0 0 0 0 0 0 0 0 0 0 0 0 0 0 0 0 0 0 0 0 0 0 0 0 0 0 0 0 0 0 0 0 0 0 0 0 0 0 0 0 0 0 0 0 0 0 0 0 0 0 0 0 0 0 0 0 0 0 0 0 0 0 0 0 0 0 0 0 0 0 0 0 0 0 0 0 0 0 0 0 0 0 0 0 0 0 0 0 0 0 0 0 0 0 0 0 0 0 0 0 0 0 0 0 0 0 0 0 0 0 0 0 0 0 0 0 0 0 153 152 151 143 140 137 135 132 131 129 128 126 127 127 128 128 129 130 131 132 133 132 134 134 137 0 0 0 0 0 0 0 0 0 0 0 0 0 0 0 0 0 0 0 0 0 0 0 0 0 0 0 0 0 0 0 0 0 0 0 0 0 0 0 0 0 0 0 0 0 0 0 0 0 0 0 0 0 0 0 0 0 0 0 0 0 0 0 0 0 0 0 0 0 0 0 0 0 0 0 0 0 0 0 0 0 0 0 0 0 0 0 0 0 0 0 0 0 0 0 0 0 0 0 0 0 0 0 0 0 0 0 0 0 0 0 0 0 0 0 0 0 0 0 0 0 0 0 0 0 0 0 0 0 0 0 0 0 0 0 0 0 0 0 0 0 0 0 0 0 0 0 0 0 0 0 0 0 0 0 0 0 0 0 0 0 0 0 0 0 0 0 0 0 0 0 0 0 0 0 0 0 0 0 0 0 0 0 0 0 0 0 0 0 0 0 0 0 0 0 0 0 0 0 0 0 0 0 0 0 0 0 0 0 0 0 0 0 0 0 0 0 0 0 0 0 0 0 0 0 0 0 0 0 0 0 0 0 0 0 0 0 0 0 0 0 0 0 0 0 0 0 0 0 0 0 0 0 0 0 0 0 0 0 0 0 0 0 0 0 0 0 0 0 0 0 0 0 0 0 0 0 0 0 0 0 0 0 0 0 0 0 0 0 0 0 0 0 0 0 0 0 0 0 0 0 0 0 0 0 0 0 0 0 0 0 0 0 0 0 0 0 0 0 0 0 0 0 0 0 0 0 0 0 0 0 0 0 0 0 0 0 0 0 0 0 0 0 0 0 0 0 0 0 0 0 0 0 0 0 0 0 0 0 0 0 0 0 0 0 0 0 0 0 0 0 0 0 0 0 0 0 0 0 0 0 0 0 0 0 
0 0 0 0 0 0 0 0 0 0 0 0 0 0 0 0 0 0 0 0 0 0 0 0 0 0 0 0 0 0 0 0 0 0 0 0 0 0 0 0 0 0 0 0 0 0 0 0 0 0 0 0 0 0 0 0 0 0 0 0 0 0 0 0 0 0 0 0 0 0 0 0 0 0 0 0 0 0 0 0 0 0 0 0 0 0 0 0 0 0 0 0 0 0 0 0 0 0 0 0 0 0 0 0 0 0 0 0 0 0 0 0 0 0 0 0 0 0 0 0 0 0 0 0 0 0 0 155 153 151 149 146 138 136 134 131 132 128 128 127 128 128 129 130 131 131 133 133 133 134 135 137 137 137 138 0 0 0 0 0 0 0 0 0 0 0 0 0 0 0 0 0 0 0 0 0 0 0 0 0 0 0 0 0 0 0 0 0 0 0 0 0 0 0 0 0 0 0 0 0 0 0 0 0 0 0 0 0 0 0 0 0 0 0 0 0 0 0 0 0 0 0 0 0 0 0 0 0 0 0 0 0 0 0 0 0 0 0 0 0 0 0 0 0 0 0 0 0 0 0 0 0 0 0 0 0 0 0 0 0 0 0 0 0 0 0 0 0 0 0 0 0 0 0 0 0 0 0 0 0 0 0 0 0 0 0 0 0 0 0 0 0 0 0 0 0 0 0 0 0 0 0 0 0 0 0 0 0 0 0 0 0 0 0 0 0 0 0 0 0 0 0 0 0 0 0 0 0 0 0 0 0 0 0 0 0 0 0 0 0 0 0 0 0 0 0 0 0 0 0 0 0 0 0 0 0 0 0 0 0 0 0 0 0 0 0 0 0 0 0 0 0 0 0 0 0 0 0 0 0 0 0 0 0 0 0 0 0 0 0 0 0 0 0 0 0 0 0 0 0 0 0 0 0 0 0 0 0 0 0 0 0 0 0 0 0 0 0 0 0 0 0 0 0 0 0 0 0 0 0 0 0 0 0 0 0 0 0 0 0 0 0 0 0 0 0 0 0 0 0 0 0 0 0 0 0 0 0 0 0 0 0 0 0 0 0 0 0 0 0 0 0 0 0 0 0 0 0 0 0 0 0 0 0 0 0 0 0 0 0 0 0 0 0 0 0 0 0 0 0 0 0 0 0 0 0 0 0 0 0 0 0 0 0 0 0 0 0 0 0 0 0 0 0 0 0 0 0 0 0 0 0 0 0 0 0 0 
0 0 0 0 0 0 0 0 0 0 0 0 0 0 0 0 0 0 0 0 0 0 0 0 0 0 0 0 0 0 0 0 0 0 0 0 0 0 0 0 0 0 0 0 0 0 0 0 0 0 0 0 0 0 0 0 0 0 0 0 0 0 0 0 0 0 0 0 0 0 0 0 0 0 0 0 0 0 0 0 0 0 0 0 0 0 0 0 0 0 0 0 0 0 0 0 0 0 0 0 0 0 0 0 0 0 0 0 0 0 0 0 0 0 0 0 0 0 0 0 0 0 0 0 0 0 158 157 156 151 149 146 145 144 135 134 133 131 130 128 127 128 129 130 131 131 132 134 135 135 136 137 136 138 138 138 138 0 0 0 0 0 0 0 0 0 0 0 0 0 0 0 0 0 0 0 0 0 0 0 0 0 0 0 0 0 0 0 0 0 0 0 0 0 0 0 0 0 0 0 0 0 0 0 0 0 0 0 0 0 0 0 0 0 0 0 0 0 0 0 0 0 0 0 0 0 0 0 0 0 0 0 0 0 0 0 0 0 0 0 0 0 0 0 0 0 0 0 0 0 0 0 0 0 0 0 0 0 0 0 0 0 0 0 0 0 0 0 0 0 0 0 0 0 0 0 0 0 0 0 0 0 0 0 0 0 0 0 0 0 0 0 0 0 0 0 0 0 0 0 0 0 0 0 0 0 0 0 0 0 0 0 0 0 0 0 0 0 0 0 0 0 0 0 0 0 0 0 0 0 0 0 0 0 0 0 0 0 0 0 0 0 0 0 0 0 0 0 0 0 0 0 0 0 0 0 0 0 0 0 0 0 0 0 0 0 0 0 0 0 0 0 0 0 0 0 0 0 0 0 0 0 0 0 0 0 0 0 0 0 0 0 0 0 0 0 0 0 0 0 0 0 0 0 0 0 0 0 0 0 0 0 0 0 0 0 0 0 0 0 0 0 0 0 0 0 0 0 0 0 0 0 0 0 0 0 0 0 0 0 0 0 0 0 0 0 0 0 0 0 0 0 0 0 0 0 0 0 0 0 0 0 0 0 0 0 0 0 0 0 0 0 0 0 0 0 0 0 0 0 0 0 0 0 0 0 0 0 0 0 0 0 0 0 0 0 0 0 0 0 0 0 0 0 0 0 0 0 0 0 0 0 0 0 0 0 0 0 0 0 0 0 0 0 0 0 0 0 0 0 0 0 0 0 0 0 0 
0 0 0 0 0 0 0 0 0 0 0 0 0 0 0 0 0 0 0 0 0 0 0 0 0 0 0 0 0 0 0 0 0 0 0 0 0 0 0 0 0 0 0 0 0 0 0 0 0 0 0 0 0 0 0 0 0 0 0 0 0 0 0 0 0 0 0 0 0 0 0 0 0 0 0 0 0 0 0 0 0 0 0 0 0 0 0 0 0 0 0 0 0 0 0 0 0 0 0 0 0 0 0 0 0 0 0 0 0 0 0 0 0 0 0 0 0 0 0 0 0 0 0 0 0 0 161 158 156 154 152 148 147 143 141 139 133 131 130 129 129 128 129 130 131 132 132 134 135 135 135 135 137 137 138 138 138 138 139 0 0 0 0 0 0 0 0 0 0 0 0 0 0 0 0 0 0 0 0 0 0 0 0 0 0 0 0 0 0 0 0 0 0 0 0 0 0 0 0 0 0 0 0 0 0 0 0 0 0 0 0 0 0 0 0 0 0 0 0 0 0 0 0 0 0 0 0 0 0 0 0 0 0 0 0 0 0 0 0 0 0 0 0 0 0 0 0 0 0 0 0 0 0 0 0 0 0 0 0 0 0 0 0 0 0 0 0 0 0 0 0 0 0 0 0 0 0 0 0 0 0 0 0 0 0 0 0 0 0 0 0 0 0 0 0 0 0 0 0 0 0 0 0 0 0 0 0 0 0 0 0 0 0 0 0 0 0 0 0 0 0 0 0 0 0 0 0 0 0 0 0 0 0 0 0 0 0 0 0 0 0 0 0 0 0 0 0 0 0 0 0 0 0 0 0 0 0 0 0 0 0 0 0 0 0 0 0 0 0 0 0 0 0 0 0 0 0 0 0 0 0 0 0 0 0 0 0 0 0 0 0 0 0 0 0 0 0 0 0 0 0 0 0 0 0 0 0 0 0 0 0 0 0 0 0 0 0 0 0 0 0 0 0 0 0 0 0 0 0 0 0 0 0 0 0 0 0 0 0 0 0 0 0 0 0 0 0 0 0 0 0 0 0 0 0 0 0 0 0 0 0 0 0 0 0 0 0 0 0 0 0 0 0 0 0 0 0 0 0 0 0 0 0 0 0 0 0 0 0 0 0 0 0 0 0 0 0 0 0 0 0 0 0 0 0 0 0 0 0 0 0 0 0 0 0 0 0 0 0 0 0 0 0 0 0 0 0 0 0 0 0 0 0 0 0 0 0 
0 0 0 0 0 0 0 0 0 0 0 0 0 0 0 0 0 0 0 0 0 0 0 0 0 0 0 0 0 0 0 0 0 0 0 0 0 0 0 0 0 0 0 0 0 0 0 0 0 0 0 0 0 0 0 0 0 0 0 0 0 0 0 0 0 0 0 0 0 0 0 0 0 0 0 0 0 0 0 0 0 0 0 0 0 0 0 0 0 0 0 0 0 0 0 0 0 0 0 0 0 0 0 0 0 0 0 0 0 0 0 0 0 0 0 0 0 0 0 0 0 0 0 0 0 164 162 160 157 154 152 151 149 145 143 141 138 136 131 131 129 129 129 129 131 132 133 134 135 135 135 136 136 136 138 138 139 139 139 138 0 0 0 0 0 0 0 0 0 0 0 0 0 0 0 0 0 0 0 0 0 0 0 0 0 0 0 0 0 0 0 0 0 0 0 0 0 0 0 0 0 0 0 0 0 0 0 0 0 0 0 0 0 0 0 0 0 0 0 0 0 0 0 0 0 0 0 0 0 0 0 0 0 0 0 0 0 0 0 0 0 0 0 0 0 0 0 0 0 0 0 0 0 0 0 0 0 0 0 0 0 0 0 0 0 0 0 0 0 0 0 0 0 0 0 0 0 0 0 0 0 0 0 0 0 0 0 0 0 0 0 0 0 0 0 0 0 0 0 0 0 0 0 0 0 0 0 0 0 0 0 0 0 0 0 0 0 0 0 0 0 0 0 0 0 0 0 0 0 0 0 0 0 0 0 0 0 0 0 0 0 0 0 0 0 0 0 0 0 0 0 0 0 0 0 0 0 0 0 0 0 0 0 0 0 0 0 0 0 0 0 0 0 0 0 0 0 0 0 0 0 0 0 0 0 0 0 0 0 0 0 0 0 0 0 0 0 0 0 0 0 0 0 0 0 0 0 0 0 0 0 0 0 0 0 0 0 0 0 0 0 0 0 0 0 0 0 0 0 0 0 0 0 0 0 0 0 0 0 0 0 0 0 0 0 0 0 0 0 0 0 0 0 0 0 0 0 0 0 0 0 0 0 0 0 0 0 0 0 0 0 0 0 0 0 0 0 0 0 0 0 0 0 0 0 0 0 0 0 0 0 0 0 0 0 0 0 0 0 0 0 0 0 0 0 0 0 0 0 0 0 0 0 0 0 0 0 0 0 0 0 0 0 0 0 0 0 0 0 0 0 0 0 0 0 0 0 
0 0 0 0 0 0 0 0 0 0 0 0 0 0 0 0 0 0 0 0 0 0 0 0 0 0 0 0 0 0 0 0 0 0 0 0 0 0 0 0 0 0 0 0 0 0 0 0 0 0 0 0 0 0 0 0 0 0 0 0 0 0 0 0 0 0 0 0 0 0 0 0 0 0 0 0 0 0 0 0 0 0 0 0 0 0 0 0 0 0 0 0 0 0 0 0 0 0 0 0 0 0 0 0 0 0 0 0 0 0 0 0 0 0 0 0 0 0 0 0 0 0 0 0 0 169 162 160 159 157 153 151 147 144 143 141 139 138 136 135 130 130 130 130 131 132 133 133 135 135 136 135 135 136 135 138 138 138 139 138 137 135 134 0 0 0 0 0 0 0 0 0 0 0 0 0 0 0 0 0 0 0 0 0 0 0 0 0 0 0 0 0 0 0 0 0 0 0 0 0 0 0 0 0 0 0 0 0 0 0 0 0 0 0 0 0 0 0 0 0 0 0 0 0 0 0 0 0 0 0 0 0 0 0 0 0 0 0 0 0 0 0 0 0 0 0 0 0 0 0 0 0 0 0 0 0 0 0 0 0 0 0 0 0 0 0 0 0 0 0 0 0 0 0 0 0 0 0 0 0 0 0 0 0 0 0 0 0 0 0 0 0 0 0 0 0 0 0 0 0 0 0 0 0 0 0 0 0 0 0 0 0 0 0 0 0 0 0 0 0 0 0 0 0 0 0 0 0 0 0 0 0 0 0 0 0 0 0 0 0 0 0 0 0 0 0 0 0 0 0 0 0 0 0 0 0 0 0 0 0 0 0 0 0 0 0 0 0 0 0 0 0 0 0 0 0 0 0 0 0 0 0 0 0 0 0 0 0 0 0 0 0 0 0 0 0 0 0 0 0 0 0 0 0 0 0 0 0 0 0 0 0 0 0 0 0 0 0 0 0 0 0 0 0 0 0 0 0 0 0 0 0 0 0 0 0 0 0 0 0 0 0 0 0 0 0 0 0 0 0 0 0 0 0 0 0 0 0 0 0 0 0 0 0 0 0 0 0 0 0 0 0 0 0 0 0 0 0 0 0 0 0 0 0 0 0 0 0 0 0 0 0 0 0 0 0 0 0 0 0 0 0 0 0 0 0 0 0 0 0 0 0 0 0 0 0 0 0 0 0 0 0 0 0 0 0 0 0 0 0 0 0 0 0 0 0 0 
0 0 0 0 0 0 0 0 0 0 0 0 0 0 0 0 0 0 0 0 0 0 0 0 0 0 0 0 0 0 0 0 0 0 0 0 0 0 0 0 0 0 0 0 0 0 0 0 0 0 0 0 0 0 0 0 0 0 0 0 0 0 0 0 0 0 0 0 0 0 0 0 0 0 0 0 0 0 0 0 0 0 0 0 0 0 0 0 0 0 0 0 0 0 0 0 0 0 0 0 0 0 0 0 0 0 0 0 0 0 0 0 0 0 0 0 0 0 0 0 0 0 0 0 168 166 164 161 160 157 155 153 150 147 145 142 141 138 137 135 134 134 129 131 131 133 133 135 135 135 135 136 136 135 135 136 136 138 137 138 137 135 134 135 134 0 0 0 0 0 0 0 0 0 0 0 0 0 0 0 0 0 0 0 0 0 0 0 0 0 0 0 0 0 0 0 0 0 0 0 0 0 0 0 0 0 0 0 0 0 0 0 0 0 0 0 0 0 0 0 0 0 0 0 0 0 0 0 0 0 0 0 0 0 0 0 0 0 0 0 0 0 0 0 0 0 0 0 0 0 0 0 0 0 0 0 0 0 0 0 0 0 0 0 0 0 0 0 0 0 0 0 0 0 0 0 0 0 0 0 0 0 0 0 0 0 0 0 0 0 0 0 0 0 0 0 0 0 0 0 0 0 0 0 0 0 0 0 0 0 0 0 0 0 0 0 0 0 0 0 0 0 0 0 0 0 0 0 0 0 0 0 0 0 0 0 0 0 0 0 0 0 0 0 0 0 0 0 0 0 0 0 0 0 0 0 0 0 0 0 0 0 0 0 0 0 0 0 0 0 0 0 0 0 0 0 0 0 0 0 0 0 0 0 0 0 0 0 0 0 0 0 0 0 0 0 0 0 0 0 0 0 0 0 0 0 0 0 0 0 0 0 0 0 0 0 0 0 0 0 0 0 0 0 0 0 0 0 0 0 0 0 0 0 0 0 0 0 0 0 0 0 0 0 0 0 0 0 0 0 0 0 0 0 0 0 0 0 0 0 0 0 0 0 0 0 0 0 0 0 0 0 0 0 0 0 0 0 0 0 0 0 0 0 0 0 0 0 0 0 0 0 0 0 0 0 0 0 0 0 0 0 0 0 0 0 0 0 0 0 0 0 0 0 0 0 0 0 0 0 0 0 0 0 0 0 0 0 0 0 0 0 0 0 0 0 0 
0 0 0 0 0 0 0 0 0 0 0 0 0 0 0 0 0 0 0 0 0 0 0 0 0 0 0 0 0 0 0 0 0 0 0 0 0 0 0 0 0 0 0 0 0 0 0 0 0 0 0 0 0 0 0 0 0 0 0 0 0 0 0 0 0 0 0 0 0 0 0 0 0 0 0 0 0 0 0 0 0 0 0 0 0 0 0 0 0 0 0 0 0 0 0 0 0 0 0 0 0 0 0 0 0 0 0 0 0 0 0 0 0 0 0 0 0 0 0 0 0 0 0 0 170 166 164 163 162 158 155 152 150 148 145 144 143 141 140 136 135 133 132 132 131 133 133 134 135 135 136 137 137 137 135 135 135 136 135 136 135 135 133 131 134 132 128 0 0 0 0 0 0 0 0 0 0 0 0 0 0 0 0 0 0 0 0 0 0 0 0 0 0 0 0 0 0 0 0 0 0 0 0 0 0 0 0 0 0 0 0 0 0 0 0 0 0 0 0 0 0 0 0 0 0 0 0 0 0 0 0 0 0 0 0 0 0 0 0 0 0 0 0 0 0 0 0 0 0 0 0 0 0 0 0 0 0 0 0 0 0 0 0 0 0 0 0 0 0 0 0 0 0 0 0 0 0 0 0 0 0 0 0 0 0 0 0 0 0 0 0 0 0 0 0 0 0 0 0 0 0 0 0 0 0 0 0 0 0 0 0 0 0 0 0 0 0 0 0 0 0 0 0 0 0 0 0 0 0 0 0 0 0 0 0 0 0 0 0 0 0 0 0 0 0 0 0 0 0 0 0 0 0 0 0 0 0 0 0 0 0 0 0 0 0 0 0 0 0 0 0 0 0 0 0 0 0 0 0 0 0 0 0 0 0 0 0 0 0 0 0 0 0 0 0 0 0 0 0 0 0 0 0 0 0 0 0 0 0 0 0 0 0 0 0 0 0 0 0 0 0 0 0 0 0 0 0 0 0 0 0 0 0 0 0 0 0 0 0 0 0 0 0 0 0 0 0 0 0 0 0 0 0 0 0 0 0 0 0 0 0 0 0 0 0 0 0 0 0 0 0 0 0 0 0 0 0 0 0 0 0 0 0 0 0 0 0 0 0 0 0 0 0 0 0 0 0 0 0 0 0 0 0 0 0 0 0 0 0 0 0 0 0 0 0 0 0 0 0 0 0 0 0 0 0 0 0 0 0 0 0 0 0 0 0 0 0 
0 0 0 0 0 0 0 0 0 0 0 0 0 0 0 0 0 0 0 0 0 0 0 0 0 0 0 0 0 0 0 0 0 0 0 0 0 0 0 0 0 0 0 0 0 0 0 0 0 0 0 0 0 0 0 0 0 0 0 0 0 0 0 0 0 0 0 0 0 0 0 0 0 0 0 0 0 0 0 0 0 0 0 0 0 0 0 0 0 0 0 0 0 0 0 0 0 0 0 0 0 0 0 0 0 0 0 0 0 0 0 0 0 0 0 0 0 0 0 0 0 0 0 173 171 169 166 164 162 159 156 153 152 151 146 145 143 142 140 138 136 134 133 134 133 131 135 134 135 136 136 137 138 138 136 135 135 135 135 136 136 137 133 130 128 124 128 126 134 0 0 0 0 0 0 0 0 0 0 0 0 0 0 0 0 0 0 0 0 0 0 0 0 0 0 0 0 0 0 0 0 0 0 0 0 0 0 0 0 0 0 0 0 0 0 0 0 0 0 0 0 0 0 0 0 0 0 0 0 0 0 0 0 0 0 0 0 0 0 0 0 0 0 0 0 0 0 0 0 0 0 0 0 0 0 0 0 0 0 0 0 0 0 0 0 0 0 0 0 0 0 0 0 0 0 0 0 0 0 0 0 0 0 0 0 0 0 0 0 0 0 0 0 0 0 0 0 0 0 0 0 0 0 0 0 0 0 0 0 0 0 0 0 0 0 0 0 0 0 0 0 0 0 0 0 0 0 0 0 0 0 0 0 0 0 0 0 0 0 0 0 0 0 0 0 0 0 0 0 0 0 0 0 0 0 0 0 0 0 0 0 0 0 0 0 0 0 0 0 0 0 0 0 0 0 0 0 0 0 0 0 0 0 0 0 0 0 0 0 0 0 0 0 0 0 0 0 0 0 0 0 0 0 0 0 0 0 0 0 0 0 0 0 0 0 0 0 0 0 0 0 0 0 0 0 0 0 0 0 0 0 0 0 0 0 0 0 0 0 0 0 0 0 0 0 0 0 0 0 0 0 0 0 0 0 0 0 0 0 0 0 0 0 0 0 0 0 0 0 0 0 0 0 0 0 0 0 0 0 0 0 0 0 0 0 0 0 0 0 0 0 0 0 0 0 0 0 0 0 0 0 0 0 0 0 0 0 0 0 0 0 0 0 0 0 0 0 0 0 0 0 0 0 0 0 0 0 0 0 0 0 0 0 0 0 0 0 
0 0 0 0 0 0 0 0 0 0 0 0 0 0 0 0 0 0 0 0 0 0 0 0 0 0 0 0 0 0 0 0 0 0 0 0 0 0 0 0 0 0 0 0 0 0 0 0 0 0 0 0 0 0 0 0 0 0 0 0 0 0 0 0 0 0 0 0 0 0 0 0 0 0 0 0 0 0 0 0 0 0 0 0 0 0 0 0 0 0 0 0 0 0 0 0 0 0 0 0 0 0 0 0 0 0 0 0 0 0 0 0 0 0 0 0 0 0 0 0 0 0 0 176 175 174 169 167 162 160 156 155 153 151 149 148 144 143 140 139 136 135 135 134 134 132 133 134 136 137 135 138 138 138 137 136 136 135 134 135 136 136 133 130 126 121 120 123 131 139 141 0 0 0 0 0 0 0 0 0 0 0 0 0 0 0 0 0 0 0 0 0 0 0 0 0 0 0 0 0 0 0 0 0 0 0 0 0 0 0 0 0 0 0 0 0 0 0 0 0 0 0 0 0 0 0 0 0 0 0 0 0 0 0 0 0 0 0 0 0 0 0 0 0 0 0 0 0 0 0 0 0 0 0 0 0 0 0 0 0 0 0 0 0 0 0 0 0 0 0 0 0 0 0 0 0 0 0 0 0 0 0 0 0 0 0 0 0 0 0 0 0 0 0 0 0 0 0 0 0 0 0 0 0 0 0 0 0 0 0 0 0 0 0 0 0 0 0 0 0 0 0 0 0 0 0 0 0 0 0 0 0 0 0 0 0 0 0 0 0 0 0 0 0 0 0 0 0 0 0 0 0 0 0 0 0 0 0 0 0 0 0 0 0 0 0 0 0 0 0 0 0 0 0 0 0 0 0 0 0 0 0 0 0 0 0 0 0 0 0 0 0 0 0 0 0 0 0 0 0 0 0 0 0 0 0 0 0 0 0 0 0 0 0 0 0 0 0 0 0 0 0 0 0 0 0 0 0 0 0 0 0 0 0 0 0 0 0 0 0 0 0 0 0 0 0 0 0 0 0 0 0 0 0 0 0 0 0 0 0 0 0 0 0 0 0 0 0 0 0 0 0 0 0 0 0 0 0 0 0 0 0 0 0 0 0 0 0 0 0 0 0 0 0 0 0 0 0 0 0 0 0 0 0 0 0 0 0 0 0 0 0 0 0 0 0 0 0 0 0 0 0 0 0 0 0 0 0 0 0 0 0 0 0 0 0 0 
0 0 0 0 0 0 0 0 0 0 0 0 0 0 0 0 0 0 0 0 0 0 0 0 0 0 0 0 0 0 0 0 0 0 0 0 0 0 0 0 0 0 0 0 0 0 0 0 0 0 0 0 0 0 0 0 0 0 0 0 0 0 0 0 0 0 0 0 0 0 0 0 0 0 0 0 0 0 0 0 0 0 0 0 0 0 0 0 0 0 0 0 0 0 0 0 0 0 0 0 0 0 0 0 0 0 0 0 0 0 0 0 0 0 0 0 0 0 0 0 0 0 176 176 175 173 172 167 164 162 159 157 156 152 151 147 145 143 142 142 138 137 136 134 132 132 133 134 135 135 136 135 137 137 136 136 136 135 133 133 134 136 135 129 124 121 121 129 131 137 139 139 134 0 0 0 0 0 0 0 0 0 0 0 0 0 0 0 0 0 0 0 0 0 0 0 0 0 0 0 0 0 0 0 0 0 0 0 0 0 0 0 0 0 0 0 0 0 0 0 0 0 0 0 0 0 0 0 0 0 0 0 0 0 0 0 0 0 0 0 0 0 0 0 0 0 0 0 0 0 0 0 0 0 0 0 0 0 0 0 0 0 0 0 0 0 0 0 0 0 0 0 0 0 0 0 0 0 0 0 0 0 0 0 0 0 0 0 0 0 0 0 0 0 0 0 0 0 0 0 0 0 0 0 0 0 0 0 0 0 0 0 0 0 0 0 0 0 0 0 0 0 0 0 0 0 0 0 0 0 0 0 0 0 0 0 0 0 0 0 0 0 0 0 0 0 0 0 0 0 0 0 0 0 0 0 0 0 0 0 0 0 0 0 0 0 0 0 0 0 0 0 0 0 0 0 0 0 0 0 0 0 0 0 0 0 0 0 0 0 0 0 0 0 0 0 0 0 0 0 0 0 0 0 0 0 0 0 0 0 0 0 0 0 0 0 0 0 0 0 0 0 0 0 0 0 0 0 0 0 0 0 0 0 0 0 0 0 0 0 0 0 0 0 0 0 0 0 0 0 0 0 0 0 0 0 0 0 0 0 0 0 0 0 0 0 0 0 0 0 0 0 0 0 0 0 0 0 0 0 0 0 0 0 0 0 0 0 0 0 0 0 0 0 0 0 0 0 0 0 0 0 0 0 0 0 0 0 0 0 0 0 0 0 0 0 0 0 0 0 0 0 0 0 0 0 0 0 0 0 0 0 0 0 0 0 0 
0 0 0 0 0 0 0 0 0 0 0 0 0 0 0 0 0 0 0 0 0 0 0 0 0 0 0 0 0 0 0 0 0 0 0 0 0 0 0 0 0 0 0 0 0 0 0 0 0 0 0 0 0 0 0 0 0 0 0 0 0 0 0 0 0 0 0 0 0 0 0 0 0 0 0 0 0 0 0 0 0 0 0 0 0 0 0 0 0 0 0 0 0 0 0 0 0 0 0 0 0 0 0 0 0 0 0 0 0 0 0 0 0 0 0 0 0 0 0 0 0 0 177 176 176 174 173 170 166 162 160 158 156 153 152 150 149 145 144 142 139 138 136 135 134 132 133 133 133 134 137 137 137 136 136 137 137 133 132 131 134 135 135 133 128 121 120 125 132 134 139 133 134 129 125 0 0 0 0 0 0 0 0 0 0 0 0 0 0 0 0 0 0 0 0 0 0 0 0 0 0 0 0 0 0 0 0 0 0 0 0 0 0 0 0 0 0 0 0 0 0 0 0 0 0 0 0 0 0 0 0 0 0 0 0 0 0 0 0 0 0 0 0 0 0 0 0 0 0 0 0 0 0 0 0 0 0 0 0 0 0 0 0 0 0 0 0 0 0 0 0 0 0 0 0 0 0 0 0 0 0 0 0 0 0 0 0 0 0 0 0 0 0 0 0 0 0 0 0 0 0 0 0 0 0 0 0 0 0 0 0 0 0 0 0 0 0 0 0 0 0 0 0 0 0 0 0 0 0 0 0 0 0 0 0 0 0 0 0 0 0 0 0 0 0 0 0 0 0 0 0 0 0 0 0 0 0 0 0 0 0 0 0 0 0 0 0 0 0 0 0 0 0 0 0 0 0 0 0 0 0 0 0 0 0 0 0 0 0 0 0 0 0 0 0 0 0 0 0 0 0 0 0 0 0 0 0 0 0 0 0 0 0 0 0 0 0 0 0 0 0 0 0 0 0 0 0 0 0 0 0 0 0 0 0 0 0 0 0 0 0 0 0 0 0 0 0 0 0 0 0 0 0 0 0 0 0 0 0 0 0 0 0 0 0 0 0 0 0 0 0 0 0 0 0 0 0 0 0 0 0 0 0 0 0 0 0 0 0 0 0 0 0 0 0 0 0 0 0 0 0 0 0 0 0 0 0 0 0 0 0 0 0 0 0 0 0 0 0 0 0 0 0 0 0 0 0 0 0 0 0 0 0 0 0 0 0 
0 0 0 0 0 0 0 0 0 0 0 0 0 0 0 0 0 0 0 0 0 0 0 0 0 0 0 0 0 0 0 0 0 0 0 0 0 0 0 0 0 0 0 0 0 0 0 0 0 0 0 0 0 0 0 0 0 0 0 0 0 0 0 0 0 0 0 0 0 0 0 0 0 0 0 0 0 0 0 0 0 0 0 0 0 0 0 0 0 0 0 0 0 0 0 0 0 0 0 0 0 0 0 0 0 0 0 0 0 0 0 0 0 0 0 0 0 0 0 0 0 178 177 177 175 174 173 171 168 165 163 162 157 156 151 150 149 148 146 143 142 141 137 137 134 133 133 133 132 133 136 136 137 137 136 137 137 134 132 129 129 129 135 131 128 124 119 125 129 131 134 131 126 122 125 124 121 0 0 0 0 0 0 0 0 0 0 0 0 0 0 0 0 0 0 0 0 0 0 0 0 0 0 0 0 0 0 0 0 0 0 0 0 0 0 0 0 0 0 0 0 0 0 0 0 0 0 0 0 0 0 0 0 0 0 0 0 0 0 0 0 0 0 0 0 0 0 0 0 0 0 0 0 0 0 0 0 0 0 0 0 0 0 0 0 0 0 0 0 0 0 0 0 0 0 0 0 0 0 0 0 0 0 0 0 0 0 0 0 0 0 0 0 0 0 0 0 0 0 0 0 0 0 0 0 0 0 0 0 0 0 0 0 0 0 0 0 0 0 0 0 0 0 0 0 0 0 0 0 0 0 0 0 0 0 0 0 0 0 0 0 0 0 0 0 0 0 0 0 0 0 0 0 0 0 0 0 0 0 0 0 0 0 0 0 0 0 0 0 0 0 0 0 0 0 0 0 0 0 0 0 0 0 0 0 0 0 0 0 0 0 0 0 0 0 0 0 0 0 0 0 0 0 0 0 0 0 0 0 0 0 0 0 0 0 0 0 0 0 0 0 0 0 0 0 0 0 0 0 0 0 0 0 0 0 0 0 0 0 0 0 0 0 0 0 0 0 0 0 0 0 0 0 0 0 0 0 0 0 0 0 0 0 0 0 0 0 0 0 0 0 0 0 0 0 0 0 0 0 0 0 0 0 0 0 0 0 0 0 0 0 0 0 0 0 0 0 0 0 0 0 0 0 0 0 0 0 0 0 0 0 0 0 0 0 0 0 0 0 0 0 0 0 0 0 0 0 0 0 0 0 0 0 0 0 0 0 
0 0 0 0 0 0 0 0 0 0 0 0 0 0 0 0 0 0 0 0 0 0 0 0 0 0 0 0 0 0 0 0 0 0 0 0 0 0 0 0 0 0 0 0 0 0 0 0 0 0 0 0 0 0 0 0 0 0 0 0 0 0 0 0 0 0 0 0 0 0 0 0 0 0 0 0 0 0 0 0 0 0 0 0 0 0 0 0 0 0 0 0 0 0 0 0 0 0 0 0 0 0 0 0 0 0 0 0 0 0 0 0 0 0 0 0 0 0 0 0 0 176 177 177 176 175 172 170 168 165 164 162 161 160 154 153 150 148 146 143 142 141 139 138 135 134 133 132 133 133 135 136 136 138 137 137 134 133 130 129 122 129 130 126 125 118 116 125 129 131 130 131 124 121 120 118 115 117 115 0 0 0 0 0 0 0 0 0 0 0 0 0 0 0 0 0 0 0 0 0 0 0 0 0 0 0 0 0 0 0 0 0 0 0 0 0 0 0 0 0 0 0 0 0 0 0 0 0 0 0 0 0 0 0 0 0 0 0 0 0 0 0 0 0 0 0 0 0 0 0 0 0 0 0 0 0 0 0 0 0 0 0 0 0 0 0 0 0 0 0 0 0 0 0 0 0 0 0 0 0 0 0 0 0 0 0 0 0 0 0 0 0 0 0 0 0 0 0 0 0 0 0 0 0 0 0 0 0 0 0 0 0 0 0 0 0 0 0 0 0 0 0 0 0 0 0 0 0 0 0 0 0 0 0 0 0 0 0 0 0 0 0 0 0 0 0 0 0 0 0 0 0 0 0 0 0 0 0 0 0 0 0 0 0 0 0 0 0 0 0 0 0 0 0 0 0 0 0 0 0 0 0 0 0 0 0 0 0 0 0 0 0 0 0 0 0 0 0 0 0 0 0 0 0 0 0 0 0 0 0 0 0 0 0 0 0 0 0 0 0 0 0 0 0 0 0 0 0 0 0 0 0 0 0 0 0 0 0 0 0 0 0 0 0 0 0 0 0 0 0 0 0 0 0 0 0 0 0 0 0 0 0 0 0 0 0 0 0 0 0 0 0 0 0 0 0 0 0 0 0 0 0 0 0 0 0 0 0 0 0 0 0 0 0 0 0 0 0 0 0 0 0 0 0 0 0 0 0 0 0 0 0 0 0 0 0 0 0 0 0 0 0 0 0 0 0 0 0 0 0 0 0 0 0 0 0 0 
0 0 0 0 0 0 0 0 0 0 0 0 0 0 0 0 0 0 0 0 0 0 0 0 0 0 0 0 0 0 0 0 0 0 0 0 0 0 0 0 0 0 0 0 0 0 0 0 0 0 0 0 0 0 0 0 0 0 0 0 0 0 0 0 0 0 0 0 0 0 0 0 0 0 0 0 0 0 0 0 0 0 0 0 0 0 0 0 0 0 0 0 0 0 0 0 0 0 0 0 0 0 0 0 0 0 0 0 0 0 0 0 0 0 0 0 0 0 0 0 175 176 177 177 177 175 174 172 169 169 167 163 162 160 157 153 152 150 146 144 145 141 140 138 136 134 133 133 134 135 135 135 136 138 137 137 134 135 131 126 121 121 119 126 120 112 116 122 127 131 132 126 122 121 114 108 115 112 112 113 112 0 0 0 0 0 0 0 0 0 0 0 0 0 0 0 0 0 0 0 0 0 0 0 0 0 0 0 0 0 0 0 0 0 0 0 0 0 0 0 0 0 0 0 0 0 0 0 0 0 0 0 0 0 0 0 0 0 0 0 0 0 0 0 0 0 0 0 0 0 0 0 0 0 0 0 0 0 0 0 0 0 0 0 0 0 0 0 0 0 0 0 0 0 0 0 0 0 0 0 0 0 0 0 0 0 0 0 0 0 0 0 0 0 0 0 0 0 0 0 0 0 0 0 0 0 0 0 0 0 0 0 0 0 0 0 0 0 0 0 0 0 0 0 0 0 0 0 0 0 0 0 0 0 0 0 0 0 0 0 0 0 0 0 0 0 0 0 0 0 0 0 0 0 0 0 0 0 0 0 0 0 0 0 0 0 0 0 0 0 0 0 0 0 0 0 0 0 0 0 0 0 0 0 0 0 0 0 0 0 0 0 0 0 0 0 0 0 0 0 0 0 0 0 0 0 0 0 0 0 0 0 0 0 0 0 0 0 0 0 0 0 0 0 0 0 0 0 0 0 0 0 0 0 0 0 0 0 0 0 0 0 0 0 0 0 0 0 0 0 0 0 0 0 0 0 0 0 0 0 0 0 0 0 0 0 0 0 0 0 0 0 0 0 0 0 0 0 0 0 0 0 0 0 0 0 0 0 0 0 0 0 0 0 0 0 0 0 0 0 0 0 0 0 0 0 0 0 0 0 0 0 0 0 0 0 0 0 0 0 0 0 0 0 0 0 0 0 0 0 0 0 0 0 0 0 0 
0 0 0 0 0 0 0 0 0 0 0 0 0 0 0 0 0 0 0 0 0 0 0 0 0 0 0 0 0 0 0 0 0 0 0 0 0 0 0 0 0 0 0 0 0 0 0 0 0 0 0 0 0 0 0 0 0 0 0 0 0 0 0 0 0 0 0 0 0 0 0 0 0 0 0 0 0 0 0 0 0 0 0 0 0 0 0 0 0 0 0 0 0 0 0 0 0 0 0 0 0 0 0 0 0 0 0 0 0 0 0 0 0 0 0 0 0 0 0 0 174 175 175 177 177 175 174 172 171 169 167 165 165 160 159 156 155 150 146 147 145 144 141 139 137 136 135 134 134 135 135 135 135 137 137 135 135 132 131 125 121 117 113 114 105 105 117 125 127 130 130 129 123 112 111 105 107 109 112 114 114 108 105 104 0 0 0 0 0 0 0 0 0 0 0 0 0 0 0 0 0 0 0 0 0 0 0 0 0 0 0 0 0 0 0 0 0 0 0 0 0 0 0 0 0 0 0 0 0 0 0 0 0 0 0 0 0 0 0 0 0 0 0 0 0 0 0 0 0 0 0 0 0 0 0 0 0 0 0 0 0 0 0 0 0 0 0 0 0 0 0 0 0 0 0 0 0 0 0 0 0 0 0 0 0 0 0 0 0 0 0 0 0 0 0 0 0 0 0 0 0 0 0 0 0 0 0 0 0 0 0 0 0 0 0 0 0 0 0 0 0 0 0 0 0 0 0 0 0 0 0 0 0 0 0 0 0 0 0 0 0 0 0 0 0 0 0 0 0 0 0 0 0 0 0 0 0 0 0 0 0 0 0 0 0 0 0 0 0 0 0 0 0 0 0 0 0 0 0 0 0 0 0 0 0 0 0 0 0 0 0 0 0 0 0 0 0 0 0 0 0 0 0 0 0 0 0 0 0 0 0 0 0 0 0 0 0 0 0 0 0 0 0 0 0 0 0 0 0 0 0 0 0 0 0 0 0 0 0 0 0 0 0 0 0 0 0 0 0 0 0 0 0 0 0 0 0 0 0 0 0 0 0 0 0 0 0 0 0 0 0 0 0 0 0 0 0 0 0 0 0 0 0 0 0 0 0 0 0 0 0 0 0 0 0 0 0 0 0 0 0 0 0 0 0 0 0 0 0 0 0 0 0 0 0 0 0 0 0 0 0 0 0 0 0 0 0 0 0 0 0 0 0 0 0 0 0 
0 0 0 0 0 0 0 0 0 0 0 0 0 0 0 0 0 0 0 0 0 0 0 0 0 0 0 0 0 0 0 0 0 0 0 0 0 0 0 0 0 0 0 0 0 0 0 0 0 0 0 0 0 0 0 0 0 0 0 0 0 0 0 0 0 0 0 0 0 0 0 0 0 0 0 0 0 0 0 0 0 0 0 0 0 0 0 0 0 0 0 0 0 0 0 0 0 0 0 0 0 0 0 0 0 0 0 0 0 0 0 0 0 0 0 0 0 0 0 174 175 175 176 177 177 175 174 172 172 171 168 168 165 161 159 158 157 153 152 151 146 143 141 138 137 135 135 134 133 134 135 135 135 137 137 135 135 133 128 123 119 109 113 107 101 105 114 122 129 129 130 123 123 116 107 105 105 106 115 116 110 104 105 104 103 100 0 0 0 0 0 0 0 0 0 0 0 0 0 0 0 0 0 0 0 0 0 0 0 0 0 0 0 0 0 0 0 0 0 0 0 0 0 0 0 0 0 0 0 0 0 0 0 0 0 0 0 0 0 0 0 0 0 0 0 0 0 0 0 0 0 0 0 0 0 0 0 0 0 0 0 0 0 0 0 0 0 0 0 0 0 0 0 0 0 0 0 0 0 0 0 0 0 0 0 0 0 0 0 0 0 0 0 0 0 0 0 0 0 0 0 0 0 0 0 0 0 0 0 0 0 0 0 0 0 0 0 0 0 0 0 0 0 0 0 0 0 0 0 0 0 0 0 0 0 0 0 0 0 0 0 0 0 0 0 0 0 0 0 0 0 0 0 0 0 0 0 0 0 0 0 0 0 0 0 0 0 0 0 0 0 0 0 0 0 0 0 0 0 0 0 0 0 0 0 0 0 0 0 0 0 0 0 0 0 0 0 0 0 0 0 0 0 0 0 0 0 0 0 0 0 0 0 0 0 0 0 0 0 0 0 0 0 0 0 0 0 0 0 0 0 0 0 0 0 0 0 0 0 0 0 0 0 0 0 0 0 0 0 0 0 0 0 0 0 0 0 0 0 0 0 0 0 0 0 0 0 0 0 0 0 0 0 0 0 0 0 0 0 0 0 0 0 0 0 0 0 0 0 0 0 0 0 0 0 0 0 0 0 0 0 0 0 0 0 0 0 0 0 0 0 0 0 0 0 0 0 0 0 0 0 0 0 0 0 0 0 0 0 0 0 0 0 0 0 0 0 
0 0 0 0 0 0 0 0 0 0 0 0 0 0 0 0 0 0 0 0 0 0 0 0 0 0 0 0 0 0 0 0 0 0 0 0 0 0 0 0 0 0 0 0 0 0 0 0 0 0 0 0 0 0 0 0 0 0 0 0 0 0 0 0 0 0 0 0 0 0 0 0 0 0 0 0 0 0 0 0 0 0 0 0 0 0 0 0 0 0 0 0 0 0 0 0 0 0 0 0 0 0 0 0 0 0 0 0 0 0 0 0 0 0 0 0 0 0 0 172 173 173 176 176 177 177 176 172 172 171 169 168 166 165 160 159 157 155 154 151 149 148 141 140 137 137 136 134 134 134 135 135 135 136 136 134 133 133 124 123 117 106 101 92 90 112 120 122 130 128 129 125 117 112 106 105 104 106 111 109 112 107 108 104 100 102 107 0 0 0 0 0 0 0 0 0 0 0 0 0 0 0 0 0 0 0 0 0 0 0 0 0 0 0 0 0 0 0 0 0 0 0 0 0 0 0 0 0 0 0 0 0 0 0 0 0 0 0 0 0 0 0 0 0 0 0 0 0 0 0 0 0 0 0 0 0 0 0 0 0 0 0 0 0 0 0 0 0 0 0 0 0 0 0 0 0 0 0 0 0 0 0 0 0 0 0 0 0 0 0 0 0 0 0 0 0 0 0 0 0 0 0 0 0 0 0 0 0 0 0 0 0 0 0 0 0 0 0 0 0 0 0 0 0 0 0 0 0 0 0 0 0 0 0 0 0 0 0 0 0 0 0 0 0 0 0 0 0 0 0 0 0 0 0 0 0 0 0 0 0 0 0 0 0 0 0 0 0 0 0 0 0 0 0 0 0 0 0 0 0 0 0 0 0 0 0 0 0 0 0 0 0 0 0 0 0 0 0 0 0 0 0 0 0 0 0 0 0 0 0 0 0 0 0 0 0 0 0 0 0 0 0 0 0 0 0 0 0 0 0 0 0 0 0 0 0 0 0 0 0 0 0 0 0 0 0 0 0 0 0 0 0 0 0 0 0 0 0 0 0 0 0 0 0 0 0 0 0 0 0 0 0 0 0 0 0 0 0 0 0 0 0 0 0 0 0 0 0 0 0 0 0 0 0 0 0 0 0 0 0 0 0 0 0 0 0 0 0 0 0 0 0 0 0 0 0 0 0 0 0 0 0 0 0 0 0 0 0 0 0 0 0 0 0 0 0 0 
0 0 0 0 0 0 0 0 0 0 0 0 0 0 0 0 0 0 0 0 0 0 0 0 0 0 0 0 0 0 0 0 0 0 0 0 0 0 0 0 0 0 0 0 0 0 0 0 0 0 0 0 0 0 0 0 0 0 0 0 0 0 0 0 0 0 0 0 0 0 0 0 0 0 0 0 0 0 0 0 0 0 0 0 0 0 0 0 0 0 0 0 0 0 0 0 0 0 0 0 0 0 0 0 0 0 0 0 0 0 0 0 0 0 0 0 0 0 170 170 171 173 175 176 177 177 175 175 175 172 169 168 165 165 162 161 158 157 156 152 149 148 146 140 139 138 136 135 135 133 134 135 135 135 137 136 132 131 128 117 107 106 97 84 90 102 112 125 128 128 126 125 118 112 105 102 99 104 102 106 109 108 108 105 102 103 105 110 103 0 0 0 0 0 0 0 0 0 0 0 0 0 0 0 0 0 0 0 0 0 0 0 0 0 0 0 0 0 0 0 0 0 0 0 0 0 0 0 0 0 0 0 0 0 0 0 0 0 0 0 0 0 0 0 0 0 0 0 0 0 0 0 0 0 0 0 0 0 0 0 0 0 0 0 0 0 0 0 0 0 0 0 0 0 0 0 0 0 0 0 0 0 0 0 0 0 0 0 0 0 0 0 0 0 0 0 0 0 0 0 0 0 0 0 0 0 0 0 0 0 0 0 0 0 0 0 0 0 0 0 0 0 0 0 0 0 0 0 0 0 0 0 0 0 0 0 0 0 0 0 0 0 0 0 0 0 0 0 0 0 0 0 0 0 0 0 0 0 0 0 0 0 0 0 0 0 0 0 0 0 0 0 0 0 0 0 0 0 0 0 0 0 0 0 0 0 0 0 0 0 0 0 0 0 0 0 0 0 0 0 0 0 0 0 0 0 0 0 0 0 0 0 0 0 0 0 0 0 0 0 0 0 0 0 0 0 0 0 0 0 0 0 0 0 0 0 0 0 0 0 0 0 0 0 0 0 0 0 0 0 0 0 0 0 0 0 0 0 0 0 0 0 0 0 0 0 0 0 0 0 0 0 0 0 0 0 0 0 0 0 0 0 0 0 0 0 0 0 0 0 0 0 0 0 0 0 0 0 0 0 0 0 0 0 0 0 0 0 0 0 0 0 0 0 0 0 0 0 0 0 0 0 0 0 0 0 0 0 0 0 0 0 0 0 0 0 0 
0 0 0 0 0 0 0 0 0 0 0 0 0 0 0 0 0 0 0 0 0 0 0 0 0 0 0 0 0 0 0 0 0 0 0 0 0 0 0 0 0 0 0 0 0 0 0 0 0 0 0 0 0 0 0 0 0 0 0 0 0 0 0 0 0 0 0 0 0 0 0 0 0 0 0 0 0 0 0 0 0 0 0 0 0 0 0 0 0 0 0 0 0 0 0 0 0 0 0 0 0 0 0 0 0 0 0 0 0 0 0 0 0 0 0 0 0 0 170 169 171 172 173 177 177 177 176 174 175 173 172 170 165 164 163 161 160 156 156 154 151 148 147 144 142 139 136 135 135 134 133 135 135 136 136 132 132 130 128 121 109 93 80 79 96 107 112 117 118 126 124 122 117 109 97 94 99 99 101 100 105 105 106 102 99 101 105 104 103 95 96 93 0 0 0 0 0 0 0 0 0 0 0 0 0 0 0 0 0 0 0 0 0 0 0 0 0 0 0 0 0 0 0 0 0 0 0 0 0 0 0 0 0 0 0 0 0 0 0 0 0 0 0 0 0 0 0 0 0 0 0 0 0 0 0 0 0 0 0 0 0 0 0 0 0 0 0 0 0 0 0 0 0 0 0 0 0 0 0 0 0 0 0 0 0 0 0 0 0 0 0 0 0 0 0 0 0 0 0 0 0 0 0 0 0 0 0 0 0 0 0 0 0 0 0 0 0 0 0 0 0 0 0 0 0 0 0 0 0 0 0 0 0 0 0 0 0 0 0 0 0 0 0 0 0 0 0 0 0 0 0 0 0 0 0 0 0 0 0 0 0 0 0 0 0 0 0 0 0 0 0 0 0 0 0 0 0 0 0 0 0 0 0 0 0 0 0 0 0 0 0 0 0 0 0 0 0 0 0 0 0 0 0 0 0 0 0 0 0 0 0 0 0 0 0 0 0 0 0 0 0 0 0 0 0 0 0 0 0 0 0 0 0 0 0 0 0 0 0 0 0 0 0 0 0 0 0 0 0 0 0 0 0 0 0 0 0 0 0 0 0 0 0 0 0 0 0 0 0 0 0 0 0 0 0 0 0 0 0 0 0 0 0 0 0 0 0 0 0 0 0 0 0 0 0 0 0 0 0 0 0 0 0 0 0 0 0 0 0 0 0 0 0 0 0 0 0 0 0 0 0 0 0 0 0 0 0 0 0 0 0 0 0 0 0 0 0 
0 0 0 0 0 0 0 0 0 0 0 0 0 0 0 0 0 0 0 0 0 0 0 0 0 0 0 0 0 0 0 0 0 0 0 0 0 0 0 0 0 0 0 0 0 0 0 0 0 0 0 0 0 0 0 0 0 0 0 0 0 0 0 0 0 0 0 0 0 0 0 0 0 0 0 0 0 0 0 0 0 0 0 0 0 0 0 0 0 0 0 0 0 0 0 0 0 0 0 0 0 0 0 0 0 0 0 0 0 0 0 0 0 0 0 0 0 170 170 170 171 171 173 174 174 176 176 175 173 172 172 168 168 164 163 162 159 157 155 153 151 150 149 146 144 143 137 137 134 134 133 134 134 133 134 132 129 127 122 109 109 92 80 79 91 104 112 113 120 121 124 124 122 115 99 94 98 102 102 104 103 105 106 100 93 96 101 101 103 92 92 93 98 100 0 0 0 0 0 0 0 0 0 0 0 0 0 0 0 0 0 0 0 0 0 0 0 0 0 0 0 0 0 0 0 0 0 0 0 0 0 0 0 0 0 0 0 0 0 0 0 0 0 0 0 0 0 0 0 0 0 0 0 0 0 0 0 0 0 0 0 0 0 0 0 0 0 0 0 0 0 0 0 0 0 0 0 0 0 0 0 0 0 0 0 0 0 0 0 0 0 0 0 0 0 0 0 0 0 0 0 0 0 0 0 0 0 0 0 0 0 0 0 0 0 0 0 0 0 0 0 0 0 0 0 0 0 0 0 0 0 0 0 0 0 0 0 0 0 0 0 0 0 0 0 0 0 0 0 0 0 0 0 0 0 0 0 0 0 0 0 0 0 0 0 0 0 0 0 0 0 0 0 0 0 0 0 0 0 0 0 0 0 0 0 0 0 0 0 0 0 0 0 0 0 0 0 0 0 0 0 0 0 0 0 0 0 0 0 0 0 0 0 0 0 0 0 0 0 0 0 0 0 0 0 0 0 0 0 0 0 0 0 0 0 0 0 0 0 0 0 0 0 0 0 0 0 0 0 0 0 0 0 0 0 0 0 0 0 0 0 0 0 0 0 0 0 0 0 0 0 0 0 0 0 0 0 0 0 0 0 0 0 0 0 0 0 0 0 0 0 0 0 0 0 0 0 0 0 0 0 0 0 0 0 0 0 0 0 0 0 0 0 0 0 0 0 0 0 0 0 0 0 0 0 0 0 0 0 0 0 0 0 0 0 0 0 
0 0 0 0 0 0 0 0 0 0 0 0 0 0 0 0 0 0 0 0 0 0 0 0 0 0 0 0 0 0 0 0 0 0 0 0 0 0 0 0 0 0 0 0 0 0 0 0 0 0 0 0 0 0 0 0 0 0 0 0 0 0 0 0 0 0 0 0 0 0 0 0 0 0 0 0 0 0 0 0 0 0 0 0 0 0 0 0 0 0 0 0 0 0 0 0 0 0 0 0 0 0 0 0 0 0 0 0 0 0 0 0 0 0 0 0 0 170 170 170 170 170 172 171 174 174 173 175 173 171 170 169 166 165 164 162 159 157 156 155 153 151 148 146 145 143 140 139 134 134 134 133 133 134 131 132 128 122 120 106 92 76 80 90 102 104 109 110 116 117 118 115 112 107 99 94 100 101 102 103 103 106 103 92 91 96 101 100 94 90 91 97 102 100 100 0 0 0 0 0 0 0 0 0 0 0 0 0 0 0 0 0 0 0 0 0 0 0 0 0 0 0 0 0 0 0 0 0 0 0 0 0 0 0 0 0 0 0 0 0 0 0 0 0 0 0 0 0 0 0 0 0 0 0 0 0 0 0 0 0 0 0 0 0 0 0 0 0 0 0 0 0 0 0 0 0 0 0 0 0 0 0 0 0 0 0 0 0 0 0 0 0 0 0 0 0 0 0 0 0 0 0 0 0 0 0 0 0 0 0 0 0 0 0 0 0 0 0 0 0 0 0 0 0 0 0 0 0 0 0 0 0 0 0 0 0 0 0 0 0 0 0 0 0 0 0 0 0 0 0 0 0 0 0 0 0 0 0 0 0 0 0 0 0 0 0 0 0 0 0 0 0 0 0 0 0 0 0 0 0 0 0 0 0 0 0 0 0 0 0 0 0 0 0 0 0 0 0 0 0 0 0 0 0 0 0 0 0 0 0 0 0 0 0 0 0 0 0 0 0 0 0 0 0 0 0 0 0 0 0 0 0 0 0 0 0 0 0 0 0 0 0 0 0 0 0 0 0 0 0 0 0 0 0 0 0 0 0 0 0 0 0 0 0 0 0 0 0 0 0 0 0 0 0 0 0 0 0 0 0 0 0 0 0 0 0 0 0 0 0 0 0 0 0 0 0 0 0 0 0 0 0 0 0 0 0 0 0 0 0 0 0 0 0 0 0 0 0 0 0 0 0 0 0 0 0 0 0 0 0 0 0 0 0 0 0 0 
0 0 0 0 0 0 0 0 0 0 0 0 0 0 0 0 0 0 0 0 0 0 0 0 0 0 0 0 0 0 0 0 0 0 0 0 0 0 0 0 0 0 0 0 0 0 0 0 0 0 0 0 0 0 0 0 0 0 0 0 0 0 0 0 0 0 0 0 0 0 0 0 0 0 0 0 0 0 0 0 0 0 0 0 0 0 0 0 0 0 0 0 0 0 0 0 0 0 0 0 0 0 0 0 0 0 0 0 0 0 0 0 0 0 0 0 171 170 169 170 168 170 169 169 172 171 172 172 172 171 170 169 167 166 163 161 160 158 156 155 154 152 148 148 146 143 141 135 133 134 133 131 133 132 129 128 119 115 102 106 90 76 80 88 99 109 111 114 115 117 115 111 107 107 100 97 97 101 97 105 103 108 106 93 88 95 99 100 90 91 91 97 101 102 100 99 101 0 0 0 0 0 0 0 0 0 0 0 0 0 0 0 0 0 0 0 0 0 0 0 0 0 0 0 0 0 0 0 0 0 0 0 0 0 0 0 0 0 0 0 0 0 0 0 0 0 0 0 0 0 0 0 0 0 0 0 0 0 0 0 0 0 0 0 0 0 0 0 0 0 0 0 0 0 0 0 0 0 0 0 0 0 0 0 0 0 0 0 0 0 0 0 0 0 0 0 0 0 0 0 0 0 0 0 0 0 0 0 0 0 0 0 0 0 0 0 0 0 0 0 0 0 0 0 0 0 0 0 0 0 0 0 0 0 0 0 0 0 0 0 0 0 0 0 0 0 0 0 0 0 0 0 0 0 0 0 0 0 0 0 0 0 0 0 0 0 0 0 0 0 0 0 0 0 0 0 0 0 0 0 0 0 0 0 0 0 0 0 0 0 0 0 0 0 0 0 0 0 0 0 0 0 0 0 0 0 0 0 0 0 0 0 0 0 0 0 0 0 0 0 0 0 0 0 0 0 0 0 0 0 0 0 0 0 0 0 0 0 0 0 0 0 0 0 0 0 0 0 0 0 0 0 0 0 0 0 0 0 0 0 0 0 0 0 0 0 0 0 0 0 0 0 0 0 0 0 0 0 0 0 0 0 0 0 0 0 0 0 0 0 0 0 0 0 0 0 0 0 0 0 0 0 0 0 0 0 0 0 0 0 0 0 0 0 0 0 0 0 0 0 0 0 0 0 0 0 0 0 0 0 0 0 0 0 0 0 0 
0 0 0 0 0 0 0 0 0 0 0 0 0 0 0 0 0 0 0 0 0 0 0 0 0 0 0 0 0 0 0 0 0 0 0 0 0 0 0 0 0 0 0 0 0 0 0 0 0 0 0 0 0 0 0 0 0 0 0 0 0 0 0 0 0 0 0 0 0 0 0 0 0 0 0 0 0 0 0 0 0 0 0 0 0 0 0 0 0 0 0 0 0 0 0 0 0 0 0 0 0 0 0 0 0 0 0 0 0 0 0 0 0 0 0 0 171 170 168 169 167 168 168 169 170 171 172 172 172 171 170 168 168 166 164 161 160 159 157 155 154 150 148 147 146 145 143 137 134 133 132 130 128 125 129 125 117 111 99 89 79 80 87 98 99 108 112 114 115 114 111 108 104 100 100 96 91 94 95 102 107 104 106 91 88 94 99 93 90 90 99 100 101 100 100 104 105 98 86 78 0 0 0 0 0 0 0 0 0 0 0 0 0 0 0 0 0 0 0 0 0 0 0 0 0 0 0 0 0 0 0 0 0 0 0 0 0 0 0 0 0 0 0 0 0 0 0 0 0 0 0 0 0 0 0 0 0 0 0 0 0 0 0 0 0 0 0 0 0 0 0 0 0 0 0 0 0 0 0 0 0 0 0 0 0 0 0 0 0 0 0 0 0 0 0 0 0 0 0 0 0 0 0 0 0 0 0 0 0 0 0 0 0 0 0 0 0 0 0 0 0 0 0 0 0 0 0 0 0 0 0 0 0 0 0 0 0 0 0 0 0 0 0 0 0 0 0 0 0 0 0 0 0 0 0 0 0 0 0 0 0 0 0 0 0 0 0 0 0 0 0 0 0 0 0 0 0 0 0 0 0 0 0 0 0 0 0 0 0 0 0 0 0 0 0 0 0 0 0 0 0 0 0 0 0 0 0 0 0 0 0 0 0 0 0 0 0 0 0 0 0 0 0 0 0 0 0 0 0 0 0 0 0 0 0 0 0 0 0 0 0 0 0 0 0 0 0 0 0 0 0 0 0 0 0 0 0 0 0 0 0 0 0 0 0 0 0 0 0 0 0 0 0 0 0 0 0 0 0 0 0 0 0 0 0 0 0 0 0 0 0 0 0 0 0 0 0 0 0 0 0 0 0 0 0 0 0 0 0 0 0 0 0 0 0 0 0 0 0 0 0 0 0 0 0 0 0 0 0 0 0 0 0 0 0 0 0 
0 0 0 0 0 0 0 0 0 0 0 0 0 0 0 0 0 0 0 0 0 0 0 0 0 0 0 0 0 0 0 0 0 0 0 0 0 0 0 0 0 0 0 0 0 0 0 0 0 0 0 0 0 0 0 0 0 0 0 0 0 0 0 0 0 0 0 0 0 0 0 0 0 0 0 0 0 0 0 0 0 0 0 0 0 0 0 0 0 0 0 0 0 0 0 0 0 0 0 0 0 0 0 0 0 0 0 0 0 0 0 0 0 0 0 170 168 167 168 167 167 166 167 169 169 170 172 172 172 172 171 169 168 165 163 162 160 158 157 155 154 150 148 147 146 144 140 137 134 133 131 130 127 123 122 115 106 95 99 89 84 83 87 97 108 112 112 115 115 112 110 107 104 98 99 95 91 98 97 102 101 98 97 96 96 100 99 88 89 90 97 96 96 102 108 108 105 99 83 78 76 84 0 0 0 0 0 0 0 0 0 0 0 0 0 0 0 0 0 0 0 0 0 0 0 0 0 0 0 0 0 0 0 0 0 0 0 0 0 0 0 0 0 0 0 0 0 0 0 0 0 0 0 0 0 0 0 0 0 0 0 0 0 0 0 0 0 0 0 0 0 0 0 0 0 0 0 0 0 0 0 0 0 0 0 0 0 0 0 0 0 0 0 0 0 0 0 0 0 0 0 0 0 0 0 0 0 0 0 0 0 0 0 0 0 0 0 0 0 0 0 0 0 0 0 0 0 0 0 0 0 0 0 0 0 0 0 0 0 0 0 0 0 0 0 0 0 0 0 0 0 0 0 0 0 0 0 0 0 0 0 0 0 0 0 0 0 0 0 0 0 0 0 0 0 0 0 0 0 0 0 0 0 0 0 0 0 0 0 0 0 0 0 0 0 0 0 0 0 0 0 0 0 0 0 0 0 0 0 0 0 0 0 0 0 0 0 0 0 0 0 0 0 0 0 0 0 0 0 0 0 0 0 0 0 0 0 0 0 0 0 0 0 0 0 0 0 0 0 0 0 0 0 0 0 0 0 0 0 0 0 0 0 0 0 0 0 0 0 0 0 0 0 0 0 0 0 0 0 0 0 0 0 0 0 0 0 0 0 0 0 0 0 0 0 0 0 0 0 0 0 0 0 0 0 0 0 0 0 0 0 0 0 0 0 0 0 0 0 0 0 0 0 0 0 0 0 0 0 0 0 0 0 0 0 0 0 
0 0 0 0 0 0 0 0 0 0 0 0 0 0 0 0 0 0 0 0 0 0 0 0 0 0 0 0 0 0 0 0 0 0 0 0 0 0 0 0 0 0 0 0 0 0 0 0 0 0 0 0 0 0 0 0 0 0 0 0 0 0 0 0 0 0 0 0 0 0 0 0 0 0 0 0 0 0 0 0 0 0 0 0 0 0 0 0 0 0 0 0 0 0 0 0 0 0 0 0 0 0 0 0 0 0 0 0 0 0 0 0 0 0 0 169 168 166 166 166 167 166 167 168 168 170 170 170 171 170 169 167 168 166 164 163 161 159 156 155 153 152 151 149 146 144 142 140 133 129 131 124 121 123 118 112 102 94 89 88 90 88 99 97 105 110 115 115 110 107 105 101 95 98 97 97 101 99 95 89 86 98 89 96 95 98 95 90 88 92 93 96 102 102 109 112 103 92 86 79 81 84 85 82 0 0 0 0 0 0 0 0 0 0 0 0 0 0 0 0 0 0 0 0 0 0 0 0 0 0 0 0 0 0 0 0 0 0 0 0 0 0 0 0 0 0 0 0 0 0 0 0 0 0 0 0 0 0 0 0 0 0 0 0 0 0 0 0 0 0 0 0 0 0 0 0 0 0 0 0 0 0 0 0 0 0 0 0 0 0 0 0 0 0 0 0 0 0 0 0 0 0 0 0 0 0 0 0 0 0 0 0 0 0 0 0 0 0 0 0 0 0 0 0 0 0 0 0 0 0 0 0 0 0 0 0 0 0 0 0 0 0 0 0 0 0 0 0 0 0 0 0 0 0 0 0 0 0 0 0 0 0 0 0 0 0 0 0 0 0 0 0 0 0 0 0 0 0 0 0 0 0 0 0 0 0 0 0 0 0 0 0 0 0 0 0 0 0 0 0 0 0 0 0 0 0 0 0 0 0 0 0 0 0 0 0 0 0 0 0 0 0 0 0 0 0 0 0 0 0 0 0 0 0 0 0 0 0 0 0 0 0 0 0 0 0 0 0 0 0 0 0 0 0 0 0 0 0 0 0 0 0 0 0 0 0 0 0 0 0 0 0 0 0 0 0 0 0 0 0 0 0 0 0 0 0 0 0 0 0 0 0 0 0 0 0 0 0 0 0 0 0 0 0 0 0 0 0 0 0 0 0 0 0 0 0 0 0 0 0 0 0 0 0 0 0 0 0 0 0 0 0 0 0 0 0 0 
0 0 0 0 0 0 0 0 0 0 0 0 0 0 0 0 0 0 0 0 0 0 0 0 0 0 0 0 0 0 0 0 0 0 0 0 0 0 0 0 0 0 0 0 0 0 0 0 0 0 0 0 0 0 0 0 0 0 0 0 0 0 0 0 0 0 0 0 0 0 0 0 0 0 0 0 0 0 0 0 0 0 0 0 0 0 0 0 0 0 0 0 0 0 0 0 0 0 0 0 0 0 0 0 0 0 0 0 0 0 0 0 0 0 168 167 166 166 165 165 166 166 167 167 168 168 168 170 169 168 167 166 166 164 164 163 162 159 158 158 154 153 152 149 148 143 142 140 136 131 125 123 120 117 108 101 94 94 92 92 93 91 99 105 110 110 113 115 111 107 105 98 94 95 97 97 96 95 95 89 88 83 84 94 96 98 94 86 88 89 93 99 100 107 113 112 108 88 86 80 79 85 89 85 100 126 0 0 0 0 0 0 0 0 0 0 0 0 0 0 0 0 0 0 0 0 0 0 0 0 0 0 0 0 0 0 0 0 0 0 0 0 0 0 0 0 0 0 0 0 0 0 0 0 0 0 0 0 0 0 0 0 0 0 0 0 0 0 0 0 0 0 0 0 0 0 0 0 0 0 0 0 0 0 0 0 0 0 0 0 0 0 0 0 0 0 0 0 0 0 0 0 0 0 0 0 0 0 0 0 0 0 0 0 0 0 0 0 0 0 0 0 0 0 0 0 0 0 0 0 0 0 0 0 0 0 0 0 0 0 0 0 0 0 0 0 0 0 0 0 0 0 0 0 0 0 0 0 0 0 0 0 0 0 0 0 0 0 0 0 0 0 0 0 0 0 0 0 0 0 0 0 0 0 0 0 0 0 0 0 0 0 0 0 0 0 0 0 0 0 0 0 0 0 0 0 0 0 0 0 0 0 0 0 0 0 0 0 0 0 0 0 0 0 0 0 0 0 0 0 0 0 0 0 0 0 0 0 0 0 0 0 0 0 0 0 0 0 0 0 0 0 0 0 0 0 0 0 0 0 0 0 0 0 0 0 0 0 0 0 0 0 0 0 0 0 0 0 0 0 0 0 0 0 0 0 0 0 0 0 0 0 0 0 0 0 0 0 0 0 0 0 0 0 0 0 0 0 0 0 0 0 0 0 0 0 0 0 0 0 0 0 0 0 0 0 0 0 0 0 0 0 0 0 0 0 0 
0 0 0 0 0 0 0 0 0 0 0 0 0 0 0 0 0 0 0 0 0 0 0 0 0 0 0 0 0 0 0 0 0 0 0 0 0 0 0 0 0 0 0 0 0 0 0 0 0 0 0 0 0 0 0 0 0 0 0 0 0 0 0 0 0 0 0 0 0 0 0 0 0 0 0 0 0 0 0 0 0 0 0 0 0 0 0 0 0 0 0 0 0 0 0 0 0 0 0 0 0 0 0 0 0 0 0 0 0 0 0 0 0 0 168 166 166 165 165 165 165 166 166 166 168 167 167 168 167 167 166 166 166 165 164 164 162 161 159 157 154 152 152 150 149 145 143 137 136 131 121 116 120 116 106 100 96 93 93 94 93 94 99 104 109 111 110 108 106 103 105 96 94 95 97 93 92 92 93 93 88 86 84 89 94 95 92 85 87 93 93 98 100 104 112 113 104 93 80 80 79 87 97 81 86 113 133 140 0 0 0 0 0 0 0 0 0 0 0 0 0 0 0 0 0 0 0 0 0 0 0 0 0 0 0 0 0 0 0 0 0 0 0 0 0 0 0 0 0 0 0 0 0 0 0 0 0 0 0 0 0 0 0 0 0 0 0 0 0 0 0 0 0 0 0 0 0 0 0 0 0 0 0 0 0 0 0 0 0 0 0 0 0 0 0 0 0 0 0 0 0 0 0 0 0 0 0 0 0 0 0 0 0 0 0 0 0 0 0 0 0 0 0 0 0 0 0 0 0 0 0 0 0 0 0 0 0 0 0 0 0 0 0 0 0 0 0 0 0 0 0 0 0 0 0 0 0 0 0 0 0 0 0 0 0 0 0 0 0 0 0 0 0 0 0 0 0 0 0 0 0 0 0 0 0 0 0 0 0 0 0 0 0 0 0 0 0 0 0 0 0 0 0 0 0 0 0 0 0 0 0 0 0 0 0 0 0 0 0 0 0 0 0 0 0 0 0 0 0 0 0 0 0 0 0 0 0 0 0 0 0 0 0 0 0 0 0 0 0 0 0 0 0 0 0 0 0 0 0 0 0 0 0 0 0 0 0 0 0 0 0 0 0 0 0 0 0 0 0 0 0 0 0 0 0 0 0 0 0 0 0 0 0 0 0 0 0 0 0 0 0 0 0 0 0 0 0 0 0 0 0 0 0 0 0 0 0 0 0 0 0 0 0 0 0 0 0 0 0 0 0 0 0 0 0 0 0 
0 0 0 0 0 0 0 0 0 0 0 0 0 0 0 0 0 0 0 0 0 0 0 0 0 0 0 0 0 0 0 0 0 0 0 0 0 0 0 0 0 0 0 0 0 0 0 0 0 0 0 0 0 0 0 0 0 0 0 0 0 0 0 0 0 0 0 0 0 0 0 0 0 0 0 0 0 0 0 0 0 0 0 0 0 0 0 0 0 0 0 0 0 0 0 0 0 0 0 0 0 0 0 0 0 0 0 0 0 0 0 0 0 169 168 167 166 165 165 165 164 165 165 165 166 166 167 166 165 166 166 166 165 164 163 162 162 161 159 157 155 154 151 149 146 143 143 138 134 128 121 116 111 105 106 98 96 95 93 95 92 89 98 101 109 107 110 107 109 106 99 96 97 96 97 88 85 92 94 93 89 88 91 98 94 96 89 85 88 89 94 96 102 107 112 118 101 93 84 80 88 99 88 80 98 113 125 132 140 142 0 0 0 0 0 0 0 0 0 0 0 0 0 0 0 0 0 0 0 0 0 0 0 0 0 0 0 0 0 0 0 0 0 0 0 0 0 0 0 0 0 0 0 0 0 0 0 0 0 0 0 0 0 0 0 0 0 0 0 0 0 0 0 0 0 0 0 0 0 0 0 0 0 0 0 0 0 0 0 0 0 0 0 0 0 0 0 0 0 0 0 0 0 0 0 0 0 0 0 0 0 0 0 0 0 0 0 0 0 0 0 0 0 0 0 0 0 0 0 0 0 0 0 0 0 0 0 0 0 0 0 0 0 0 0 0 0 0 0 0 0 0 0 0 0 0 0 0 0 0 0 0 0 0 0 0 0 0 0 0 0 0 0 0 0 0 0 0 0 0 0 0 0 0 0 0 0 0 0 0 0 0 0 0 0 0 0 0 0 0 0 0 0 0 0 0 0 0 0 0 0 0 0 0 0 0 0 0 0 0 0 0 0 0 0 0 0 0 0 0 0 0 0 0 0 0 0 0 0 0 0 0 0 0 0 0 0 0 0 0 0 0 0 0 0 0 0 0 0 0 0 0 0 0 0 0 0 0 0 0 0 0 0 0 0 0 0 0 0 0 0 0 0 0 0 0 0 0 0 0 0 0 0 0 0 0 0 0 0 0 0 0 0 0 0 0 0 0 0 0 0 0 0 0 0 0 0 0 0 0 0 0 0 0 0 0 0 0 0 0 0 0 0 0 0 0 0 
0 0 0 0 0 0 0 0 0 0 0 0 0 0 0 0 0 0 0 0 0 0 0 0 0 0 0 0 0 0 0 0 0 0 0 0 0 0 0 0 0 0 0 0 0 0 0 0 0 0 0 0 0 0 0 0 0 0 0 0 0 0 0 0 0 0 0 0 0 0 0 0 0 0 0 0 0 0 0 0 0 0 0 0 0 0 0 0 0 0 0 0 0 0 0 0 0 0 0 0 0 0 0 0 0 0 0 0 0 0 0 0 0 170 169 168 165 165 165 165 164 164 164 163 164 164 165 164 165 164 166 165 165 164 163 162 161 159 159 154 154 154 152 149 146 143 138 134 134 124 115 115 111 105 102 98 97 95 95 91 86 89 92 94 102 102 106 105 104 106 96 96 93 93 93 86 82 88 91 93 90 88 92 97 94 91 90 87 88 89 92 98 100 103 115 117 108 88 83 80 86 101 99 87 85 118 124 138 145 142 138 134 0 0 0 0 0 0 0 0 0 0 0 0 0 0 0 0 0 0 0 0 0 0 0 0 0 0 0 0 0 0 0 0 0 0 0 0 0 0 0 0 0 0 0 0 0 0 0 0 0 0 0 0 0 0 0 0 0 0 0 0 0 0 0 0 0 0 0 0 0 0 0 0 0 0 0 0 0 0 0 0 0 0 0 0 0 0 0 0 0 0 0 0 0 0 0 0 0 0 0 0 0 0 0 0 0 0 0 0 0 0 0 0 0 0 0 0 0 0 0 0 0 0 0 0 0 0 0 0 0 0 0 0 0 0 0 0 0 0 0 0 0 0 0 0 0 0 0 0 0 0 0 0 0 0 0 0 0 0 0 0 0 0 0 0 0 0 0 0 0 0 0 0 0 0 0 0 0 0 0 0 0 0 0 0 0 0 0 0 0 0 0 0 0 0 0 0 0 0 0 0 0 0 0 0 0 0 0 0 0 0 0 0 0 0 0 0 0 0 0 0 0 0 0 0 0 0 0 0 0 0 0 0 0 0 0 0 0 0 0 0 0 0 0 0 0 0 0 0 0 0 0 0 0 0 0 0 0 0 0 0 0 0 0 0 0 0 0 0 0 0 0 0 0 0 0 0 0 0 0 0 0 0 0 0 0 0 0 0 0 0 0 0 0 0 0 0 0 0 0 0 0 0 0 0 0 0 0 0 0 0 0 0 0 0 0 0 0 0 0 0 0 0 0 0 0 
0 0 0 0 0 0 0 0 0 0 0 0 0 0 0 0 0 0 0 0 0 0 0 0 0 0 0 0 0 0 0 0 0 0 0 0 0 0 0 0 0 0 0 0 0 0 0 0 0 0 0 0 0 0 0 0 0 0 0 0 0 0 0 0 0 0 0 0 0 0 0 0 0 0 0 0 0 0 0 0 0 0 0 0 0 0 0 0 0 0 0 0 0 0 0 0 0 0 0 0 0 0 0 0 0 0 0 0 0 0 0 0 172 171 170 168 167 166 164 164 163 160 159 162 162 164 163 162 164 164 164 164 164 163 161 162 161 159 157 154 152 152 149 146 144 143 139 135 130 124 115 105 100 102 102 98 99 98 94 89 86 86 90 94 94 102 95 94 95 99 95 89 87 93 90 92 82 88 95 93 94 93 95 97 94 89 90 88 89 92 94 99 100 103 109 116 108 96 90 87 104 107 98 84 85 108 119 133 143 147 142 132 132 130 0 0 0 0 0 0 0 0 0 0 0 0 0 0 0 0 0 0 0 0 0 0 0 0 0 0 0 0 0 0 0 0 0 0 0 0 0 0 0 0 0 0 0 0 0 0 0 0 0 0 0 0 0 0 0 0 0 0 0 0 0 0 0 0 0 0 0 0 0 0 0 0 0 0 0 0 0 0 0 0 0 0 0 0 0 0 0 0 0 0 0 0 0 0 0 0 0 0 0 0 0 0 0 0 0 0 0 0 0 0 0 0 0 0 0 0 0 0 0 0 0 0 0 0 0 0 0 0 0 0 0 0 0 0 0 0 0 0 0 0 0 0 0 0 0 0 0 0 0 0 0 0 0 0 0 0 0 0 0 0 0 0 0 0 0 0 0 0 0 0 0 0 0 0 0 0 0 0 0 0 0 0 0 0 0 0 0 0 0 0 0 0 0 0 0 0 0 0 0 0 0 0 0 0 0 0 0 0 0 0 0 0 0 0 0 0 0 0 0 0 0 0 0 0 0 0 0 0 0 0 0 0 0 0 0 0 0 0 0 0 0 0 0 0 0 0 0 0 0 0 0 0 0 0 0 0 0 0 0 0 0 0 0 0 0 0 0 0 0 0 0 0 0 0 0 0 0 0 0 0 0 0 0 0 0 0 0 0 0 0 0 0 0 0 0 0 0 0 0 0 0 0 0 0 0 0 0 0 0 0 0 0 0 0 0 0 0 0 0 0 0 0 0 
0 0 0 0 0 0 0 0 0 0 0 0 0 0 0 0 0 0 0 0 0 0 0 0 0 0 0 0 0 0 0 0 0 0 0 0 0 0 0 0 0 0 0 0 0 0 0 0 0 0 0 0 0 0 0 0 0 0 0 0 0 0 0 0 0 0 0 0 0 0 0 0 0 0 0 0 0 0 0 0 0 0 0 0 0 0 0 0 0 0 0 0 0 0 0 0 0 0 0 0 0 0 0 0 0 0 0 0 0 0 0 0 172 171 170 168 166 164 164 164 163 160 159 159 158 161 160 162 163 164 163 163 163 163 162 161 159 159 155 152 152 149 147 146 144 140 135 135 124 114 115 104 98 100 98 99 99 98 94 85 86 84 86 90 85 91 95 94 95 84 95 88 84 89 94 95 93 93 95 95 94 96 96 95 91 88 88 89 89 92 93 95 96 102 111 119 106 95 90 93 106 111 108 94 95 111 128 140 143 151 152 141 140 137 135 139 0 0 0 0 0 0 0 0 0 0 0 0 0 0 0 0 0 0 0 0 0 0 0 0 0 0 0 0 0 0 0 0 0 0 0 0 0 0 0 0 0 0 0 0 0 0 0 0 0 0 0 0 0 0 0 0 0 0 0 0 0 0 0 0 0 0 0 0 0 0 0 0 0 0 0 0 0 0 0 0 0 0 0 0 0 0 0 0 0 0 0 0 0 0 0 0 0 0 0 0 0 0 0 0 0 0 0 0 0 0 0 0 0 0 0 0 0 0 0 0 0 0 0 0 0 0 0 0 0 0 0 0 0 0 0 0 0 0 0 0 0 0 0 0 0 0 0 0 0 0 0 0 0 0 0 0 0 0 0 0 0 0 0 0 0 0 0 0 0 0 0 0 0 0 0 0 0 0 0 0 0 0 0 0 0 0 0 0 0 0 0 0 0 0 0 0 0 0 0 0 0 0 0 0 0 0 0 0 0 0 0 0 0 0 0 0 0 0 0 0 0 0 0 0 0 0 0 0 0 0 0 0 0 0 0 0 0 0 0 0 0 0 0 0 0 0 0 0 0 0 0 0 0 0 0 0 0 0 0 0 0 0 0 0 0 0 0 0 0 0 0 0 0 0 0 0 0 0 0 0 0 0 0 0 0 0 0 0 0 0 0 0 0 0 0 0 0 0 0 0 0 0 0 0 0 0 0 0 0 0 0 0 0 0 0 0 0 0 0 0 0 
0 0 0 0 0 0 0 0 0 0 0 0 0 0 0 0 0 0 0 0 0 0 0 0 0 0 0 0 0 0 0 0 0 0 0 0 0 0 0 0 0 0 0 0 0 0 0 0 0 0 0 0 0 0 0 0 0 0 0 0 0 0 0 0 0 0 0 0 0 0 0 0 0 0 0 0 0 0 0 0 0 0 0 0 0 0 0 0 0 0 0 0 0 0 0 0 0 0 0 0 0 0 0 0 0 0 0 0 0 0 0 0 173 172 170 168 166 164 164 162 159 159 158 159 158 157 157 160 162 162 162 162 162 161 162 160 159 158 155 153 149 146 147 144 144 140 134 128 121 114 101 97 98 99 98 98 94 89 84 85 82 85 86 84 80 86 92 89 87 81 79 75 84 89 92 95 94 92 95 93 95 97 96 95 90 88 88 89 91 94 92 90 96 96 97 107 116 107 96 108 115 115 108 94 86 102 123 136 150 153 152 152 146 137 136 139 145 146 0 0 0 0 0 0 0 0 0 0 0 0 0 0 0 0 0 0 0 0 0 0 0 0 0 0 0 0 0 0 0 0 0 0 0 0 0 0 0 0 0 0 0 0 0 0 0 0 0 0 0 0 0 0 0 0 0 0 0 0 0 0 0 0 0 0 0 0 0 0 0 0 0 0 0 0 0 0 0 0 0 0 0 0 0 0 0 0 0 0 0 0 0 0 0 0 0 0 0 0 0 0 0 0 0 0 0 0 0 0 0 0 0 0 0 0 0 0 0 0 0 0 0 0 0 0 0 0 0 0 0 0 0 0 0 0 0 0 0 0 0 0 0 0 0 0 0 0 0 0 0 0 0 0 0 0 0 0 0 0 0 0 0 0 0 0 0 0 0 0 0 0 0 0 0 0 0 0 0 0 0 0 0 0 0 0 0 0 0 0 0 0 0 0 0 0 0 0 0 0 0 0 0 0 0 0 0 0 0 0 0 0 0 0 0 0 0 0 0 0 0 0 0 0 0 0 0 0 0 0 0 0 0 0 0 0 0 0 0 0 0 0 0 0 0 0 0 0 0 0 0 0 0 0 0 0 0 0 0 0 0 0 0 0 0 0 0 0 0 0 0 0 0 0 0 0 0 0 0 0 0 0 0 0 0 0 0 0 0 0 0 0 0 0 0 0 0 0 0 0 0 0 0 0 0 0 0 0 0 0 0 0 0 0 0 0 0 0 0 
0 0 0 0 0 0 0 0 0 0 0 0 0 0 0 0 0 0 0 0 0 0 0 0 0 0 0 0 0 0 0 0 0 0 0 0 0 0 0 0 0 0 0 0 0 0 0 0 0 0 0 0 0 0 0 0 0 0 0 0 0 0 0 0 0 0 0 0 0 0 0 0 0 0 0 0 0 0 0 0 0 0 0 0 0 0 0 0 0 0 0 0 0 0 0 0 0 0 0 0 0 0 0 0 0 0 0 0 0 0 0 176 174 174 169 167 165 164 164 162 159 158 157 157 157 156 157 158 162 161 161 161 161 159 159 158 159 156 153 153 150 146 144 141 139 133 134 125 114 114 105 100 100 102 96 94 86 89 88 87 82 85 79 75 83 85 84 89 79 81 79 74 78 79 79 91 86 92 91 89 93 94 94 90 92 90 91 89 90 93 91 89 94 97 102 121 128 107 102 105 121 123 121 93 96 117 130 136 147 150 154 155 154 141 140 145 150 146 146 143 136 0 0 0 0 0 0 0 0 0 0 0 0 0 0 0 0 0 0 0 0 0 0 0 0 0 0 0 0 0 0 0 0 0 0 0 0 0 0 0 0 0 0 0 0 0 0 0 0 0 0 0 0 0 0 0 0 0 0 0 0 0 0 0 0 0 0 0 0 0 0 0 0 0 0 0 0 0 0 0 0 0 0 0 0 0 0 0 0 0 0 0 0 0 0 0 0 0 0 0 0 0 0 0 0 0 0 0 0 0 0 0 0 0 0 0 0 0 0 0 0 0 0 0 0 0 0 0 0 0 0 0 0 0 0 0 0 0 0 0 0 0 0 0 0 0 0 0 0 0 0 0 0 0 0 0 0 0 0 0 0 0 0 0 0 0 0 0 0 0 0 0 0 0 0 0 0 0 0 0 0 0 0 0 0 0 0 0 0 0 0 0 0 0 0 0 0 0 0 0 0 0 0 0 0 0 0 0 0 0 0 0 0 0 0 0 0 0 0 0 0 0 0 0 0 0 0 0 0 0 0 0 0 0 0 0 0 0 0 0 0 0 0 0 0 0 0 0 0 0 0 0 0 0 0 0 0 0 0 0 0 0 0 0 0 0 0 0 0 0 0 0 0 0 0 0 0 0 0 0 0 0 0 0 0 0 0 0 0 0 0 0 0 0 0 0 0 0 0 0 0 0 0 0 0 0 0 0 0 0 0 0 0 0 0 0 0 
0 0 0 0 0 0 0 0 0 0 0 0 0 0 0 0 0 0 0 0 0 0 0 0 0 0 0 0 0 0 0 0 0 0 0 0 0 0 0 0 0 0 0 0 0 0 0 0 0 0 0 0 0 0 0 0 0 0 0 0 0 0 0 0 0 0 0 0 0 0 0 0 0 0 0 0 0 0 0 0 0 0 0 0 0 0 0 0 0 0 0 0 0 0 0 0 0 0 0 0 0 0 0 0 0 0 0 0 0 0 0 177 176 174 171 169 166 165 163 160 160 158 158 157 157 156 156 156 158 159 159 161 159 159 158 157 156 155 153 149 146 146 140 141 138 131 125 118 112 105 99 100 103 102 98 91 82 83 82 85 76 82 79 75 79 80 78 82 75 78 74 74 75 70 79 76 72 83 84 88 86 94 88 89 89 91 92 92 91 91 92 89 90 96 104 111 125 122 111 105 131 128 121 108 94 113 125 142 148 150 152 155 154 149 144 147 151 149 146 140 138 136 0 0 0 0 0 0 0 0 0 0 0 0 0 0 0 0 0 0 0 0 0 0 0 0 0 0 0 0 0 0 0 0 0 0 0 0 0 0 0 0 0 0 0 0 0 0 0 0 0 0 0 0 0 0 0 0 0 0 0 0 0 0 0 0 0 0 0 0 0 0 0 0 0 0 0 0 0 0 0 0 0 0 0 0 0 0 0 0 0 0 0 0 0 0 0 0 0 0 0 0 0 0 0 0 0 0 0 0 0 0 0 0 0 0 0 0 0 0 0 0 0 0 0 0 0 0 0 0 0 0 0 0 0 0 0 0 0 0 0 0 0 0 0 0 0 0 0 0 0 0 0 0 0 0 0 0 0 0 0 0 0 0 0 0 0 0 0 0 0 0 0 0 0 0 0 0 0 0 0 0 0 0 0 0 0 0 0 0 0 0 0 0 0 0 0 0 0 0 0 0 0 0 0 0 0 0 0 0 0 0 0 0 0 0 0 0 0 0 0 0 0 0 0 0 0 0 0 0 0 0 0 0 0 0 0 0 0 0 0 0 0 0 0 0 0 0 0 0 0 0 0 0 0 0 0 0 0 0 0 0 0 0 0 0 0 0 0 0 0 0 0 0 0 0 0 0 0 0 0 0 0 0 0 0 0 0 0 0 0 0 0 0 0 0 0 0 0 0 0 0 0 0 0 0 0 0 0 0 0 0 0 0 0 0 0 
0 0 0 0 0 0 0 0 0 0 0 0 0 0 0 0 0 0 0 0 0 0 0 0 0 0 0 0 0 0 0 0 0 0 0 0 0 0 0 0 0 0 0 0 0 0 0 0 0 0 0 0 0 0 0 0 0 0 0 0 0 0 0 0 0 0 0 0 0 0 0 0 0 0 0 0 0 0 0 0 0 0 0 0 0 0 0 0 0 0 0 0 0 0 0 0 0 0 0 0 0 0 0 0 0 0 0 0 0 0 179 177 175 173 171 169 167 165 164 161 161 159 160 157 156 156 155 156 156 158 159 159 159 158 157 157 154 153 153 150 147 143 139 137 131 131 123 111 112 105 100 97 100 98 87 77 82 74 82 78 74 70 77 80 79 80 78 74 67 72 72 73 70 66 67 69 72 76 80 85 82 86 87 88 88 90 92 92 90 91 92 90 94 104 105 114 125 129 119 111 120 130 117 100 109 119 125 138 146 148 149 154 156 150 144 151 151 150 144 140 137 137 132 133 0 0 0 0 0 0 0 0 0 0 0 0 0 0 0 0 0 0 0 0 0 0 0 0 0 0 0 0 0 0 0 0 0 0 0 0 0 0 0 0 0 0 0 0 0 0 0 0 0 0 0 0 0 0 0 0 0 0 0 0 0 0 0 0 0 0 0 0 0 0 0 0 0 0 0 0 0 0 0 0 0 0 0 0 0 0 0 0 0 0 0 0 0 0 0 0 0 0 0 0 0 0 0 0 0 0 0 0 0 0 0 0 0 0 0 0 0 0 0 0 0 0 0 0 0 0 0 0 0 0 0 0 0 0 0 0 0 0 0 0 0 0 0 0 0 0 0 0 0 0 0 0 0 0 0 0 0 0 0 0 0 0 0 0 0 0 0 0 0 0 0 0 0 0 0 0 0 0 0 0 0 0 0 0 0 0 0 0 0 0 0 0 0 0 0 0 0 0 0 0 0 0 0 0 0 0 0 0 0 0 0 0 0 0 0 0 0 0 0 0 0 0 0 0 0 0 0 0 0 0 0 0 0 0 0 0 0 0 0 0 0 0 0 0 0 0 0 0 0 0 0 0 0 0 0 0 0 0 0 0 0 0 0 0 0 0 0 0 0 0 0 0 0 0 0 0 0 0 0 0 0 0 0 0 0 0 0 0 0 0 0 0 0 0 0 0 0 0 0 0 0 0 0 0 0 0 0 0 0 0 0 0 0 
0 0 0 0 0 0 0 0 0 0 0 0 0 0 0 0 0 0 0 0 0 0 0 0 0 0 0 0 0 0 0 0 0 0 0 0 0 0 0 0 0 0 0 0 0 0 0 0 0 0 0 0 0 0 0 0 0 0 0 0 0 0 0 0 0 0 0 0 0 0 0 0 0 0 0 0 0 0 0 0 0 0 0 0 0 0 0 0 0 0 0 0 0 0 0 0 0 0 0 0 0 0 0 0 0 0 0 0 0 0 181 179 175 174 172 168 168 166 162 162 160 160 160 157 156 155 155 156 157 157 159 159 159 160 160 155 153 152 150 147 147 139 139 134 127 122 114 107 104 98 100 96 93 95 86 78 69 62 71 72 74 72 75 81 75 66 66 74 65 69 72 72 64 66 64 70 79 84 80 82 82 83 83 86 90 91 92 91 90 90 92 93 97 105 108 109 125 127 119 115 125 130 122 101 102 115 131 143 146 149 153 154 158 155 150 151 150 143 142 140 139 137 137 138 134 131 0 0 0 0 0 0 0 0 0 0 0 0 0 0 0 0 0 0 0 0 0 0 0 0 0 0 0 0 0 0 0 0 0 0 0 0 0 0 0 0 0 0 0 0 0 0 0 0 0 0 0 0 0 0 0 0 0 0 0 0 0 0 0 0 0 0 0 0 0 0 0 0 0 0 0 0 0 0 0 0 0 0 0 0 0 0 0 0 0 0 0 0 0 0 0 0 0 0 0 0 0 0 0 0 0 0 0 0 0 0 0 0 0 0 0 0 0 0 0 0 0 0 0 0 0 0 0 0 0 0 0 0 0 0 0 0 0 0 0 0 0 0 0 0 0 0 0 0 0 0 0 0 0 0 0 0 0 0 0 0 0 0 0 0 0 0 0 0 0 0 0 0 0 0 0 0 0 0 0 0 0 0 0 0 0 0 0 0 0 0 0 0 0 0 0 0 0 0 0 0 0 0 0 0 0 0 0 0 0 0 0 0 0 0 0 0 0 0 0 0 0 0 0 0 0 0 0 0 0 0 0 0 0 0 0 0 0 0 0 0 0 0 0 0 0 0 0 0 0 0 0 0 0 0 0 0 0 0 0 0 0 0 0 0 0 0 0 0 0 0 0 0 0 0 0 0 0 0 0 0 0 0 0 0 0 0 0 0 0 0 0 0 0 0 0 0 0 0 0 0 0 0 0 0 0 0 0 0 0 0 0 
0 0 0 0 0 0 0 0 0 0 0 0 0 0 0 0 0 0 0 0 0 0 0 0 0 0 0 0 0 0 0 0 0 0 0 0 0 0 0 0 0 0 0 0 0 0 0 0 0 0 0 0 0 0 0 0 0 0 0 0 0 0 0 0 0 0 0 0 0 0 0 0 0 0 0 0 0 0 0 0 0 0 0 0 0 0 0 0 0 0 0 0 0 0 0 0 0 0 0 0 0 0 0 0 0 0 0 0 0 183 181 179 177 175 172 170 168 167 165 164 161 161 158 157 156 156 155 155 157 157 158 159 160 160 160 160 155 152 150 146 144 139 134 126 127 117 103 107 100 95 94 93 93 88 81 78 67 62 64 68 73 70 77 67 61 66 61 60 65 69 72 65 63 65 71 70 80 85 82 85 87 91 92 89 90 91 91 89 89 87 93 101 107 110 112 109 118 131 122 117 122 120 107 101 107 115 126 139 149 149 151 157 157 155 155 151 150 145 143 143 144 142 141 138 131 131 130 134 136 0 0 0 0 0 0 0 0 0 0 0 0 0 0 0 0 0 0 0 0 0 0 0 0 0 0 0 0 0 0 0 0 0 0 0 0 0 0 0 0 0 0 0 0 0 0 0 0 0 0 0 0 0 0 0 0 0 0 0 0 0 0 0 0 0 0 0 0 0 0 0 0 0 0 0 0 0 0 0 0 0 0 0 0 0 0 0 0 0 0 0 0 0 0 0 0 0 0 0 0 0 0 0 0 0 0 0 0 0 0 0 0 0 0 0 0 0 0 0 0 0 0 0 0 0 0 0 0 0 0 0 0 0 0 0 0 0 0 0 0 0 0 0 0 0 0 0 0 0 0 0 0 0 0 0 0 0 0 0 0 0 0 0 0 0 0 0 0 0 0 0 0 0 0 0 0 0 0 0 0 0 0 0 0 0 0 0 0 0 0 0 0 0 0 0 0 0 0 0 0 0 0 0 0 0 0 0 0 0 0 0 0 0 0 0 0 0 0 0 0 0 0 0 0 0 0 0 0 0 0 0 0 0 0 0 0 0 0 0 0 0 0 0 0 0 0 0 0 0 0 0 0 0 0 0 0 0 0 0 0 0 0 0 0 0 0 0 0 0 0 0 0 0 0 0 0 0 0 0 0 0 0 0 0 0 0 0 0 0 0 0 0 0 0 0 0 0 0 0 0 0 0 0 0 0 0 0 0 
0 0 0 0 0 0 0 0 0 0 0 0 0 0 0 0 0 0 0 0 0 0 0 0 0 0 0 0 0 0 0 0 0 0 0 0 0 0 0 0 0 0 0 0 0 0 0 0 0 0 0 0 0 0 0 0 0 0 0 0 0 0 0 0 0 0 0 0 0 0 0 0 0 0 0 0 0 0 0 0 0 0 0 0 0 0 0 0 0 0 0 0 0 0 0 0 0 0 0 0 0 0 0 0 0 0 0 0 0 184 182 181 177 175 174 172 169 167 166 164 163 161 160 159 156 157 155 155 157 157 158 159 160 161 160 159 157 151 148 146 136 139 133 126 115 105 97 96 93 95 93 94 92 91 87 78 75 66 71 68 69 72 70 62 61 61 58 62 66 65 72 65 63 65 68 79 84 81 82 85 91 95 95 92 94 90 90 89 89 87 95 105 110 112 117 118 131 131 127 127 122 122 119 100 110 119 126 139 150 149 151 155 156 155 156 151 144 141 143 144 144 145 146 141 136 130 134 140 136 123 0 0 0 0 0 0 0 0 0 0 0 0 0 0 0 0 0 0 0 0 0 0 0 0 0 0 0 0 0 0 0 0 0 0 0 0 0 0 0 0 0 0 0 0 0 0 0 0 0 0 0 0 0 0 0 0 0 0 0 0 0 0 0 0 0 0 0 0 0 0 0 0 0 0 0 0 0 0 0 0 0 0 0 0 0 0 0 0 0 0 0 0 0 0 0 0 0 0 0 0 0 0 0 0 0 0 0 0 0 0 0 0 0 0 0 0 0 0 0 0 0 0 0 0 0 0 0 0 0 0 0 0 0 0 0 0 0 0 0 0 0 0 0 0 0 0 0 0 0 0 0 0 0 0 0 0 0 0 0 0 0 0 0 0 0 0 0 0 0 0 0 0 0 0 0 0 0 0 0 0 0 0 0 0 0 0 0 0 0 0 0 0 0 0 0 0 0 0 0 0 0 0 0 0 0 0 0 0 0 0 0 0 0 0 0 0 0 0 0 0 0 0 0 0 0 0 0 0 0 0 0 0 0 0 0 0 0 0 0 0 0 0 0 0 0 0 0 0 0 0 0 0 0 0 0 0 0 0 0 0 0 0 0 0 0 0 0 0 0 0 0 0 0 0 0 0 0 0 0 0 0 0 0 0 0 0 0 0 0 0 0 0 0 0 0 0 0 0 0 0 0 0 0 0 0 0 0 
0 0 0 0 0 0 0 0 0 0 0 0 0 0 0 0 0 0 0 0 0 0 0 0 0 0 0 0 0 0 0 0 0 0 0 0 0 0 0 0 0 0 0 0 0 0 0 0 0 0 0 0 0 0 0 0 0 0 0 0 0 0 0 0 0 0 0 0 0 0 0 0 0 0 0 0 0 0 0 0 0 0 0 0 0 0 0 0 0 0 0 0 0 0 0 0 0 0 0 0 0 0 0 0 0 0 0 0 186 185 183 181 180 177 174 172 173 171 170 165 165 161 160 159 158 157 156 156 157 158 158 160 161 161 161 159 157 155 153 143 136 130 123 126 116 93 97 89 87 90 92 95 91 90 87 86 85 74 77 72 78 71 73 74 61 63 62 61 67 71 68 63 64 65 68 76 82 81 83 92 94 95 95 97 94 96 97 91 90 95 104 114 114 121 117 121 128 138 136 131 127 128 119 120 110 120 121 134 144 152 152 152 156 155 156 154 146 142 143 141 146 149 146 146 143 132 134 141 139 131 126 130 0 0 0 0 0 0 0 0 0 0 0 0 0 0 0 0 0 0 0 0 0 0 0 0 0 0 0 0 0 0 0 0 0 0 0 0 0 0 0 0 0 0 0 0 0 0 0 0 0 0 0 0 0 0 0 0 0 0 0 0 0 0 0 0 0 0 0 0 0 0 0 0 0 0 0 0 0 0 0 0 0 0 0 0 0 0 0 0 0 0 0 0 0 0 0 0 0 0 0 0 0 0 0 0 0 0 0 0 0 0 0 0 0 0 0 0 0 0 0 0 0 0 0 0 0 0 0 0 0 0 0 0 0 0 0 0 0 0 0 0 0 0 0 0 0 0 0 0 0 0 0 0 0 0 0 0 0 0 0 0 0 0 0 0 0 0 0 0 0 0 0 0 0 0 0 0 0 0 0 0 0 0 0 0 0 0 0 0 0 0 0 0 0 0 0 0 0 0 0 0 0 0 0 0 0 0 0 0 0 0 0 0 0 0 0 0 0 0 0 0 0 0 0 0 0 0 0 0 0 0 0 0 0 0 0 0 0 0 0 0 0 0 0 0 0 0 0 0 0 0 0 0 0 0 0 0 0 0 0 0 0 0 0 0 0 0 0 0 0 0 0 0 0 0 0 0 0 0 0 0 0 0 0 0 0 0 0 0 0 0 0 0 0 0 0 0 0 0 0 0 0 0 0 0 0 
0 0 0 0 0 0 0 0 0 0 0 0 0 0 0 0 0 0 0 0 0 0 0 0 0 0 0 0 0 0 0 0 0 0 0 0 0 0 0 0 0 0 0 0 0 0 0 0 0 0 0 0 0 0 0 0 0 0 0 0 0 0 0 0 0 0 0 0 0 0 0 0 0 0 0 0 0 0 0 0 0 0 0 0 0 0 0 0 0 0 0 0 0 0 0 0 0 0 0 0 0 0 0 0 0 0 0 0 187 186 183 182 181 178 177 176 173 171 170 169 165 164 163 160 160 158 159 159 157 158 158 160 162 162 160 159 157 155 153 147 139 126 117 115 104 95 85 84 87 85 88 93 89 90 93 94 84 85 77 77 80 78 80 82 76 76 61 68 67 71 69 66 65 66 73 76 85 85 83 86 88 91 94 96 102 103 97 98 90 93 100 110 123 131 125 124 128 143 137 131 131 133 127 129 126 122 121 130 152 152 152 149 154 156 155 150 146 142 142 141 141 147 149 145 136 138 141 141 142 131 125 124 139 146 129 0 0 0 0 0 0 0 0 0 0 0 0 0 0 0 0 0 0 0 0 0 0 0 0 0 0 0 0 0 0 0 0 0 0 0 0 0 0 0 0 0 0 0 0 0 0 0 0 0 0 0 0 0 0 0 0 0 0 0 0 0 0 0 0 0 0 0 0 0 0 0 0 0 0 0 0 0 0 0 0 0 0 0 0 0 0 0 0 0 0 0 0 0 0 0 0 0 0 0 0 0 0 0 0 0 0 0 0 0 0 0 0 0 0 0 0 0 0 0 0 0 0 0 0 0 0 0 0 0 0 0 0 0 0 0 0 0 0 0 0 0 0 0 0 0 0 0 0 0 0 0 0 0 0 0 0 0 0 0 0 0 0 0 0 0 0 0 0 0 0 0 0 0 0 0 0 0 0 0 0 0 0 0 0 0 0 0 0 0 0 0 0 0 0 0 0 0 0 0 0 0 0 0 0 0 0 0 0 0 0 0 0 0 0 0 0 0 0 0 0 0 0 0 0 0 0 0 0 0 0 0 0 0 0 0 0 0 0 0 0 0 0 0 0 0 0 0 0 0 0 0 0 0 0 0 0 0 0 0 0 0 0 0 0 0 0 0 0 0 0 0 0 0 0 0 0 0 0 0 0 0 0 0 0 0 0 0 0 0 0 0 0 0 0 0 0 0 0 0 0 0 0 
0 0 0 0 0 0 0 0 0 0 0 0 0 0 0 0 0 0 0 0 0 0 0 0 0 0 0 0 0 0 0 0 0 0 0 0 0 0 0 0 0 0 0 0 0 0 0 0 0 0 0 0 0 0 0 0 0 0 0 0 0 0 0 0 0 0 0 0 0 0 0 0 0 0 0 0 0 0 0 0 0 0 0 0 0 0 0 0 0 0 0 0 0 0 0 0 0 0 0 0 0 0 0 0 0 0 0 188 188 187 184 183 181 179 177 178 175 175 172 169 168 167 163 162 163 161 161 162 160 161 160 162 162 162 161 159 159 157 150 142 128 116 117 109 104 100 90 88 83 87 91 89 89 90 95 97 90 88 83 83 81 85 86 82 84 84 75 76 74 75 72 68 68 66 70 72 85 85 87 89 86 91 91 96 102 107 102 101 99 102 106 110 137 131 131 128 134 145 145 133 135 133 138 129 132 132 127 138 149 152 149 149 153 156 154 152 150 142 144 139 140 147 151 146 137 143 143 143 148 133 128 124 135 143 129 100 85 0 0 0 0 0 0 0 0 0 0 0 0 0 0 0 0 0 0 0 0 0 0 0 0 0 0 0 0 0 0 0 0 0 0 0 0 0 0 0 0 0 0 0 0 0 0 0 0 0 0 0 0 0 0 0 0 0 0 0 0 0 0 0 0 0 0 0 0 0 0 0 0 0 0 0 0 0 0 0 0 0 0 0 0 0 0 0 0 0 0 0 0 0 0 0 0 0 0 0 0 0 0 0 0 0 0 0 0 0 0 0 0 0 0 0 0 0 0 0 0 0 0 0 0 0 0 0 0 0 0 0 0 0 0 0 0 0 0 0 0 0 0 0 0 0 0 0 0 0 0 0 0 0 0 0 0 0 0 0 0 0 0 0 0 0 0 0 0 0 0 0 0 0 0 0 0 0 0 0 0 0 0 0 0 0 0 0 0 0 0 0 0 0 0 0 0 0 0 0 0 0 0 0 0 0 0 0 0 0 0 0 0 0 0 0 0 0 0 0 0 0 0 0 0 0 0 0 0 0 0 0 0 0 0 0 0 0 0 0 0 0 0 0 0 0 0 0 0 0 0 0 0 0 0 0 0 0 0 0 0 0 0 0 0 0 0 0 0 0 0 0 0 0 0 0 0 0 0 0 0 0 0 0 0 0 0 0 0 0 0 0 0 0 0 0 0 0 0 0 0 
0 0 0 0 0 0 0 0 0 0 0 0 0 0 0 0 0 0 0 0 0 0 0 0 0 0 0 0 0 0 0 0 0 0 0 0 0 0 0 0 0 0 0 0 0 0 0 0 0 0 0 0 0 0 0 0 0 0 0 0 0 0 0 0 0 0 0 0 0 0 0 0 0 0 0 0 0 0 0 0 0 0 0 0 0 0 0 0 0 0 0 0 0 0 0 0 0 0 0 0 0 0 0 0 0 0 0 191 188 187 185 184 182 181 179 177 177 175 174 171 168 167 167 168 164 164 165 162 164 164 162 164 163 162 162 160 160 157 151 145 131 119 106 101 97 95 90 88 86 86 92 92 89 93 96 93 89 88 85 84 84 87 87 88 91 85 86 76 82 87 86 72 72 70 70 72 84 83 87 89 86 87 90 97 105 107 105 101 100 103 107 116 129 138 135 128 139 147 145 139 139 137 140 141 142 132 130 145 149 152 149 148 148 155 155 151 150 149 144 140 135 148 147 138 142 145 143 141 145 143 137 131 135 141 128 107 85 96 116 0 0 0 0 0 0 0 0 0 0 0 0 0 0 0 0 0 0 0 0 0 0 0 0 0 0 0 0 0 0 0 0 0 0 0 0 0 0 0 0 0 0 0 0 0 0 0 0 0 0 0 0 0 0 0 0 0 0 0 0 0 0 0 0 0 0 0 0 0 0 0 0 0 0 0 0 0 0 0 0 0 0 0 0 0 0 0 0 0 0 0 0 0 0 0 0 0 0 0 0 0 0 0 0 0 0 0 0 0 0 0 0 0 0 0 0 0 0 0 0 0 0 0 0 0 0 0 0 0 0 0 0 0 0 0 0 0 0 0 0 0 0 0 0 0 0 0 0 0 0 0 0 0 0 0 0 0 0 0 0 0 0 0 0 0 0 0 0 0 0 0 0 0 0 0 0 0 0 0 0 0 0 0 0 0 0 0 0 0 0 0 0 0 0 0 0 0 0 0 0 0 0 0 0 0 0 0 0 0 0 0 0 0 0 0 0 0 0 0 0 0 0 0 0 0 0 0 0 0 0 0 0 0 0 0 0 0 0 0 0 0 0 0 0 0 0 0 0 0 0 0 0 0 0 0 0 0 0 0 0 0 0 0 0 0 0 0 0 0 0 0 0 0 0 0 0 0 0 0 0 0 0 0 0 0 0 0 0 0 0 0 0 0 0 0 0 0 0 
0 0 0 0 0 0 0 0 0 0 0 0 0 0 0 0 0 0 0 0 0 0 0 0 0 0 0 0 0 0 0 0 0 0 0 0 0 0 0 0 0 0 0 0 0 0 0 0 0 0 0 0 0 0 0 0 0 0 0 0 0 0 0 0 0 0 0 0 0 0 0 0 0 0 0 0 0 0 0 0 0 0 0 0 0 0 0 0 0 0 0 0 0 0 0 0 0 0 0 0 0 0 0 0 0 0 191 190 189 188 186 184 183 184 181 179 179 176 176 172 171 169 167 168 169 169 169 165 166 165 165 164 165 163 162 162 162 155 149 135 124 119 103 96 92 94 89 85 84 90 92 90 89 90 93 93 91 88 87 84 89 88 87 88 92 92 91 88 90 91 81 78 72 73 74 75 89 96 103 105 92 87 90 96 100 112 114 103 104 107 107 121 129 138 146 131 132 144 145 141 139 142 140 144 146 137 135 139 152 148 149 146 145 151 153 151 150 148 145 139 135 141 150 142 141 145 143 144 145 143 137 129 134 141 138 134 101 112 126 130 0 0 0 0 0 0 0 0 0 0 0 0 0 0 0 0 0 0 0 0 0 0 0 0 0 0 0 0 0 0 0 0 0 0 0 0 0 0 0 0 0 0 0 0 0 0 0 0 0 0 0 0 0 0 0 0 0 0 0 0 0 0 0 0 0 0 0 0 0 0 0 0 0 0 0 0 0 0 0 0 0 0 0 0 0 0 0 0 0 0 0 0 0 0 0 0 0 0 0 0 0 0 0 0 0 0 0 0 0 0 0 0 0 0 0 0 0 0 0 0 0 0 0 0 0 0 0 0 0 0 0 0 0 0 0 0 0 0 0 0 0 0 0 0 0 0 0 0 0 0 0 0 0 0 0 0 0 0 0 0 0 0 0 0 0 0 0 0 0 0 0 0 0 0 0 0 0 0 0 0 0 0 0 0 0 0 0 0 0 0 0 0 0 0 0 0 0 0 0 0 0 0 0 0 0 0 0 0 0 0 0 0 0 0 0 0 0 0 0 0 0 0 0 0 0 0 0 0 0 0 0 0 0 0 0 0 0 0 0 0 0 0 0 0 0 0 0 0 0 0 0 0 0 0 0 0 0 0 0 0 0 0 0 0 0 0 0 0 0 0 0 0 0 0 0 0 0 0 0 0 0 0 0 0 0 0 0 0 0 0 0 0 0 0 0 0 0 
0 0 0 0 0 0 0 0 0 0 0 0 0 0 0 0 0 0 0 0 0 0 0 0 0 0 0 0 0 0 0 0 0 0 0 0 0 0 0 0 0 0 0 0 0 0 0 0 0 0 0 0 0 0 0 0 0 0 0 0 0 0 0 0 0 0 0 0 0 0 0 0 0 0 0 0 0 0 0 0 0 0 0 0 0 0 0 0 0 0 0 0 0 0 0 0 0 0 0 0 0 0 0 0 0 0 192 190 189 188 187 185 184 183 181 181 179 178 176 174 174 173 173 171 169 169 169 169 169 166 166 166 165 165 163 164 162 158 153 141 129 104 94 87 89 85 89 84 84 83 82 79 88 91 93 91 91 91 92 90 91 89 88 89 92 95 91 90 92 93 87 86 82 82 74 89 89 99 108 113 101 99 96 96 100 114 114 112 109 109 111 115 130 142 146 145 134 144 149 147 139 142 144 146 146 144 139 139 147 146 145 144 146 149 151 151 147 143 149 151 141 146 149 144 144 145 144 144 144 144 138 130 129 137 144 134 122 112 126 130 129 139 143 0 0 0 0 0 0 0 0 0 0 0 0 0 0 0 0 0 0 0 0 0 0 0 0 0 0 0 0 0 0 0 0 0 0 0 0 0 0 0 0 0 0 0 0 0 0 0 0 0 0 0 0 0 0 0 0 0 0 0 0 0 0 0 0 0 0 0 0 0 0 0 0 0 0 0 0 0 0 0 0 0 0 0 0 0 0 0 0 0 0 0 0 0 0 0 0 0 0 0 0 0 0 0 0 0 0 0 0 0 0 0 0 0 0 0 0 0 0 0 0 0 0 0 0 0 0 0 0 0 0 0 0 0 0 0 0 0 0 0 0 0 0 0 0 0 0 0 0 0 0 0 0 0 0 0 0 0 0 0 0 0 0 0 0 0 0 0 0 0 0 0 0 0 0 0 0 0 0 0 0 0 0 0 0 0 0 0 0 0 0 0 0 0 0 0 0 0 0 0 0 0 0 0 0 0 0 0 0 0 0 0 0 0 0 0 0 0 0 0 0 0 0 0 0 0 0 0 0 0 0 0 0 0 0 0 0 0 0 0 0 0 0 0 0 0 0 0 0 0 0 0 0 0 0 0 0 0 0 0 0 0 0 0 0 0 0 0 0 0 0 0 0 0 0 0 0 0 0 0 0 0 0 0 0 0 0 0 0 0 0 0 0 0 0 
0 0 0 0 0 0 0 0 0 0 0 0 0 0 0 0 0 0 0 0 0 0 0 0 0 0 0 0 0 0 0 0 0 0 0 0 0 0 0 0 0 0 0 0 0 0 0 0 0 0 0 0 0 0 0 0 0 0 0 0 0 0 0 0 0 0 0 0 0 0 0 0 0 0 0 0 0 0 0 0 0 0 0 0 0 0 0 0 0 0 0 0 0 0 0 0 0 0 0 0 0 0 0 0 0 191 191 191 189 188 187 186 186 184 183 182 180 181 178 178 174 175 176 172 172 172 171 169 169 169 166 166 165 166 166 167 159 155 145 134 129 113 99 88 82 78 83 84 84 78 76 79 82 86 92 89 90 91 92 93 91 89 89 89 93 98 93 96 100 91 95 86 90 90 84 83 98 108 114 113 111 99 101 108 108 114 120 118 118 109 117 115 122 130 147 145 139 140 147 147 145 144 144 144 145 143 140 144 146 146 144 143 143 144 149 148 142 147 151 151 148 139 151 149 146 142 142 142 146 144 143 138 135 138 145 137 121 118 128 130 133 133 141 141 138 0 0 0 0 0 0 0 0 0 0 0 0 0 0 0 0 0 0 0 0 0 0 0 0 0 0 0 0 0 0 0 0 0 0 0 0 0 0 0 0 0 0 0 0 0 0 0 0 0 0 0 0 0 0 0 0 0 0 0 0 0 0 0 0 0 0 0 0 0 0 0 0 0 0 0 0 0 0 0 0 0 0 0 0 0 0 0 0 0 0 0 0 0 0 0 0 0 0 0 0 0 0 0 0 0 0 0 0 0 0 0 0 0 0 0 0 0 0 0 0 0 0 0 0 0 0 0 0 0 0 0 0 0 0 0 0 0 0 0 0 0 0 0 0 0 0 0 0 0 0 0 0 0 0 0 0 0 0 0 0 0 0 0 0 0 0 0 0 0 0 0 0 0 0 0 0 0 0 0 0 0 0 0 0 0 0 0 0 0 0 0 0 0 0 0 0 0 0 0 0 0 0 0 0 0 0 0 0 0 0 0 0 0 0 0 0 0 0 0 0 0 0 0 0 0 0 0 0 0 0 0 0 0 0 0 0 0 0 0 0 0 0 0 0 0 0 0 0 0 0 0 0 0 0 0 0 0 0 0 0 0 0 0 0 0 0 0 0 0 0 0 0 0 0 0 0 0 0 0 0 0 0 0 0 0 0 0 0 0 0 0 0 
0 0 0 0 0 0 0 0 0 0 0 0 0 0 0 0 0 0 0 0 0 0 0 0 0 0 0 0 0 0 0 0 0 0 0 0 0 0 0 0 0 0 0 0 0 0 0 0 0 0 0 0 0 0 0 0 0 0 0 0 0 0 0 0 0 0 0 0 0 0 0 0 0 0 0 0 0 0 0 0 0 0 0 0 0 0 0 0 0 0 0 0 0 0 0 0 0 0 0 0 0 0 0 0 0 193 192 191 191 191 188 187 186 185 184 182 182 183 180 180 178 178 174 174 174 172 172 172 169 169 169 168 168 165 165 167 162 157 148 136 122 107 92 78 73 78 78 80 84 78 76 78 81 83 84 89 88 88 91 92 93 89 89 89 98 98 100 100 101 98 101 99 103 90 90 83 85 92 101 118 120 115 120 108 114 122 120 118 118 116 121 119 122 130 140 144 139 138 139 150 149 146 147 144 146 142 140 142 144 144 142 144 145 146 149 149 143 143 146 150 140 139 145 147 146 142 138 140 147 148 145 142 138 138 145 146 135 120 128 132 133 141 135 137 138 133 125 0 0 0 0 0 0 0 0 0 0 0 0 0 0 0 0 0 0 0 0 0 0 0 0 0 0 0 0 0 0 0 0 0 0 0 0 0 0 0 0 0 0 0 0 0 0 0 0 0 0 0 0 0 0 0 0 0 0 0 0 0 0 0 0 0 0 0 0 0 0 0 0 0 0 0 0 0 0 0 0 0 0 0 0 0 0 0 0 0 0 0 0 0 0 0 0 0 0 0 0 0 0 0 0 0 0 0 0 0 0 0 0 0 0 0 0 0 0 0 0 0 0 0 0 0 0 0 0 0 0 0 0 0 0 0 0 0 0 0 0 0 0 0 0 0 0 0 0 0 0 0 0 0 0 0 0 0 0 0 0 0 0 0 0 0 0 0 0 0 0 0 0 0 0 0 0 0 0 0 0 0 0 0 0 0 0 0 0 0 0 0 0 0 0 0 0 0 0 0 0 0 0 0 0 0 0 0 0 0 0 0 0 0 0 0 0 0 0 0 0 0 0 0 0 0 0 0 0 0 0 0 0 0 0 0 0 0 0 0 0 0 0 0 0 0 0 0 0 0 0 0 0 0 0 0 0 0 0 0 0 0 0 0 0 0 0 0 0 0 0 0 0 0 0 0 0 0 0 0 0 0 0 0 0 0 0 0 0 0 0 
0 0 0 0 0 0 0 0 0 0 0 0 0 0 0 0 0 0 0 0 0 0 0 0 0 0 0 0 0 0 0 0 0 0 0 0 0 0 0 0 0 0 0 0 0 0 0 0 0 0 0 0 0 0 0 0 0 0 0 0 0 0 0 0 0 0 0 0 0 0 0 0 0 0 0 0 0 0 0 0 0 0 0 0 0 0 0 0 0 0 0 0 0 0 0 0 0 0 0 0 0 0 0 0 194 193 192 191 191 191 190 190 187 186 185 184 185 182 182 180 180 180 176 176 175 174 174 172 172 171 169 168 168 167 166 164 159 148 134 136 122 111 97 78 70 73 74 80 78 78 76 76 77 81 82 86 85 88 90 89 93 91 89 92 97 100 100 102 101 104 101 106 110 105 100 88 87 94 101 115 120 125 128 125 129 127 129 129 124 116 121 124 125 130 139 146 142 138 139 143 145 148 150 147 147 145 140 143 144 144 141 142 144 141 147 145 139 137 146 149 145 135 139 143 145 142 140 146 147 149 144 144 137 133 143 143 135 130 128 127 131 140 137 130 137 123 125 130 130 0 0 0 0 0 0 0 0 0 0 0 0 0 0 0 0 0 0 0 0 0 0 0 0 0 0 0 0 0 0 0 0 0 0 0 0 0 0 0 0 0 0 0 0 0 0 0 0 0 0 0 0 0 0 0 0 0 0 0 0 0 0 0 0 0 0 0 0 0 0 0 0 0 0 0 0 0 0 0 0 0 0 0 0 0 0 0 0 0 0 0 0 0 0 0 0 0 0 0 0 0 0 0 0 0 0 0 0 0 0 0 0 0 0 0 0 0 0 0 0 0 0 0 0 0 0 0 0 0 0 0 0 0 0 0 0 0 0 0 0 0 0 0 0 0 0 0 0 0 0 0 0 0 0 0 0 0 0 0 0 0 0 0 0 0 0 0 0 0 0 0 0 0 0 0 0 0 0 0 0 0 0 0 0 0 0 0 0 0 0 0 0 0 0 0 0 0 0 0 0 0 0 0 0 0 0 0 0 0 0 0 0 0 0 0 0 0 0 0 0 0 0 0 0 0 0 0 0 0 0 0 0 0 0 0 0 0 0 0 0 0 0 0 0 0 0 0 0 0 0 0 0 0 0 0 0 0 0 0 0 0 0 0 0 0 0 0 0 0 0 0 0 0 0 0 0 0 0 0 0 0 0 0 0 0 0 0 0 
0 0 0 0 0 0 0 0 0 0 0 0 0 0 0 0 0 0 0 0 0 0 0 0 0 0 0 0 0 0 0 0 0 0 0 0 0 0 0 0 0 0 0 0 0 0 0 0 0 0 0 0 0 0 0 0 0 0 0 0 0 0 0 0 0 0 0 0 0 0 0 0 0 0 0 0 0 0 0 0 0 0 0 0 0 0 0 0 0 0 0 0 0 0 0 0 0 0 0 0 0 0 0 0 193 192 192 191 191 191 190 189 189 189 185 185 185 185 184 181 181 178 178 177 175 175 175 174 174 172 171 171 167 167 166 164 161 150 139 122 114 103 82 73 70 67 66 75 77 79 78 78 77 79 82 81 82 86 93 95 90 92 89 97 97 100 102 108 108 111 106 111 110 107 100 97 94 95 103 111 120 126 128 132 133 132 134 131 124 123 126 124 125 123 141 146 149 144 137 137 144 143 150 150 151 148 140 140 144 140 139 137 137 141 144 145 137 133 144 146 145 137 139 143 144 140 139 139 146 139 143 139 131 133 137 141 139 135 129 125 134 141 126 130 135 121 120 129 126 128 135 0 0 0 0 0 0 0 0 0 0 0 0 0 0 0 0 0 0 0 0 0 0 0 0 0 0 0 0 0 0 0 0 0 0 0 0 0 0 0 0 0 0 0 0 0 0 0 0 0 0 0 0 0 0 0 0 0 0 0 0 0 0 0 0 0 0 0 0 0 0 0 0 0 0 0 0 0 0 0 0 0 0 0 0 0 0 0 0 0 0 0 0 0 0 0 0 0 0 0 0 0 0 0 0 0 0 0 0 0 0 0 0 0 0 0 0 0 0 0 0 0 0 0 0 0 0 0 0 0 0 0 0 0 0 0 0 0 0 0 0 0 0 0 0 0 0 0 0 0 0 0 0 0 0 0 0 0 0 0 0 0 0 0 0 0 0 0 0 0 0 0 0 0 0 0 0 0 0 0 0 0 0 0 0 0 0 0 0 0 0 0 0 0 0 0 0 0 0 0 0 0 0 0 0 0 0 0 0 0 0 0 0 0 0 0 0 0 0 0 0 0 0 0 0 0 0 0 0 0 0 0 0 0 0 0 0 0 0 0 0 0 0 0 0 0 0 0 0 0 0 0 0 0 0 0 0 0 0 0 0 0 0 0 0 0 0 0 0 0 0 0 0 0 0 0 0 0 0 0 0 0 0 0 0 0 0 
0 0 0 0 0 0 0 0 0 0 0 0 0 0 0 0 0 0 0 0 0 0 0 0 0 0 0 0 0 0 0 0 0 0 0 0 0 0 0 0 0 0 0 0 0 0 0 0 0 0 0 0 0 0 0 0 0 0 0 0 0 0 0 0 0 0 0 0 0 0 0 0 0 0 0 0 0 0 0 0 0 0 0 0 0 0 0 0 0 0 0 0 0 0 0 0 0 0 0 0 0 0 0 193 194 192 192 192 191 191 191 190 190 190 188 188 185 185 184 184 184 181 181 180 177 176 175 175 174 174 173 172 168 165 163 164 161 147 139 125 117 104 88 78 66 62 66 74 78 79 79 81 81 79 76 79 82 91 96 95 99 104 97 103 101 104 108 108 114 111 109 110 113 114 107 102 101 95 110 111 114 119 134 136 136 138 135 131 128 127 125 133 129 123 141 146 147 144 138 133 137 136 146 149 150 137 131 140 142 142 134 128 126 139 142 139 132 133 138 144 137 138 141 138 137 139 137 139 146 148 138 140 133 131 136 141 141 135 132 119 121 138 131 124 115 121 122 125 126 126 131 132 130 0 0 0 0 0 0 0 0 0 0 0 0 0 0 0 0 0 0 0 0 0 0 0 0 0 0 0 0 0 0 0 0 0 0 0 0 0 0 0 0 0 0 0 0 0 0 0 0 0 0 0 0 0 0 0 0 0 0 0 0 0 0 0 0 0 0 0 0 0 0 0 0 0 0 0 0 0 0 0 0 0 0 0 0 0 0 0 0 0 0 0 0 0 0 0 0 0 0 0 0 0 0 0 0 0 0 0 0 0 0 0 0 0 0 0 0 0 0 0 0 0 0 0 0 0 0 0 0 0 0 0 0 0 0 0 0 0 0 0 0 0 0 0 0 0 0 0 0 0 0 0 0 0 0 0 0 0 0 0 0 0 0 0 0 0 0 0 0 0 0 0 0 0 0 0 0 0 0 0 0 0 0 0 0 0 0 0 0 0 0 0 0 0 0 0 0 0 0 0 0 0 0 0 0 0 0 0 0 0 0 0 0 0 0 0 0 0 0 0 0 0 0 0 0 0 0 0 0 0 0 0 0 0 0 0 0 0 0 0 0 0 0 0 0 0 0 0 0 0 0 0 0 0 0 0 0 0 0 0 0 0 0 0 0 0 0 0 0 0 0 0 0 0 0 0 0 0 0 0 0 0 0 0 0 
0 0 0 0 0 0 0 0 0 0 0 0 0 0 0 0 0 0 0 0 0 0 0 0 0 0 0 0 0 0 0 0 0 0 0 0 0 0 0 0 0 0 0 0 0 0 0 0 0 0 0 0 0 0 0 0 0 0 0 0 0 0 0 0 0 0 0 0 0 0 0 0 0 0 0 0 0 0 0 0 0 0 0 0 0 0 0 0 0 0 0 0 0 0 0 0 0 0 0 0 0 0 0 194 194 192 192 192 192 191 191 191 191 190 189 188 188 188 185 185 184 183 182 180 180 178 176 175 175 174 173 170 166 165 162 159 157 147 135 121 107 93 87 78 70 67 64 73 78 78 80 81 80 79 77 79 83 89 95 104 110 104 110 103 104 106 105 106 110 113 110 110 110 110 111 107 106 107 113 116 120 119 124 129 141 145 147 132 131 128 134 133 133 135 136 146 147 141 135 131 126 136 136 142 147 139 130 127 120 132 123 118 126 132 137 138 132 132 137 144 138 144 141 134 132 134 135 143 149 142 133 128 133 133 133 136 136 135 120 115 121 133 131 118 115 101 112 127 123 127 131 127 130 130 134 0 0 0 0 0 0 0 0 0 0 0 0 0 0 0 0 0 0 0 0 0 0 0 0 0 0 0 0 0 0 0 0 0 0 0 0 0 0 0 0 0 0 0 0 0 0 0 0 0 0 0 0 0 0 0 0 0 0 0 0 0 0 0 0 0 0 0 0 0 0 0 0 0 0 0 0 0 0 0 0 0 0 0 0 0 0 0 0 0 0 0 0 0 0 0 0 0 0 0 0 0 0 0 0 0 0 0 0 0 0 0 0 0 0 0 0 0 0 0 0 0 0 0 0 0 0 0 0 0 0 0 0 0 0 0 0 0 0 0 0 0 0 0 0 0 0 0 0 0 0 0 0 0 0 0 0 0 0 0 0 0 0 0 0 0 0 0 0 0 0 0 0 0 0 0 0 0 0 0 0 0 0 0 0 0 0 0 0 0 0 0 0 0 0 0 0 0 0 0 0 0 0 0 0 0 0 0 0 0 0 0 0 0 0 0 0 0 0 0 0 0 0 0 0 0 0 0 0 0 0 0 0 0 0 0 0 0 0 0 0 0 0 0 0 0 0 0 0 0 0 0 0 0 0 0 0 0 0 0 0 0 0 0 0 0 0 0 0 0 0 0 0 0 0 0 0 0 0 0 0 0 0 
0 0 0 0 0 0 0 0 0 0 0 0 0 0 0 0 0 0 0 0 0 0 0 0 0 0 0 0 0 0 0 0 0 0 0 0 0 0 0 0 0 0 0 0 0 0 0 0 0 0 0 0 0 0 0 0 0 0 0 0 0 0 0 0 0 0 0 0 0 0 0 0 0 0 0 0 0 0 0 0 0 0 0 0 0 0 0 0 0 0 0 0 0 0 0 0 0 0 0 0 0 0 193 193 192 193 192 192 191 192 191 191 191 190 190 188 189 188 188 188 185 185 183 182 180 178 175 175 175 174 174 171 169 162 157 159 149 151 135 121 107 98 94 80 74 67 76 80 78 77 80 80 80 82 84 79 83 94 95 107 113 115 115 112 114 112 105 101 110 111 110 111 112 109 105 103 106 111 113 119 124 123 121 133 140 147 147 147 149 129 134 135 135 134 136 134 139 141 135 127 117 126 132 137 143 137 130 121 107 128 127 118 125 130 138 134 132 126 130 141 135 140 138 132 132 130 135 136 143 141 128 119 128 137 133 129 136 132 126 112 127 133 121 118 115 108 127 127 123 124 128 128 130 132 134 131 139 0 0 0 0 0 0 0 0 0 0 0 0 0 0 0 0 0 0 0 0 0 0 0 0 0 0 0 0 0 0 0 0 0 0 0 0 0 0 0 0 0 0 0 0 0 0 0 0 0 0 0 0 0 0 0 0 0 0 0 0 0 0 0 0 0 0 0 0 0 0 0 0 0 0 0 0 0 0 0 0 0 0 0 0 0 0 0 0 0 0 0 0 0 0 0 0 0 0 0 0 0 0 0 0 0 0 0 0 0 0 0 0 0 0 0 0 0 0 0 0 0 0 0 0 0 0 0 0 0 0 0 0 0 0 0 0 0 0 0 0 0 0 0 0 0 0 0 0 0 0 0 0 0 0 0 0 0 0 0 0 0 0 0 0 0 0 0 0 0 0 0 0 0 0 0 0 0 0 0 0 0 0 0 0 0 0 0 0 0 0 0 0 0 0 0 0 0 0 0 0 0 0 0 0 0 0 0 0 0 0 0 0 0 0 0 0 0 0 0 0 0 0 0 0 0 0 0 0 0 0 0 0 0 0 0 0 0 0 0 0 0 0 0 0 0 0 0 0 0 0 0 0 0 0 0 0 0 0 0 0 0 0 0 0 0 0 0 0 0 0 0 0 0 0 0 0 0 0 0 0 
0 0 0 0 0 0 0 0 0 0 0 0 0 0 0 0 0 0 0 0 0 0 0 0 0 0 0 0 0 0 0 0 0 0 0 0 0 0 0 0 0 0 0 0 0 0 0 0 0 0 0 0 0 0 0 0 0 0 0 0 0 0 0 0 0 0 0 0 0 0 0 0 0 0 0 0 0 0 0 0 0 0 0 0 0 0 0 0 0 0 0 0 0 0 0 0 0 0 0 0 0 0 193 193 192 192 192 191 192 192 191 191 191 191 190 190 190 189 189 188 188 186 183 183 182 178 177 175 174 173 172 171 169 164 158 152 146 143 129 112 112 98 94 90 87 74 80 83 80 82 80 80 80 85 86 83 89 91 103 111 113 119 119 114 115 119 107 99 101 105 110 115 117 111 109 107 106 107 115 121 124 126 124 127 134 139 149 151 148 143 134 138 139 136 134 132 128 125 126 127 117 115 119 124 138 139 128 111 107 124 123 118 115 113 136 134 127 123 130 136 134 140 144 138 114 116 134 138 137 128 117 119 119 135 126 114 133 128 108 112 128 133 124 117 103 107 120 124 123 124 129 128 127 126 131 131 137 134 127 0 0 0 0 0 0 0 0 0 0 0 0 0 0 0 0 0 0 0 0 0 0 0 0 0 0 0 0 0 0 0 0 0 0 0 0 0 0 0 0 0 0 0 0 0 0 0 0 0 0 0 0 0 0 0 0 0 0 0 0 0 0 0 0 0 0 0 0 0 0 0 0 0 0 0 0 0 0 0 0 0 0 0 0 0 0 0 0 0 0 0 0 0 0 0 0 0 0 0 0 0 0 0 0 0 0 0 0 0 0 0 0 0 0 0 0 0 0 0 0 0 0 0 0 0 0 0 0 0 0 0 0 0 0 0 0 0 0 0 0 0 0 0 0 0 0 0 0 0 0 0 0 0 0 0 0 0 0 0 0 0 0 0 0 0 0 0 0 0 0 0 0 0 0 0 0 0 0 0 0 0 0 0 0 0 0 0 0 0 0 0 0 0 0 0 0 0 0 0 0 0 0 0 0 0 0 0 0 0 0 0 0 0 0 0 0 0 0 0 0 0 0 0 0 0 0 0 0 0 0 0 0 0 0 0 0 0 0 0 0 0 0 0 0 0 0 0 0 0 0 0 0 0 0 0 0 0 0 0 0 0 0 0 0 0 0 0 0 0 0 0 0 0 0 0 0 0 0 
0 0 0 0 0 0 0 0 0 0 0 0 0 0 0 0 0 0 0 0 0 0 0 0 0 0 0 0 0 0 0 0 0 0 0 0 0 0 0 0 0 0 0 0 0 0 0 0 0 0 0 0 0 0 0 0 0 0 0 0 0 0 0 0 0 0 0 0 0 0 0 0 0 0 0 0 0 0 0 0 0 0 0 0 0 0 0 0 0 0 0 0 0 0 0 0 0 0 0 0 0 193 193 192 192 192 192 192 192 192 191 191 190 190 190 191 190 190 190 189 189 188 185 184 182 179 177 176 174 172 172 169 167 160 158 143 146 139 128 113 99 93 90 90 87 83 82 83 81 79 84 83 82 83 86 88 93 91 96 104 117 116 115 118 122 119 115 99 96 95 111 115 118 120 120 107 107 107 108 111 124 125 128 131 134 139 146 152 155 152 136 136 140 131 125 132 125 114 123 113 110 115 119 132 129 139 135 116 102 114 120 116 109 123 131 134 128 123 134 134 130 141 143 138 102 116 128 132 131 129 122 110 123 135 107 114 120 125 112 105 118 119 111 117 113 110 120 127 121 129 129 120 119 126 126 131 137 135 128 134 133 0 0 0 0 0 0 0 0 0 0 0 0 0 0 0 0 0 0 0 0 0 0 0 0 0 0 0 0 0 0 0 0 0 0 0 0 0 0 0 0 0 0 0 0 0 0 0 0 0 0 0 0 0 0 0 0 0 0 0 0 0 0 0 0 0 0 0 0 0 0 0 0 0 0 0 0 0 0 0 0 0 0 0 0 0 0 0 0 0 0 0 0 0 0 0 0 0 0 0 0 0 0 0 0 0 0 0 0 0 0 0 0 0 0 0 0 0 0 0 0 0 0 0 0 0 0 0 0 0 0 0 0 0 0 0 0 0 0 0 0 0 0 0 0 0 0 0 0 0 0 0 0 0 0 0 0 0 0 0 0 0 0 0 0 0 0 0 0 0 0 0 0 0 0 0 0 0 0 0 0 0 0 0 0 0 0 0 0 0 0 0 0 0 0 0 0 0 0 0 0 0 0 0 0 0 0 0 0 0 0 0 0 0 0 0 0 0 0 0 0 0 0 0 0 0 0 0 0 0 0 0 0 0 0 0 0 0 0 0 0 0 0 0 0 0 0 0 0 0 0 0 0 0 0 0 0 0 0 0 0 0 0 0 0 0 0 0 0 0 0 0 0 0 0 0 0 
0 0 0 0 0 0 0 0 0 0 0 0 0 0 0 0 0 0 0 0 0 0 0 0 0 0 0 0 0 0 0 0 0 0 0 0 0 0 0 0 0 0 0 0 0 0 0 0 0 0 0 0 0 0 0 0 0 0 0 0 0 0 0 0 0 0 0 0 0 0 0 0 0 0 0 0 0 0 0 0 0 0 0 0 0 0 0 0 0 0 0 0 0 0 0 0 0 0 0 0 0 193 192 193 192 192 192 192 192 191 191 191 191 191 191 191 190 190 190 190 189 188 188 185 182 181 177 175 172 172 167 169 165 159 152 143 134 125 114 113 92 93 90 92 87 83 82 81 80 79 83 83 82 83 84 90 91 93 100 104 110 114 113 114 116 123 121 105 102 95 96 102 121 125 128 120 117 104 104 111 115 119 129 130 131 140 146 153 155 152 146 140 141 141 132 124 116 114 108 113 106 105 109 132 129 121 110 116 104 112 120 120 113 114 123 133 132 123 130 131 130 136 143 124 95 116 125 125 131 123 122 107 107 126 100 104 121 109 112 101 118 115 104 112 104 97 125 124 121 126 129 120 113 117 112 125 134 127 128 132 132 117 102 0 0 0 0 0 0 0 0 0 0 0 0 0 0 0 0 0 0 0 0 0 0 0 0 0 0 0 0 0 0 0 0 0 0 0 0 0 0 0 0 0 0 0 0 0 0 0 0 0 0 0 0 0 0 0 0 0 0 0 0 0 0 0 0 0 0 0 0 0 0 0 0 0 0 0 0 0 0 0 0 0 0 0 0 0 0 0 0 0 0 0 0 0 0 0 0 0 0 0 0 0 0 0 0 0 0 0 0 0 0 0 0 0 0 0 0 0 0 0 0 0 0 0 0 0 0 0 0 0 0 0 0 0 0 0 0 0 0 0 0 0 0 0 0 0 0 0 0 0 0 0 0 0 0 0 0 0 0 0 0 0 0 0 0 0 0 0 0 0 0 0 0 0 0 0 0 0 0 0 0 0 0 0 0 0 0 0 0 0 0 0 0 0 0 0 0 0 0 0 0 0 0 0 0 0 0 0 0 0 0 0 0 0 0 0 0 0 0 0 0 0 0 0 0 0 0 0 0 0 0 0 0 0 0 0 0 0 0 0 0 0 0 0 0 0 0 0 0 0 0 0 0 0 0 0 0 0 0 0 0 0 0 0 0 0 0 0 0 0 0 0 0 0 0 
0 0 0 0 0 0 0 0 0 0 0 0 0 0 0 0 0 0 0 0 0 0 0 0 0 0 0 0 0 0 0 0 0 0 0 0 0 0 0 0 0 0 0 0 0 0 0 0 0 0 0 0 0 0 0 0 0 0 0 0 0 0 0 0 0 0 0 0 0 0 0 0 0 0 0 0 0 0 0 0 0 0 0 0 0 0 0 0 0 0 0 0 0 0 0 0 0 0 0 0 193 193 193 192 191 192 193 192 191 192 191 191 191 191 191 191 191 191 189 190 189 188 186 185 182 181 179 176 175 168 166 164 159 159 143 143 135 121 108 100 91 89 92 92 92 90 86 81 80 79 81 84 85 83 85 91 91 96 99 106 111 113 112 112 116 119 121 112 109 100 107 109 115 121 128 130 130 111 107 108 106 119 127 128 131 134 140 150 151 152 146 142 143 136 132 122 116 103 103 106 99 101 119 127 125 121 110 99 95 103 121 119 113 116 123 128 128 118 106 116 131 134 143 103 95 100 113 116 121 118 111 100 107 120 100 95 111 107 101 101 109 96 104 105 87 97 110 120 126 127 123 112 113 111 117 125 130 124 130 128 114 100 102 104 125 120 0 0 0 0 0 0 0 0 0 0 0 0 0 0 0 0 0 0 0 0 0 0 0 0 0 0 0 0 0 0 0 0 0 0 0 0 0 0 0 0 0 0 0 0 0 0 0 0 0 0 0 0 0 0 0 0 0 0 0 0 0 0 0 0 0 0 0 0 0 0 0 0 0 0 0 0 0 0 0 0 0 0 0 0 0 0 0 0 0 0 0 0 0 0 0 0 0 0 0 0 0 0 0 0 0 0 0 0 0 0 0 0 0 0 0 0 0 0 0 0 0 0 0 0 0 0 0 0 0 0 0 0 0 0 0 0 0 0 0 0 0 0 0 0 0 0 0 0 0 0 0 0 0 0 0 0 0 0 0 0 0 0 0 0 0 0 0 0 0 0 0 0 0 0 0 0 0 0 0 0 0 0 0 0 0 0 0 0 0 0 0 0 0 0 0 0 0 0 0 0 0 0 0 0 0 0 0 0 0 0 0 0 0 0 0 0 0 0 0 0 0 0 0 0 0 0 0 0 0 0 0 0 0 0 0 0 0 0 0 0 0 0 0 0 0 0 0 0 0 0 0 0 0 0 0 0 0 0 0 0 0 0 0 0 0 0 0 0 0 0 0 
0 0 0 0 0 0 0 0 0 0 0 0 0 0 0 0 0 0 0 0 0 0 0 0 0 0 0 0 0 0 0 0 0 0 0 0 0 0 0 0 0 0 0 0 0 0 0 0 0 0 0 0 0 0 0 0 0 0 0 0 0 0 0 0 0 0 0 0 0 0 0 0 0 0 0 0 0 0 0 0 0 0 0 0 0 0 0 0 0 0 0 0 0 0 0 0 0 0 0 0 192 192 192 192 192 192 191 192 193 192 191 191 191 191 191 191 190 191 190 190 189 189 187 184 183 180 177 175 175 167 166 162 156 153 143 134 122 107 108 91 91 90 95 95 92 92 91 91 84 79 81 85 91 88 93 99 97 97 99 106 115 115 117 116 116 122 121 119 109 107 111 112 114 119 128 135 126 118 107 108 100 108 116 121 130 135 144 141 151 154 151 143 135 134 132 122 116 115 103 106 98 97 106 115 117 100 93 99 95 103 113 117 110 113 121 120 128 118 98 116 123 126 136 125 93 93 101 116 113 118 114 100 116 110 90 105 110 107 96 101 102 94 101 103 97 93 105 120 123 124 122 110 114 120 107 116 114 124 124 118 115 104 96 120 117 113 118 0 0 0 0 0 0 0 0 0 0 0 0 0 0 0 0 0 0 0 0 0 0 0 0 0 0 0 0 0 0 0 0 0 0 0 0 0 0 0 0 0 0 0 0 0 0 0 0 0 0 0 0 0 0 0 0 0 0 0 0 0 0 0 0 0 0 0 0 0 0 0 0 0 0 0 0 0 0 0 0 0 0 0 0 0 0 0 0 0 0 0 0 0 0 0 0 0 0 0 0 0 0 0 0 0 0 0 0 0 0 0 0 0 0 0 0 0 0 0 0 0 0 0 0 0 0 0 0 0 0 0 0 0 0 0 0 0 0 0 0 0 0 0 0 0 0 0 0 0 0 0 0 0 0 0 0 0 0 0 0 0 0 0 0 0 0 0 0 0 0 0 0 0 0 0 0 0 0 0 0 0 0 0 0 0 0 0 0 0 0 0 0 0 0 0 0 0 0 0 0 0 0 0 0 0 0 0 0 0 0 0 0 0 0 0 0 0 0 0 0 0 0 0 0 0 0 0 0 0 0 0 0 0 0 0 0 0 0 0 0 0 0 0 0 0 0 0 0 0 0 0 0 0 0 0 0 0 0 0 0 0 0 0 0 0 0 0 0 0 0 
0 0 0 0 0 0 0 0 0 0 0 0 0 0 0 0 0 0 0 0 0 0 0 0 0 0 0 0 0 0 0 0 0 0 0 0 0 0 0 0 0 0 0 0 0 0 0 0 0 0 0 0 0 0 0 0 0 0 0 0 0 0 0 0 0 0 0 0 0 0 0 0 0 0 0 0 0 0 0 0 0 0 0 0 0 0 0 0 0 0 0 0 0 0 0 0 0 0 0 193 192 192 192 191 192 193 191 192 191 191 191 191 191 191 191 191 191 189 189 190 189 189 187 183 183 181 179 175 172 168 161 153 156 151 143 133 120 107 96 91 91 99 95 96 94 92 93 92 92 92 90 85 91 94 99 99 101 98 103 109 120 121 119 116 114 120 126 126 116 114 115 115 120 119 128 133 137 135 113 103 100 105 113 121 122 125 138 136 140 137 133 137 133 134 133 130 111 108 112 109 103 97 99 115 121 115 85 83 90 110 113 117 113 113 116 116 125 111 100 109 123 126 122 125 110 89 85 96 112 112 107 100 111 118 96 105 107 112 95 94 92 94 99 102 97 81 97 117 121 113 105 110 118 125 102 94 104 114 102 118 107 104 95 111 121 107 111 113 118 0 0 0 0 0 0 0 0 0 0 0 0 0 0 0 0 0 0 0 0 0 0 0 0 0 0 0 0 0 0 0 0 0 0 0 0 0 0 0 0 0 0 0 0 0 0 0 0 0 0 0 0 0 0 0 0 0 0 0 0 0 0 0 0 0 0 0 0 0 0 0 0 0 0 0 0 0 0 0 0 0 0 0 0 0 0 0 0 0 0 0 0 0 0 0 0 0 0 0 0 0 0 0 0 0 0 0 0 0 0 0 0 0 0 0 0 0 0 0 0 0 0 0 0 0 0 0 0 0 0 0 0 0 0 0 0 0 0 0 0 0 0 0 0 0 0 0 0 0 0 0 0 0 0 0 0 0 0 0 0 0 0 0 0 0 0 0 0 0 0 0 0 0 0 0 0 0 0 0 0 0 0 0 0 0 0 0 0 0 0 0 0 0 0 0 0 0 0 0 0 0 0 0 0 0 0 0 0 0 0 0 0 0 0 0 0 0 0 0 0 0 0 0 0 0 0 0 0 0 0 0 0 0 0 0 0 0 0 0 0 0 0 0 0 0 0 0 0 0 0 0 0 0 0 0 0 0 0 0 0 0 0 0 0 0 0 0 0 
0 0 0 0 0 0 0 0 0 0 0 0 0 0 0 0 0 0 0 0 0 0 0 0 0 0 0 0 0 0 0 0 0 0 0 0 0 0 0 0 0 0 0 0 0 0 0 0 0 0 0 0 0 0 0 0 0 0 0 0 0 0 0 0 0 0 0 0 0 0 0 0 0 0 0 0 0 0 0 0 0 0 0 0 0 0 0 0 0 0 0 0 0 0 0 0 0 0 0 193 192 191 192 191 191 191 191 191 191 191 191 191 191 191 191 191 191 191 190 190 189 189 187 184 181 179 175 175 167 168 163 156 145 134 131 120 108 107 93 91 92 96 99 99 97 93 89 92 93 94 92 96 97 94 99 98 99 98 98 107 115 118 119 115 122 125 132 126 125 122 114 118 123 128 130 135 135 135 131 124 100 102 104 114 113 125 127 136 131 124 121 130 127 131 128 130 108 108 109 114 116 95 90 111 119 115 99 93 90 104 112 107 113 118 117 116 123 113 100 98 113 122 111 123 106 93 85 101 112 120 105 104 116 109 109 103 107 114 99 88 98 98 96 102 88 100 97 121 126 109 105 113 123 103 78 96 104 109 94 110 106 98 103 124 103 98 111 109 113 106 96 83 0 0 0 0 0 0 0 0 0 0 0 0 0 0 0 0 0 0 0 0 0 0 0 0 0 0 0 0 0 0 0 0 0 0 0 0 0 0 0 0 0 0 0 0 0 0 0 0 0 0 0 0 0 0 0 0 0 0 0 0 0 0 0 0 0 0 0 0 0 0 0 0 0 0 0 0 0 0 0 0 0 0 0 0 0 0 0 0 0 0 0 0 0 0 0 0 0 0 0 0 0 0 0 0 0 0 0 0 0 0 0 0 0 0 0 0 0 0 0 0 0 0 0 0 0 0 0 0 0 0 0 0 0 0 0 0 0 0 0 0 0 0 0 0 0 0 0 0 0 0 0 0 0 0 0 0 0 0 0 0 0 0 0 0 0 0 0 0 0 0 0 0 0 0 0 0 0 0 0 0 0 0 0 0 0 0 0 0 0 0 0 0 0 0 0 0 0 0 0 0 0 0 0 0 0 0 0 0 0 0 0 0 0 0 0 0 0 0 0 0 0 0 0 0 0 0 0 0 0 0 0 0 0 0 0 0 0 0 0 0 0 0 0 0 0 0 0 0 0 0 0 0 0 0 0 0 0 0 0 0 0 0 0 0 0 
0 0 0 0 0 0 0 0 0 0 0 0 0 0 0 0 0 0 0 0 0 0 0 0 0 0 0 0 0 0 0 0 0 0 0 0 0 0 0 0 0 0 0 0 0 0 0 0 0 0 0 0 0 0 0 0 0 0 0 0 0 0 0 0 0 0 0 0 0 0 0 0 0 0 0 0 0 0 0 0 0 0 0 0 0 0 0 0 0 0 0 0 0 0 0 0 0 0 192 192 191 191 191 191 191 191 191 190 190 191 191 191 191 191 191 190 191 190 189 189 188 189 185 184 183 179 173 170 165 162 155 156 146 133 126 116 109 99 95 94 97 96 101 99 97 95 92 91 97 93 95 96 99 102 100 98 99 97 103 114 114 112 119 116 120 129 137 134 135 122 122 128 123 129 128 131 132 134 132 124 117 110 104 106 103 111 115 124 120 111 123 124 127 126 123 131 125 102 103 112 116 101 90 94 107 119 113 107 92 96 112 107 108 118 117 120 129 121 95 101 113 116 104 117 111 103 91 87 121 113 105 96 109 119 114 99 114 105 88 109 98 108 101 102 92 101 126 130 111 102 105 108 114 104 74 90 108 94 95 102 106 98 100 115 102 89 102 110 113 97 88 83 86 83 0 0 0 0 0 0 0 0 0 0 0 0 0 0 0 0 0 0 0 0 0 0 0 0 0 0 0 0 0 0 0 0 0 0 0 0 0 0 0 0 0 0 0 0 0 0 0 0 0 0 0 0 0 0 0 0 0 0 0 0 0 0 0 0 0 0 0 0 0 0 0 0 0 0 0 0 0 0 0 0 0 0 0 0 0 0 0 0 0 0 0 0 0 0 0 0 0 0 0 0 0 0 0 0 0 0 0 0 0 0 0 0 0 0 0 0 0 0 0 0 0 0 0 0 0 0 0 0 0 0 0 0 0 0 0 0 0 0 0 0 0 0 0 0 0 0 0 0 0 0 0 0 0 0 0 0 0 0 0 0 0 0 0 0 0 0 0 0 0 0 0 0 0 0 0 0 0 0 0 0 0 0 0 0 0 0 0 0 0 0 0 0 0 0 0 0 0 0 0 0 0 0 0 0 0 0 0 0 0 0 0 0 0 0 0 0 0 0 0 0 0 0 0 0 0 0 0 0 0 0 0 0 0 0 0 0 0 0 0 0 0 0 0 0 0 0 0 0 0 0 0 0 0 0 0 0 0 0 0 0 0 0 0 
0 0 0 0 0 0 0 0 0 0 0 0 0 0 0 0 0 0 0 0 0 0 0 0 0 0 0 0 0 0 0 0 0 0 0 0 0 0 0 0 0 0 0 0 0 0 0 0 0 0 0 0 0 0 0 0 0 0 0 0 0 0 0 0 0 0 0 0 0 0 0 0 0 0 0 0 0 0 0 0 0 0 0 0 0 0 0 0 0 0 0 0 0 0 0 0 0 0 192 192 191 191 191 191 191 191 190 190 190 191 191 190 190 191 190 190 191 188 189 188 187 187 186 183 180 175 173 165 165 158 150 145 133 122 110 104 109 103 100 97 99 99 99 96 97 96 92 92 98 95 92 95 99 98 97 98 98 97 103 107 107 107 110 117 128 132 137 139 140 130 132 133 131 130 129 130 132 132 129 132 131 126 107 106 103 103 115 116 117 109 110 117 116 111 123 133 125 107 101 99 115 105 99 105 107 119 133 107 102 99 100 106 106 114 120 120 129 121 101 98 107 109 108 109 108 103 97 87 116 127 94 105 122 117 101 99 112 120 96 114 116 104 102 98 107 101 131 133 110 96 111 110 117 75 83 90 100 91 87 102 96 95 111 101 87 89 95 110 102 96 88 74 80 83 72 0 0 0 0 0 0 0 0 0 0 0 0 0 0 0 0 0 0 0 0 0 0 0 0 0 0 0 0 0 0 0 0 0 0 0 0 0 0 0 0 0 0 0 0 0 0 0 0 0 0 0 0 0 0 0 0 0 0 0 0 0 0 0 0 0 0 0 0 0 0 0 0 0 0 0 0 0 0 0 0 0 0 0 0 0 0 0 0 0 0 0 0 0 0 0 0 0 0 0 0 0 0 0 0 0 0 0 0 0 0 0 0 0 0 0 0 0 0 0 0 0 0 0 0 0 0 0 0 0 0 0 0 0 0 0 0 0 0 0 0 0 0 0 0 0 0 0 0 0 0 0 0 0 0 0 0 0 0 0 0 0 0 0 0 0 0 0 0 0 0 0 0 0 0 0 0 0 0 0 0 0 0 0 0 0 0 0 0 0 0 0 0 0 0 0 0 0 0 0 0 0 0 0 0 0 0 0 0 0 0 0 0 0 0 0 0 0 0 0 0 0 0 0 0 0 0 0 0 0 0 0 0 0 0 0 0 0 0 0 0 0 0 0 0 0 0 0 0 0 0 0 0 0 0 0 0 0 0 0 0 0 0 
0 0 0 0 0 0 0 0 0 0 0 0 0 0 0 0 0 0 0 0 0 0 0 0 0 0 0 0 0 0 0 0 0 0 0 0 0 0 0 0 0 0 0 0 0 0 0 0 0 0 0 0 0 0 0 0 0 0 0 0 0 0 0 0 0 0 0 0 0 0 0 0 0 0 0 0 0 0 0 0 0 0 0 0 0 0 0 0 0 0 0 0 0 0 0 0 0 191 191 191 191 191 191 191 190 190 191 190 191 191 191 191 190 191 191 190 190 188 188 186 187 187 186 184 181 177 170 166 158 150 150 142 131 118 106 98 99 96 101 105 99 100 95 92 95 94 97 98 97 96 92 93 94 94 97 94 101 104 107 107 107 107 105 112 124 131 135 135 140 142 138 133 134 132 133 137 127 124 129 133 133 126 119 113 104 104 110 107 102 109 110 117 111 100 119 126 121 105 93 99 99 105 99 101 111 126 130 136 132 99 103 106 108 106 127 134 129 111 101 98 101 109 108 107 109 111 106 116 133 127 121 113 122 116 103 111 126 105 116 114 122 117 106 101 110 130 128 112 95 96 112 116 117 93 76 98 91 91 100 102 96 95 115 99 93 93 111 110 94 87 88 69 81 71 70 83 117 0 0 0 0 0 0 0 0 0 0 0 0 0 0 0 0 0 0 0 0 0 0 0 0 0 0 0 0 0 0 0 0 0 0 0 0 0 0 0 0 0 0 0 0 0 0 0 0 0 0 0 0 0 0 0 0 0 0 0 0 0 0 0 0 0 0 0 0 0 0 0 0 0 0 0 0 0 0 0 0 0 0 0 0 0 0 0 0 0 0 0 0 0 0 0 0 0 0 0 0 0 0 0 0 0 0 0 0 0 0 0 0 0 0 0 0 0 0 0 0 0 0 0 0 0 0 0 0 0 0 0 0 0 0 0 0 0 0 0 0 0 0 0 0 0 0 0 0 0 0 0 0 0 0 0 0 0 0 0 0 0 0 0 0 0 0 0 0 0 0 0 0 0 0 0 0 0 0 0 0 0 0 0 0 0 0 0 0 0 0 0 0 0 0 0 0 0 0 0 0 0 0 0 0 0 0 0 0 0 0 0 0 0 0 0 0 0 0 0 0 0 0 0 0 0 0 0 0 0 0 0 0 0 0 0 0 0 0 0 0 0 0 0 0 0 0 0 0 0 0 0 0 0 0 0 0 0 0 0 0 
0 0 0 0 0 0 0 0 0 0 0 0 0 0 0 0 0 0 0 0 0 0 0 0 0 0 0 0 0 0 0 0 0 0 0 0 0 0 0 0 0 0 0 0 0 0 0 0 0 0 0 0 0 0 0 0 0 0 0 0 0 0 0 0 0 0 0 0 0 0 0 0 0 0 0 0 0 0 0 0 0 0 0 0 0 0 0 0 0 0 0 0 0 0 0 0 0 191 191 191 191 190 190 191 190 190 190 190 190 190 190 190 191 189 191 189 188 188 187 187 186 185 184 181 178 177 172 167 159 151 138 129 119 104 97 98 94 93 98 104 107 106 105 93 92 94 96 99 99 103 96 93 88 93 90 94 98 102 106 106 113 109 105 118 122 131 131 128 135 136 133 136 134 132 140 137 134 131 125 127 125 126 117 113 102 104 103 94 89 106 106 113 101 100 113 126 132 118 101 90 91 98 91 101 104 125 130 137 138 127 115 107 102 106 114 135 129 124 111 106 101 107 112 115 109 112 116 114 133 125 121 123 122 118 103 106 125 118 116 123 124 113 108 114 110 132 126 111 95 114 123 116 95 81 76 94 99 90 97 100 105 116 107 97 93 96 111 105 95 92 76 83 81 78 70 86 127 114 93 114 0 0 0 0 0 0 0 0 0 0 0 0 0 0 0 0 0 0 0 0 0 0 0 0 0 0 0 0 0 0 0 0 0 0 0 0 0 0 0 0 0 0 0 0 0 0 0 0 0 0 0 0 0 0 0 0 0 0 0 0 0 0 0 0 0 0 0 0 0 0 0 0 0 0 0 0 0 0 0 0 0 0 0 0 0 0 0 0 0 0 0 0 0 0 0 0 0 0 0 0 0 0 0 0 0 0 0 0 0 0 0 0 0 0 0 0 0 0 0 0 0 0 0 0 0 0 0 0 0 0 0 0 0 0 0 0 0 0 0 0 0 0 0 0 0 0 0 0 0 0 0 0 0 0 0 0 0 0 0 0 0 0 0 0 0 0 0 0 0 0 0 0 0 0 0 0 0 0 0 0 0 0 0 0 0 0 0 0 0 0 0 0 0 0 0 0 0 0 0 0 0 0 0 0 0 0 0 0 0 0 0 0 0 0 0 0 0 0 0 0 0 0 0 0 0 0 0 0 0 0 0 0 0 0 0 0 0 0 0 0 0 0 0 0 0 0 0 0 0 0 0 0 0 0 0 0 0 
0 0 0 0 0 0 0 0 0 0 0 0 0 0 0 0 0 0 0 0 0 0 0 0 0 0 0 0 0 0 0 0 0 0 0 0 0 0 0 0 0 0 0 0 0 0 0 0 0 0 0 0 0 0 0 0 0 0 0 0 0 0 0 0 0 0 0 0 0 0 0 0 0 0 0 0 0 0 0 0 0 0 0 0 0 0 0 0 0 0 0 0 0 0 0 0 190 190 190 191 190 190 189 189 189 190 190 190 190 190 189 189 190 189 190 189 188 187 187 187 186 183 183 181 178 173 168 160 152 151 139 128 116 102 94 95 95 96 103 104 106 108 109 103 104 92 98 102 104 103 98 94 90 86 85 93 99 102 108 115 113 116 120 118 122 124 130 128 133 130 133 131 131 134 136 140 141 131 131 125 125 121 116 109 101 102 101 95 89 117 106 108 106 94 95 117 116 105 101 88 91 95 102 95 105 117 133 138 138 143 132 102 101 106 121 132 129 120 111 112 120 107 112 115 113 118 119 125 133 127 123 132 130 119 112 120 130 115 116 120 127 112 117 122 133 123 108 97 95 115 128 115 100 96 103 103 99 115 97 106 112 118 114 98 94 106 111 99 100 92 87 86 76 79 92 125 127 113 114 114 100 110 0 0 0 0 0 0 0 0 0 0 0 0 0 0 0 0 0 0 0 0 0 0 0 0 0 0 0 0 0 0 0 0 0 0 0 0 0 0 0 0 0 0 0 0 0 0 0 0 0 0 0 0 0 0 0 0 0 0 0 0 0 0 0 0 0 0 0 0 0 0 0 0 0 0 0 0 0 0 0 0 0 0 0 0 0 0 0 0 0 0 0 0 0 0 0 0 0 0 0 0 0 0 0 0 0 0 0 0 0 0 0 0 0 0 0 0 0 0 0 0 0 0 0 0 0 0 0 0 0 0 0 0 0 0 0 0 0 0 0 0 0 0 0 0 0 0 0 0 0 0 0 0 0 0 0 0 0 0 0 0 0 0 0 0 0 0 0 0 0 0 0 0 0 0 0 0 0 0 0 0 0 0 0 0 0 0 0 0 0 0 0 0 0 0 0 0 0 0 0 0 0 0 0 0 0 0 0 0 0 0 0 0 0 0 0 0 0 0 0 0 0 0 0 0 0 0 0 0 0 0 0 0 0 0 0 0 0 0 0 0 0 0 0 0 0 0 0 0 0 0 0 0 0 0 0 
0 0 0 0 0 0 0 0 0 0 0 0 0 0 0 0 0 0 0 0 0 0 0 0 0 0 0 0 0 0 0 0 0 0 0 0 0 0 0 0 0 0 0 0 0 0 0 0 0 0 0 0 0 0 0 0 0 0 0 0 0 0 0 0 0 0 0 0 0 0 0 0 0 0 0 0 0 0 0 0 0 0 0 0 0 0 0 0 0 0 0 0 0 0 0 0 190 190 190 190 190 189 189 189 189 189 190 190 190 189 189 190 189 189 189 188 188 187 185 185 183 182 181 179 178 175 170 161 153 141 131 117 104 97 94 97 99 99 106 107 110 114 107 108 104 104 104 105 107 100 99 96 86 83 85 87 94 103 109 113 117 119 120 115 115 124 130 133 138 140 130 130 131 132 136 138 140 141 136 132 121 112 116 98 101 100 101 102 98 111 128 126 106 98 82 100 97 90 95 94 90 101 102 98 108 117 121 127 146 148 119 113 101 106 116 134 136 132 116 117 117 116 116 117 113 118 121 121 128 122 130 132 116 119 115 121 132 132 111 125 114 122 125 122 136 120 99 105 117 128 106 103 111 96 111 112 109 118 126 117 119 118 94 98 91 106 110 102 107 100 90 86 82 79 97 112 107 101 106 111 104 110 57 0 0 0 0 0 0 0 0 0 0 0 0 0 0 0 0 0 0 0 0 0 0 0 0 0 0 0 0 0 0 0 0 0 0 0 0 0 0 0 0 0 0 0 0 0 0 0 0 0 0 0 0 0 0 0 0 0 0 0 0 0 0 0 0 0 0 0 0 0 0 0 0 0 0 0 0 0 0 0 0 0 0 0 0 0 0 0 0 0 0 0 0 0 0 0 0 0 0 0 0 0 0 0 0 0 0 0 0 0 0 0 0 0 0 0 0 0 0 0 0 0 0 0 0 0 0 0 0 0 0 0 0 0 0 0 0 0 0 0 0 0 0 0 0 0 0 0 0 0 0 0 0 0 0 0 0 0 0 0 0 0 0 0 0 0 0 0 0 0 0 0 0 0 0 0 0 0 0 0 0 0 0 0 0 0 0 0 0 0 0 0 0 0 0 0 0 0 0 0 0 0 0 0 0 0 0 0 0 0 0 0 0 0 0 0 0 0 0 0 0 0 0 0 0 0 0 0 0 0 0 0 0 0 0 0 0 0 0 0 0 0 0 0 0 0 0 0 0 0 0 0 0 0 0 
0 0 0 0 0 0 0 0 0 0 0 0 0 0 0 0 0 0 0 0 0 0 0 0 0 0 0 0 0 0 0 0 0 0 0 0 0 0 0 0 0 0 0 0 0 0 0 0 0 0 0 0 0 0 0 0 0 0 0 0 0 0 0 0 0 0 0 0 0 0 0 0 0 0 0 0 0 0 0 0 0 0 0 0 0 0 0 0 0 0 0 0 0 0 0 190 190 189 190 189 190 190 190 189 188 188 189 189 190 189 189 189 189 189 189 188 187 185 185 184 181 182 180 178 176 173 163 154 153 143 134 121 111 105 98 101 103 110 106 111 114 116 111 109 109 106 104 99 107 105 103 101 91 90 88 95 94 106 112 113 115 116 119 114 115 124 127 133 138 140 140 135 127 124 132 135 140 143 133 132 127 117 99 88 98 99 107 102 99 111 124 126 122 104 77 77 79 90 100 99 95 100 107 105 112 108 110 127 136 145 140 127 113 112 127 142 141 132 123 120 125 123 114 108 103 117 121 121 130 124 122 132 115 110 118 131 137 132 112 122 123 115 128 134 123 120 105 105 120 128 102 96 120 117 116 112 117 118 127 109 112 116 102 95 115 106 109 113 107 105 86 84 89 99 92 112 93 94 106 105 97 65 56 60 64 69 0 0 0 0 0 0 0 0 0 0 0 0 0 0 0 0 0 0 0 0 0 0 0 0 0 0 0 0 0 0 0 0 0 0 0 0 0 0 0 0 0 0 0 0 0 0 0 0 0 0 0 0 0 0 0 0 0 0 0 0 0 0 0 0 0 0 0 0 0 0 0 0 0 0 0 0 0 0 0 0 0 0 0 0 0 0 0 0 0 0 0 0 0 0 0 0 0 0 0 0 0 0 0 0 0 0 0 0 0 0 0 0 0 0 0 0 0 0 0 0 0 0 0 0 0 0 0 0 0 0 0 0 0 0 0 0 0 0 0 0 0 0 0 0 0 0 0 0 0 0 0 0 0 0 0 0 0 0 0 0 0 0 0 0 0 0 0 0 0 0 0 0 0 0 0 0 0 0 0 0 0 0 0 0 0 0 0 0 0 0 0 0 0 0 0 0 0 0 0 0 0 0 0 0 0 0 0 0 0 0 0 0 0 0 0 0 0 0 0 0 0 0 0 0 0 0 0 0 0 0 0 0 0 0 0 0 0 0 0 0 0 0 0 0 0 0 0 0 0 0 0 
0 0 0 0 0 0 0 0 0 0 0 0 0 0 0 0 0 0 0 0 0 0 0 0 0 0 0 0 0 0 0 0 0 0 0 0 0 0 0 0 0 0 0 0 0 0 0 0 0 0 0 0 0 0 0 0 0 0 0 0 0 0 0 0 0 0 0 0 0 0 0 0 0 0 0 0 0 0 0 0 0 0 0 0 0 0 0 0 0 0 0 0 0 0 0 190 190 189 189 189 189 189 190 189 189 188 188 188 188 188 189 189 189 189 188 188 187 185 183 180 179 177 175 178 175 172 169 164 144 136 134 114 111 105 105 108 105 110 114 117 119 114 112 109 108 104 98 99 105 108 113 101 103 90 95 100 101 108 113 115 115 116 111 114 114 122 136 142 139 136 140 135 125 124 122 118 136 137 134 129 131 117 104 95 87 94 104 106 98 109 120 126 124 120 88 91 89 91 100 99 106 100 108 122 112 109 104 120 133 147 143 127 117 114 121 140 143 133 118 124 124 113 114 107 99 109 116 129 130 124 132 122 115 99 108 130 137 117 116 122 101 101 128 130 126 97 100 118 133 111 102 118 120 123 119 113 114 122 101 112 112 98 102 108 130 116 111 113 105 82 86 93 89 93 79 79 92 84 94 85 97 54 51 57 49 75 73 96 0 0 0 0 0 0 0 0 0 0 0 0 0 0 0 0 0 0 0 0 0 0 0 0 0 0 0 0 0 0 0 0 0 0 0 0 0 0 0 0 0 0 0 0 0 0 0 0 0 0 0 0 0 0 0 0 0 0 0 0 0 0 0 0 0 0 0 0 0 0 0 0 0 0 0 0 0 0 0 0 0 0 0 0 0 0 0 0 0 0 0 0 0 0 0 0 0 0 0 0 0 0 0 0 0 0 0 0 0 0 0 0 0 0 0 0 0 0 0 0 0 0 0 0 0 0 0 0 0 0 0 0 0 0 0 0 0 0 0 0 0 0 0 0 0 0 0 0 0 0 0 0 0 0 0 0 0 0 0 0 0 0 0 0 0 0 0 0 0 0 0 0 0 0 0 0 0 0 0 0 0 0 0 0 0 0 0 0 0 0 0 0 0 0 0 0 0 0 0 0 0 0 0 0 0 0 0 0 0 0 0 0 0 0 0 0 0 0 0 0 0 0 0 0 0 0 0 0 0 0 0 0 0 0 0 0 0 0 0 0 0 0 0 0 0 0 0 0 0 
0 0 0 0 0 0 0 0 0 0 0 0 0 0 0 0 0 0 0 0 0 0 0 0 0 0 0 0 0 0 0 0 0 0 0 0 0 0 0 0 0 0 0 0 0 0 0 0 0 0 0 0 0 0 0 0 0 0 0 0 0 0 0 0 0 0 0 0 0 0 0 0 0 0 0 0 0 0 0 0 0 0 0 0 0 0 0 0 0 0 0 0 0 0 190 190 189 189 189 189 189 189 188 189 189 189 188 188 187 187 188 187 189 189 188 187 184 185 182 179 177 176 173 173 170 169 166 164 153 144 124 117 115 112 115 109 110 110 112 115 116 117 117 111 108 104 107 99 102 109 112 114 114 106 111 100 112 114 113 116 117 117 113 112 120 122 134 136 139 135 132 131 125 124 123 118 118 122 134 129 130 127 119 86 88 97 104 106 98 101 110 125 129 111 103 100 89 97 100 106 105 110 118 127 122 114 104 109 121 140 144 130 120 128 137 146 143 145 124 116 119 112 105 103 97 112 116 123 135 126 132 122 100 97 108 126 137 122 116 124 111 86 100 94 126 97 100 120 132 121 80 116 124 117 119 108 114 115 100 116 114 89 109 132 130 122 122 113 100 79 106 100 96 75 79 70 80 84 88 70 47 45 46 41 75 75 80 94 100 91 0 0 0 0 0 0 0 0 0 0 0 0 0 0 0 0 0 0 0 0 0 0 0 0 0 0 0 0 0 0 0 0 0 0 0 0 0 0 0 0 0 0 0 0 0 0 0 0 0 0 0 0 0 0 0 0 0 0 0 0 0 0 0 0 0 0 0 0 0 0 0 0 0 0 0 0 0 0 0 0 0 0 0 0 0 0 0 0 0 0 0 0 0 0 0 0 0 0 0 0 0 0 0 0 0 0 0 0 0 0 0 0 0 0 0 0 0 0 0 0 0 0 0 0 0 0 0 0 0 0 0 0 0 0 0 0 0 0 0 0 0 0 0 0 0 0 0 0 0 0 0 0 0 0 0 0 0 0 0 0 0 0 0 0 0 0 0 0 0 0 0 0 0 0 0 0 0 0 0 0 0 0 0 0 0 0 0 0 0 0 0 0 0 0 0 0 0 0 0 0 0 0 0 0 0 0 0 0 0 0 0 0 0 0 0 0 0 0 0 0 0 0 0 0 0 0 0 0 0 0 0 0 0 0 0 0 0 0 0 0 0 0 0 0 0 0 0 
0 0 0 0 0 0 0 0 0 0 0 0 0 0 0 0 0 0 0 0 0 0 0 0 0 0 0 0 0 0 0 0 0 0 0 0 0 0 0 0 0 0 0 0 0 0 0 0 0 0 0 0 0 0 0 0 0 0 0 0 0 0 0 0 0 0 0 0 0 0 0 0 0 0 0 0 0 0 0 0 0 0 0 0 0 0 0 0 0 0 0 0 0 0 190 190 189 189 189 189 189 189 189 189 189 189 188 188 187 187 186 187 188 187 185 187 184 182 179 176 175 172 173 171 168 166 163 157 147 144 124 122 115 115 116 115 114 110 110 110 117 122 117 116 115 110 119 115 120 121 112 119 114 118 123 115 117 117 115 118 117 119 113 115 121 130 135 134 129 126 132 131 133 124 123 115 111 106 121 122 130 131 128 110 105 105 101 105 104 101 110 122 131 130 117 109 106 110 103 115 105 114 123 126 130 128 109 112 130 136 144 143 133 132 134 145 150 143 124 113 110 112 95 97 100 105 126 143 135 125 127 132 100 97 108 117 125 119 125 123 98 86 72 74 82 95 116 124 119 121 109 116 127 121 110 102 113 107 120 116 88 89 109 126 119 111 118 115 114 79 113 102 83 78 70 70 75 83 58 70 46 50 40 48 75 93 96 91 89 91 82 91 0 0 0 0 0 0 0 0 0 0 0 0 0 0 0 0 0 0 0 0 0 0 0 0 0 0 0 0 0 0 0 0 0 0 0 0 0 0 0 0 0 0 0 0 0 0 0 0 0 0 0 0 0 0 0 0 0 0 0 0 0 0 0 0 0 0 0 0 0 0 0 0 0 0 0 0 0 0 0 0 0 0 0 0 0 0 0 0 0 0 0 0 0 0 0 0 0 0 0 0 0 0 0 0 0 0 0 0 0 0 0 0 0 0 0 0 0 0 0 0 0 0 0 0 0 0 0 0 0 0 0 0 0 0 0 0 0 0 0 0 0 0 0 0 0 0 0 0 0 0 0 0 0 0 0 0 0 0 0 0 0 0 0 0 0 0 0 0 0 0 0 0 0 0 0 0 0 0 0 0 0 0 0 0 0 0 0 0 0 0 0 0 0 0 0 0 0 0 0 0 0 0 0 0 0 0 0 0 0 0 0 0 0 0 0 0 0 0 0 0 0 0 0 0 0 0 0 0 0 0 0 0 0 0 0 0 0 0 0 0 0 0 0 0 0 
0 0 0 0 0 0 0 0 0 0 0 0 0 0 0 0 0 0 0 0 0 0 0 0 0 0 0 0 0 0 0 0 0 0 0 0 0 0 0 0 0 0 0 0 0 0 0 0 0 0 0 0 0 0 0 0 0 0 0 0 0 0 0 0 0 0 0 0 0 0 0 0 0 0 0 0 0 0 0 0 0 0 0 0 0 0 0 0 0 0 0 0 0 188 188 188 189 189 189 189 187 188 188 188 188 188 188 187 186 186 185 186 186 184 185 184 184 182 179 176 174 170 168 165 163 158 163 157 147 136 127 125 118 118 116 113 114 113 111 113 115 125 125 122 115 117 119 123 131 131 123 126 120 123 123 121 123 117 116 119 123 125 119 121 121 125 137 134 130 124 125 131 137 139 135 115 111 106 102 100 122 121 133 134 128 105 105 105 107 100 111 121 134 129 125 109 103 110 107 112 120 127 128 131 135 128 119 110 121 130 138 132 133 134 139 145 150 152 119 103 110 94 93 102 94 105 117 141 141 125 113 119 94 101 108 117 119 113 116 129 114 65 59 74 96 95 111 123 127 80 96 125 128 121 108 101 111 114 122 112 98 115 125 126 116 116 118 121 132 116 91 74 77 78 64 91 75 89 63 55 56 54 62 83 75 95 88 84 82 86 97 101 74 98 0 0 0 0 0 0 0 0 0 0 0 0 0 0 0 0 0 0 0 0 0 0 0 0 0 0 0 0 0 0 0 0 0 0 0 0 0 0 0 0 0 0 0 0 0 0 0 0 0 0 0 0 0 0 0 0 0 0 0 0 0 0 0 0 0 0 0 0 0 0 0 0 0 0 0 0 0 0 0 0 0 0 0 0 0 0 0 0 0 0 0 0 0 0 0 0 0 0 0 0 0 0 0 0 0 0 0 0 0 0 0 0 0 0 0 0 0 0 0 0 0 0 0 0 0 0 0 0 0 0 0 0 0 0 0 0 0 0 0 0 0 0 0 0 0 0 0 0 0 0 0 0 0 0 0 0 0 0 0 0 0 0 0 0 0 0 0 0 0 0 0 0 0 0 0 0 0 0 0 0 0 0 0 0 0 0 0 0 0 0 0 0 0 0 0 0 0 0 0 0 0 0 0 0 0 0 0 0 0 0 0 0 0 0 0 0 0 0 0 0 0 0 0 0 0 0 0 0 0 0 0 0 0 0 0 0 0 0 0 0 0 0 0 
0 0 0 0 0 0 0 0 0 0 0 0 0 0 0 0 0 0 0 0 0 0 0 0 0 0 0 0 0 0 0 0 0 0 0 0 0 0 0 0 0 0 0 0 0 0 0 0 0 0 0 0 0 0 0 0 0 0 0 0 0 0 0 0 0 0 0 0 0 0 0 0 0 0 0 0 0 0 0 0 0 0 0 0 0 0 0 0 0 0 0 0 0 187 187 187 188 188 189 187 187 187 188 188 188 188 187 186 186 185 185 184 183 181 184 183 182 178 178 176 174 170 165 161 159 153 151 142 147 128 122 125 122 122 117 117 113 115 120 118 128 125 130 129 119 121 123 130 131 131 131 126 124 124 129 129 128 125 128 119 125 125 126 128 122 132 136 138 129 124 123 131 138 140 140 137 130 109 102 100 102 98 127 130 130 123 117 108 107 100 107 111 125 123 129 115 110 113 106 112 124 133 138 132 130 133 120 112 121 130 131 123 123 132 132 141 146 152 118 100 110 103 92 101 96 104 115 141 135 112 113 112 93 88 103 108 119 113 116 119 114 72 57 59 91 107 119 130 127 70 96 121 121 106 110 110 116 121 122 107 98 116 125 111 89 111 127 138 132 116 84 66 63 65 80 97 93 91 63 82 69 72 69 85 87 74 76 88 82 102 82 75 74 106 105 78 0 0 0 0 0 0 0 0 0 0 0 0 0 0 0 0 0 0 0 0 0 0 0 0 0 0 0 0 0 0 0 0 0 0 0 0 0 0 0 0 0 0 0 0 0 0 0 0 0 0 0 0 0 0 0 0 0 0 0 0 0 0 0 0 0 0 0 0 0 0 0 0 0 0 0 0 0 0 0 0 0 0 0 0 0 0 0 0 0 0 0 0 0 0 0 0 0 0 0 0 0 0 0 0 0 0 0 0 0 0 0 0 0 0 0 0 0 0 0 0 0 0 0 0 0 0 0 0 0 0 0 0 0 0 0 0 0 0 0 0 0 0 0 0 0 0 0 0 0 0 0 0 0 0 0 0 0 0 0 0 0 0 0 0 0 0 0 0 0 0 0 0 0 0 0 0 0 0 0 0 0 0 0 0 0 0 0 0 0 0 0 0 0 0 0 0 0 0 0 0 0 0 0 0 0 0 0 0 0 0 0 0 0 0 0 0 0 0 0 0 0 0 0 0 0 0 0 0 0 0 0 0 0 0 0 0 0 0 0 0 0 
0 0 0 0 0 0 0 0 0 0 0 0 0 0 0 0 0 0 0 0 0 0 0 0 0 0 0 0 0 0 0 0 0 0 0 0 0 0 0 0 0 0 0 0 0 0 0 0 0 0 0 0 0 0 0 0 0 0 0 0 0 0 0 0 0 0 0 0 0 0 0 0 0 0 0 0 0 0 0 0 0 0 0 0 0 0 0 0 0 0 0 0 186 186 187 187 187 187 187 187 187 188 187 188 188 188 187 186 186 185 183 181 180 180 180 183 182 179 175 171 167 162 165 161 148 153 144 135 133 126 119 119 119 122 127 117 116 118 129 126 133 134 134 129 126 121 122 126 128 131 132 130 129 124 131 128 128 128 132 133 134 127 130 128 130 132 136 134 128 123 124 137 136 140 141 138 130 121 113 104 102 93 94 105 130 131 130 112 108 112 112 121 126 133 129 135 126 120 113 115 124 136 140 140 130 128 128 114 116 122 111 107 113 117 132 136 137 142 134 112 108 100 92 107 96 101 107 131 130 112 94 96 93 94 103 103 93 106 110 119 87 63 57 89 91 103 118 134 97 75 99 106 121 104 99 115 121 121 115 109 113 121 125 101 106 111 133 139 116 79 63 68 63 78 88 107 104 109 92 83 77 76 82 85 86 67 69 100 97 65 82 89 96 106 92 99 94 97 0 0 0 0 0 0 0 0 0 0 0 0 0 0 0 0 0 0 0 0 0 0 0 0 0 0 0 0 0 0 0 0 0 0 0 0 0 0 0 0 0 0 0 0 0 0 0 0 0 0 0 0 0 0 0 0 0 0 0 0 0 0 0 0 0 0 0 0 0 0 0 0 0 0 0 0 0 0 0 0 0 0 0 0 0 0 0 0 0 0 0 0 0 0 0 0 0 0 0 0 0 0 0 0 0 0 0 0 0 0 0 0 0 0 0 0 0 0 0 0 0 0 0 0 0 0 0 0 0 0 0 0 0 0 0 0 0 0 0 0 0 0 0 0 0 0 0 0 0 0 0 0 0 0 0 0 0 0 0 0 0 0 0 0 0 0 0 0 0 0 0 0 0 0 0 0 0 0 0 0 0 0 0 0 0 0 0 0 0 0 0 0 0 0 0 0 0 0 0 0 0 0 0 0 0 0 0 0 0 0 0 0 0 0 0 0 0 0 0 0 0 0 0 0 0 0 0 0 0 0 0 0 0 0 0 0 0 0 0 
0 0 0 0 0 0 0 0 0 0 0 0 0 0 0 0 0 0 0 0 0 0 0 0 0 0 0 0 0 0 0 0 0 0 0 0 0 0 0 0 0 0 0 0 0 0 0 0 0 0 0 0 0 0 0 0 0 0 0 0 0 0 0 0 0 0 0 0 0 0 0 0 0 0 0 0 0 0 0 0 0 0 0 0 0 0 0 0 0 0 0 0 186 186 186 187 187 186 186 187 187 187 187 187 187 187 186 186 184 185 183 183 181 179 177 179 176 179 172 167 167 162 156 152 148 136 126 135 121 115 119 116 116 125 128 126 125 133 129 139 133 139 138 132 131 124 128 127 128 130 132 132 131 131 130 127 126 127 132 135 135 131 129 137 137 136 129 120 128 126 117 123 124 136 138 140 134 126 113 110 110 93 94 105 122 135 121 114 108 110 115 114 122 130 139 135 123 120 113 110 117 125 146 147 126 118 128 107 116 122 110 97 103 96 125 123 137 126 114 112 104 108 98 113 100 105 107 114 98 112 86 69 84 88 112 109 103 106 106 115 87 63 65 93 98 122 132 134 86 75 85 90 98 80 112 129 108 121 113 113 114 112 92 69 102 130 141 139 116 88 64 70 76 97 107 109 104 109 96 78 72 81 81 89 63 66 88 100 73 79 77 99 93 92 111 104 101 97 92 87 79 0 0 0 0 0 0 0 0 0 0 0 0 0 0 0 0 0 0 0 0 0 0 0 0 0 0 0 0 0 0 0 0 0 0 0 0 0 0 0 0 0 0 0 0 0 0 0 0 0 0 0 0 0 0 0 0 0 0 0 0 0 0 0 0 0 0 0 0 0 0 0 0 0 0 0 0 0 0 0 0 0 0 0 0 0 0 0 0 0 0 0 0 0 0 0 0 0 0 0 0 0 0 0 0 0 0 0 0 0 0 0 0 0 0 0 0 0 0 0 0 0 0 0 0 0 0 0 0 0 0 0 0 0 0 0 0 0 0 0 0 0 0 0 0 0 0 0 0 0 0 0 0 0 0 0 0 0 0 0 0 0 0 0 0 0 0 0 0 0 0 0 0 0 0 0 0 0 0 0 0 0 0 0 0 0 0 0 0 0 0 0 0 0 0 0 0 0 0 0 0 0 0 0 0 0 0 0 0 0 0 0 0 0 0 0 0 0 0 0 0 0 0 0 0 0 0 0 0 0 0 0 0 0 0 0 0 
0 0 0 0 0 0 0 0 0 0 0 0 0 0 0 0 0 0 0 0 0 0 0 0 0 0 0 0 0 0 0 0 0 0 0 0 0 0 0 0 0 0 0 0 0 0 0 0 0 0 0 0 0 0 0 0 0 0 0 0 0 0 0 0 0 0 0 0 0 0 0 0 0 0 0 0 0 0 0 0 0 0 0 0 0 0 0 0 0 0 0 0 186 186 186 186 186 186 187 187 187 187 186 186 187 187 186 185 184 183 181 180 179 177 177 175 174 175 172 167 162 154 156 140 143 136 126 118 114 113 116 116 116 127 128 130 131 134 134 138 141 134 138 138 135 131 132 129 127 127 132 130 131 129 117 127 123 123 132 135 134 135 129 133 141 136 132 122 123 119 115 118 124 121 125 130 140 137 116 109 110 110 110 105 122 135 139 140 109 113 115 118 124 130 131 129 135 139 120 120 122 128 132 147 138 119 110 100 112 104 94 100 92 96 102 114 110 118 101 100 109 108 115 113 109 107 97 97 86 85 69 69 83 88 116 118 110 97 101 107 81 72 65 93 102 114 127 120 83 75 82 90 103 89 117 90 63 94 105 100 101 112 81 93 102 117 138 119 99 70 77 70 81 100 107 98 97 81 101 79 86 92 81 84 49 65 71 68 101 79 99 92 93 94 114 119 100 93 99 81 74 92 0 0 0 0 0 0 0 0 0 0 0 0 0 0 0 0 0 0 0 0 0 0 0 0 0 0 0 0 0 0 0 0 0 0 0 0 0 0 0 0 0 0 0 0 0 0 0 0 0 0 0 0 0 0 0 0 0 0 0 0 0 0 0 0 0 0 0 0 0 0 0 0 0 0 0 0 0 0 0 0 0 0 0 0 0 0 0 0 0 0 0 0 0 0 0 0 0 0 0 0 0 0 0 0 0 0 0 0 0 0 0 0 0 0 0 0 0 0 0 0 0 0 0 0 0 0 0 0 0 0 0 0 0 0 0 0 0 0 0 0 0 0 0 0 0 0 0 0 0 0 0 0 0 0 0 0 0 0 0 0 0 0 0 0 0 0 0 0 0 0 0 0 0 0 0 0 0 0 0 0 0 0 0 0 0 0 0 0 0 0 0 0 0 0 0 0 0 0 0 0 0 0 0 0 0 0 0 0 0 0 0 0 0 0 0 0 0 0 0 0 0 0 0 0 0 0 0 0 0 0 0 0 0 0 0 
0 0 0 0 0 0 0 0 0 0 0 0 0 0 0 0 0 0 0 0 0 0 0 0 0 0 0 0 0 0 0 0 0 0 0 0 0 0 0 0 0 0 0 0 0 0 0 0 0 0 0 0 0 0 0 0 0 0 0 0 0 0 0 0 0 0 0 0 0 0 0 0 0 0 0 0 0 0 0 0 0 0 0 0 0 0 0 0 0 0 0 185 185 185 186 186 186 186 187 187 187 187 186 186 186 186 186 186 184 183 181 180 178 177 175 173 174 170 164 167 160 152 147 140 128 120 119 118 114 113 118 118 121 129 132 134 134 134 130 138 137 127 130 129 135 133 128 129 118 127 127 125 126 119 115 115 118 123 129 136 138 139 139 137 136 138 135 122 126 126 114 116 119 122 121 135 137 137 127 115 100 93 94 107 108 130 139 140 133 126 118 124 127 127 124 129 131 139 133 133 124 119 125 145 140 119 100 100 106 109 97 92 92 88 95 114 103 106 101 92 85 120 121 120 109 107 101 84 86 76 70 62 84 95 112 92 110 97 101 117 90 64 93 113 102 114 127 77 83 64 72 100 104 114 84 61 63 74 82 89 96 70 60 78 101 133 138 128 99 74 78 90 101 95 95 91 97 86 124 126 112 78 68 41 58 71 71 82 93 106 102 97 99 103 114 99 100 105 85 85 75 88 93 86 0 0 0 0 0 0 0 0 0 0 0 0 0 0 0 0 0 0 0 0 0 0 0 0 0 0 0 0 0 0 0 0 0 0 0 0 0 0 0 0 0 0 0 0 0 0 0 0 0 0 0 0 0 0 0 0 0 0 0 0 0 0 0 0 0 0 0 0 0 0 0 0 0 0 0 0 0 0 0 0 0 0 0 0 0 0 0 0 0 0 0 0 0 0 0 0 0 0 0 0 0 0 0 0 0 0 0 0 0 0 0 0 0 0 0 0 0 0 0 0 0 0 0 0 0 0 0 0 0 0 0 0 0 0 0 0 0 0 0 0 0 0 0 0 0 0 0 0 0 0 0 0 0 0 0 0 0 0 0 0 0 0 0 0 0 0 0 0 0 0 0 0 0 0 0 0 0 0 0 0 0 0 0 0 0 0 0 0 0 0 0 0 0 0 0 0 0 0 0 0 0 0 0 0 0 0 0 0 0 0 0 0 0 0 0 0 0 0 0 0 0 0 0 0 0 0 0 0 0 0 0 0 0 
0 0 0 0 0 0 0 0 0 0 0 0 0 0 0 0 0 0 0 0 0 0 0 0 0 0 0 0 0 0 0 0 0 0 0 0 0 0 0 0 0 0 0 0 0 0 0 0 0 0 0 0 0 0 0 0 0 0 0 0 0 0 0 0 0 0 0 0 0 0 0 0 0 0 0 0 0 0 0 0 0 0 0 0 0 0 0 0 0 0 0 184 185 185 186 185 185 185 186 187 186 185 185 186 186 185 186 187 185 184 182 180 176 177 175 173 171 166 162 157 151 152 137 140 128 121 113 111 112 117 118 118 131 129 134 135 132 131 126 126 114 127 120 120 129 128 126 122 115 117 114 125 122 117 115 113 114 127 137 138 137 139 137 133 130 134 132 129 124 123 125 116 122 122 121 123 132 135 121 115 93 94 94 99 101 113 123 133 133 126 126 130 127 125 118 117 103 138 139 133 112 109 125 137 144 122 110 107 114 114 97 85 92 91 87 93 89 99 84 65 85 122 121 123 124 107 87 86 77 64 70 61 77 86 100 85 96 96 112 104 90 67 80 121 97 100 117 77 70 69 72 97 114 109 93 67 70 73 71 95 96 71 57 68 98 128 127 87 72 74 78 85 95 73 90 90 101 134 124 112 94 78 77 75 65 94 101 90 93 99 98 97 98 76 97 99 95 85 107 93 100 88 101 109 84 64 0 0 0 0 0 0 0 0 0 0 0 0 0 0 0 0 0 0 0 0 0 0 0 0 0 0 0 0 0 0 0 0 0 0 0 0 0 0 0 0 0 0 0 0 0 0 0 0 0 0 0 0 0 0 0 0 0 0 0 0 0 0 0 0 0 0 0 0 0 0 0 0 0 0 0 0 0 0 0 0 0 0 0 0 0 0 0 0 0 0 0 0 0 0 0 0 0 0 0 0 0 0 0 0 0 0 0 0 0 0 0 0 0 0 0 0 0 0 0 0 0 0 0 0 0 0 0 0 0 0 0 0 0 0 0 0 0 0 0 0 0 0 0 0 0 0 0 0 0 0 0 0 0 0 0 0 0 0 0 0 0 0 0 0 0 0 0 0 0 0 0 0 0 0 0 0 0 0 0 0 0 0 0 0 0 0 0 0 0 0 0 0 0 0 0 0 0 0 0 0 0 0 0 0 0 0 0 0 0 0 0 0 0 0 0 0 0 0 0 0 0 0 0 0 0 0 0 0 0 0 0 
0 0 0 0 0 0 0 0 0 0 0 0 0 0 0 0 0 0 0 0 0 0 0 0 0 0 0 0 0 0 0 0 0 0 0 0 0 0 0 0 0 0 0 0 0 0 0 0 0 0 0 0 0 0 0 0 0 0 0 0 0 0 0 0 0 0 0 0 0 0 0 0 0 0 0 0 0 0 0 0 0 0 0 0 0 0 0 0 0 0 183 183 183 185 185 185 184 185 185 184 185 185 185 185 185 185 185 187 185 184 182 179 176 174 171 173 164 161 162 154 147 142 132 128 118 121 118 114 112 114 111 118 131 134 132 129 132 126 126 121 112 112 115 121 120 118 126 115 107 113 109 112 109 109 115 116 114 123 131 141 137 128 125 123 130 127 132 129 127 118 114 126 118 113 120 122 132 134 127 109 101 98 99 101 107 117 123 126 123 128 126 130 125 119 118 101 103 106 119 130 121 105 127 140 144 135 110 107 117 118 111 98 92 92 87 84 78 99 100 79 76 112 118 121 124 108 89 86 83 70 68 72 87 95 88 85 81 96 96 117 72 74 121 96 93 100 118 104 70 69 95 114 101 89 70 67 73 79 70 80 76 74 86 104 123 128 120 78 67 73 82 77 73 90 108 90 116 128 130 112 108 92 65 75 97 94 99 105 99 102 98 80 69 76 95 99 77 103 89 97 119 126 94 109 79 64 92 102 95 0 0 0 0 0 0 0 0 0 0 0 0 0 0 0 0 0 0 0 0 0 0 0 0 0 0 0 0 0 0 0 0 0 0 0 0 0 0 0 0 0 0 0 0 0 0 0 0 0 0 0 0 0 0 0 0 0 0 0 0 0 0 0 0 0 0 0 0 0 0 0 0 0 0 0 0 0 0 0 0 0 0 0 0 0 0 0 0 0 0 0 0 0 0 0 0 0 0 0 0 0 0 0 0 0 0 0 0 0 0 0 0 0 0 0 0 0 0 0 0 0 0 0 0 0 0 0 0 0 0 0 0 0 0 0 0 0 0 0 0 0 0 0 0 0 0 0 0 0 0 0 0 0 0 0 0 0 0 0 0 0 0 0 0 0 0 0 0 0 0 0 0 0 0 0 0 0 0 0 0 0 0 0 0 0 0 0 0 0 0 0 0 0 0 0 0 0 0 0 0 0 0 0 0 0 0 0 0 0 0 0 0 0 0 0 0 0 0 0 0 0 0 0 0 0 0 0 0 
0 0 0 0 0 0 0 0 0 0 0 0 0 0 0 0 0 0 0 0 0 0 0 0 0 0 0 0 0 0 0 0 0 0 0 0 0 0 0 0 0 0 0 0 0 0 0 0 0 0 0 0 0 0 0 0 0 0 0 0 0 0 0 0 0 0 0 0 0 0 0 0 0 0 0 0 0 0 0 0 0 0 0 0 0 0 0 0 0 0 182 182 183 183 183 184 183 184 183 183 184 184 185 185 184 184 184 185 184 183 182 178 176 174 171 168 163 159 154 144 147 124 132 121 114 113 115 120 114 115 111 116 122 134 132 129 126 124 120 116 112 113 115 114 114 112 107 102 105 103 109 106 103 109 108 113 121 123 135 137 137 129 122 122 126 124 128 130 119 112 114 119 119 118 109 105 123 123 127 104 97 98 102 104 111 122 118 113 123 122 124 124 125 119 107 103 91 93 99 130 115 105 113 126 135 131 123 109 110 118 117 98 96 102 86 92 82 75 73 79 83 112 117 102 119 87 90 97 75 70 70 75 92 96 90 68 71 75 85 117 116 91 120 97 94 119 111 76 73 69 95 114 83 78 69 76 92 73 60 80 73 98 79 74 104 116 76 78 76 73 72 81 88 97 126 124 113 128 122 106 108 75 61 71 101 107 130 105 106 80 98 67 82 99 93 91 94 85 89 126 119 115 97 80 85 94 108 105 95 98 0 0 0 0 0 0 0 0 0 0 0 0 0 0 0 0 0 0 0 0 0 0 0 0 0 0 0 0 0 0 0 0 0 0 0 0 0 0 0 0 0 0 0 0 0 0 0 0 0 0 0 0 0 0 0 0 0 0 0 0 0 0 0 0 0 0 0 0 0 0 0 0 0 0 0 0 0 0 0 0 0 0 0 0 0 0 0 0 0 0 0 0 0 0 0 0 0 0 0 0 0 0 0 0 0 0 0 0 0 0 0 0 0 0 0 0 0 0 0 0 0 0 0 0 0 0 0 0 0 0 0 0 0 0 0 0 0 0 0 0 0 0 0 0 0 0 0 0 0 0 0 0 0 0 0 0 0 0 0 0 0 0 0 0 0 0 0 0 0 0 0 0 0 0 0 0 0 0 0 0 0 0 0 0 0 0 0 0 0 0 0 0 0 0 0 0 0 0 0 0 0 0 0 0 0 0 0 0 0 0 0 0 0 0 0 0 0 0 0 0 0 0 0 0 0 0 0 
0 0 0 0 0 0 0 0 0 0 0 0 0 0 0 0 0 0 0 0 0 0 0 0 0 0 0 0 0 0 0 0 0 0 0 0 0 0 0 0 0 0 0 0 0 0 0 0 0 0 0 0 0 0 0 0 0 0 0 0 0 0 0 0 0 0 0 0 0 0 0 0 0 0 0 0 0 0 0 0 0 0 0 0 0 0 0 0 0 183 183 183 183 183 183 182 183 183 181 181 183 183 184 184 184 183 184 182 182 180 181 180 175 171 171 167 157 159 155 145 131 119 111 105 114 109 119 120 120 123 120 119 122 123 121 124 126 124 122 121 118 118 114 110 107 112 106 106 101 103 102 108 112 103 109 113 124 125 120 122 131 126 125 125 121 124 125 125 126 122 106 113 124 120 124 105 105 109 118 110 106 102 110 104 117 122 124 114 113 118 123 121 112 115 107 103 103 98 88 114 120 102 107 126 131 131 123 98 91 120 124 105 105 102 97 82 82 76 75 80 93 112 107 102 117 94 90 108 83 66 69 82 109 88 90 77 80 60 58 120 105 109 89 87 94 111 109 81 79 83 106 101 83 78 69 76 104 79 56 65 97 76 60 96 104 112 106 76 65 63 101 88 107 128 126 120 109 127 126 94 72 56 61 123 101 123 128 111 79 84 60 94 82 75 93 90 79 107 118 106 103 87 97 87 114 110 109 99 118 117 101 94 0 0 0 0 0 0 0 0 0 0 0 0 0 0 0 0 0 0 0 0 0 0 0 0 0 0 0 0 0 0 0 0 0 0 0 0 0 0 0 0 0 0 0 0 0 0 0 0 0 0 0 0 0 0 0 0 0 0 0 0 0 0 0 0 0 0 0 0 0 0 0 0 0 0 0 0 0 0 0 0 0 0 0 0 0 0 0 0 0 0 0 0 0 0 0 0 0 0 0 0 0 0 0 0 0 0 0 0 0 0 0 0 0 0 0 0 0 0 0 0 0 0 0 0 0 0 0 0 0 0 0 0 0 0 0 0 0 0 0 0 0 0 0 0 0 0 0 0 0 0 0 0 0 0 0 0 0 0 0 0 0 0 0 0 0 0 0 0 0 0 0 0 0 0 0 0 0 0 0 0 0 0 0 0 0 0 0 0 0 0 0 0 0 0 0 0 0 0 0 0 0 0 0 0 0 0 0 0 0 0 0 0 0 0 0 0 0 0 0 0 0 0 0 0 0 
0 0 0 0 0 0 0 0 0 0 0 0 0 0 0 0 0 0 0 0 0 0 0 0 0 0 0 0 0 0 0 0 0 0 0 0 0 0 0 0 0 0 0 0 0 0 0 0 0 0 0 0 0 0 0 0 0 0 0 0 0 0 0 0 0 0 0 0 0 0 0 0 0 0 0 0 0 0 0 0 0 0 0 0 0 0 0 0 0 182 182 183 183 183 183 182 182 181 181 181 182 183 183 183 183 182 182 181 180 180 179 180 178 174 167 162 157 154 147 145 116 119 106 97 103 107 113 121 122 123 123 118 119 120 118 117 116 118 122 121 123 126 113 108 105 105 109 105 106 103 103 104 109 113 109 118 123 119 118 122 121 122 124 121 121 121 120 125 118 122 112 117 126 130 138 123 128 109 108 110 106 111 117 112 113 118 114 114 111 115 123 125 125 103 99 95 103 98 88 85 120 105 98 123 135 126 110 85 91 121 124 115 111 107 107 90 83 86 75 79 89 98 97 102 119 105 103 105 83 67 73 67 100 101 79 90 70 67 58 115 117 104 93 86 107 105 88 80 79 83 117 84 87 67 82 76 92 57 56 64 107 84 56 84 120 112 106 74 65 68 103 91 118 119 115 124 109 122 86 94 64 65 108 133 128 105 128 80 83 84 77 73 70 36 52 70 93 107 85 106 70 92 104 123 116 72 102 99 126 117 111 89 84 72 99 0 0 0 0 0 0 0 0 0 0 0 0 0 0 0 0 0 0 0 0 0 0 0 0 0 0 0 0 0 0 0 0 0 0 0 0 0 0 0 0 0 0 0 0 0 0 0 0 0 0 0 0 0 0 0 0 0 0 0 0 0 0 0 0 0 0 0 0 0 0 0 0 0 0 0 0 0 0 0 0 0 0 0 0 0 0 0 0 0 0 0 0 0 0 0 0 0 0 0 0 0 0 0 0 0 0 0 0 0 0 0 0 0 0 0 0 0 0 0 0 0 0 0 0 0 0 0 0 0 0 0 0 0 0 0 0 0 0 0 0 0 0 0 0 0 0 0 0 0 0 0 0 0 0 0 0 0 0 0 0 0 0 0 0 0 0 0 0 0 0 0 0 0 0 0 0 0 0 0 0 0 0 0 0 0 0 0 0 0 0 0 0 0 0 0 0 0 0 0 0 0 0 0 0 0 0 0 0 0 0 0 0 0 0 0 0 0 0 0 0 0 0 
0 0 0 0 0 0 0 0 0 0 0 0 0 0 0 0 0 0 0 0 0 0 0 0 0 0 0 0 0 0 0 0 0 0 0 0 0 0 0 0 0 0 0 0 0 0 0 0 0 0 0 0 0 0 0 0 0 0 0 0 0 0 0 0 0 0 0 0 0 0 0 0 0 0 0 0 0 0 0 0 0 0 0 0 0 0 0 0 180 181 182 182 182 183 183 182 182 181 181 181 180 182 181 183 182 182 181 181 179 179 178 177 173 174 169 158 157 152 147 134 117 103 93 97 99 108 113 117 120 120 117 117 120 116 118 118 118 115 116 122 123 123 118 112 105 101 105 109 106 108 106 111 109 107 109 104 105 123 125 119 125 127 121 123 121 124 125 117 118 122 122 119 128 133 138 135 134 125 117 117 115 118 117 121 113 114 112 104 105 111 119 120 125 120 99 89 79 79 96 85 86 97 98 99 115 133 121 112 85 106 122 117 111 115 111 90 83 86 85 87 93 96 97 82 96 105 98 118 79 83 62 84 103 101 79 94 80 85 102 111 103 98 90 86 107 114 96 88 88 117 117 96 67 67 95 123 92 57 72 119 100 61 68 84 126 122 79 94 106 84 104 91 122 119 120 128 129 111 88 66 76 65 126 133 119 92 72 84 82 64 72 73 64 36 33 57 84 94 92 78 110 92 118 113 88 59 118 133 115 103 84 89 70 107 99 104 122 0 0 0 0 0 0 0 0 0 0 0 0 0 0 0 0 0 0 0 0 0 0 0 0 0 0 0 0 0 0 0 0 0 0 0 0 0 0 0 0 0 0 0 0 0 0 0 0 0 0 0 0 0 0 0 0 0 0 0 0 0 0 0 0 0 0 0 0 0 0 0 0 0 0 0 0 0 0 0 0 0 0 0 0 0 0 0 0 0 0 0 0 0 0 0 0 0 0 0 0 0 0 0 0 0 0 0 0 0 0 0 0 0 0 0 0 0 0 0 0 0 0 0 0 0 0 0 0 0 0 0 0 0 0 0 0 0 0 0 0 0 0 0 0 0 0 0 0 0 0 0 0 0 0 0 0 0 0 0 0 0 0 0 0 0 0 0 0 0 0 0 0 0 0 0 0 0 0 0 0 0 0 0 0 0 0 0 0 0 0 0 0 0 0 0 0 0 0 0 0 0 0 0 0 0 0 0 0 0 0 0 0 0 0 0 0 0 0 0 0 
0 0 0 0 0 0 0 0 0 0 0 0 0 0 0 0 0 0 0 0 0 0 0 0 0 0 0 0 0 0 0 0 0 0 0 0 0 0 0 0 0 0 0 0 0 0 0 0 0 0 0 0 0 0 0 0 0 0 0 0 0 0 0 0 0 0 0 0 0 0 0 0 0 0 0 0 0 0 0 0 0 0 0 0 0 0 0 0 178 180 182 182 182 183 183 183 182 181 181 180 180 180 180 181 181 180 180 178 179 177 178 177 174 170 166 162 152 146 147 135 122 103 95 94 100 103 112 116 120 118 118 116 115 111 114 110 115 115 116 115 120 123 118 112 106 108 107 108 106 105 104 107 108 102 103 105 105 105 125 128 135 131 122 118 129 132 125 117 118 125 127 127 124 126 134 132 134 118 115 117 120 121 118 126 117 111 112 108 109 111 128 134 125 126 107 99 92 79 97 88 86 97 122 134 137 126 115 112 85 106 116 113 112 118 121 102 87 86 79 85 86 89 86 78 85 89 101 118 98 87 81 80 111 88 95 88 93 85 95 106 101 99 100 108 110 104 93 88 97 111 114 97 72 108 124 123 78 66 72 119 100 69 62 120 114 122 106 94 107 86 121 123 103 117 126 128 101 89 88 72 84 113 108 110 66 92 77 80 82 58 71 68 96 81 97 83 84 96 92 100 101 110 99 68 78 130 118 128 112 97 94 71 80 128 131 120 122 107 83 0 0 0 0 0 0 0 0 0 0 0 0 0 0 0 0 0 0 0 0 0 0 0 0 0 0 0 0 0 0 0 0 0 0 0 0 0 0 0 0 0 0 0 0 0 0 0 0 0 0 0 0 0 0 0 0 0 0 0 0 0 0 0 0 0 0 0 0 0 0 0 0 0 0 0 0 0 0 0 0 0 0 0 0 0 0 0 0 0 0 0 0 0 0 0 0 0 0 0 0 0 0 0 0 0 0 0 0 0 0 0 0 0 0 0 0 0 0 0 0 0 0 0 0 0 0 0 0 0 0 0 0 0 0 0 0 0 0 0 0 0 0 0 0 0 0 0 0 0 0 0 0 0 0 0 0 0 0 0 0 0 0 0 0 0 0 0 0 0 0 0 0 0 0 0 0 0 0 0 0 0 0 0 0 0 0 0 0 0 0 0 0 0 0 0 0 0 0 0 0 0 0 0 0 0 0 0 0 0 0 0 0 0 0 0 0 0 0 
0 0 0 0 0 0 0 0 0 0 0 0 0 0 0 0 0 0 0 0 0 0 0 0 0 0 0 0 0 0 0 0 0 0 0 0 0 0 0 0 0 0 0 0 0 0 0 0 0 0 0 0 0 0 0 0 0 0 0 0 0 0 0 0 0 0 0 0 0 0 0 0 0 0 0 0 0 0 0 0 0 0 0 0 0 0 0 178 179 180 181 181 182 182 183 183 182 181 181 181 180 179 180 179 179 180 180 178 177 177 176 173 174 171 164 162 157 151 135 128 111 105 95 93 94 96 108 112 116 117 115 112 108 111 104 99 107 108 111 112 120 119 120 121 106 108 109 113 108 107 104 105 99 102 99 99 100 95 111 114 124 127 117 118 126 130 125 119 124 128 125 127 124 126 124 124 129 125 126 118 121 121 129 126 123 120 110 110 110 119 123 134 134 126 123 119 116 88 87 96 94 82 122 134 138 137 127 118 93 93 94 113 116 108 121 124 114 78 83 91 89 89 95 92 88 85 91 98 82 96 91 101 111 109 110 100 100 83 108 106 97 103 100 109 90 108 98 89 101 111 106 87 72 113 119 105 93 88 112 126 67 69 62 119 104 92 99 114 95 117 121 82 103 101 118 124 102 83 65 71 84 89 108 91 73 91 99 90 74 85 71 97 113 98 76 82 96 120 106 116 101 107 76 67 109 125 120 107 110 100 94 83 139 128 141 94 81 60 96 118 0 0 0 0 0 0 0 0 0 0 0 0 0 0 0 0 0 0 0 0 0 0 0 0 0 0 0 0 0 0 0 0 0 0 0 0 0 0 0 0 0 0 0 0 0 0 0 0 0 0 0 0 0 0 0 0 0 0 0 0 0 0 0 0 0 0 0 0 0 0 0 0 0 0 0 0 0 0 0 0 0 0 0 0 0 0 0 0 0 0 0 0 0 0 0 0 0 0 0 0 0 0 0 0 0 0 0 0 0 0 0 0 0 0 0 0 0 0 0 0 0 0 0 0 0 0 0 0 0 0 0 0 0 0 0 0 0 0 0 0 0 0 0 0 0 0 0 0 0 0 0 0 0 0 0 0 0 0 0 0 0 0 0 0 0 0 0 0 0 0 0 0 0 0 0 0 0 0 0 0 0 0 0 0 0 0 0 0 0 0 0 0 0 0 0 0 0 0 0 0 0 0 0 0 0 0 0 0 0 0 0 0 0 0 0 0 0 
0 0 0 0 0 0 0 0 0 0 0 0 0 0 0 0 0 0 0 0 0 0 0 0 0 0 0 0 0 0 0 0 0 0 0 0 0 0 0 0 0 0 0 0 0 0 0 0 0 0 0 0 0 0 0 0 0 0 0 0 0 0 0 0 0 0 0 0 0 0 0 0 0 0 0 0 0 0 0 0 0 0 0 0 0 0 0 178 179 180 180 181 181 182 182 182 182 181 181 181 179 179 178 178 180 179 178 178 177 177 176 173 170 166 164 158 152 151 143 138 120 116 100 97 97 102 107 112 111 112 113 108 105 101 97 100 97 108 108 109 112 113 114 120 116 114 109 113 117 112 105 102 101 94 92 99 94 95 97 105 119 134 136 121 121 130 120 119 118 124 124 130 131 119 109 124 121 125 126 129 131 128 129 132 131 120 120 116 110 106 103 120 121 136 130 128 116 81 87 93 104 95 97 117 138 137 127 121 118 82 87 93 106 107 117 128 114 98 90 94 98 90 97 95 96 102 91 106 91 90 108 111 117 106 113 108 100 86 97 104 91 84 111 78 87 106 98 88 107 96 118 104 126 115 119 105 93 98 114 138 62 86 121 119 104 104 99 120 111 109 115 77 89 106 118 112 81 83 61 77 94 72 77 93 73 106 104 90 93 103 115 106 86 76 113 82 116 120 117 74 87 52 80 124 114 125 98 102 110 109 112 125 107 129 83 94 66 70 95 125 123 123 138 0 0 0 0 0 0 0 0 0 0 0 0 0 0 0 0 0 0 0 0 0 0 0 0 0 0 0 0 0 0 0 0 0 0 0 0 0 0 0 0 0 0 0 0 0 0 0 0 0 0 0 0 0 0 0 0 0 0 0 0 0 0 0 0 0 0 0 0 0 0 0 0 0 0 0 0 0 0 0 0 0 0 0 0 0 0 0 0 0 0 0 0 0 0 0 0 0 0 0 0 0 0 0 0 0 0 0 0 0 0 0 0 0 0 0 0 0 0 0 0 0 0 0 0 0 0 0 0 0 0 0 0 0 0 0 0 0 0 0 0 0 0 0 0 0 0 0 0 0 0 0 0 0 0 0 0 0 0 0 0 0 0 0 0 0 0 0 0 0 0 0 0 0 0 0 0 0 0 0 0 0 0 0 0 0 0 0 0 0 0 0 0 0 0 0 0 0 0 0 0 0 0 0 0 0 0 0 0 0 0 0 0 0 0 
0 0 0 0 0 0 0 0 0 0 0 0 0 0 0 0 0 0 0 0 0 0 0 0 0 0 0 0 0 0 0 0 0 0 0 0 0 0 0 0 0 0 0 0 0 0 0 0 0 0 0 0 0 0 0 0 0 0 0 0 0 0 0 0 0 0 0 0 0 0 0 0 0 0 0 0 0 0 0 0 0 0 0 0 0 0 178 178 178 179 180 181 181 181 182 182 182 182 181 179 179 179 178 177 177 177 176 178 177 176 174 173 171 161 164 158 152 146 140 130 123 116 110 106 108 103 105 107 109 113 113 106 105 101 100 96 94 101 109 109 119 116 114 111 106 112 107 112 117 112 98 96 101 96 90 91 93 101 116 125 119 132 136 130 128 121 118 118 128 133 124 133 131 130 124 103 109 113 125 126 131 131 129 128 129 138 137 139 110 112 103 102 105 127 130 129 119 99 78 94 104 104 101 87 82 95 134 121 118 118 87 78 89 101 106 113 122 93 90 98 98 92 92 93 107 115 94 94 85 102 108 111 104 94 108 121 99 85 97 102 101 84 114 80 67 117 104 120 107 126 120 104 122 112 99 118 109 122 140 138 88 86 118 100 77 104 127 105 108 109 75 77 94 111 125 110 77 55 83 77 54 72 76 117 105 115 107 102 94 103 102 103 86 101 112 114 96 99 82 74 60 75 82 120 102 92 95 102 102 109 112 99 82 114 113 89 101 117 123 125 121 116 141 132 123 0 0 0 0 0 0 0 0 0 0 0 0 0 0 0 0 0 0 0 0 0 0 0 0 0 0 0 0 0 0 0 0 0 0 0 0 0 0 0 0 0 0 0 0 0 0 0 0 0 0 0 0 0 0 0 0 0 0 0 0 0 0 0 0 0 0 0 0 0 0 0 0 0 0 0 0 0 0 0 0 0 0 0 0 0 0 0 0 0 0 0 0 0 0 0 0 0 0 0 0 0 0 0 0 0 0 0 0 0 0 0 0 0 0 0 0 0 0 0 0 0 0 0 0 0 0 0 0 0 0 0 0 0 0 0 0 0 0 0 0 0 0 0 0 0 0 0 0 0 0 0 0 0 0 0 0 0 0 0 0 0 0 0 0 0 0 0 0 0 0 0 0 0 0 0 0 0 0 0 0 0 0 0 0 0 0 0 0 0 0 0 0 0 0 0 0 0 0 0 0 0 0 0 0 0 0 0 0 0 0 0 0 
0 0 0 0 0 0 0 0 0 0 0 0 0 0 0 0 0 0 0 0 0 0 0 0 0 0 0 0 0 0 0 0 0 0 0 0 0 0 0 0 0 0 0 0 0 0 0 0 0 0 0 0 0 0 0 0 0 0 0 0 0 0 0 0 0 0 0 0 0 0 0 0 0 0 0 0 0 0 0 0 0 0 0 0 0 0 176 178 178 179 180 181 181 181 182 182 182 182 181 180 180 179 177 175 174 175 176 177 177 177 175 173 166 161 156 151 152 145 136 130 122 115 107 106 110 106 105 107 109 116 120 118 105 107 98 97 94 101 109 115 120 119 108 103 106 101 107 100 99 104 98 96 93 91 90 86 93 102 113 124 131 134 129 127 128 127 118 119 128 131 135 135 132 131 124 123 125 113 115 115 125 124 124 116 129 130 137 139 136 136 115 118 107 106 103 129 130 129 82 82 100 94 102 90 86 95 115 106 118 118 115 120 103 102 102 113 121 96 87 100 96 95 101 101 117 115 104 96 90 108 109 107 96 91 111 121 116 95 117 117 92 132 94 80 101 117 122 129 116 126 126 123 121 112 119 118 115 111 107 112 83 123 122 100 95 113 127 105 108 98 80 99 118 111 132 60 77 55 101 87 103 91 128 117 117 112 107 100 99 90 96 91 98 87 112 84 109 107 86 71 75 95 102 90 102 99 78 92 100 101 93 106 117 127 113 101 111 118 133 127 128 143 133 133 123 128 115 0 0 0 0 0 0 0 0 0 0 0 0 0 0 0 0 0 0 0 0 0 0 0 0 0 0 0 0 0 0 0 0 0 0 0 0 0 0 0 0 0 0 0 0 0 0 0 0 0 0 0 0 0 0 0 0 0 0 0 0 0 0 0 0 0 0 0 0 0 0 0 0 0 0 0 0 0 0 0 0 0 0 0 0 0 0 0 0 0 0 0 0 0 0 0 0 0 0 0 0 0 0 0 0 0 0 0 0 0 0 0 0 0 0 0 0 0 0 0 0 0 0 0 0 0 0 0 0 0 0 0 0 0 0 0 0 0 0 0 0 0 0 0 0 0 0 0 0 0 0 0 0 0 0 0 0 0 0 0 0 0 0 0 0 0 0 0 0 0 0 0 0 0 0 0 0 0 0 0 0 0 0 0 0 0 0 0 0 0 0 0 0 0 0 0 0 0 0 0 0 0 0 0 0 0 0 0 0 0 0 
0 0 0 0 0 0 0 0 0 0 0 0 0 0 0 0 0 0 0 0 0 0 0 0 0 0 0 0 0 0 0 0 0 0 0 0 0 0 0 0 0 0 0 0 0 0 0 0 0 0 0 0 0 0 0 0 0 0 0 0 0 0 0 0 0 0 0 0 0 0 0 0 0 0 0 0 0 0 0 0 0 0 0 0 0 176 176 178 179 179 180 181 181 181 182 182 183 183 180 180 180 180 179 174 173 174 176 175 177 175 175 174 169 163 156 151 143 132 125 118 122 112 103 103 108 110 108 109 109 122 124 118 115 115 105 105 104 109 109 115 112 119 117 116 101 104 96 94 97 107 106 98 93 91 85 86 93 96 104 124 129 134 131 131 126 121 124 120 118 131 131 135 131 128 136 136 136 122 119 115 112 113 116 103 111 119 132 139 136 136 131 132 117 113 109 95 100 118 106 82 87 84 101 107 112 95 103 104 128 124 115 120 103 81 74 111 107 81 92 100 105 96 97 98 106 124 112 96 101 110 109 106 111 76 98 125 112 95 123 98 92 128 117 67 86 125 132 129 129 122 126 114 128 116 120 118 119 95 107 122 83 129 130 94 111 118 119 100 99 98 80 97 121 131 94 57 61 107 101 94 108 118 116 124 106 110 109 98 99 91 63 74 84 98 100 130 120 92 86 60 104 103 102 99 74 87 83 93 100 100 104 126 129 136 122 135 136 130 133 123 119 143 139 134 136 130 115 129 0 0 0 0 0 0 0 0 0 0 0 0 0 0 0 0 0 0 0 0 0 0 0 0 0 0 0 0 0 0 0 0 0 0 0 0 0 0 0 0 0 0 0 0 0 0 0 0 0 0 0 0 0 0 0 0 0 0 0 0 0 0 0 0 0 0 0 0 0 0 0 0 0 0 0 0 0 0 0 0 0 0 0 0 0 0 0 0 0 0 0 0 0 0 0 0 0 0 0 0 0 0 0 0 0 0 0 0 0 0 0 0 0 0 0 0 0 0 0 0 0 0 0 0 0 0 0 0 0 0 0 0 0 0 0 0 0 0 0 0 0 0 0 0 0 0 0 0 0 0 0 0 0 0 0 0 0 0 0 0 0 0 0 0 0 0 0 0 0 0 0 0 0 0 0 0 0 0 0 0 0 0 0 0 0 0 0 0 0 0 0 0 0 0 0 0 0 0 0 0 0 0 0 0 0 0 0 0 0 
0 0 0 0 0 0 0 0 0 0 0 0 0 0 0 0 0 0 0 0 0 0 0 0 0 0 0 0 0 0 0 0 0 0 0 0 0 0 0 0 0 0 0 0 0 0 0 0 0 0 0 0 0 0 0 0 0 0 0 0 0 0 0 0 0 0 0 0 0 0 0 0 0 0 0 0 0 0 0 0 0 0 0 0 0 176 178 178 179 180 180 181 181 182 182 182 183 183 181 180 180 179 178 176 175 174 174 173 175 174 174 169 163 157 151 151 143 133 122 114 109 104 103 102 102 110 111 112 115 114 115 121 118 114 115 105 106 111 114 113 110 111 112 116 113 104 104 99 93 104 107 103 101 95 85 86 88 87 90 108 110 126 131 131 122 113 117 114 111 111 112 129 120 128 130 137 136 130 123 119 119 106 103 103 97 124 132 128 123 125 116 131 119 107 109 97 89 110 116 99 89 89 96 97 112 98 92 96 107 126 118 111 116 81 74 80 92 98 95 105 101 93 108 102 106 117 116 99 95 104 113 112 111 95 98 117 116 117 134 142 105 135 117 83 86 113 120 134 120 125 109 117 128 113 120 115 128 93 127 135 127 116 130 90 100 121 127 122 109 84 99 97 121 135 66 57 75 105 90 100 99 108 116 105 113 125 112 110 100 50 53 95 115 98 124 144 125 120 104 111 104 121 85 99 78 93 97 93 93 122 115 130 134 136 135 136 138 129 125 124 141 137 142 134 144 139 133 126 113 101 89 0 0 0 0 0 0 0 0 0 0 0 0 0 0 0 0 0 0 0 0 0 0 0 0 0 0 0 0 0 0 0 0 0 0 0 0 0 0 0 0 0 0 0 0 0 0 0 0 0 0 0 0 0 0 0 0 0 0 0 0 0 0 0 0 0 0 0 0 0 0 0 0 0 0 0 0 0 0 0 0 0 0 0 0 0 0 0 0 0 0 0 0 0 0 0 0 0 0 0 0 0 0 0 0 0 0 0 0 0 0 0 0 0 0 0 0 0 0 0 0 0 0 0 0 0 0 0 0 0 0 0 0 0 0 0 0 0 0 0 0 0 0 0 0 0 0 0 0 0 0 0 0 0 0 0 0 0 0 0 0 0 0 0 0 0 0 0 0 0 0 0 0 0 0 0 0 0 0 0 0 0 0 0 0 0 0 0 0 0 0 0 0 0 0 0 0 0 0 0 0 0 0 0 0 0 0 
0 0 0 0 0 0 0 0 0 0 0 0 0 0 0 0 0 0 0 0 0 0 0 0 0 0 0 0 0 0 0 0 0 0 0 0 0 0 0 0 0 0 0 0 0 0 0 0 0 0 0 0 0 0 0 0 0 0 0 0 0 0 0 0 0 0 0 0 0 0 0 0 0 0 0 0 0 0 0 0 0 0 0 0 177 177 178 179 181 180 181 181 182 182 182 183 184 182 181 180 180 179 179 178 177 174 172 172 171 174 172 169 163 157 150 142 134 123 115 114 108 107 105 99 97 103 106 112 110 104 115 112 109 117 120 111 115 111 113 112 110 109 109 113 117 110 105 102 93 83 107 103 99 90 84 88 88 87 90 96 110 110 122 125 117 109 102 97 111 110 112 114 112 123 136 133 133 117 123 127 121 116 129 115 132 143 118 118 123 123 121 104 95 92 96 97 87 97 116 122 120 85 87 88 88 80 94 95 107 110 117 120 114 122 94 80 92 111 95 103 97 88 104 115 108 118 116 100 102 104 117 126 117 105 100 116 116 124 137 142 113 108 130 110 99 112 120 113 122 125 112 101 125 123 94 127 108 93 141 135 114 100 80 103 105 130 129 122 98 71 104 120 135 135 66 101 104 105 100 109 107 96 93 133 124 108 105 110 88 57 66 118 127 135 134 129 112 120 116 124 125 111 89 91 78 81 71 93 80 101 89 108 123 118 98 136 102 129 116 116 148 152 143 135 124 139 121 126 108 92 91 87 76 0 0 0 0 0 0 0 0 0 0 0 0 0 0 0 0 0 0 0 0 0 0 0 0 0 0 0 0 0 0 0 0 0 0 0 0 0 0 0 0 0 0 0 0 0 0 0 0 0 0 0 0 0 0 0 0 0 0 0 0 0 0 0 0 0 0 0 0 0 0 0 0 0 0 0 0 0 0 0 0 0 0 0 0 0 0 0 0 0 0 0 0 0 0 0 0 0 0 0 0 0 0 0 0 0 0 0 0 0 0 0 0 0 0 0 0 0 0 0 0 0 0 0 0 0 0 0 0 0 0 0 0 0 0 0 0 0 0 0 0 0 0 0 0 0 0 0 0 0 0 0 0 0 0 0 0 0 0 0 0 0 0 0 0 0 0 0 0 0 0 0 0 0 0 0 0 0 0 0 0 0 0 0 0 0 0 0 0 0 0 0 0 0 0 0 0 0 0 0 0 0 0 0 0 
0 0 0 0 0 0 0 0 0 0 0 0 0 0 0 0 0 0 0 0 0 0 0 0 0 0 0 0 0 0 0 0 0 0 0 0 0 0 0 0 0 0 0 0 0 0 0 0 0 0 0 0 0 0 0 0 0 0 0 0 0 0 0 0 0 0 0 0 0 0 0 0 0 0 0 0 0 0 0 0 0 0 0 0 176 178 178 179 180 181 182 181 183 183 182 183 183 182 182 180 180 179 179 178 177 176 173 169 164 170 167 162 156 148 150 140 132 124 115 107 108 108 101 99 97 95 97 106 105 101 100 94 109 110 120 117 117 115 110 107 111 107 109 115 117 112 107 106 92 85 81 96 99 85 84 88 93 89 89 96 99 111 122 121 119 113 107 106 96 98 121 129 112 118 142 133 122 99 105 99 127 120 129 132 136 138 142 141 126 124 112 117 122 92 88 100 102 111 114 130 120 87 82 88 87 77 89 102 91 90 107 113 115 122 115 108 100 111 112 114 106 92 109 115 111 106 112 115 114 110 118 126 122 105 113 112 119 114 119 124 111 108 122 110 104 113 88 121 136 99 89 101 125 126 93 133 126 95 135 111 84 100 82 104 101 85 106 101 68 99 109 120 129 83 71 101 104 108 114 107 90 96 113 132 136 129 90 59 88 101 127 129 127 133 103 107 126 124 135 124 93 92 89 87 64 68 90 95 106 80 66 109 123 77 57 76 111 114 130 143 148 126 143 129 121 131 116 102 82 101 91 85 76 62 43 0 0 0 0 0 0 0 0 0 0 0 0 0 0 0 0 0 0 0 0 0 0 0 0 0 0 0 0 0 0 0 0 0 0 0 0 0 0 0 0 0 0 0 0 0 0 0 0 0 0 0 0 0 0 0 0 0 0 0 0 0 0 0 0 0 0 0 0 0 0 0 0 0 0 0 0 0 0 0 0 0 0 0 0 0 0 0 0 0 0 0 0 0 0 0 0 0 0 0 0 0 0 0 0 0 0 0 0 0 0 0 0 0 0 0 0 0 0 0 0 0 0 0 0 0 0 0 0 0 0 0 0 0 0 0 0 0 0 0 0 0 0 0 0 0 0 0 0 0 0 0 0 0 0 0 0 0 0 0 0 0 0 0 0 0 0 0 0 0 0 0 0 0 0 0 0 0 0 0 0 0 0 0 0 0 0 0 0 0 0 0 0 0 0 0 0 0 0 0 0 0 0 
0 0 0 0 0 0 0 0 0 0 0 0 0 0 0 0 0 0 0 0 0 0 0 0 0 0 0 0 0 0 0 0 0 0 0 0 0 0 0 0 0 0 0 0 0 0 0 0 0 0 0 0 0 0 0 0 0 0 0 0 0 0 0 0 0 0 0 0 0 0 0 0 0 0 0 0 0 0 0 0 0 0 0 176 177 179 180 181 180 182 182 182 183 182 183 182 182 181 182 180 178 179 179 178 176 172 168 161 164 160 157 154 155 147 137 128 132 114 115 106 109 107 102 100 94 93 97 97 94 101 97 92 90 92 113 112 117 109 107 107 103 103 101 104 113 108 101 106 93 85 91 96 105 109 91 96 91 89 87 93 99 111 115 115 119 121 127 106 103 108 110 124 138 143 135 142 141 99 86 85 96 90 114 112 110 135 137 141 138 136 129 135 129 121 124 110 112 111 109 101 135 115 104 87 85 85 100 102 108 111 117 122 118 126 124 108 105 104 112 114 106 105 107 118 107 106 110 115 114 111 109 131 134 123 127 112 126 114 119 110 125 117 117 121 124 113 77 131 136 96 87 114 121 101 128 131 126 108 135 130 76 74 98 83 80 97 106 109 110 99 104 112 118 104 127 115 113 108 114 100 96 118 134 139 129 92 90 66 109 125 128 98 108 85 104 133 126 133 120 110 103 82 64 102 64 113 90 107 92 90 79 119 84 98 57 126 111 126 110 131 131 111 108 101 121 101 116 95 95 109 104 72 53 45 43 45 62 0 0 0 0 0 0 0 0 0 0 0 0 0 0 0 0 0 0 0 0 0 0 0 0 0 0 0 0 0 0 0 0 0 0 0 0 0 0 0 0 0 0 0 0 0 0 0 0 0 0 0 0 0 0 0 0 0 0 0 0 0 0 0 0 0 0 0 0 0 0 0 0 0 0 0 0 0 0 0 0 0 0 0 0 0 0 0 0 0 0 0 0 0 0 0 0 0 0 0 0 0 0 0 0 0 0 0 0 0 0 0 0 0 0 0 0 0 0 0 0 0 0 0 0 0 0 0 0 0 0 0 0 0 0 0 0 0 0 0 0 0 0 0 0 0 0 0 0 0 0 0 0 0 0 0 0 0 0 0 0 0 0 0 0 0 0 0 0 0 0 0 0 0 0 0 0 0 0 0 0 0 0 0 0 0 0 0 0 0 0 0 0 0 0 0 0 0 0 0 0 
0 0 0 0 0 0 0 0 0 0 0 0 0 0 0 0 0 0 0 0 0 0 0 0 0 0 0 0 0 0 0 0 0 0 0 0 0 0 0 0 0 0 0 0 0 0 0 0 0 0 0 0 0 0 0 0 0 0 0 0 0 0 0 0 0 0 0 0 0 0 0 0 0 0 0 0 0 0 0 0 0 0 0 177 178 178 179 180 182 181 182 182 181 182 182 181 181 179 179 178 178 176 174 177 176 172 167 160 155 152 149 150 145 147 137 126 118 111 106 108 107 107 97 100 93 89 93 92 91 91 89 92 92 92 94 97 108 107 110 104 108 103 101 104 101 96 96 100 99 96 99 96 94 97 118 119 112 85 84 87 89 103 115 115 116 122 126 122 129 112 120 124 128 125 135 133 137 143 144 81 87 90 96 106 108 108 108 137 137 136 131 112 129 127 134 121 109 107 104 101 94 106 104 107 103 84 89 106 112 121 129 127 118 113 112 110 98 105 110 119 114 105 107 111 110 102 109 103 120 112 109 123 134 137 119 136 132 117 106 104 125 114 117 109 93 94 78 91 118 104 87 108 105 102 126 127 95 90 131 96 76 62 92 81 70 85 109 98 114 96 104 109 124 116 136 116 109 86 88 100 96 128 140 133 116 89 100 113 109 107 86 98 83 111 112 128 128 117 120 105 110 82 99 122 131 110 97 110 124 117 128 119 122 133 119 96 105 101 125 131 112 111 93 101 94 80 95 110 109 109 81 72 56 50 40 42 63 94 122 0 0 0 0 0 0 0 0 0 0 0 0 0 0 0 0 0 0 0 0 0 0 0 0 0 0 0 0 0 0 0 0 0 0 0 0 0 0 0 0 0 0 0 0 0 0 0 0 0 0 0 0 0 0 0 0 0 0 0 0 0 0 0 0 0 0 0 0 0 0 0 0 0 0 0 0 0 0 0 0 0 0 0 0 0 0 0 0 0 0 0 0 0 0 0 0 0 0 0 0 0 0 0 0 0 0 0 0 0 0 0 0 0 0 0 0 0 0 0 0 0 0 0 0 0 0 0 0 0 0 0 0 0 0 0 0 0 0 0 0 0 0 0 0 0 0 0 0 0 0 0 0 0 0 0 0 0 0 0 0 0 0 0 0 0 0 0 0 0 0 0 0 0 0 0 0 0 0 0 0 0 0 0 0 0 0 0 0 0 0 0 0 0 0 0 0 0 0 
0 0 0 0 0 0 0 0 0 0 0 0 0 0 0 0 0 0 0 0 0 0 0 0 0 0 0 0 0 0 0 0 0 0 0 0 0 0 0 0 0 0 0 0 0 0 0 0 0 0 0 0 0 0 0 0 0 0 0 0 0 0 0 0 0 0 0 0 0 0 0 0 0 0 0 0 0 0 0 0 0 0 177 177 176 178 178 180 180 178 180 179 178 179 179 179 178 179 177 175 176 174 171 172 169 171 167 160 155 150 145 145 141 137 127 126 107 111 105 105 107 106 99 90 86 89 92 93 91 90 91 88 92 93 96 97 99 106 110 111 114 117 112 94 92 96 96 100 99 101 100 99 98 103 110 103 112 104 102 87 87 95 99 109 116 122 126 126 124 125 119 121 124 130 129 132 137 143 139 142 130 89 94 90 102 101 108 105 104 136 133 120 95 89 134 129 109 105 107 102 97 90 112 109 103 104 89 101 106 104 120 111 118 107 112 93 98 95 98 106 127 123 111 111 110 105 105 103 119 114 110 111 143 137 119 132 131 117 104 105 118 120 103 83 93 95 81 91 110 108 107 93 104 119 119 127 117 88 113 120 61 82 74 69 68 85 108 92 99 89 117 127 92 122 109 116 91 64 80 114 135 128 140 97 94 89 107 113 122 90 91 90 113 115 96 128 113 115 115 116 99 99 122 122 129 110 121 135 112 110 129 144 129 133 103 96 109 132 148 134 128 112 102 101 82 82 94 117 110 98 98 79 47 50 41 64 63 101 126 124 116 0 0 0 0 0 0 0 0 0 0 0 0 0 0 0 0 0 0 0 0 0 0 0 0 0 0 0 0 0 0 0 0 0 0 0 0 0 0 0 0 0 0 0 0 0 0 0 0 0 0 0 0 0 0 0 0 0 0 0 0 0 0 0 0 0 0 0 0 0 0 0 0 0 0 0 0 0 0 0 0 0 0 0 0 0 0 0 0 0 0 0 0 0 0 0 0 0 0 0 0 0 0 0 0 0 0 0 0 0 0 0 0 0 0 0 0 0 0 0 0 0 0 0 0 0 0 0 0 0 0 0 0 0 0 0 0 0 0 0 0 0 0 0 0 0 0 0 0 0 0 0 0 0 0 0 0 0 0 0 0 0 0 0 0 0 0 0 0 0 0 0 0 0 0 0 0 0 0 0 0 0 0 0 0 0 0 0 0 0 0 0 0 0 0 0 0 
0 0 0 0 0 0 0 0 0 0 0 0 0 0 0 0 0 0 0 0 0 0 0 0 0 0 0 0 0 0 0 0 0 0 0 0 0 0 0 0 0 0 0 0 0 0 0 0 0 0 0 0 0 0 0 0 0 0 0 0 0 0 0 0 0 0 0 0 0 0 0 0 0 0 0 0 0 0 0 0 0 0 176 175 174 176 176 177 176 178 176 174 178 174 173 176 175 175 173 175 169 168 171 168 164 165 158 154 155 150 140 135 141 134 125 115 108 104 103 105 107 100 99 92 85 90 91 95 98 103 91 95 92 94 96 100 107 109 109 110 114 121 114 102 102 96 97 100 104 104 100 101 102 100 100 93 100 100 105 102 87 91 94 101 103 100 112 126 122 124 119 118 127 133 135 131 136 133 142 139 130 115 109 104 92 109 101 101 104 109 108 120 104 91 95 109 129 125 107 99 78 90 100 111 95 102 100 100 96 111 117 111 107 94 103 103 94 99 100 106 130 123 118 119 110 105 105 104 106 114 106 111 126 139 123 126 127 109 114 105 90 107 114 97 89 88 82 85 86 108 120 113 101 112 104 128 89 78 106 120 91 79 73 70 61 114 91 82 75 89 110 121 86 94 101 80 51 66 104 114 124 125 117 97 94 117 96 113 85 112 91 98 100 95 73 71 105 115 100 100 99 109 128 121 139 133 124 115 112 143 129 143 114 106 123 127 132 143 148 123 128 107 103 88 108 110 116 101 110 78 98 65 42 36 37 59 99 113 126 115 101 121 139 0 0 0 0 0 0 0 0 0 0 0 0 0 0 0 0 0 0 0 0 0 0 0 0 0 0 0 0 0 0 0 0 0 0 0 0 0 0 0 0 0 0 0 0 0 0 0 0 0 0 0 0 0 0 0 0 0 0 0 0 0 0 0 0 0 0 0 0 0 0 0 0 0 0 0 0 0 0 0 0 0 0 0 0 0 0 0 0 0 0 0 0 0 0 0 0 0 0 0 0 0 0 0 0 0 0 0 0 0 0 0 0 0 0 0 0 0 0 0 0 0 0 0 0 0 0 0 0 0 0 0 0 0 0 0 0 0 0 0 0 0 0 0 0 0 0 0 0 0 0 0 0 0 0 0 0 0 0 0 0 0 0 0 0 0 0 0 0 0 0 0 0 0 0 0 0 0 0 0 0 0 0 0 0 0 0 0 0 0 0 0 0 0 0 
0 0 0 0 0 0 0 0 0 0 0 0 0 0 0 0 0 0 0 0 0 0 0 0 0 0 0 0 0 0 0 0 0 0 0 0 0 0 0 0 0 0 0 0 0 0 0 0 0 0 0 0 0 0 0 0 0 0 0 0 0 0 0 0 0 0 0 0 0 0 0 0 0 0 0 0 0 0 0 0 0 174 173 171 173 172 176 174 172 174 173 171 170 169 170 167 175 173 171 169 166 164 165 162 164 154 158 152 145 140 140 135 130 122 125 105 108 99 100 101 107 104 94 87 85 85 92 95 103 111 101 106 99 99 96 102 106 109 106 104 110 110 109 103 97 96 105 100 104 107 105 108 104 106 101 93 96 92 101 99 96 88 98 92 97 100 98 105 122 124 123 129 127 133 128 131 132 131 132 130 136 128 109 96 81 109 120 119 101 98 83 102 98 91 85 109 126 132 118 111 91 79 83 111 100 102 111 113 120 99 102 114 106 94 97 103 101 105 106 105 117 139 138 119 116 116 111 104 106 107 98 108 110 139 143 114 127 127 116 93 99 105 111 97 77 90 82 80 79 102 117 100 103 102 104 116 104 68 74 83 84 84 69 63 61 105 97 73 70 108 115 108 90 87 101 47 74 79 100 106 121 104 101 119 124 117 96 87 78 117 114 100 100 74 73 86 103 82 58 96 131 124 128 135 139 128 105 134 143 147 138 106 114 122 123 136 128 140 143 131 121 101 103 114 120 123 112 110 93 73 52 43 42 34 49 59 83 88 91 96 121 139 139 139 137 137 0 0 0 0 0 0 0 0 0 0 0 0 0 0 0 0 0 0 0 0 0 0 0 0 0 0 0 0 0 0 0 0 0 0 0 0 0 0 0 0 0 0 0 0 0 0 0 0 0 0 0 0 0 0 0 0 0 0 0 0 0 0 0 0 0 0 0 0 0 0 0 0 0 0 0 0 0 0 0 0 0 0 0 0 0 0 0 0 0 0 0 0 0 0 0 0 0 0 0 0 0 0 0 0 0 0 0 0 0 0 0 0 0 0 0 0 0 0 0 0 0 0 0 0 0 0 0 0 0 0 0 0 0 0 0 0 0 0 0 0 0 0 0 0 0 0 0 0 0 0 0 0 0 0 0 0 0 0 0 0 0 0 0 0 0 0 0 0 0 0 0 0 0 0 0 0 0 0 0 0 0 0 0 0 0 0 0 0 0 0 0 
0 0 0 0 0 0 0 0 0 0 0 0 0 0 0 0 0 0 0 0 0 0 0 0 0 0 0 0 0 0 0 0 0 0 0 0 0 0 0 0 0 0 0 0 0 0 0 0 0 0 0 0 0 0 0 0 0 0 0 0 0 0 0 0 0 0 0 0 0 0 0 0 0 0 0 0 0 0 0 0 0 171 170 168 170 168 170 168 172 168 165 171 167 164 165 163 164 161 171 162 159 164 161 157 157 150 149 143 135 140 126 130 130 122 112 103 100 100 103 101 104 104 99 93 87 84 86 98 110 111 116 106 106 102 105 110 112 103 101 104 107 114 108 107 105 97 105 110 111 107 105 107 106 107 105 101 96 92 100 99 96 87 85 90 102 102 101 115 117 129 123 129 127 123 121 120 118 131 125 130 132 127 109 94 85 68 66 119 103 82 83 76 81 86 76 91 95 132 119 116 91 82 78 103 116 92 98 106 120 121 102 103 108 92 88 100 101 100 106 115 117 129 136 131 130 123 115 109 105 107 98 101 101 131 129 118 121 124 116 104 103 98 88 100 76 69 88 78 79 97 109 111 94 94 100 120 83 58 74 61 80 92 68 68 98 104 69 66 70 105 87 115 90 72 52 94 74 86 100 85 117 99 112 82 78 90 86 87 78 117 106 90 73 75 103 80 103 49 96 96 100 82 121 103 107 108 140 134 128 147 135 92 99 129 132 119 130 140 125 131 105 98 113 118 112 116 113 110 95 80 58 46 34 39 43 62 70 88 82 105 123 136 139 137 133 114 89 0 0 0 0 0 0 0 0 0 0 0 0 0 0 0 0 0 0 0 0 0 0 0 0 0 0 0 0 0 0 0 0 0 0 0 0 0 0 0 0 0 0 0 0 0 0 0 0 0 0 0 0 0 0 0 0 0 0 0 0 0 0 0 0 0 0 0 0 0 0 0 0 0 0 0 0 0 0 0 0 0 0 0 0 0 0 0 0 0 0 0 0 0 0 0 0 0 0 0 0 0 0 0 0 0 0 0 0 0 0 0 0 0 0 0 0 0 0 0 0 0 0 0 0 0 0 0 0 0 0 0 0 0 0 0 0 0 0 0 0 0 0 0 0 0 0 0 0 0 0 0 0 0 0 0 0 0 0 0 0 0 0 0 0 0 0 0 0 0 0 0 0 0 0 0 0 0 0 0 0 0 0 0 0 0 0 0 0 0 0 
0 0 0 0 0 0 0 0 0 0 0 0 0 0 0 0 0 0 0 0 0 0 0 0 0 0 0 0 0 0 0 0 0 0 0 0 0 0 0 0 0 0 0 0 0 0 0 0 0 0 0 0 0 0 0 0 0 0 0 0 0 0 0 0 0 0 0 0 0 0 0 0 0 0 0 0 0 0 0 0 167 165 164 166 163 168 165 163 167 163 160 162 159 164 157 163 159 156 156 151 147 155 153 157 146 150 144 137 130 130 123 119 112 118 112 103 99 101 105 103 105 104 101 93 91 89 86 90 97 118 123 111 104 102 97 107 112 116 113 105 116 118 117 112 105 103 107 110 108 109 109 104 99 101 105 103 99 94 102 97 95 87 97 115 102 101 104 106 119 118 116 115 111 123 121 114 113 122 122 120 121 133 100 98 85 85 94 69 79 85 79 88 81 89 76 75 76 95 101 108 117 113 78 114 116 123 119 118 115 117 107 106 108 104 103 95 99 94 102 107 114 112 136 136 135 123 125 117 113 111 88 101 101 102 95 118 114 111 105 97 100 87 88 99 85 72 92 84 93 108 100 91 90 94 98 106 118 117 57 69 80 70 73 68 96 102 78 67 102 66 97 90 81 72 69 102 83 81 79 103 79 99 68 82 75 76 71 93 116 102 106 90 106 75 110 68 49 71 89 94 74 82 85 103 90 120 128 134 102 130 114 92 119 132 116 97 122 151 129 109 93 98 116 141 133 123 118 100 92 70 43 46 39 37 43 50 59 81 109 124 130 136 134 131 132 113 103 86 95 0 0 0 0 0 0 0 0 0 0 0 0 0 0 0 0 0 0 0 0 0 0 0 0 0 0 0 0 0 0 0 0 0 0 0 0 0 0 0 0 0 0 0 0 0 0 0 0 0 0 0 0 0 0 0 0 0 0 0 0 0 0 0 0 0 0 0 0 0 0 0 0 0 0 0 0 0 0 0 0 0 0 0 0 0 0 0 0 0 0 0 0 0 0 0 0 0 0 0 0 0 0 0 0 0 0 0 0 0 0 0 0 0 0 0 0 0 0 0 0 0 0 0 0 0 0 0 0 0 0 0 0 0 0 0 0 0 0 0 0 0 0 0 0 0 0 0 0 0 0 0 0 0 0 0 0 0 0 0 0 0 0 0 0 0 0 0 0 0 0 0 0 0 0 0 0 0 0 0 0 0 0 0 0 0 0 0 0 
0 0 0 0 0 0 0 0 0 0 0 0 0 0 0 0 0 0 0 0 0 0 0 0 0 0 0 0 0 0 0 0 0 0 0 0 0 0 0 0 0 0 0 0 0 0 0 0 0 0 0 0 0 0 0 0 0 0 0 0 0 0 0 0 0 0 0 0 0 0 0 0 0 0 0 0 0 0 0 0 163 161 158 161 157 160 158 163 158 154 160 157 153 154 150 154 151 156 148 142 147 141 138 148 142 139 133 126 130 121 123 113 108 107 104 100 99 101 105 110 105 108 107 98 94 94 87 93 97 108 116 116 108 98 98 95 113 112 113 108 108 119 119 117 107 102 105 103 108 103 102 107 107 104 100 96 103 110 102 100 95 96 103 110 114 101 110 116 119 125 125 126 114 113 111 114 113 133 122 133 146 153 148 150 108 126 94 100 97 85 85 85 97 98 93 96 76 80 93 108 113 113 112 111 131 135 139 118 130 117 115 118 114 110 106 109 109 94 97 107 107 109 112 125 127 126 129 117 111 113 99 86 94 102 95 101 96 111 112 96 100 96 81 82 73 84 86 84 75 102 96 84 80 91 88 112 114 117 93 77 90 82 64 89 102 102 72 67 87 65 91 107 95 87 79 102 78 81 78 74 64 63 82 81 59 76 115 121 116 96 74 100 106 96 55 68 66 103 89 96 56 90 111 120 103 125 128 92 102 124 119 126 121 104 105 129 122 153 112 97 110 137 141 137 134 106 118 106 92 68 32 30 28 42 51 53 59 84 114 117 114 128 128 126 119 119 103 110 103 83 64 51 0 0 0 0 0 0 0 0 0 0 0 0 0 0 0 0 0 0 0 0 0 0 0 0 0 0 0 0 0 0 0 0 0 0 0 0 0 0 0 0 0 0 0 0 0 0 0 0 0 0 0 0 0 0 0 0 0 0 0 0 0 0 0 0 0 0 0 0 0 0 0 0 0 0 0 0 0 0 0 0 0 0 0 0 0 0 0 0 0 0 0 0 0 0 0 0 0 0 0 0 0 0 0 0 0 0 0 0 0 0 0 0 0 0 0 0 0 0 0 0 0 0 0 0 0 0 0 0 0 0 0 0 0 0 0 0 0 0 0 0 0 0 0 0 0 0 0 0 0 0 0 0 0 0 0 0 0 0 0 0 0 0 0 0 0 0 0 0 0 0 0 0 0 0 0 0 0 0 0 0 0 0 0 0 0 
0 0 0 0 0 0 0 0 0 0 0 0 0 0 0 0 0 0 0 0 0 0 0 0 0 0 0 0 0 0 0 0 0 0 0 0 0 0 0 0 0 0 0 0 0 0 0 0 0 0 0 0 0 0 0 0 0 0 0 0 0 0 0 0 0 0 0 0 0 0 0 0 0 0 0 0 0 0 0 154 150 146 155 150 157 154 151 156 151 147 151 146 153 144 150 147 143 147 144 139 135 130 138 130 142 135 128 122 120 116 113 108 108 102 100 100 98 103 106 110 112 109 107 105 97 94 98 98 98 105 110 103 108 102 91 95 96 101 105 101 107 108 105 117 104 102 101 105 102 100 105 108 106 104 98 96 100 105 104 95 95 103 95 110 98 92 98 100 106 107 108 127 125 113 120 126 131 133 131 127 124 153 146 150 146 151 129 117 90 93 93 85 106 98 93 94 103 108 107 95 108 113 117 111 111 110 109 146 142 135 124 118 126 130 106 110 118 108 107 107 116 109 107 119 127 120 111 125 124 108 97 86 88 96 101 101 96 101 106 95 94 96 91 88 72 80 89 66 86 102 86 81 80 77 76 84 111 106 91 77 66 66 64 89 109 107 93 79 76 90 115 106 95 85 62 48 85 72 65 64 64 88 82 75 54 55 127 117 80 96 74 102 128 96 55 93 93 109 88 78 56 105 93 82 113 127 117 108 117 129 119 131 126 109 119 129 145 107 90 121 110 137 140 137 121 91 90 66 45 28 32 23 27 41 54 58 88 118 117 115 114 125 122 114 122 119 122 113 103 74 60 51 41 35 0 0 0 0 0 0 0 0 0 0 0 0 0 0 0 0 0 0 0 0 0 0 0 0 0 0 0 0 0 0 0 0 0 0 0 0 0 0 0 0 0 0 0 0 0 0 0 0 0 0 0 0 0 0 0 0 0 0 0 0 0 0 0 0 0 0 0 0 0 0 0 0 0 0 0 0 0 0 0 0 0 0 0 0 0 0 0 0 0 0 0 0 0 0 0 0 0 0 0 0 0 0 0 0 0 0 0 0 0 0 0 0 0 0 0 0 0 0 0 0 0 0 0 0 0 0 0 0 0 0 0 0 0 0 0 0 0 0 0 0 0 0 0 0 0 0 0 0 0 0 0 0 0 0 0 0 0 0 0 0 0 0 0 0 0 0 0 0 0 0 0 0 0 0 0 0 0 0 0 0 0 0 0 
0 0 0 0 0 0 0 0 0 0 0 0 0 0 0 0 0 0 0 0 0 0 0 0 0 0 0 0 0 0 0 0 0 0 0 0 0 0 0 0 0 0 0 0 0 0 0 0 0 0 0 0 0 0 0 0 0 0 0 0 0 0 0 0 0 0 0 0 0 0 0 0 0 0 0 0 0 0 0 147 142 138 143 137 147 144 151 144 140 147 144 139 141 136 140 137 143 140 133 139 132 124 125 121 124 121 117 122 111 116 111 106 99 96 97 98 100 103 106 108 112 109 103 96 98 98 94 98 96 98 108 103 100 101 93 88 95 101 101 98 99 102 102 98 98 109 112 105 104 102 101 96 91 102 102 92 95 105 99 90 93 92 83 85 74 92 90 100 100 105 104 99 95 123 124 126 143 136 131 127 124 112 112 146 151 151 135 108 90 82 78 95 92 114 120 94 108 107 107 106 103 118 124 103 102 98 109 113 142 136 120 122 125 120 107 103 118 124 119 112 116 116 113 121 119 111 111 109 115 120 114 97 91 97 92 102 100 101 106 100 84 96 96 88 66 87 89 85 78 87 87 84 84 65 64 96 111 106 103 76 76 72 81 94 109 106 93 84 82 88 96 109 79 71 62 102 85 78 67 56 80 85 55 48 54 95 97 117 85 120 133 99 90 103 78 93 93 109 89 89 105 105 82 123 93 127 117 108 133 151 143 139 125 108 119 129 144 112 106 119 126 136 131 106 111 91 97 58 42 33 18 20 23 50 58 58 92 111 123 124 125 119 111 110 110 119 122 111 85 80 66 37 29 35 44 0 0 0 0 0 0 0 0 0 0 0 0 0 0 0 0 0 0 0 0 0 0 0 0 0 0 0 0 0 0 0 0 0 0 0 0 0 0 0 0 0 0 0 0 0 0 0 0 0 0 0 0 0 0 0 0 0 0 0 0 0 0 0 0 0 0 0 0 0 0 0 0 0 0 0 0 0 0 0 0 0 0 0 0 0 0 0 0 0 0 0 0 0 0 0 0 0 0 0 0 0 0 0 0 0 0 0 0 0 0 0 0 0 0 0 0 0 0 0 0 0 0 0 0 0 0 0 0 0 0 0 0 0 0 0 0 0 0 0 0 0 0 0 0 0 0 0 0 0 0 0 0 0 0 0 0 0 0 0 0 0 0 0 0 0 0 0 0 0 0 0 0 0 0 0 0 0 0 0 0 0 0 
0 0 0 0 0 0 0 0 0 0 0 0 0 0 0 0 0 0 0 0 0 0 0 0 0 0 0 0 0 0 0 0 0 0 0 0 0 0 0 0 0 0 0 0 0 0 0 0 0 0 0 0 0 0 0 0 0 0 0 0 0 0 0 0 0 0 0 0 0 0 0 0 0 0 0 0 0 0 142 137 133 138 130 137 133 128 141 135 132 136 131 139 130 136 133 129 134 129 125 127 120 124 119 113 117 114 110 111 107 107 103 106 98 94 97 94 96 104 105 110 110 108 103 96 98 95 93 94 96 103 107 103 105 103 100 88 89 97 97 97 99 93 102 94 93 101 104 112 103 102 97 91 91 95 99 98 95 99 92 90 76 73 83 75 66 66 73 90 89 89 104 103 95 89 85 135 143 149 141 134 114 112 112 122 131 152 147 135 85 87 78 75 92 107 114 127 128 129 107 113 103 111 117 112 102 102 96 103 109 103 120 120 128 121 106 94 110 103 124 128 116 112 113 121 129 132 91 87 128 125 114 110 104 93 85 88 102 96 74 100 84 87 87 96 82 79 101 79 78 92 81 84 89 79 62 85 111 91 103 79 82 72 75 92 96 98 80 72 74 88 95 109 98 79 79 105 76 62 62 56 71 85 57 54 71 78 86 107 103 120 117 99 87 114 113 130 92 68 89 89 116 123 110 77 80 92 122 143 138 151 127 113 120 90 117 139 111 121 123 119 128 117 114 124 108 90 56 45 66 33 37 35 27 33 41 76 91 111 117 124 114 119 115 112 108 113 108 111 84 62 66 32 26 35 37 43 50 0 0 0 0 0 0 0 0 0 0 0 0 0 0 0 0 0 0 0 0 0 0 0 0 0 0 0 0 0 0 0 0 0 0 0 0 0 0 0 0 0 0 0 0 0 0 0 0 0 0 0 0 0 0 0 0 0 0 0 0 0 0 0 0 0 0 0 0 0 0 0 0 0 0 0 0 0 0 0 0 0 0 0 0 0 0 0 0 0 0 0 0 0 0 0 0 0 0 0 0 0 0 0 0 0 0 0 0 0 0 0 0 0 0 0 0 0 0 0 0 0 0 0 0 0 0 0 0 0 0 0 0 0 0 0 0 0 0 0 0 0 0 0 0 0 0 0 0 0 0 0 0 0 0 0 0 0 0 0 0 0 0 0 0 0 0 0 0 0 0 0 0 0 0 0 0 0 0 0 0 
0 0 0 0 0 0 0 0 0 0 0 0 0 0 0 0 0 0 0 0 0 0 0 0 0 0 0 0 0 0 0 0 0 0 0 0 0 0 0 0 0 0 0 0 0 0 0 0 0 0 0 0 0 0 0 0 0 0 0 0 0 0 0 0 0 0 0 0 0 0 0 0 0 0 0 0 0 0 134 129 124 129 122 125 118 128 124 114 132 128 123 127 122 126 122 129 126 117 125 121 115 113 108 109 108 106 110 105 107 105 103 96 93 93 89 92 96 104 108 111 112 109 104 105 98 95 93 93 93 104 111 110 115 115 95 90 89 91 95 105 102 96 88 83 87 85 104 98 97 103 104 98 93 98 102 102 95 94 84 95 89 80 69 62 66 55 73 76 73 66 85 86 98 89 85 89 143 152 154 148 136 136 118 122 131 134 135 135 119 118 88 81 85 88 114 124 123 129 130 133 114 115 118 119 129 102 100 103 111 111 109 113 124 114 104 94 106 116 102 108 122 119 118 119 128 132 125 117 100 110 122 117 111 88 93 88 92 100 69 65 79 87 87 101 87 79 84 83 85 99 80 84 82 79 79 85 109 97 106 82 78 77 90 92 95 98 89 77 85 70 84 93 80 79 99 105 63 54 64 83 62 52 74 54 59 61 86 94 101 99 129 107 120 114 131 95 92 98 105 124 116 79 64 76 80 94 110 137 139 120 96 91 112 115 117 140 117 119 123 124 128 117 117 94 108 79 91 79 90 81 41 30 32 35 41 55 63 116 103 102 114 124 118 104 108 103 114 104 85 59 35 32 26 33 37 37 41 63 83 71 0 0 0 0 0 0 0 0 0 0 0 0 0 0 0 0 0 0 0 0 0 0 0 0 0 0 0 0 0 0 0 0 0 0 0 0 0 0 0 0 0 0 0 0 0 0 0 0 0 0 0 0 0 0 0 0 0 0 0 0 0 0 0 0 0 0 0 0 0 0 0 0 0 0 0 0 0 0 0 0 0 0 0 0 0 0 0 0 0 0 0 0 0 0 0 0 0 0 0 0 0 0 0 0 0 0 0 0 0 0 0 0 0 0 0 0 0 0 0 0 0 0 0 0 0 0 0 0 0 0 0 0 0 0 0 0 0 0 0 0 0 0 0 0 0 0 0 0 0 0 0 0 0 0 0 0 0 0 0 0 0 0 0 0 0 0 0 0 0 0 0 0 0 0 0 0 0 
0 0 0 0 0 0 0 0 0 0 0 0 0 0 0 0 0 0 0 0 0 0 0 0 0 0 0 0 0 0 0 0 0 0 0 0 0 0 0 0 0 0 0 0 0 0 0 0 0 0 0 0 0 0 0 0 0 0 0 0 0 0 0 0 0 0 0 0 0 0 0 0 0 0 0 0 0 126 121 115 124 114 122 117 110 114 109 103 109 103 123 112 122 116 112 117 113 110 114 109 115 109 104 103 103 102 104 104 103 102 103 101 99 88 85 89 102 106 111 111 112 113 109 108 106 106 94 93 98 102 111 111 112 116 111 105 92 95 95 109 106 96 88 84 78 77 86 87 97 95 94 98 94 95 106 111 101 95 84 77 77 80 72 60 58 53 50 54 60 66 62 86 79 74 89 76 89 102 125 148 143 136 134 132 130 134 135 133 147 118 113 81 76 92 96 103 112 131 133 133 139 147 113 113 119 125 121 106 105 111 118 123 112 117 115 114 128 120 126 108 110 113 121 115 106 134 134 108 101 110 119 116 112 104 95 92 94 100 82 65 72 74 89 101 87 78 70 83 89 85 80 74 76 93 87 99 110 97 104 75 78 83 93 89 89 89 96 96 85 90 84 89 98 74 85 59 58 66 64 66 62 51 70 68 44 50 90 109 101 109 127 126 133 124 103 86 75 87 105 117 93 79 64 76 92 73 111 135 139 106 119 114 94 102 144 122 119 124 123 130 104 104 96 113 103 106 87 67 90 56 30 29 32 33 50 73 63 87 103 100 117 121 116 99 102 121 114 90 66 59 40 34 32 39 37 38 41 56 78 71 58 60 0 0 0 0 0 0 0 0 0 0 0 0 0 0 0 0 0 0 0 0 0 0 0 0 0 0 0 0 0 0 0 0 0 0 0 0 0 0 0 0 0 0 0 0 0 0 0 0 0 0 0 0 0 0 0 0 0 0 0 0 0 0 0 0 0 0 0 0 0 0 0 0 0 0 0 0 0 0 0 0 0 0 0 0 0 0 0 0 0 0 0 0 0 0 0 0 0 0 0 0 0 0 0 0 0 0 0 0 0 0 0 0 0 0 0 0 0 0 0 0 0 0 0 0 0 0 0 0 0 0 0 0 0 0 0 0 0 0 0 0 0 0 0 0 0 0 0 0 0 0 0 0 0 0 0 0 0 0 0 0 0 0 0 0 0 0 0 0 0 0 0 0 0 0 0 
0 0 0 0 0 0 0 0 0 0 0 0 0 0 0 0 0 0 0 0 0 0 0 0 0 0 0 0 0 0 0 0 0 0 0 0 0 0 0 0 0 0 0 0 0 0 0 0 0 0 0 0 0 0 0 0 0 0 0 0 0 0 0 0 0 0 0 0 0 0 0 0 0 0 0 0 0 118 112 106 109 104 108 100 110 106 94 103 99 94 98 94 107 103 112 107 102 110 108 104 105 101 100 98 99 102 101 101 102 101 101 99 97 92 93 89 96 96 104 106 113 112 112 110 108 106 102 103 98 102 103 106 112 112 106 105 100 96 98 109 110 103 96 83 76 77 75 78 91 92 100 93 95 95 100 111 111 100 74 66 55 74 61 60 43 53 48 41 42 58 53 54 55 74 73 66 68 72 96 134 138 138 132 132 128 140 144 133 147 146 145 121 133 92 104 112 112 113 114 136 142 137 121 110 119 118 118 127 130 108 112 127 132 136 115 115 116 136 141 123 125 127 126 120 106 103 104 129 125 96 94 94 101 101 95 91 85 94 97 81 76 73 97 93 98 78 70 67 74 74 76 93 76 99 87 95 110 89 106 99 80 96 93 86 89 88 89 82 80 78 79 91 98 84 90 66 80 90 82 73 52 74 70 77 47 50 94 108 115 124 125 129 133 127 86 86 70 94 107 89 63 61 69 84 92 73 94 139 121 111 91 63 110 102 145 141 130 108 109 90 104 80 115 113 117 94 88 74 40 27 27 31 27 33 51 77 85 82 104 101 95 121 97 99 105 128 111 105 80 41 46 34 53 39 46 48 53 78 79 67 58 60 85 0 0 0 0 0 0 0 0 0 0 0 0 0 0 0 0 0 0 0 0 0 0 0 0 0 0 0 0 0 0 0 0 0 0 0 0 0 0 0 0 0 0 0 0 0 0 0 0 0 0 0 0 0 0 0 0 0 0 0 0 0 0 0 0 0 0 0 0 0 0 0 0 0 0 0 0 0 0 0 0 0 0 0 0 0 0 0 0 0 0 0 0 0 0 0 0 0 0 0 0 0 0 0 0 0 0 0 0 0 0 0 0 0 0 0 0 0 0 0 0 0 0 0 0 0 0 0 0 0 0 0 0 0 0 0 0 0 0 0 0 0 0 0 0 0 0 0 0 0 0 0 0 0 0 0 0 0 0 0 0 0 0 0 0 0 0 0 0 0 0 0 0 0 0 
0 0 0 0 0 0 0 0 0 0 0 0 0 0 0 0 0 0 0 0 0 0 0 0 0 0 0 0 0 0 0 0 0 0 0 0 0 0 0 0 0 0 0 0 0 0 0 0 0 0 0 0 0 0 0 0 0 0 0 0 0 0 0 0 0 0 0 0 0 0 0 0 0 0 0 0 110 103 96 106 93 104 98 90 95 89 84 89 84 94 89 85 90 86 99 96 94 99 98 104 101 100 98 96 97 102 105 103 101 101 99 95 95 93 96 94 96 97 103 106 112 115 115 110 106 100 102 100 97 95 103 106 112 109 108 106 107 96 93 88 110 106 97 85 79 74 84 78 93 104 100 102 101 98 89 98 92 100 90 74 55 46 46 49 43 44 45 39 42 55 53 49 52 57 54 60 61 67 96 116 138 142 144 122 116 107 134 134 154 146 145 146 137 137 126 110 115 133 114 125 127 141 128 118 102 89 113 108 130 139 148 124 129 134 137 136 126 132 141 142 139 140 127 125 112 108 108 110 125 110 99 95 85 84 101 100 85 97 97 94 86 78 91 93 93 89 78 67 74 74 75 83 87 90 99 111 110 96 108 99 88 94 97 91 83 93 71 82 63 78 80 85 89 68 84 89 92 90 100 73 63 89 101 71 49 92 108 108 120 114 115 136 117 69 89 95 67 94 107 102 72 78 60 74 117 118 94 139 113 83 61 79 117 153 132 120 102 108 109 101 79 99 105 95 90 94 63 74 36 23 28 30 32 43 64 77 75 82 83 88 95 90 95 115 133 128 112 94 80 48 68 75 70 66 61 48 65 80 79 68 60 59 82 94 90 76 0 0 0 0 0 0 0 0 0 0 0 0 0 0 0 0 0 0 0 0 0 0 0 0 0 0 0 0 0 0 0 0 0 0 0 0 0 0 0 0 0 0 0 0 0 0 0 0 0 0 0 0 0 0 0 0 0 0 0 0 0 0 0 0 0 0 0 0 0 0 0 0 0 0 0 0 0 0 0 0 0 0 0 0 0 0 0 0 0 0 0 0 0 0 0 0 0 0 0 0 0 0 0 0 0 0 0 0 0 0 0 0 0 0 0 0 0 0 0 0 0 0 0 0 0 0 0 0 0 0 0 0 0 0 0 0 0 0 0 0 0 0 0 0 0 0 0 0 0 0 0 0 0 0 0 0 0 0 0 0 0 0 0 0 0 0 0 0 0 0 0 
0 0 0 0 0 0 0 0 0 0 0 0 0 0 0 0 0 0 0 0 0 0 0 0 0 0 0 0 0 0 0 0 0 0 0 0 0 0 0 0 0 0 0 0 0 0 0 0 0 0 0 0 0 0 0 0 0 0 0 0 0 0 0 0 0 0 0 0 0 0 0 0 0 0 0 0 98 92 86 90 83 87 80 90 86 78 84 80 76 81 80 82 80 86 81 82 94 93 92 98 98 98 94 95 97 99 103 105 102 99 92 91 90 91 96 95 97 105 116 111 114 114 112 109 106 102 106 104 105 99 106 111 108 109 108 113 118 102 95 96 94 99 97 83 79 81 95 92 98 99 101 98 101 95 89 82 77 88 80 75 58 54 46 52 43 42 54 50 40 45 43 48 52 67 68 53 50 46 69 84 131 146 144 147 140 107 95 106 128 122 142 146 137 123 109 106 121 128 141 140 138 139 139 118 112 105 80 88 121 130 148 153 146 134 136 133 140 146 131 132 129 131 116 125 115 105 106 99 117 122 115 92 95 84 89 100 89 88 92 81 68 78 90 93 96 98 86 76 90 89 75 83 109 90 89 98 104 101 109 100 91 94 96 95 66 83 86 78 64 68 89 85 92 71 69 85 81 89 108 96 96 89 113 67 49 95 112 128 109 123 138 136 115 80 76 74 92 117 108 94 75 104 60 93 67 73 114 109 113 83 76 121 117 151 103 100 110 103 121 101 131 132 105 99 87 86 46 29 25 39 29 38 32 45 58 74 75 71 82 94 95 112 95 124 132 118 120 103 62 75 68 80 70 73 63 73 78 72 75 67 60 61 74 88 92 86 55 62 0 0 0 0 0 0 0 0 0 0 0 0 0 0 0 0 0 0 0 0 0 0 0 0 0 0 0 0 0 0 0 0 0 0 0 0 0 0 0 0 0 0 0 0 0 0 0 0 0 0 0 0 0 0 0 0 0 0 0 0 0 0 0 0 0 0 0 0 0 0 0 0 0 0 0 0 0 0 0 0 0 0 0 0 0 0 0 0 0 0 0 0 0 0 0 0 0 0 0 0 0 0 0 0 0 0 0 0 0 0 0 0 0 0 0 0 0 0 0 0 0 0 0 0 0 0 0 0 0 0 0 0 0 0 0 0 0 0 0 0 0 0 0 0 0 0 0 0 0 0 0 0 0 0 0 0 0 0 0 0 0 0 0 0 0 0 0 0 0 
0 0 0 0 0 0 0 0 0 0 0 0 0 0 0 0 0 0 0 0 0 0 0 0 0 0 0 0 0 0 0 0 0 0 0 0 0 0 0 0 0 0 0 0 0 0 0 0 0 0 0 0 0 0 0 0 0 0 0 0 0 0 0 0 0 0 0 0 0 0 0 0 0 0 0 87 98 92 86 72 83 77 71 77 73 71 74 71 76 73 74 78 78 77 78 79 82 82 92 94 95 98 97 97 99 103 103 100 102 98 92 87 85 84 89 92 104 113 116 119 114 110 111 107 105 107 106 113 105 111 113 112 109 109 116 113 118 106 107 96 107 112 100 100 90 99 95 102 96 99 91 91 97 93 84 71 77 76 73 75 64 60 55 60 54 54 58 50 44 45 49 44 59 60 57 46 43 46 49 53 88 90 149 146 144 149 138 106 111 121 120 118 101 123 109 115 116 128 130 132 142 136 131 126 103 101 111 88 103 106 128 122 116 140 131 120 112 146 141 136 139 133 133 106 111 105 98 99 98 99 97 107 101 95 97 100 82 88 91 87 74 64 67 88 94 98 95 79 90 99 94 96 109 102 89 98 113 114 109 103 94 94 89 80 73 90 86 76 64 60 89 88 76 68 82 90 81 88 106 105 92 118 126 116 107 101 112 114 106 130 121 109 92 72 73 106 92 128 104 104 92 83 86 56 63 115 114 96 36 43 76 121 147 121 104 122 110 126 145 139 136 128 110 87 87 44 46 28 55 56 29 42 57 60 58 78 75 72 89 94 115 127 126 118 132 117 103 103 69 74 97 85 72 63 63 77 62 72 81 87 60 61 81 90 87 86 60 62 64 70 0 0 0 0 0 0 0 0 0 0 0 0 0 0 0 0 0 0 0 0 0 0 0 0 0 0 0 0 0 0 0 0 0 0 0 0 0 0 0 0 0 0 0 0 0 0 0 0 0 0 0 0 0 0 0 0 0 0 0 0 0 0 0 0 0 0 0 0 0 0 0 0 0 0 0 0 0 0 0 0 0 0 0 0 0 0 0 0 0 0 0 0 0 0 0 0 0 0 0 0 0 0 0 0 0 0 0 0 0 0 0 0 0 0 0 0 0 0 0 0 0 0 0 0 0 0 0 0 0 0 0 0 0 0 0 0 0 0 0 0 0 0 0 0 0 0 0 0 0 0 0 0 0 0 0 0 0 0 0 0 0 0 0 0 0 0 0 
0 0 0 0 0 0 0 0 0 0 0 0 0 0 0 0 0 0 0 0 0 0 0 0 0 0 0 0 0 0 0 0 0 0 0 0 0 0 0 0 0 0 0 0 0 0 0 0 0 0 0 0 0 0 0 0 0 0 0 0 0 0 0 0 0 0 0 0 0 0 0 0 0 0 0 73 68 62 71 72 68 64 71 68 67 71 69 68 69 72 75 76 78 76 78 81 82 83 84 88 96 96 97 97 98 102 102 99 98 93 92 83 79 84 83 84 97 101 115 111 106 104 98 107 105 106 105 107 110 108 106 109 100 109 109 107 113 106 107 107 109 112 106 100 99 100 102 97 92 87 82 91 77 93 88 84 63 69 67 60 54 60 57 62 57 53 51 72 64 42 46 44 44 44 58 55 51 40 50 68 62 90 108 120 144 138 133 126 119 123 120 118 118 118 119 115 116 116 109 126 121 126 131 133 119 102 117 119 126 106 133 145 116 118 119 124 123 111 110 116 149 147 133 129 127 116 118 102 108 107 97 84 101 105 110 93 84 87 98 94 74 57 67 78 97 92 85 78 77 88 94 98 108 102 89 83 74 76 106 106 94 95 86 91 91 80 101 92 78 77 89 89 68 65 79 86 99 115 118 120 92 100 122 121 114 94 104 111 125 116 121 110 82 77 82 86 128 111 104 81 87 83 103 91 90 116 87 34 36 104 130 132 147 121 118 107 133 133 145 136 117 128 103 108 80 77 31 78 45 56 31 42 49 63 76 85 84 90 90 94 121 127 123 120 121 113 103 85 101 74 86 85 73 69 71 66 59 88 102 87 76 55 70 82 77 74 66 58 72 70 76 84 0 0 0 0 0 0 0 0 0 0 0 0 0 0 0 0 0 0 0 0 0 0 0 0 0 0 0 0 0 0 0 0 0 0 0 0 0 0 0 0 0 0 0 0 0 0 0 0 0 0 0 0 0 0 0 0 0 0 0 0 0 0 0 0 0 0 0 0 0 0 0 0 0 0 0 0 0 0 0 0 0 0 0 0 0 0 0 0 0 0 0 0 0 0 0 0 0 0 0 0 0 0 0 0 0 0 0 0 0 0 0 0 0 0 0 0 0 0 0 0 0 0 0 0 0 0 0 0 0 0 0 0 0 0 0 0 0 0 0 0 0 0 0 0 0 0 0 0 0 0 0 0 0 0 0 0 0 0 0 0 0 0 0 0 0 
0 0 0 0 0 0 0 0 0 0 0 0 0 0 0 0 0 0 0 0 0 0 0 0 0 0 0 0 0 0 0 0 0 0 0 0 0 0 0 0 0 0 0 0 0 0 0 0 0 0 0 0 0 0 0 0 0 0 0 0 0 0 0 0 0 0 0 0 0 0 0 0 0 0 67 62 57 62 59 58 68 64 64 65 66 66 67 68 67 70 75 78 77 80 84 84 86 83 83 85 92 94 98 100 104 101 98 99 97 92 90 83 77 77 78 91 95 101 105 106 105 101 99 92 92 106 104 107 109 107 105 106 97 99 94 107 102 93 104 107 109 106 97 100 97 100 100 96 92 90 84 68 60 72 74 84 70 59 67 61 55 60 68 65 61 57 51 82 64 51 50 43 45 42 51 57 51 46 38 52 62 77 91 100 117 118 133 122 126 104 107 125 116 112 120 109 94 116 109 101 109 115 123 114 112 110 117 117 113 123 125 133 147 151 119 108 123 123 132 136 121 132 141 136 127 118 118 114 115 113 105 95 90 103 110 109 84 76 91 98 82 64 67 73 97 105 90 78 80 81 110 106 103 109 108 83 74 76 90 94 101 93 89 101 88 80 101 98 92 80 96 70 65 76 85 86 97 110 124 128 95 131 134 117 100 94 112 110 117 121 114 86 72 79 85 86 129 124 117 83 105 111 92 112 91 116 97 52 63 109 124 152 106 124 118 107 100 138 140 129 131 118 124 108 111 77 99 81 45 33 40 55 88 63 84 98 102 103 99 108 113 123 127 120 128 113 103 97 109 112 99 78 76 69 65 51 59 88 107 91 72 63 72 65 77 71 74 59 63 68 74 93 90 102 0 0 0 0 0 0 0 0 0 0 0 0 0 0 0 0 0 0 0 0 0 0 0 0 0 0 0 0 0 0 0 0 0 0 0 0 0 0 0 0 0 0 0 0 0 0 0 0 0 0 0 0 0 0 0 0 0 0 0 0 0 0 0 0 0 0 0 0 0 0 0 0 0 0 0 0 0 0 0 0 0 0 0 0 0 0 0 0 0 0 0 0 0 0 0 0 0 0 0 0 0 0 0 0 0 0 0 0 0 0 0 0 0 0 0 0 0 0 0 0 0 0 0 0 0 0 0 0 0 0 0 0 0 0 0 0 0 0 0 0 0 0 0 0 0 0 0 0 0 0 0 0 0 0 0 0 0 0 0 0 0 0 0 
0 0 0 0 0 0 0 0 0 0 0 0 0 0 0 0 0 0 0 0 0 0 0 0 0 0 0 0 0 0 0 0 0 0 0 0 0 0 0 0 0 0 0 0 0 0 0 0 0 0 0 0 0 0 0 0 0 0 0 0 0 0 0 0 0 0 0 0 0 0 0 0 0 0 62 59 56 55 54 56 54 60 64 65 66 67 68 67 71 74 80 78 81 82 85 88 90 85 86 90 93 96 98 101 106 104 102 95 90 92 83 75 77 76 78 86 94 101 104 110 105 109 99 96 93 91 90 105 103 101 105 91 97 89 83 93 91 92 80 78 92 106 97 92 90 92 93 85 90 82 84 67 60 55 48 61 49 48 61 55 55 56 61 73 62 56 56 69 71 64 50 44 52 44 46 46 60 53 37 53 62 59 63 64 116 116 110 114 128 123 107 124 124 118 113 126 99 102 90 101 109 115 111 120 115 128 109 109 113 114 114 133 128 120 151 145 104 110 107 136 132 132 137 127 115 99 112 114 120 113 115 95 87 87 104 93 115 117 113 98 85 64 65 73 84 101 109 79 80 81 83 95 88 88 110 109 83 65 90 94 97 103 92 102 103 86 110 92 83 80 90 66 61 84 88 102 114 119 112 128 100 113 132 113 129 123 124 101 125 121 119 95 74 81 97 132 137 124 85 125 105 126 88 107 84 123 97 52 115 92 124 143 74 50 65 104 100 138 129 139 131 123 121 118 101 108 90 63 45 95 40 85 79 80 122 132 128 111 99 117 113 134 124 127 121 113 108 109 109 106 100 89 82 50 39 47 84 105 107 93 81 60 61 74 73 75 61 57 63 53 63 83 88 103 114 113 0 0 0 0 0 0 0 0 0 0 0 0 0 0 0 0 0 0 0 0 0 0 0 0 0 0 0 0 0 0 0 0 0 0 0 0 0 0 0 0 0 0 0 0 0 0 0 0 0 0 0 0 0 0 0 0 0 0 0 0 0 0 0 0 0 0 0 0 0 0 0 0 0 0 0 0 0 0 0 0 0 0 0 0 0 0 0 0 0 0 0 0 0 0 0 0 0 0 0 0 0 0 0 0 0 0 0 0 0 0 0 0 0 0 0 0 0 0 0 0 0 0 0 0 0 0 0 0 0 0 0 0 0 0 0 0 0 0 0 0 0 0 0 0 0 0 0 0 0 0 0 0 0 0 0 0 0 0 0 0 0 
0 0 0 0 0 0 0 0 0 0 0 0 0 0 0 0 0 0 0 0 0 0 0 0 0 0 0 0 0 0 0 0 0 0 0 0 0 0 0 0 0 0 0 0 0 0 0 0 0 0 0 0 0 0 0 0 0 0 0 0 0 0 0 0 0 0 0 0 0 0 0 0 0 62 58 55 56 53 52 54 51 57 60 64 67 67 68 71 74 74 82 85 87 89 91 93 90 89 90 89 93 96 97 103 105 105 102 97 91 85 80 74 75 74 78 94 94 102 106 113 112 110 106 100 93 81 90 87 85 81 95 85 78 68 83 78 78 92 80 70 77 67 72 92 90 87 84 85 81 76 71 57 57 50 48 41 38 48 51 54 54 59 63 68 54 56 56 62 82 72 58 55 59 65 62 46 50 58 42 47 64 57 61 69 75 116 103 99 119 119 118 117 118 113 107 126 133 138 110 114 104 122 111 120 113 128 130 126 112 103 98 112 108 120 116 145 132 132 130 105 101 114 92 127 94 99 105 100 101 124 120 99 89 87 99 95 83 88 106 107 105 73 70 73 77 91 109 105 87 76 64 90 81 88 106 106 83 71 76 96 97 100 94 83 103 93 107 106 91 91 79 54 81 98 88 99 115 112 104 100 113 123 114 139 129 97 117 98 125 125 112 85 91 112 97 141 143 108 69 126 121 95 88 93 84 133 107 118 63 52 135 76 74 115 65 128 131 129 129 139 133 127 121 104 101 115 92 80 94 98 75 96 79 104 135 148 143 98 94 125 130 123 124 129 117 113 112 114 97 94 91 88 82 60 73 69 73 95 95 98 70 73 68 74 70 78 69 54 50 56 63 85 96 103 112 109 105 97 0 0 0 0 0 0 0 0 0 0 0 0 0 0 0 0 0 0 0 0 0 0 0 0 0 0 0 0 0 0 0 0 0 0 0 0 0 0 0 0 0 0 0 0 0 0 0 0 0 0 0 0 0 0 0 0 0 0 0 0 0 0 0 0 0 0 0 0 0 0 0 0 0 0 0 0 0 0 0 0 0 0 0 0 0 0 0 0 0 0 0 0 0 0 0 0 0 0 0 0 0 0 0 0 0 0 0 0 0 0 0 0 0 0 0 0 0 0 0 0 0 0 0 0 0 0 0 0 0 0 0 0 0 0 0 0 0 0 0 0 0 0 0 0 0 0 0 0 0 0 0 0 0 0 0 0 0 0 0 
0 0 0 0 0 0 0 0 0 0 0 0 0 0 0 0 0 0 0 0 0 0 0 0 0 0 0 0 0 0 0 0 0 0 0 0 0 0 0 0 0 0 0 0 0 0 0 0 0 0 0 0 0 0 0 0 0 0 0 0 0 0 0 0 0 0 0 0 0 0 0 0 0 61 57 52 52 49 51 50 51 53 55 61 66 71 72 71 78 85 82 86 91 93 93 93 91 93 90 96 99 96 97 98 104 103 103 97 91 80 75 74 73 71 75 82 101 104 108 113 109 110 108 100 87 78 79 81 77 81 70 85 74 69 64 60 59 71 59 70 60 67 56 62 77 87 84 79 72 76 64 53 47 45 46 37 49 50 58 54 60 67 65 69 65 44 47 70 87 72 68 66 58 69 78 50 62 69 63 47 64 58 72 52 58 87 95 103 108 119 116 118 121 114 117 105 115 138 112 90 104 110 119 120 113 110 116 126 106 108 98 108 118 113 110 118 122 118 130 140 101 91 88 87 89 89 76 82 101 109 120 121 120 98 114 92 91 96 106 132 105 99 90 79 77 71 109 117 87 68 68 62 68 95 115 126 86 92 76 83 90 100 94 83 86 103 107 101 91 73 89 66 81 95 93 106 106 105 104 99 113 113 128 131 117 121 117 118 125 129 130 88 105 122 135 139 143 61 133 126 118 108 95 88 139 126 107 70 97 52 145 135 96 128 140 121 131 133 128 140 133 127 110 123 121 84 103 80 108 98 89 109 124 144 154 140 94 98 93 126 121 121 121 111 119 122 117 114 99 84 93 74 64 52 62 53 79 95 98 99 82 59 65 64 75 61 33 54 34 36 70 81 89 103 102 100 92 97 98 110 107 0 0 0 0 0 0 0 0 0 0 0 0 0 0 0 0 0 0 0 0 0 0 0 0 0 0 0 0 0 0 0 0 0 0 0 0 0 0 0 0 0 0 0 0 0 0 0 0 0 0 0 0 0 0 0 0 0 0 0 0 0 0 0 0 0 0 0 0 0 0 0 0 0 0 0 0 0 0 0 0 0 0 0 0 0 0 0 0 0 0 0 0 0 0 0 0 0 0 0 0 0 0 0 0 0 0 0 0 0 0 0 0 0 0 0 0 0 0 0 0 0 0 0 0 0 0 0 0 0 0 0 0 0 0 0 0 0 0 0 0 0 0 0 0 0 0 0 0 0 0 0 0 0 0 0 0 
0 0 0 0 0 0 0 0 0 0 0 0 0 0 0 0 0 0 0 0 0 0 0 0 0 0 0 0 0 0 0 0 0 0 0 0 0 0 0 0 0 0 0 0 0 0 0 0 0 0 0 0 0 0 0 0 0 0 0 0 0 0 0 0 0 0 0 0 0 0 0 0 59 55 52 52 50 49 48 48 51 54 57 64 69 71 76 83 78 85 87 92 94 93 94 93 94 93 95 98 103 100 98 98 100 103 102 99 92 89 84 73 69 71 70 82 86 92 92 107 101 103 91 100 77 78 77 79 75 70 62 67 64 69 63 53 59 58 53 55 53 53 53 62 65 68 76 79 72 62 54 45 42 45 53 52 67 54 57 64 71 77 79 77 65 59 62 55 70 77 78 58 63 67 78 76 62 70 75 69 73 65 72 62 58 64 72 101 111 117 126 128 125 130 117 128 138 121 122 112 100 111 119 138 131 110 116 116 116 121 116 124 118 112 110 113 124 123 118 123 141 143 88 101 89 87 93 104 90 104 109 112 120 105 83 114 119 121 108 114 114 100 90 66 80 71 79 89 111 98 61 64 68 78 89 106 114 89 95 81 98 88 67 76 86 103 90 81 82 62 89 78 73 95 102 90 104 94 99 104 105 138 111 131 132 122 115 115 127 135 71 116 129 122 128 131 106 72 130 114 91 108 105 88 141 136 122 109 117 150 126 135 129 128 124 119 150 137 123 127 128 128 110 123 116 78 95 114 111 101 121 109 129 142 149 116 121 117 120 111 121 121 107 117 119 127 114 94 56 73 57 74 47 56 68 63 56 84 92 77 56 70 65 70 79 60 33 22 27 36 76 85 89 91 100 97 88 90 98 95 114 121 0 0 0 0 0 0 0 0 0 0 0 0 0 0 0 0 0 0 0 0 0 0 0 0 0 0 0 0 0 0 0 0 0 0 0 0 0 0 0 0 0 0 0 0 0 0 0 0 0 0 0 0 0 0 0 0 0 0 0 0 0 0 0 0 0 0 0 0 0 0 0 0 0 0 0 0 0 0 0 0 0 0 0 0 0 0 0 0 0 0 0 0 0 0 0 0 0 0 0 0 0 0 0 0 0 0 0 0 0 0 0 0 0 0 0 0 0 0 0 0 0 0 0 0 0 0 0 0 0 0 0 0 0 0 0 0 0 0 0 0 0 0 0 0 0 0 0 0 0 0 0 0 0 0 0 
0 0 0 0 0 0 0 0 0 0 0 0 0 0 0 0 0 0 0 0 0 0 0 0 0 0 0 0 0 0 0 0 0 0 0 0 0 0 0 0 0 0 0 0 0 0 0 0 0 0 0 0 0 0 0 0 0 0 0 0 0 0 0 0 0 0 0 0 0 0 0 0 57 54 52 50 49 49 47 48 50 53 53 62 68 78 86 83 92 88 87 92 94 94 95 95 95 93 99 105 103 104 103 100 100 100 99 99 90 83 84 76 69 64 62 73 74 78 92 86 101 94 81 81 74 80 78 72 75 61 62 56 51 57 49 43 49 46 53 51 52 47 44 58 60 58 62 50 64 62 54 44 41 56 66 75 74 79 57 64 72 80 92 84 79 86 58 61 70 90 90 71 64 60 81 80 59 80 75 70 71 88 75 84 51 52 72 110 111 120 125 132 117 109 129 130 138 139 137 112 109 117 107 116 133 121 128 116 116 121 124 123 127 122 109 111 114 123 116 123 140 138 137 117 116 117 131 104 122 104 114 121 108 95 91 102 99 121 116 121 114 105 92 79 81 88 91 89 100 113 91 77 77 67 72 117 114 89 95 93 76 85 77 76 88 94 90 81 73 64 72 71 79 92 87 90 93 94 95 76 98 130 116 127 113 122 122 115 121 136 104 103 130 126 130 131 87 124 130 103 88 100 114 141 147 136 138 106 117 145 125 134 116 102 103 119 144 106 123 124 124 112 98 96 116 78 95 103 111 107 111 127 134 138 111 129 121 127 122 104 118 110 104 119 119 100 114 82 45 45 45 53 73 57 38 38 56 70 93 87 88 85 74 72 64 38 33 21 26 46 63 80 90 100 100 85 88 80 80 74 105 115 117 115 0 0 0 0 0 0 0 0 0 0 0 0 0 0 0 0 0 0 0 0 0 0 0 0 0 0 0 0 0 0 0 0 0 0 0 0 0 0 0 0 0 0 0 0 0 0 0 0 0 0 0 0 0 0 0 0 0 0 0 0 0 0 0 0 0 0 0 0 0 0 0 0 0 0 0 0 0 0 0 0 0 0 0 0 0 0 0 0 0 0 0 0 0 0 0 0 0 0 0 0 0 0 0 0 0 0 0 0 0 0 0 0 0 0 0 0 0 0 0 0 0 0 0 0 0 0 0 0 0 0 0 0 0 0 0 0 0 0 0 0 0 0 0 0 0 0 0 0 0 0 0 0 0 
0 0 0 0 0 0 0 0 0 0 0 0 0 0 0 0 0 0 0 0 0 0 0 0 0 0 0 0 0 0 0 0 0 0 0 0 0 0 0 0 0 0 0 0 0 0 0 0 0 0 0 0 0 0 0 0 0 0 0 0 0 0 0 0 0 0 0 0 0 0 0 0 54 51 52 50 49 49 46 47 50 50 59 66 68 77 85 94 96 98 100 99 97 94 95 96 96 94 101 105 107 109 103 107 100 102 101 94 91 84 75 68 69 57 62 63 65 72 79 73 82 74 81 73 67 80 79 71 66 54 53 50 51 41 41 43 38 38 44 42 48 45 44 42 41 58 53 45 50 55 54 44 41 51 68 77 67 75 94 96 78 87 87 84 86 84 83 67 85 91 90 75 68 60 75 81 68 78 81 85 87 81 74 84 78 63 56 65 103 103 103 132 94 109 96 84 132 128 121 137 128 117 125 116 122 120 126 137 138 122 124 123 115 122 125 127 112 103 102 108 96 138 126 109 107 109 117 135 140 116 120 121 127 130 91 98 109 95 93 121 119 105 98 97 99 91 107 83 87 110 103 77 75 84 67 93 102 96 95 80 79 82 77 71 75 81 67 55 73 64 88 73 79 86 92 70 79 102 69 90 113 116 116 128 106 117 121 121 141 119 104 133 130 131 139 90 95 133 100 92 88 118 114 138 151 138 90 93 137 129 125 87 116 96 69 73 87 125 119 113 124 110 102 91 72 76 93 103 86 71 111 111 117 121 107 116 122 127 124 130 118 118 106 125 109 94 78 41 34 61 45 71 72 71 41 36 58 88 93 89 84 85 68 52 65 51 32 33 26 52 71 80 87 94 98 88 74 69 55 82 99 115 113 110 124 129 0 0 0 0 0 0 0 0 0 0 0 0 0 0 0 0 0 0 0 0 0 0 0 0 0 0 0 0 0 0 0 0 0 0 0 0 0 0 0 0 0 0 0 0 0 0 0 0 0 0 0 0 0 0 0 0 0 0 0 0 0 0 0 0 0 0 0 0 0 0 0 0 0 0 0 0 0 0 0 0 0 0 0 0 0 0 0 0 0 0 0 0 0 0 0 0 0 0 0 0 0 0 0 0 0 0 0 0 0 0 0 0 0 0 0 0 0 0 0 0 0 0 0 0 0 0 0 0 0 0 0 0 0 0 0 0 0 0 0 0 0 0 0 0 0 0 0 0 0 0 0 
0 0 0 0 0 0 0 0 0 0 0 0 0 0 0 0 0 0 0 0 0 0 0 0 0 0 0 0 0 0 0 0 0 0 0 0 0 0 0 0 0 0 0 0 0 0 0 0 0 0 0 0 0 0 0 0 0 0 0 0 0 0 0 0 0 0 0 0 0 0 0 55 54 51 52 48 48 47 46 45 48 49 55 64 74 83 85 99 96 98 102 101 98 97 97 96 96 101 104 105 111 114 110 113 106 103 101 97 87 84 75 68 63 58 55 55 57 72 68 73 66 62 61 53 65 64 62 71 47 54 53 48 46 51 55 47 51 38 40 48 38 40 36 32 30 39 41 45 44 54 58 68 63 51 68 68 76 75 90 102 84 83 82 89 85 97 85 67 79 91 92 75 81 65 74 81 91 78 85 92 99 92 86 72 83 63 40 65 71 75 84 103 103 82 73 84 88 101 121 120 124 133 139 131 139 120 127 126 138 131 143 133 115 111 113 114 112 119 102 100 104 94 97 101 109 121 117 129 145 140 144 124 124 130 126 123 109 111 110 96 104 113 101 76 116 113 107 99 99 91 95 90 103 104 62 69 102 77 60 94 89 90 77 76 68 66 67 57 64 74 88 73 94 121 92 67 79 107 86 89 85 94 113 98 106 124 121 119 138 131 115 127 129 136 139 76 131 133 105 111 115 124 137 152 151 132 99 93 134 140 109 79 66 91 69 86 140 125 132 90 101 84 82 49 72 76 80 71 86 71 79 101 100 112 115 116 122 140 128 140 118 105 116 122 100 94 65 51 47 48 65 69 91 56 40 36 54 83 82 86 86 67 57 65 76 51 52 41 35 45 61 82 83 94 91 88 74 62 45 60 79 101 102 110 125 129 128 127 123 0 0 0 0 0 0 0 0 0 0 0 0 0 0 0 0 0 0 0 0 0 0 0 0 0 0 0 0 0 0 0 0 0 0 0 0 0 0 0 0 0 0 0 0 0 0 0 0 0 0 0 0 0 0 0 0 0 0 0 0 0 0 0 0 0 0 0 0 0 0 0 0 0 0 0 0 0 0 0 0 0 0 0 0 0 0 0 0 0 0 0 0 0 0 0 0 0 0 0 0 0 0 0 0 0 0 0 0 0 0 0 0 0 0 0 0 0 0 0 0 0 0 0 0 0 0 0 0 0 0 0 0 0 0 0 0 0 0 0 0 0 0 0 0 0 0 0 0 
0 0 0 0 0 0 0 0 0 0 0 0 0 0 0 0 0 0 0 0 0 0 0 0 0 0 0 0 0 0 0 0 0 0 0 0 0 0 0 0 0 0 0 0 0 0 0 0 0 0 0 0 0 0 0 0 0 0 0 0 0 0 0 0 0 0 0 0 0 0 0 62 63 51 50 48 48 46 47 48 51 54 64 64 71 82 92 100 101 103 101 101 97 97 100 102 100 101 104 112 116 114 118 113 111 108 100 97 94 78 71 68 60 58 53 53 51 60 57 63 60 62 53 53 51 51 53 54 44 42 40 48 45 56 55 61 62 48 47 56 57 40 35 29 30 30 40 43 54 65 80 68 76 84 93 68 76 96 96 102 99 95 82 99 100 102 94 79 89 91 84 78 81 78 80 87 100 96 103 97 99 90 86 76 67 88 80 48 54 60 84 95 103 89 101 86 100 108 117 120 124 133 139 140 140 143 143 147 124 132 143 146 143 111 113 114 122 134 138 144 104 113 116 108 116 125 135 140 151 157 144 148 155 128 134 128 125 130 111 110 104 96 80 76 77 85 125 125 92 90 95 93 114 112 89 70 78 61 60 74 90 90 87 91 64 68 69 61 64 85 107 93 94 121 111 67 99 109 98 89 70 94 102 93 109 124 113 132 138 131 121 127 135 140 70 58 113 108 114 111 114 124 131 156 112 87 112 137 137 140 102 84 73 115 119 134 119 107 81 90 69 52 63 41 54 74 51 65 58 57 79 101 87 122 124 116 144 135 147 140 116 97 124 130 100 68 57 46 42 48 52 73 100 77 45 51 71 83 82 83 86 80 70 73 80 80 57 41 40 57 61 77 87 93 94 82 65 42 45 65 79 90 92 113 121 126 127 120 123 111 0 0 0 0 0 0 0 0 0 0 0 0 0 0 0 0 0 0 0 0 0 0 0 0 0 0 0 0 0 0 0 0 0 0 0 0 0 0 0 0 0 0 0 0 0 0 0 0 0 0 0 0 0 0 0 0 0 0 0 0 0 0 0 0 0 0 0 0 0 0 0 0 0 0 0 0 0 0 0 0 0 0 0 0 0 0 0 0 0 0 0 0 0 0 0 0 0 0 0 0 0 0 0 0 0 0 0 0 0 0 0 0 0 0 0 0 0 0 0 0 0 0 0 0 0 0 0 0 0 0 0 0 0 0 0 0 0 0 0 0 0 0 0 0 0 0 0 
0 0 0 0 0 0 0 0 0 0 0 0 0 0 0 0 0 0 0 0 0 0 0 0 0 0 0 0 0 0 0 0 0 0 0 0 0 0 0 0 0 0 0 0 0 0 0 0 0 0 0 0 0 0 0 0 0 0 0 0 0 0 0 0 0 0 0 0 0 0 75 76 77 63 66 48 47 46 46 48 50 57 67 71 81 82 100 100 103 104 101 98 95 100 103 102 105 109 104 112 116 117 119 115 114 108 104 98 94 86 78 66 66 54 51 48 51 47 57 56 58 59 56 46 48 54 53 51 46 38 41 43 50 58 59 59 62 56 50 46 47 53 51 48 33 40 40 49 57 63 72 88 93 92 98 111 91 96 96 105 113 113 98 106 102 111 94 92 91 94 89 79 77 80 80 92 100 102 98 96 111 108 91 90 67 94 80 73 71 72 66 80 93 96 101 114 107 108 107 98 123 123 131 135 140 148 124 147 148 140 134 136 152 147 151 143 122 134 123 117 153 150 120 127 139 125 129 129 149 157 152 148 153 154 156 128 122 129 130 127 104 89 78 70 72 85 112 131 119 107 86 91 105 102 115 70 66 74 55 56 75 93 84 91 77 68 68 78 75 88 87 82 72 105 111 67 62 95 125 120 77 91 94 93 127 124 105 123 126 86 99 129 142 140 90 106 113 107 111 115 133 137 151 156 95 116 112 146 127 98 90 99 108 115 122 127 99 94 101 88 58 45 29 40 54 58 58 65 64 68 77 102 87 122 124 130 143 132 150 127 114 129 132 70 100 38 32 29 47 56 76 96 86 62 45 56 62 64 67 76 87 79 70 88 80 75 53 51 47 57 78 91 87 97 94 94 72 42 38 50 78 79 92 121 121 120 124 120 110 110 108 106 0 0 0 0 0 0 0 0 0 0 0 0 0 0 0 0 0 0 0 0 0 0 0 0 0 0 0 0 0 0 0 0 0 0 0 0 0 0 0 0 0 0 0 0 0 0 0 0 0 0 0 0 0 0 0 0 0 0 0 0 0 0 0 0 0 0 0 0 0 0 0 0 0 0 0 0 0 0 0 0 0 0 0 0 0 0 0 0 0 0 0 0 0 0 0 0 0 0 0 0 0 0 0 0 0 0 0 0 0 0 0 0 0 0 0 0 0 0 0 0 0 0 0 0 0 0 0 0 0 0 0 0 0 0 0 0 0 0 0 0 0 0 0 0 0 
0 0 0 0 0 0 0 0 0 0 0 0 0 0 0 0 0 0 0 0 0 0 0 0 0 0 0 0 0 0 0 0 0 0 0 0 0 0 0 0 0 0 0 0 0 0 0 0 0 0 0 0 0 0 0 0 0 0 0 0 0 0 0 0 0 0 0 0 0 0 74 70 77 80 79 68 73 48 52 56 57 68 67 75 84 92 100 103 103 101 101 95 95 99 102 105 109 112 114 118 118 117 119 117 117 109 103 99 91 84 78 73 72 60 58 55 47 43 44 49 58 61 65 51 51 56 57 57 43 45 41 48 60 58 62 58 47 42 43 44 47 54 66 71 56 67 46 57 67 69 72 84 90 99 95 105 113 110 107 105 113 113 106 100 103 110 113 102 91 90 93 79 73 67 76 91 99 92 89 96 121 108 97 102 86 84 91 72 74 72 93 80 88 98 103 114 119 110 115 98 107 123 112 99 136 133 135 128 135 140 135 134 137 143 148 157 161 124 123 117 115 130 153 158 161 148 144 135 149 157 162 162 143 143 142 152 149 127 119 127 130 122 96 74 86 86 83 131 134 107 105 105 107 116 111 138 126 74 47 53 75 96 92 99 100 60 73 78 83 87 87 80 63 109 109 61 62 95 125 131 77 74 107 99 110 112 111 124 126 108 99 124 128 119 83 97 110 91 111 122 125 128 136 80 96 115 139 126 127 101 100 113 109 118 121 107 102 119 101 99 65 39 33 37 46 42 57 63 64 78 89 112 143 147 144 130 129 145 150 142 131 135 120 54 28 39 32 64 47 65 64 87 88 84 71 50 62 50 73 76 86 90 106 87 81 61 53 57 65 57 80 98 92 92 103 79 43 42 35 50 58 59 95 114 121 125 124 120 109 110 112 110 105 104 0 0 0 0 0 0 0 0 0 0 0 0 0 0 0 0 0 0 0 0 0 0 0 0 0 0 0 0 0 0 0 0 0 0 0 0 0 0 0 0 0 0 0 0 0 0 0 0 0 0 0 0 0 0 0 0 0 0 0 0 0 0 0 0 0 0 0 0 0 0 0 0 0 0 0 0 0 0 0 0 0 0 0 0 0 0 0 0 0 0 0 0 0 0 0 0 0 0 0 0 0 0 0 0 0 0 0 0 0 0 0 0 0 0 0 0 0 0 0 0 0 0 0 0 0 0 0 0 0 0 0 0 0 0 0 0 0 0 0 0 0 0 0 
0 0 0 0 0 0 0 0 0 0 0 0 0 0 0 0 0 0 0 0 0 0 0 0 0 0 0 0 0 0 0 0 0 0 0 0 0 0 0 0 0 0 0 0 0 0 0 0 0 0 0 0 0 0 0 0 0 0 0 0 0 0 0 0 0 0 0 0 0 60 59 57 70 67 79 80 73 77 82 88 63 73 79 86 84 100 100 104 103 101 99 97 95 99 102 107 113 112 116 119 119 122 120 117 117 113 101 99 93 87 78 78 70 69 70 55 50 43 49 50 53 67 66 68 66 56 58 58 57 58 49 49 55 68 69 58 50 45 43 47 48 63 72 75 79 67 82 92 73 79 75 79 92 106 102 105 113 109 109 107 116 123 106 100 111 110 121 116 92 94 93 80 78 67 88 91 95 98 98 98 112 112 97 102 91 84 92 104 81 90 81 92 89 98 105 114 119 129 134 114 114 106 101 99 105 109 135 130 132 137 135 134 133 126 148 151 149 163 161 135 115 140 136 134 161 154 144 136 138 160 157 162 165 159 142 144 144 133 123 107 103 113 84 84 86 99 114 109 139 115 101 100 105 103 111 121 138 112 95 62 76 86 92 109 100 77 63 87 78 86 78 59 63 108 109 64 67 104 128 131 83 85 107 109 101 116 113 133 112 132 129 128 128 135 79 97 110 86 130 131 108 135 136 50 110 115 140 129 88 76 109 117 109 125 114 125 135 105 90 77 45 40 30 37 35 43 73 86 91 75 89 137 134 147 142 137 129 145 139 133 142 121 58 54 29 54 45 75 79 51 76 87 102 84 85 53 41 57 74 82 97 90 92 87 87 72 49 63 70 80 92 98 96 92 100 85 46 26 29 41 42 59 77 102 119 121 121 112 107 114 115 110 112 110 96 94 96 0 0 0 0 0 0 0 0 0 0 0 0 0 0 0 0 0 0 0 0 0 0 0 0 0 0 0 0 0 0 0 0 0 0 0 0 0 0 0 0 0 0 0 0 0 0 0 0 0 0 0 0 0 0 0 0 0 0 0 0 0 0 0 0 0 0 0 0 0 0 0 0 0 0 0 0 0 0 0 0 0 0 0 0 0 0 0 0 0 0 0 0 0 0 0 0 0 0 0 0 0 0 0 0 0 0 0 0 0 0 0 0 0 0 0 0 0 0 0 0 0 0 0 0 0 0 0 0 0 0 0 0 0 0 0 0 0 0 0 0 
0 0 0 0 0 0 0 0 0 0 0 0 0 0 0 0 0 0 0 0 0 0 0 0 0 0 0 0 0 0 0 0 0 0 0 0 0 0 0 0 0 0 0 0 0 0 0 0 0 0 0 0 0 0 0 0 0 0 0 0 0 0 0 0 0 0 0 0 0 51 50 57 57 57 66 67 82 85 89 88 99 73 81 91 95 101 104 104 104 101 99 97 95 96 105 109 111 117 119 119 119 121 122 121 114 113 101 95 89 87 82 80 78 79 83 67 65 56 56 50 56 66 71 72 75 65 71 61 69 58 57 55 58 69 76 66 63 45 51 47 53 61 68 82 92 84 90 92 113 79 81 83 96 101 111 104 109 109 117 121 116 116 114 108 111 116 122 116 94 94 93 82 72 76 85 94 96 102 98 104 112 126 111 110 110 88 105 111 81 95 81 97 108 84 94 94 123 124 134 135 135 109 119 110 113 132 124 131 132 142 142 139 141 146 124 133 139 137 161 154 147 140 136 134 135 131 140 136 138 143 150 155 155 152 159 161 129 133 123 116 124 127 114 99 89 95 114 129 139 140 126 106 106 97 123 142 138 116 89 62 54 59 87 72 109 93 63 61 94 86 81 75 78 99 101 79 96 104 127 138 83 85 130 128 113 115 133 133 145 132 129 116 139 106 74 97 93 86 134 134 118 144 63 103 107 132 145 129 94 111 119 133 128 115 128 120 90 105 105 80 51 51 26 31 52 81 77 86 74 48 91 119 116 133 131 137 125 137 139 133 142 122 77 41 69 54 82 75 75 43 54 102 98 84 66 53 68 77 74 80 97 119 95 96 84 72 51 62 70 82 91 94 97 93 81 60 46 23 29 35 39 60 84 114 116 118 121 114 108 113 121 119 115 106 108 108 96 93 101 0 0 0 0 0 0 0 0 0 0 0 0 0 0 0 0 0 0 0 0 0 0 0 0 0 0 0 0 0 0 0 0 0 0 0 0 0 0 0 0 0 0 0 0 0 0 0 0 0 0 0 0 0 0 0 0 0 0 0 0 0 0 0 0 0 0 0 0 0 0 0 0 0 0 0 0 0 0 0 0 0 0 0 0 0 0 0 0 0 0 0 0 0 0 0 0 0 0 0 0 0 0 0 0 0 0 0 0 0 0 0 0 0 0 0 0 0 0 0 0 0 0 0 0 0 0 0 0 0 0 0 0 0 0 0 0 0 0 
0 0 0 0 0 0 0 0 0 0 0 0 0 0 0 0 0 0 0 0 0 0 0 0 0 0 0 0 0 0 0 0 0 0 0 0 0 0 0 0 0 0 0 0 0 0 0 0 0 0 0 0 0 0 0 0 0 0 0 0 0 0 0 0 0 0 0 0 51 50 50 51 52 57 59 67 69 74 79 94 98 102 107 91 100 106 105 105 106 102 103 97 100 96 101 109 111 116 118 118 120 122 122 121 118 106 102 95 89 85 83 82 86 91 83 80 78 62 65 63 70 72 72 77 75 76 86 77 83 77 80 82 69 82 76 78 78 59 61 56 66 74 79 96 92 94 94 102 112 105 102 105 108 115 111 120 113 115 121 123 124 120 114 115 113 116 122 104 105 95 83 69 72 87 85 95 90 92 96 102 120 130 111 103 113 102 112 128 107 112 97 105 108 104 88 94 91 100 124 120 140 139 119 130 143 132 136 142 123 130 137 140 142 146 155 149 140 153 136 137 149 138 147 157 135 131 139 132 134 128 150 151 152 152 149 156 151 151 136 124 116 101 95 99 91 83 113 121 140 147 136 106 105 97 93 112 142 138 130 74 61 59 69 72 82 110 70 52 73 69 81 75 91 99 112 102 92 111 111 137 80 74 130 128 121 124 124 124 144 131 103 116 137 85 74 84 106 131 144 130 150 144 100 109 107 139 143 122 104 132 128 133 110 113 110 102 95 108 98 80 55 27 26 32 75 91 92 86 50 48 66 112 116 126 115 117 117 114 128 136 129 122 77 74 74 57 88 72 41 58 54 79 98 81 74 59 86 75 82 92 97 93 95 104 91 59 62 61 80 89 91 88 91 92 89 81 38 33 36 35 39 48 62 103 110 113 114 110 113 125 121 125 117 114 118 115 106 111 110 113 0 0 0 0 0 0 0 0 0 0 0 0 0 0 0 0 0 0 0 0 0 0 0 0 0 0 0 0 0 0 0 0 0 0 0 0 0 0 0 0 0 0 0 0 0 0 0 0 0 0 0 0 0 0 0 0 0 0 0 0 0 0 0 0 0 0 0 0 0 0 0 0 0 0 0 0 0 0 0 0 0 0 0 0 0 0 0 0 0 0 0 0 0 0 0 0 0 0 0 0 0 0 0 0 0 0 0 0 0 0 0 0 0 0 0 0 0 0 0 0 0 0 0 0 0 0 0 0 0 0 0 0 0 0 0 0 0 
0 0 0 0 0 0 0 0 0 0 0 0 0 0 0 0 0 0 0 0 0 0 0 0 0 0 0 0 0 0 0 0 0 0 0 0 0 0 0 0 0 0 0 0 0 0 0 0 0 0 0 0 0 0 0 0 0 0 0 0 0 0 0 0 0 0 0 0 50 48 50 50 52 54 59 62 68 76 79 91 98 100 101 111 113 111 112 113 106 110 103 102 103 103 104 106 112 114 118 116 118 122 122 119 115 109 99 93 91 85 83 86 89 93 91 91 74 75 65 71 79 74 76 82 80 86 88 89 83 92 93 95 87 97 92 92 78 72 61 65 78 84 81 93 103 105 94 107 112 112 112 114 108 110 125 128 113 123 116 123 131 134 123 123 124 125 114 104 105 95 81 71 72 79 94 110 110 92 110 102 113 123 107 98 115 114 126 128 129 112 117 103 112 110 109 105 114 100 108 104 128 136 134 131 131 141 141 142 147 148 140 146 148 140 131 147 139 153 160 162 141 142 141 145 138 154 139 132 135 146 130 140 138 153 151 156 157 151 148 139 124 116 125 100 90 83 98 121 132 140 140 137 133 89 81 112 138 142 130 109 77 68 67 66 69 110 96 73 73 106 87 77 67 96 109 98 92 107 111 131 79 105 140 136 121 124 124 123 135 135 105 134 142 105 93 116 106 138 144 135 150 115 108 114 144 119 143 87 102 126 98 97 81 112 107 112 95 114 111 87 55 28 58 66 70 102 92 86 44 36 69 106 124 118 115 128 117 101 130 135 134 103 90 74 74 86 88 68 43 66 90 64 67 79 74 87 72 75 79 79 95 86 110 100 91 67 61 61 76 88 89 90 86 93 97 81 33 33 26 26 38 49 86 96 101 113 112 108 112 124 128 116 115 118 115 115 113 116 117 117 115 120 126 0 0 0 0 0 0 0 0 0 0 0 0 0 0 0 0 0 0 0 0 0 0 0 0 0 0 0 0 0 0 0 0 0 0 0 0 0 0 0 0 0 0 0 0 0 0 0 0 0 0 0 0 0 0 0 0 0 0 0 0 0 0 0 0 0 0 0 0 0 0 0 0 0 0 0 0 0 0 0 0 0 0 0 0 0 0 0 0 0 0 0 0 0 0 0 0 0 0 0 0 0 0 0 0 0 0 0 0 0 0 0 0 0 0 0 0 0 0 0 0 0 0 0 0 0 0 0 0 0 0 0 0 0 0 
0 0 0 0 0 0 0 0 0 0 0 0 0 0 0 0 0 0 0 0 0 0 0 0 0 0 0 0 0 0 0 0 0 0 0 0 0 0 0 0 0 0 0 0 0 0 0 0 0 0 0 0 0 0 0 0 0 0 0 0 0 0 0 0 0 0 0 51 52 50 51 53 52 58 59 63 67 75 82 89 95 96 101 102 102 114 115 116 115 117 111 108 103 104 109 106 111 112 114 116 121 124 122 121 117 111 101 93 89 85 90 86 89 93 97 100 88 88 82 88 79 86 89 82 87 91 91 95 91 92 92 100 102 97 105 105 89 80 74 83 93 86 89 93 102 107 101 104 112 113 118 114 109 110 109 111 130 129 123 126 135 134 129 123 123 135 115 110 108 85 81 71 74 76 94 104 113 112 123 96 107 123 124 98 107 114 122 127 135 132 122 103 119 118 109 107 91 114 104 110 112 136 133 130 126 140 143 141 143 153 154 154 148 145 148 138 140 151 145 162 147 146 141 136 122 130 129 167 135 146 148 147 138 120 115 147 141 147 121 103 104 102 125 108 99 94 97 92 107 118 140 133 133 125 118 91 120 134 126 115 77 80 67 54 76 80 110 102 100 96 87 74 57 97 88 91 103 118 114 94 79 80 143 143 113 120 110 123 141 128 105 128 123 105 106 122 139 137 132 143 150 112 121 116 141 111 57 107 126 102 98 76 81 132 117 134 116 85 111 66 65 28 96 66 68 98 78 42 44 61 96 106 113 121 145 143 119 130 130 135 125 103 94 89 72 86 78 53 72 66 70 64 68 95 96 80 69 79 64 79 81 86 110 109 83 84 61 66 86 88 99 92 84 89 95 68 34 24 26 26 34 37 71 80 87 104 107 112 122 124 127 113 111 114 114 112 114 120 118 117 115 118 121 129 127 0 0 0 0 0 0 0 0 0 0 0 0 0 0 0 0 0 0 0 0 0 0 0 0 0 0 0 0 0 0 0 0 0 0 0 0 0 0 0 0 0 0 0 0 0 0 0 0 0 0 0 0 0 0 0 0 0 0 0 0 0 0 0 0 0 0 0 0 0 0 0 0 0 0 0 0 0 0 0 0 0 0 0 0 0 0 0 0 0 0 0 0 0 0 0 0 0 0 0 0 0 0 0 0 0 0 0 0 0 0 0 0 0 0 0 0 0 0 0 0 0 0 0 0 0 0 0 0 0 0 0 0 
0 0 0 0 0 0 0 0 0 0 0 0 0 0 0 0 0 0 0 0 0 0 0 0 0 0 0 0 0 0 0 0 0 0 0 0 0 0 0 0 0 0 0 0 0 0 0 0 0 0 0 0 0 0 0 0 0 0 0 0 0 0 0 0 0 0 0 52 54 50 51 52 55 58 63 69 76 75 91 89 93 95 97 97 104 105 106 116 116 118 119 119 109 111 113 114 114 112 112 115 120 123 122 118 113 103 93 93 90 87 84 86 91 98 97 100 99 88 90 92 90 93 96 94 98 99 102 95 95 99 102 97 102 99 96 105 95 80 80 89 98 97 96 93 102 107 109 104 110 113 115 113 112 105 108 111 119 122 123 114 119 131 130 128 126 135 133 103 108 103 84 69 74 89 102 104 113 113 123 123 99 119 114 88 107 122 122 128 135 139 130 112 130 131 110 108 91 90 82 98 97 117 118 112 134 143 143 143 137 142 135 132 151 146 151 147 140 140 139 130 135 139 154 152 116 107 129 122 115 158 148 147 151 146 115 129 141 122 103 97 97 101 126 134 99 126 97 100 107 128 132 127 123 126 118 104 126 134 125 105 90 85 67 80 76 74 101 102 88 83 82 61 90 86 91 91 125 118 98 113 79 128 149 125 125 120 93 78 141 128 122 145 132 103 123 122 140 136 121 137 117 128 119 145 109 111 63 102 123 94 86 85 133 136 131 134 124 83 100 80 94 112 85 66 108 98 71 47 57 60 87 100 129 121 125 143 114 114 119 132 126 101 95 89 75 71 78 53 72 102 82 82 95 95 104 74 69 73 65 76 62 99 107 109 107 56 61 57 76 95 93 83 89 95 95 65 38 20 23 34 34 46 56 72 87 98 106 114 123 126 112 113 107 110 114 111 112 117 115 115 115 116 123 121 127 122 116 0 0 0 0 0 0 0 0 0 0 0 0 0 0 0 0 0 0 0 0 0 0 0 0 0 0 0 0 0 0 0 0 0 0 0 0 0 0 0 0 0 0 0 0 0 0 0 0 0 0 0 0 0 0 0 0 0 0 0 0 0 0 0 0 0 0 0 0 0 0 0 0 0 0 0 0 0 0 0 0 0 0 0 0 0 0 0 0 0 0 0 0 0 0 0 0 0 0 0 0 0 0 0 0 0 0 0 0 0 0 0 0 0 0 0 0 0 0 0 0 0 0 0 0 0 0 0 0 0 0 
0 0 0 0 0 0 0 0 0 0 0 0 0 0 0 0 0 0 0 0 0 0 0 0 0 0 0 0 0 0 0 0 0 0 0 0 0 0 0 0 0 0 0 0 0 0 0 0 0 0 0 0 0 0 0 0 0 0 0 0 0 0 0 0 0 0 71 77 83 55 61 52 56 61 63 70 80 85 96 94 95 95 96 96 98 99 101 107 109 119 118 119 121 121 113 117 121 113 117 120 122 123 121 118 114 106 95 89 89 84 87 93 91 97 105 100 99 100 100 92 94 100 96 100 106 106 109 103 106 107 106 109 102 100 99 93 95 95 105 109 98 111 96 93 100 107 113 114 116 112 115 111 112 108 109 112 115 122 117 123 119 123 130 134 132 132 125 108 101 98 84 76 78 89 102 104 116 114 120 117 99 99 110 98 92 108 135 140 143 140 130 120 121 138 120 113 106 98 79 87 97 87 86 86 110 116 143 146 137 135 133 132 133 130 140 131 141 139 139 145 143 139 138 137 151 148 95 102 115 137 149 140 151 146 143 124 131 106 66 97 102 101 124 127 138 126 119 122 128 128 130 127 113 110 122 117 103 131 111 105 85 98 75 75 84 82 82 99 86 83 78 61 78 100 87 98 123 107 119 113 91 108 147 134 120 102 69 123 148 144 122 145 132 130 122 136 136 116 132 137 126 121 104 135 114 82 89 102 81 94 79 109 107 126 126 124 130 83 103 89 94 119 98 91 112 79 55 47 76 91 87 105 117 116 116 118 116 115 119 125 126 114 117 74 95 95 53 71 67 102 82 75 85 106 93 80 72 67 65 72 56 76 114 106 89 54 52 64 76 90 91 88 89 95 69 45 20 21 23 30 29 38 48 67 93 106 110 118 123 128 114 98 99 100 109 109 114 113 115 114 113 112 116 116 116 110 116 113 0 0 0 0 0 0 0 0 0 0 0 0 0 0 0 0 0 0 0 0 0 0 0 0 0 0 0 0 0 0 0 0 0 0 0 0 0 0 0 0 0 0 0 0 0 0 0 0 0 0 0 0 0 0 0 0 0 0 0 0 0 0 0 0 0 0 0 0 0 0 0 0 0 0 0 0 0 0 0 0 0 0 0 0 0 0 0 0 0 0 0 0 0 0 0 0 0 0 0 0 0 0 0 0 0 0 0 0 0 0 0 0 0 0 0 0 0 0 0 0 0 0 0 0 0 0 0 0 0 
0 0 0 0 0 0 0 0 0 0 0 0 0 0 0 0 0 0 0 0 0 0 0 0 0 0 0 0 0 0 0 0 0 0 0 0 0 0 0 0 0 0 0 0 0 0 0 0 0 0 0 0 0 0 0 0 0 0 0 0 0 0 0 0 0 0 82 83 83 84 86 67 76 69 78 90 80 100 96 97 101 98 98 99 101 104 101 103 106 110 108 118 113 112 124 126 121 123 126 122 123 123 121 118 109 99 95 90 91 87 89 95 100 108 111 118 108 100 100 98 100 105 107 112 106 119 109 112 114 114 115 121 108 109 99 100 95 104 115 123 112 116 111 114 100 118 113 116 121 120 114 113 108 111 109 106 117 122 125 128 131 128 133 137 132 125 119 108 103 99 93 85 85 92 96 100 116 114 116 121 108 102 116 114 95 108 132 149 138 146 128 129 139 136 126 113 118 130 95 98 91 97 106 95 97 116 126 127 140 136 132 135 141 136 146 131 132 148 144 149 157 144 144 137 141 148 150 151 112 134 151 160 159 139 143 124 111 109 127 64 96 106 97 127 134 131 123 121 128 137 138 131 124 110 105 76 103 121 120 92 90 85 74 75 97 94 82 70 68 74 89 55 73 104 87 106 119 128 118 100 94 137 144 119 120 122 80 101 131 127 141 129 135 130 122 124 113 113 131 125 109 89 117 114 114 97 73 54 74 77 100 87 100 119 126 129 136 118 106 95 121 105 98 102 112 95 60 72 93 104 124 107 117 114 116 128 121 110 118 128 134 143 117 114 109 83 56 79 104 91 63 75 85 96 87 80 81 81 66 52 67 118 114 130 66 54 51 53 77 83 87 91 95 95 81 55 30 20 24 25 31 42 60 67 85 100 105 102 127 120 114 95 93 100 102 105 113 115 114 114 112 113 115 116 112 109 110 111 120 119 115 0 0 0 0 0 0 0 0 0 0 0 0 0 0 0 0 0 0 0 0 0 0 0 0 0 0 0 0 0 0 0 0 0 0 0 0 0 0 0 0 0 0 0 0 0 0 0 0 0 0 0 0 0 0 0 0 0 0 0 0 0 0 0 0 0 0 0 0 0 0 0 0 0 0 0 0 0 0 0 0 0 0 0 0 0 0 0 0 0 0 0 0 0 0 0 0 0 0 0 0 0 0 0 0 0 0 0 0 0 0 0 0 0 0 0 0 0 0 0 0 0 0 0 0 0 0 
0 0 0 0 0 0 0 0 0 0 0 0 0 0 0 0 0 0 0 0 0 0 0 0 0 0 0 0 0 0 0 0 0 0 0 0 0 0 0 0 0 0 0 0 0 0 0 0 0 0 0 0 0 0 0 0 0 0 0 0 0 0 0 0 0 78 73 68 81 77 86 84 83 85 92 99 101 109 104 106 101 103 104 100 103 109 108 112 108 108 108 108 110 109 114 117 131 134 129 131 123 126 126 124 114 106 92 92 91 95 101 95 102 108 113 121 125 130 113 98 100 105 113 117 119 125 123 127 126 120 128 121 122 122 112 111 101 111 122 123 130 116 125 128 117 121 117 123 127 120 116 113 105 105 115 111 119 122 128 128 135 137 127 136 129 110 112 114 113 99 98 88 87 90 94 101 102 114 116 121 117 118 108 121 104 101 121 134 137 146 140 132 137 146 138 116 121 124 119 98 98 97 93 109 110 117 130 127 126 120 132 134 148 142 150 153 158 148 161 159 157 152 147 138 135 141 140 151 146 134 151 162 163 156 157 152 111 109 127 150 96 119 114 91 88 118 129 125 128 142 138 133 133 112 101 85 81 106 120 89 77 100 92 84 113 109 78 75 68 74 85 85 68 85 88 99 133 128 118 104 85 135 147 134 134 109 99 96 131 123 129 133 128 102 123 124 113 140 131 123 96 82 116 122 95 53 73 84 74 84 70 87 96 92 119 130 136 99 106 95 117 118 107 82 101 85 60 89 115 104 123 99 96 108 127 118 86 110 123 128 137 155 136 103 78 70 83 79 97 91 73 88 94 96 87 86 83 81 73 51 64 114 127 100 83 52 37 53 66 76 85 85 84 80 60 37 24 20 20 25 30 38 51 75 88 98 92 102 114 118 103 93 91 96 105 105 118 115 117 118 114 111 114 111 110 109 109 111 113 113 113 113 117 0 0 0 0 0 0 0 0 0 0 0 0 0 0 0 0 0 0 0 0 0 0 0 0 0 0 0 0 0 0 0 0 0 0 0 0 0 0 0 0 0 0 0 0 0 0 0 0 0 0 0 0 0 0 0 0 0 0 0 0 0 0 0 0 0 0 0 0 0 0 0 0 0 0 0 0 0 0 0 0 0 0 0 0 0 0 0 0 0 0 0 0 0 0 0 0 0 0 0 0 0 0 0 0 0 0 0 0 0 0 0 0 0 0 0 0 0 0 0 0 0 0 0 0 
0 0 0 0 0 0 0 0 0 0 0 0 0 0 0 0 0 0 0 0 0 0 0 0 0 0 0 0 0 0 0 0 0 0 0 0 0 0 0 0 0 0 0 0 0 0 0 0 0 0 0 0 0 0 0 0 0 0 0 0 0 0 0 0 0 63 59 68 66 65 73 71 82 82 83 99 102 105 111 110 112 111 105 113 117 109 115 118 114 114 109 111 113 113 117 117 122 125 134 134 131 133 135 123 117 106 97 95 93 96 103 107 110 114 121 121 128 132 134 139 140 122 113 117 123 125 126 127 128 129 132 132 132 122 122 111 108 112 118 127 129 132 129 128 129 133 116 119 123 129 133 104 103 105 117 115 119 125 132 129 134 122 128 136 135 118 112 108 107 106 89 83 100 101 94 100 94 120 123 114 117 105 114 125 104 99 104 144 138 141 144 129 145 150 138 131 130 134 133 116 111 111 93 97 110 110 101 129 117 100 115 109 148 149 150 155 153 157 161 159 152 141 147 147 135 139 141 135 136 125 130 125 163 163 157 160 152 147 138 150 158 159 114 110 111 90 109 113 109 112 145 148 133 120 129 85 77 81 91 67 95 79 92 61 75 107 95 102 73 67 106 91 80 85 93 79 121 125 108 94 85 133 148 134 134 130 99 63 119 130 123 107 103 102 124 126 93 140 137 109 79 118 114 122 83 54 61 85 80 70 96 87 67 92 107 133 115 114 121 114 118 118 77 82 104 102 83 87 121 98 101 99 108 121 127 106 67 98 122 131 156 155 133 114 98 77 107 102 98 87 92 88 96 102 93 86 83 79 55 78 107 114 119 103 91 58 33 45 62 72 77 81 84 77 64 38 25 24 29 25 37 47 51 65 74 87 79 102 114 118 100 98 91 93 101 111 117 121 121 116 113 118 114 111 108 107 107 107 108 109 113 116 117 119 120 0 0 0 0 0 0 0 0 0 0 0 0 0 0 0 0 0 0 0 0 0 0 0 0 0 0 0 0 0 0 0 0 0 0 0 0 0 0 0 0 0 0 0 0 0 0 0 0 0 0 0 0 0 0 0 0 0 0 0 0 0 0 0 0 0 0 0 0 0 0 0 0 0 0 0 0 0 0 0 0 0 0 0 0 0 0 0 0 0 0 0 0 0 0 0 0 0 0 0 0 0 0 0 0 0 0 0 0 0 0 0 0 0 0 0 0 0 0 0 0 0 0 
0 0 0 0 0 0 0 0 0 0 0 0 0 0 0 0 0 0 0 0 0 0 0 0 0 0 0 0 0 0 0 0 0 0 0 0 0 0 0 0 0 0 0 0 0 0 0 0 0 0 0 0 0 0 0 0 0 0 0 0 0 0 0 0 52 63 59 59 62 65 66 68 72 75 79 88 89 105 106 110 112 107 111 113 113 121 122 120 120 114 117 119 123 118 124 120 122 126 126 134 132 134 137 132 128 109 107 95 100 108 103 109 112 116 123 127 131 132 139 140 140 138 134 123 123 123 129 131 128 135 132 135 134 133 134 117 116 121 118 122 129 129 130 130 133 126 123 125 123 129 133 126 118 107 112 121 123 132 132 134 130 138 128 139 134 125 114 102 107 116 98 84 80 107 86 88 119 131 123 118 108 105 114 125 120 102 118 137 138 128 150 153 134 150 148 138 130 134 133 132 129 126 109 108 111 112 101 112 98 100 102 98 105 90 141 140 153 148 136 159 151 149 133 143 144 138 141 141 139 125 120 111 112 105 166 161 151 147 134 141 158 159 149 149 116 110 114 113 121 120 109 109 158 153 141 130 129 81 90 93 68 72 71 69 76 113 105 102 95 85 90 122 121 93 86 109 120 125 130 85 109 114 144 135 135 112 75 63 111 137 131 97 113 111 134 126 130 137 137 109 79 105 119 80 74 54 94 85 73 88 79 53 66 106 130 133 109 123 121 116 112 106 106 116 105 102 73 118 121 96 85 111 128 123 86 79 67 122 122 128 148 129 131 104 88 118 107 100 107 105 106 105 120 96 81 72 78 79 55 84 104 117 106 88 58 44 33 39 55 61 71 95 77 58 39 26 25 27 37 37 40 50 59 65 74 66 79 87 106 111 100 99 98 94 101 114 117 121 123 117 116 123 117 109 108 109 107 109 107 106 111 116 118 119 120 118 117 0 0 0 0 0 0 0 0 0 0 0 0 0 0 0 0 0 0 0 0 0 0 0 0 0 0 0 0 0 0 0 0 0 0 0 0 0 0 0 0 0 0 0 0 0 0 0 0 0 0 0 0 0 0 0 0 0 0 0 0 0 0 0 0 0 0 0 0 0 0 0 0 0 0 0 0 0 0 0 0 0 0 0 0 0 0 0 0 0 0 0 0 0 0 0 0 0 0 0 0 0 0 0 0 0 0 0 0 0 0 0 0 0 0 0 0 0 0 0 0 
0 0 0 0 0 0 0 0 0 0 0 0 0 0 0 0 0 0 0 0 0 0 0 0 0 0 0 0 0 0 0 0 0 0 0 0 0 0 0 0 0 0 0 0 0 0 0 0 0 0 0 0 0 0 0 0 0 0 0 0 0 0 0 0 49 49 54 59 62 66 69 69 73 80 79 84 86 93 94 106 102 107 104 104 113 115 115 120 120 124 122 125 130 134 124 127 128 124 127 125 125 128 132 125 128 120 114 105 110 118 115 119 112 122 123 127 130 134 134 132 139 138 134 131 121 123 129 131 134 135 137 136 134 131 134 129 125 128 123 123 127 132 130 123 124 133 139 140 123 125 133 135 118 114 119 121 125 128 145 140 135 137 128 133 142 134 119 116 105 108 83 83 84 107 101 84 95 122 127 126 108 109 109 129 120 102 122 129 141 145 156 132 128 150 155 145 138 127 138 139 139 125 126 108 107 109 99 103 101 91 90 98 62 90 63 55 131 121 112 123 114 149 138 143 157 161 142 137 139 142 146 111 109 119 105 117 113 151 155 142 132 140 149 149 143 125 114 122 132 118 107 109 121 147 141 135 130 111 74 70 56 72 67 66 80 92 103 118 101 77 99 135 121 99 91 77 118 129 97 85 95 113 144 143 146 124 79 107 138 135 98 108 113 104 139 106 131 139 64 71 72 105 119 72 57 84 89 58 64 60 79 84 66 113 126 114 131 116 122 124 112 120 106 117 118 79 127 120 102 74 85 100 117 111 69 81 118 123 141 141 148 129 132 107 98 128 114 104 113 91 106 110 114 79 73 64 66 51 89 84 104 116 103 86 54 58 57 76 55 75 99 95 96 75 46 29 29 40 37 44 59 50 62 68 64 56 71 93 106 102 99 99 104 99 100 107 118 118 111 117 121 123 122 113 107 109 110 106 105 106 116 116 118 120 118 117 119 119 122 0 0 0 0 0 0 0 0 0 0 0 0 0 0 0 0 0 0 0 0 0 0 0 0 0 0 0 0 0 0 0 0 0 0 0 0 0 0 0 0 0 0 0 0 0 0 0 0 0 0 0 0 0 0 0 0 0 0 0 0 0 0 0 0 0 0 0 0 0 0 0 0 0 0 0 0 0 0 0 0 0 0 0 0 0 0 0 0 0 0 0 0 0 0 0 0 0 0 0 0 0 0 0 0 0 0 0 0 0 0 0 0 0 0 0 0 0 0 
0 0 0 0 0 0 0 0 0 0 0 0 0 0 0 0 0 0 0 0 0 0 0 0 0 0 0 0 0 0 0 0 0 0 0 0 0 0 0 0 0 0 0 0 0 0 0 0 0 0 0 0 0 0 0 0 0 0 0 0 0 0 0 46 46 49 57 60 62 66 69 73 76 82 84 90 89 90 94 95 98 101 99 100 106 109 114 113 120 117 116 118 131 132 136 134 128 133 127 129 128 132 129 128 119 110 114 116 121 118 123 127 124 128 126 130 130 130 126 132 131 132 136 133 132 131 131 133 134 135 137 138 136 135 131 127 126 128 125 123 128 132 130 126 133 132 132 140 139 147 128 137 129 127 127 127 127 128 143 149 136 136 133 140 132 119 120 116 101 107 102 102 94 108 109 81 84 122 138 130 113 104 93 122 131 124 122 129 149 154 146 150 136 146 151 145 133 127 137 142 140 133 142 124 124 109 107 109 101 87 88 76 66 46 54 55 57 45 112 101 88 108 102 132 120 161 150 121 139 138 130 148 149 132 117 117 113 97 155 155 160 134 128 135 143 125 114 100 88 136 128 114 101 117 151 137 130 125 115 69 89 65 64 73 75 69 103 109 94 87 94 106 139 118 78 93 118 132 122 94 101 103 151 145 146 82 79 82 137 136 104 103 109 137 139 128 131 138 72 83 80 101 70 72 57 53 89 49 54 62 72 98 103 114 126 124 106 116 129 136 130 121 128 134 118 91 113 120 95 68 102 96 89 67 90 81 107 130 140 136 134 136 115 117 118 128 107 97 91 85 87 100 47 60 54 64 60 45 79 96 112 116 103 49 66 58 86 81 60 73 94 102 87 65 52 29 30 40 44 47 66 71 74 68 55 56 58 81 109 104 98 107 106 99 104 107 109 104 97 108 116 122 115 113 109 109 109 106 108 110 116 119 122 120 121 124 119 122 124 120 122 0 0 0 0 0 0 0 0 0 0 0 0 0 0 0 0 0 0 0 0 0 0 0 0 0 0 0 0 0 0 0 0 0 0 0 0 0 0 0 0 0 0 0 0 0 0 0 0 0 0 0 0 0 0 0 0 0 0 0 0 0 0 0 0 0 0 0 0 0 0 0 0 0 0 0 0 0 0 0 0 0 0 0 0 0 0 0 0 0 0 0 0 0 0 0 0 0 0 0 0 0 0 0 0 0 0 0 0 0 0 0 0 0 0 0 0 
0 0 0 0 0 0 0 0 0 0 0 0 0 0 0 0 0 0 0 0 0 0 0 0 0 0 0 0 0 0 0 0 0 0 0 0 0 0 0 0 0 0 0 0 0 0 0 0 0 0 0 0 0 0 0 0 0 0 0 0 0 0 0 46 46 48 53 58 66 70 74 73 76 82 86 89 90 90 90 93 98 97 99 100 104 108 111 110 109 107 111 124 127 132 132 131 130 128 131 129 130 132 135 128 123 118 106 110 114 121 122 127 132 128 132 136 131 131 129 126 125 132 129 133 131 131 131 134 136 137 137 138 140 143 134 129 125 125 121 126 127 132 132 132 131 129 128 134 137 139 137 137 135 138 134 128 127 136 149 144 141 136 132 137 132 123 118 116 108 106 108 105 94 93 97 80 71 118 138 130 104 100 93 111 128 134 141 141 149 154 161 154 136 144 148 158 145 126 152 146 140 133 142 131 125 111 110 105 99 90 88 67 66 52 51 49 38 35 43 43 88 65 102 90 81 116 108 95 116 111 130 127 131 134 132 130 121 129 107 114 160 156 160 118 110 118 137 100 93 91 128 123 136 138 130 121 133 124 116 113 89 85 67 48 95 87 92 97 94 111 94 106 126 129 106 88 122 123 122 88 97 103 142 142 138 109 78 126 130 114 112 103 119 133 119 126 141 97 88 83 93 101 75 59 76 53 77 67 73 62 93 98 90 107 126 124 99 128 133 136 133 127 128 136 98 109 105 87 81 68 80 78 73 75 83 95 135 128 136 136 131 149 136 126 112 102 102 91 93 85 92 80 47 65 88 48 45 73 87 96 97 87 75 49 66 94 69 81 75 94 94 102 90 90 83 36 31 40 45 71 66 83 84 71 62 55 77 81 102 101 98 106 107 106 104 108 104 95 97 101 116 119 113 109 108 110 109 113 108 112 116 119 122 124 126 127 125 125 124 124 125 124 125 0 0 0 0 0 0 0 0 0 0 0 0 0 0 0 0 0 0 0 0 0 0 0 0 0 0 0 0 0 0 0 0 0 0 0 0 0 0 0 0 0 0 0 0 0 0 0 0 0 0 0 0 0 0 0 0 0 0 0 0 0 0 0 0 0 0 0 0 0 0 0 0 0 0 0 0 0 0 0 0 0 0 0 0 0 0 0 0 0 0 0 0 0 0 0 0 0 0 0 0 0 0 0 0 0 0 0 0 0 0 0 0 0 0 
0 0 0 0 0 0 0 0 0 0 0 0 0 0 0 0 0 0 0 0 0 0 0 0 0 0 0 0 0 0 0 0 0 0 0 0 0 0 0 0 0 0 0 0 0 0 0 0 0 0 0 0 0 0 0 0 0 0 0 0 0 0 43 43 45 51 56 58 64 70 75 80 85 87 86 90 90 90 88 88 96 97 100 103 107 108 112 110 106 105 108 118 123 129 130 131 122 128 124 122 121 130 129 131 127 118 117 123 114 115 115 124 126 134 139 136 136 139 129 131 129 126 124 127 129 133 131 135 136 136 133 142 140 143 140 135 125 121 118 121 122 130 128 129 123 132 128 128 130 141 144 138 133 130 137 139 127 131 142 151 147 137 132 136 123 117 118 114 115 109 114 106 98 96 105 101 71 80 113 126 111 99 101 128 128 139 141 152 152 152 161 154 142 148 148 150 145 143 140 145 140 138 136 128 125 113 109 105 106 105 92 76 64 57 51 44 35 35 36 29 33 28 56 45 81 69 58 95 87 76 114 113 130 123 123 130 123 113 125 108 126 133 150 144 153 118 130 142 93 91 73 77 87 141 139 121 136 136 120 121 96 83 59 50 56 87 71 86 94 107 110 112 125 126 116 88 96 104 105 90 91 133 148 142 125 109 99 134 122 119 123 128 131 133 121 126 136 115 111 87 105 75 57 59 62 54 77 67 73 82 77 89 107 107 120 94 99 134 125 124 138 129 143 136 112 99 105 81 81 70 77 67 72 81 83 111 124 121 137 146 155 147 125 111 112 108 99 102 96 70 54 42 71 103 88 65 57 65 81 83 78 74 48 67 66 94 69 50 77 90 93 84 90 102 83 58 37 33 36 62 92 92 84 78 62 62 76 98 105 99 105 103 107 104 104 106 105 97 99 97 103 108 113 110 108 114 114 115 111 110 116 121 122 126 128 127 127 127 128 125 125 126 125 128 131 133 0 0 0 0 0 0 0 0 0 0 0 0 0 0 0 0 0 0 0 0 0 0 0 0 0 0 0 0 0 0 0 0 0 0 0 0 0 0 0 0 0 0 0 0 0 0 0 0 0 0 0 0 0 0 0 0 0 0 0 0 0 0 0 0 0 0 0 0 0 0 0 0 0 0 0 0 0 0 0 0 0 0 0 0 0 0 0 0 0 0 0 0 0 0 0 0 0 0 0 0 0 0 0 0 0 0 0 0 0 0 0 
0 0 0 0 0 0 0 0 0 0 0 0 0 0 0 0 0 0 0 0 0 0 0 0 0 0 0 0 0 0 0 0 0 0 0 0 0 0 0 0 0 0 0 0 0 0 0 0 0 0 0 0 0 0 0 0 0 0 0 0 0 0 38 40 43 48 54 65 70 70 79 86 85 89 90 90 90 90 89 88 95 99 100 103 107 111 113 109 108 108 114 119 123 128 131 128 123 117 116 116 121 118 129 126 120 123 120 120 129 133 115 122 126 131 135 141 142 142 139 137 129 129 126 124 128 133 139 143 137 135 133 134 134 143 140 135 130 126 119 119 122 130 129 128 125 128 141 143 135 141 144 142 137 126 137 145 137 136 147 148 147 142 140 135 131 118 115 109 115 107 107 106 96 96 102 93 83 95 113 128 108 99 98 117 135 142 146 157 152 152 149 160 142 148 152 155 152 150 146 145 152 138 132 137 120 123 117 107 100 105 89 76 63 58 38 29 33 29 27 29 25 22 22 20 36 31 23 51 49 76 73 67 117 117 121 127 117 104 96 108 102 105 135 138 136 158 153 147 141 121 73 77 87 122 146 142 139 118 99 121 126 111 95 54 50 98 102 86 103 121 110 108 112 138 134 102 101 104 103 92 91 123 140 136 122 102 132 131 122 123 123 129 134 124 110 125 108 103 111 94 105 67 55 56 53 80 72 76 75 82 77 101 121 119 65 101 131 135 125 137 142 147 160 122 107 88 95 104 81 56 58 48 71 68 94 112 124 141 137 157 139 147 126 123 102 91 103 112 96 64 37 40 77 111 74 81 57 61 81 63 60 78 57 76 72 64 60 50 77 90 87 84 104 113 81 50 37 38 62 62 80 93 96 88 76 81 76 94 94 99 100 96 105 104 106 104 98 97 95 97 101 107 113 118 114 116 112 115 112 109 112 119 127 128 129 128 127 127 125 122 123 122 127 129 132 134 132 0 0 0 0 0 0 0 0 0 0 0 0 0 0 0 0 0 0 0 0 0 0 0 0 0 0 0 0 0 0 0 0 0 0 0 0 0 0 0 0 0 0 0 0 0 0 0 0 0 0 0 0 0 0 0 0 0 0 0 0 0 0 0 0 0 0 0 0 0 0 0 0 0 0 0 0 0 0 0 0 0 0 0 0 0 0 0 0 0 0 0 0 0 0 0 0 0 0 0 0 0 0 0 0 0 0 0 0 0 0 
0 0 0 0 0 0 0 0 0 0 0 0 0 0 0 0 0 0 0 0 0 0 0 0 0 0 0 0 0 0 0 0 0 0 0 0 0 0 0 0 0 0 0 0 0 0 0 0 0 0 0 0 0 0 0 0 0 0 0 0 0 38 39 42 44 48 54 62 67 76 79 85 90 92 92 91 90 90 89 90 94 95 100 105 107 112 113 113 110 108 112 116 126 131 131 127 123 119 115 115 115 112 117 112 120 112 103 120 122 126 137 139 128 133 135 137 138 142 141 140 135 132 126 128 129 133 143 143 146 144 138 142 132 130 130 143 130 126 124 123 128 132 129 125 125 128 137 145 143 144 142 139 138 121 128 145 144 135 143 147 142 140 137 135 132 118 116 114 107 100 97 99 97 96 98 93 94 95 106 109 125 93 97 117 138 142 132 152 156 149 149 146 133 136 152 155 160 157 150 150 152 148 139 137 130 121 117 113 97 98 83 67 57 58 37 37 33 32 19 18 17 18 17 20 18 12 17 22 16 54 54 69 75 76 121 117 124 111 109 93 90 105 110 119 136 132 143 141 129 126 119 114 74 122 146 150 152 138 129 102 131 134 74 46 50 77 108 87 101 112 133 118 112 132 134 126 118 115 130 103 118 145 140 122 122 117 124 130 136 128 125 128 134 103 110 116 97 95 78 94 71 55 55 67 62 77 74 72 74 98 103 101 121 79 118 101 141 121 140 145 155 153 160 112 88 87 108 110 58 44 39 70 58 68 89 122 116 121 140 127 139 136 128 123 102 96 101 125 85 61 61 87 98 111 85 83 68 58 49 57 84 71 70 76 82 80 59 82 79 84 87 84 116 113 96 69 37 54 72 72 84 93 106 88 85 87 91 98 93 91 93 96 100 97 101 96 95 99 95 100 106 107 115 118 118 112 106 112 108 110 115 119 126 128 129 127 125 124 122 120 120 122 124 126 130 133 133 134 137 0 0 0 0 0 0 0 0 0 0 0 0 0 0 0 0 0 0 0 0 0 0 0 0 0 0 0 0 0 0 0 0 0 0 0 0 0 0 0 0 0 0 0 0 0 0 0 0 0 0 0 0 0 0 0 0 0 0 0 0 0 0 0 0 0 0 0 0 0 0 0 0 0 0 0 0 0 0 0 0 0 0 0 0 0 0 0 0 0 0 0 0 0 0 0 0 0 0 0 0 0 0 0 0 0 0 0 0 
0 0 0 0 0 0 0 0 0 0 0 0 0 0 0 0 0 0 0 0 0 0 0 0 0 0 0 0 0 0 0 0 0 0 0 0 0 0 0 0 0 0 0 0 0 0 0 0 0 0 0 0 0 0 0 0 0 0 0 0 0 40 42 44 43 48 55 63 67 77 84 85 89 92 92 90 92 92 91 90 94 95 97 101 109 112 112 111 109 108 111 116 122 129 132 131 123 120 119 115 113 112 111 107 102 93 90 105 110 126 131 139 141 143 138 141 140 136 135 140 138 135 133 131 129 131 133 146 144 144 146 147 143 139 138 132 135 140 124 123 127 132 132 132 134 131 138 148 149 144 146 143 138 127 122 133 133 135 122 147 142 134 142 130 132 118 123 114 102 96 97 103 108 95 86 84 90 95 118 109 125 128 98 122 134 136 131 149 156 138 149 147 145 145 159 158 160 157 150 148 152 146 142 138 132 127 115 110 97 95 87 72 57 49 46 24 22 18 19 19 15 14 17 16 23 31 22 24 16 16 18 53 54 69 66 86 129 119 109 111 118 101 87 70 119 121 139 137 129 118 123 127 94 94 136 150 152 148 129 112 102 110 101 63 53 74 108 93 116 112 103 120 110 114 126 129 118 109 122 103 104 142 133 133 124 109 131 130 137 128 124 135 129 108 111 106 89 95 93 94 83 66 68 63 82 81 80 72 85 113 104 86 67 79 118 134 99 121 128 143 161 148 102 79 97 112 100 110 69 55 49 60 51 90 113 104 118 121 110 132 136 137 125 109 100 104 129 125 105 95 69 77 76 77 88 83 51 58 44 58 74 62 54 80 77 80 71 63 79 80 88 101 116 106 85 69 53 75 72 68 77 102 101 102 98 87 92 94 93 87 89 97 92 90 81 87 95 98 95 101 107 112 113 113 110 103 106 105 105 109 115 122 124 127 127 124 125 125 124 121 120 122 123 127 133 133 133 134 138 139 142 143 0 0 0 0 0 0 0 0 0 0 0 0 0 0 0 0 0 0 0 0 0 0 0 0 0 0 0 0 0 0 0 0 0 0 0 0 0 0 0 0 0 0 0 0 0 0 0 0 0 0 0 0 0 0 0 0 0 0 0 0 0 0 0 0 0 0 0 0 0 0 0 0 0 0 0 0 0 0 0 0 0 0 0 0 0 0 0 0 0 0 0 0 0 0 0 0 0 0 0 0 0 0 0 0 0 
0 0 0 0 0 0 0 0 0 0 0 0 0 0 0 0 0 0 0 0 0 0 0 0 0 0 0 0 0 0 0 0 0 0 0 0 0 0 0 0 0 0 0 0 0 0 0 0 0 0 0 0 0 0 0 0 0 0 0 0 45 46 48 46 50 48 54 62 70 76 81 89 93 92 93 90 92 92 92 93 93 95 97 101 108 112 113 112 111 109 109 115 121 129 132 131 125 122 120 118 116 111 107 107 97 86 90 89 95 114 119 132 135 143 146 147 140 137 135 134 130 133 130 129 129 129 131 136 136 146 145 149 146 145 138 140 143 137 142 135 127 132 137 139 134 132 132 143 146 153 153 146 133 133 122 121 123 137 130 130 132 126 131 124 132 124 124 120 105 99 92 99 108 78 86 93 93 108 115 112 110 119 98 113 134 143 139 130 146 140 143 148 145 139 152 158 153 152 153 148 146 146 142 141 127 127 132 116 94 79 70 55 57 56 26 24 18 15 13 18 16 27 17 26 38 47 35 37 30 34 26 41 32 69 47 36 91 87 124 119 118 89 94 70 58 60 128 127 141 130 130 124 120 94 111 137 131 148 131 120 114 110 134 63 59 77 105 95 98 116 100 120 121 114 123 124 118 126 139 102 128 142 134 133 132 114 125 141 135 128 131 135 131 117 100 97 90 79 77 87 84 66 59 56 72 82 81 89 117 104 63 86 59 94 123 134 99 146 150 160 139 148 108 85 114 117 115 86 82 56 48 41 51 95 100 107 107 115 144 132 139 141 125 118 112 115 116 113 107 60 65 68 76 71 87 58 52 45 61 67 74 59 54 40 49 81 60 56 73 92 88 120 115 106 85 69 86 79 59 66 77 96 101 97 95 100 102 94 86 88 89 93 86 78 70 82 100 100 102 107 107 108 108 107 106 101 106 108 107 110 115 119 122 123 127 124 123 123 123 121 120 120 120 122 128 130 134 137 138 143 144 143 144 148 0 0 0 0 0 0 0 0 0 0 0 0 0 0 0 0 0 0 0 0 0 0 0 0 0 0 0 0 0 0 0 0 0 0 0 0 0 0 0 0 0 0 0 0 0 0 0 0 0 0 0 0 0 0 0 0 0 0 0 0 0 0 0 0 0 0 0 0 0 0 0 0 0 0 0 0 0 0 0 0 0 0 0 0 0 0 0 0 0 0 0 0 0 0 0 0 0 0 0 0 0 0 0 
0 0 0 0 0 0 0 0 0 0 0 0 0 0 0 0 0 0 0 0 0 0 0 0 0 0 0 0 0 0 0 0 0 0 0 0 0 0 0 0 0 0 0 0 0 0 0 0 0 0 0 0 0 0 0 0 0 0 0 0 47 50 53 50 56 55 63 62 76 82 81 85 89 96 96 93 93 92 94 94 93 95 99 105 108 112 112 113 111 111 109 111 115 127 131 127 122 119 120 115 116 112 109 102 94 87 85 88 95 102 108 120 122 138 139 139 145 142 135 135 132 130 128 128 131 132 131 130 136 138 139 141 138 137 147 148 142 144 142 146 150 141 137 139 139 143 134 140 146 152 158 152 142 135 128 127 123 141 130 122 124 124 131 132 128 124 124 127 117 99 95 93 93 88 81 98 93 96 122 112 102 100 115 107 126 137 142 130 143 140 138 145 140 143 154 158 148 152 150 141 146 146 141 138 135 127 123 116 89 76 65 56 52 39 23 20 15 15 17 31 29 46 43 53 56 49 60 37 51 56 40 48 53 31 35 36 32 87 75 64 118 117 110 101 117 60 99 127 118 115 122 123 119 117 124 137 130 126 131 120 114 116 115 110 89 77 106 88 98 122 121 126 127 121 100 124 135 143 139 110 111 137 133 136 125 111 125 138 135 128 127 129 121 101 98 85 90 69 68 78 89 57 53 71 77 76 81 96 111 106 65 70 94 108 125 146 123 146 150 161 141 110 85 115 124 128 115 97 90 56 38 43 86 78 105 97 107 120 145 156 140 141 135 128 112 102 116 114 99 63 61 90 80 86 87 60 52 52 54 72 89 83 29 41 49 63 56 56 68 80 110 124 120 105 101 69 86 79 54 51 84 89 94 92 95 102 98 94 81 81 92 81 74 69 78 82 96 101 103 103 104 103 103 102 103 101 107 110 109 110 115 117 116 123 121 124 123 123 124 123 119 117 119 124 127 130 131 134 138 140 142 144 146 148 148 0 0 0 0 0 0 0 0 0 0 0 0 0 0 0 0 0 0 0 0 0 0 0 0 0 0 0 0 0 0 0 0 0 0 0 0 0 0 0 0 0 0 0 0 0 0 0 0 0 0 0 0 0 0 0 0 0 0 0 0 0 0 0 0 0 0 0 0 0 0 0 0 0 0 0 0 0 0 0 0 0 0 0 0 0 0 0 0 0 0 0 0 0 0 0 0 0 0 0 0 0 0 
0 0 0 0 0 0 0 0 0 0 0 0 0 0 0 0 0 0 0 0 0 0 0 0 0 0 0 0 0 0 0 0 0 0 0 0 0 0 0 0 0 0 0 0 0 0 0 0 0 0 0 0 0 0 0 0 0 0 0 52 55 60 57 62 56 62 68 70 77 81 85 90 89 93 96 95 94 93 93 96 96 99 99 109 109 112 112 113 115 115 111 113 115 122 126 131 127 122 117 113 111 108 109 104 87 87 88 89 94 101 112 115 122 127 131 139 139 137 141 138 130 130 130 128 129 131 131 132 132 131 135 131 131 137 139 140 148 149 147 151 150 152 155 142 139 143 145 146 150 153 153 148 145 135 127 133 124 127 131 125 128 124 128 132 127 125 131 135 125 98 100 93 78 88 75 88 100 96 119 112 102 100 127 107 115 132 139 119 126 140 134 145 152 146 152 156 158 148 153 147 145 145 141 138 135 127 120 94 73 65 49 56 46 30 24 18 25 25 42 45 64 46 61 69 65 63 77 67 70 56 63 62 53 55 54 36 36 27 25 64 55 49 110 104 100 106 102 131 135 128 129 118 119 116 110 135 141 110 114 136 136 116 115 123 114 103 115 104 94 125 121 135 127 112 98 106 140 139 115 110 111 136 131 146 126 109 135 141 132 132 127 131 127 101 93 76 83 84 80 85 89 53 58 72 97 82 104 92 94 85 65 82 91 98 131 138 128 149 159 161 141 121 101 121 128 134 124 109 90 29 44 43 81 75 107 104 121 142 145 144 135 141 146 129 58 49 106 90 76 63 110 90 92 76 53 60 50 47 77 72 99 83 38 37 59 71 63 55 66 80 119 124 119 102 93 98 82 52 54 51 67 79 88 87 99 101 99 83 82 81 95 101 72 73 81 91 97 102 100 103 102 97 99 100 101 107 108 109 111 110 114 116 113 114 112 122 122 122 122 123 121 119 118 122 122 128 129 134 135 136 142 142 144 146 145 148 146 0 0 0 0 0 0 0 0 0 0 0 0 0 0 0 0 0 0 0 0 0 0 0 0 0 0 0 0 0 0 0 0 0 0 0 0 0 0 0 0 0 0 0 0 0 0 0 0 0 0 0 0 0 0 0 0 0 0 0 0 0 0 0 0 0 0 0 0 0 0 0 0 0 0 0 0 0 0 0 0 0 0 0 0 0 0 0 0 0 0 0 0 0 0 0 0 0 0 0 0 
0 0 0 0 0 0 0 0 0 0 0 0 0 0 0 0 0 0 0 0 0 0 0 0 0 0 0 0 0 0 0 0 0 0 0 0 0 0 0 0 0 0 0 0 0 0 0 0 0 0 0 0 0 0 0 0 0 0 0 56 59 64 64 68 67 74 68 79 81 81 83 87 90 91 94 94 94 93 98 96 99 101 104 107 111 111 112 114 115 115 113 114 117 121 128 126 121 122 118 112 107 105 106 97 88 85 86 89 94 98 104 107 119 123 126 134 134 137 136 134 134 130 131 132 135 133 135 132 134 130 130 129 131 134 136 143 147 149 150 150 150 150 151 155 154 150 145 146 148 151 150 153 147 132 123 133 126 127 134 130 125 116 111 127 130 125 127 138 125 119 107 91 86 77 72 88 107 92 119 128 118 106 121 117 126 133 139 131 126 141 151 152 147 156 151 158 158 153 144 153 150 143 136 133 126 127 120 106 76 57 42 29 26 18 21 31 25 41 61 61 77 76 75 78 79 85 77 79 79 72 70 69 61 64 55 52 36 36 35 29 47 24 57 52 100 112 102 107 108 119 116 120 107 102 110 117 141 150 143 114 149 142 113 123 114 104 125 104 76 102 123 120 136 115 98 95 140 139 129 116 134 131 147 140 118 109 132 141 132 133 131 130 100 86 70 76 95 78 65 80 76 75 75 93 83 82 101 79 67 89 80 100 100 134 123 138 118 152 157 139 128 121 101 140 131 134 137 108 54 24 36 61 75 75 108 104 116 133 145 142 143 151 123 129 49 49 85 73 98 108 112 92 75 76 61 60 42 47 70 109 94 55 53 37 61 55 63 55 69 97 112 112 99 102 97 85 82 56 60 54 67 87 88 87 94 102 105 89 82 91 105 87 74 77 81 90 92 98 89 91 87 97 99 97 101 103 104 108 111 114 115 109 107 104 112 111 113 120 121 122 121 121 119 118 122 123 123 129 130 130 136 139 144 142 145 145 145 146 147 150 0 0 0 0 0 0 0 0 0 0 0 0 0 0 0 0 0 0 0 0 0 0 0 0 0 0 0 0 0 0 0 0 0 0 0 0 0 0 0 0 0 0 0 0 0 0 0 0 0 0 0 0 0 0 0 0 0 0 0 0 0 0 0 0 0 0 0 0 0 0 0 0 0 0 0 0 0 0 0 0 0 0 0 0 0 0 0 0 0 0 0 0 0 0 0 0 0 
0 0 0 0 0 0 0 0 0 0 0 0 0 0 0 0 0 0 0 0 0 0 0 0 0 0 0 0 0 0 0 0 0 0 0 0 0 0 0 0 0 0 0 0 0 0 0 0 0 0 0 0 0 0 0 0 0 0 58 62 66 64 73 68 74 79 78 81 84 82 84 87 89 91 91 92 95 96 97 101 101 101 103 106 109 108 108 114 116 115 113 114 115 115 123 124 121 118 112 106 98 105 104 92 88 83 82 93 98 103 106 107 111 118 123 131 133 135 135 133 132 133 131 132 133 137 137 137 139 130 128 129 131 134 135 138 143 148 147 150 151 150 151 149 148 153 152 147 148 151 151 150 147 139 131 131 133 120 126 125 125 111 111 121 127 123 120 125 127 113 107 87 86 84 74 103 108 101 108 131 118 111 120 123 117 126 139 146 129 149 151 152 148 147 156 155 158 152 151 154 150 144 135 133 127 117 115 106 45 37 42 26 25 25 31 56 55 74 75 82 77 82 80 86 91 96 88 88 79 81 79 69 70 70 61 59 51 53 35 36 35 24 26 28 47 61 112 99 86 119 140 120 132 129 100 92 133 136 127 114 123 142 131 132 104 104 125 109 95 102 136 120 142 132 105 101 126 132 109 116 127 136 141 133 127 115 132 130 134 133 126 129 98 91 78 105 81 63 84 80 90 78 83 86 76 100 85 64 90 89 86 100 100 130 110 124 149 152 130 139 117 111 146 140 131 123 94 108 27 36 36 56 53 109 107 107 132 133 134 149 143 149 127 67 65 80 79 96 98 106 112 95 89 71 56 54 62 76 70 79 94 70 85 77 71 43 52 69 69 97 109 109 106 107 107 89 60 67 60 55 53 87 88 91 103 106 96 86 82 86 103 97 83 80 85 89 87 78 89 79 73 87 92 97 100 102 105 113 111 117 119 113 103 100 106 112 113 117 121 120 122 121 121 118 119 118 123 125 126 130 131 132 137 137 143 142 145 145 149 150 154 158 0 0 0 0 0 0 0 0 0 0 0 0 0 0 0 0 0 0 0 0 0 0 0 0 0 0 0 0 0 0 0 0 0 0 0 0 0 0 0 0 0 0 0 0 0 0 0 0 0 0 0 0 0 0 0 0 0 0 0 0 0 0 0 0 0 0 0 0 0 0 0 0 0 0 0 0 0 0 0 0 0 0 0 0 0 0 0 0 0 0 0 0 0 0 0 
0 0 0 0 0 0 0 0 0 0 0 0 0 0 0 0 0 0 0 0 0 0 0 0 0 0 0 0 0 0 0 0 0 0 0 0 0 0 0 0 0 0 0 0 0 0 0 0 0 0 0 0 0 0 0 0 0 0 69 72 77 73 77 80 87 79 84 90 84 86 86 87 87 89 90 92 96 99 97 99 101 103 104 106 105 103 108 115 116 117 116 114 115 116 118 117 121 118 113 108 100 96 93 91 85 81 82 89 97 102 104 108 112 118 128 131 133 134 135 136 137 138 133 133 133 136 137 136 136 138 136 135 129 130 135 143 143 145 147 151 153 150 148 145 148 150 152 154 150 149 151 150 145 141 131 123 133 124 118 119 119 118 112 114 127 131 124 125 129 128 107 96 81 72 74 85 98 101 103 107 132 131 128 123 114 126 133 146 134 136 151 142 151 142 141 155 159 156 140 145 146 142 137 135 121 117 101 58 45 37 24 23 28 42 61 56 67 82 75 79 81 86 95 96 100 96 93 95 86 87 84 77 75 70 67 59 58 58 45 47 45 34 32 28 27 61 80 84 92 71 71 142 135 129 68 92 108 125 138 124 131 126 135 132 129 86 103 109 95 123 140 116 141 132 101 114 126 139 116 125 131 134 133 122 127 110 121 127 134 131 125 108 93 69 78 105 81 58 83 89 83 78 78 91 76 104 85 87 83 102 105 113 133 103 110 122 148 147 133 122 122 154 146 145 133 123 94 64 27 26 44 48 53 97 107 103 128 136 133 146 152 139 127 65 65 65 89 104 107 106 113 114 89 76 49 57 68 89 87 71 71 91 85 101 48 43 51 73 104 109 101 94 106 114 99 89 57 63 62 56 75 93 93 91 103 106 99 87 87 100 101 87 79 80 85 88 89 79 71 68 73 90 93 97 96 101 107 117 120 122 118 107 104 100 107 114 115 120 119 119 119 121 120 118 120 119 118 120 121 126 126 132 133 137 137 136 141 143 147 155 156 158 148 0 0 0 0 0 0 0 0 0 0 0 0 0 0 0 0 0 0 0 0 0 0 0 0 0 0 0 0 0 0 0 0 0 0 0 0 0 0 0 0 0 0 0 0 0 0 0 0 0 0 0 0 0 0 0 0 0 0 0 0 0 0 0 0 0 0 0 0 0 0 0 0 0 0 0 0 0 0 0 0 0 0 0 0 0 0 0 0 0 0 0 0 0 0 
0 0 0 0 0 0 0 0 0 0 0 0 0 0 0 0 0 0 0 0 0 0 0 0 0 0 0 0 0 0 0 0 0 0 0 0 0 0 0 0 0 0 0 0 0 0 0 0 0 0 0 0 0 0 0 0 0 76 79 84 77 88 77 86 91 91 90 93 92 90 86 86 87 87 87 93 97 100 101 103 101 104 105 104 104 102 104 109 117 118 116 116 115 116 118 117 117 113 110 102 100 97 94 90 86 84 83 88 100 103 104 105 110 113 124 126 134 135 135 139 140 138 137 138 134 135 137 139 136 144 146 135 134 135 136 139 144 146 147 154 154 150 148 150 134 134 152 154 154 149 143 151 145 141 127 123 127 126 125 119 122 118 114 123 120 135 137 130 126 128 121 111 92 83 82 95 104 92 105 107 128 134 127 132 116 126 123 137 133 136 146 151 152 150 137 147 149 146 139 145 149 144 141 136 121 93 57 38 28 31 24 23 28 50 72 80 96 82 95 79 86 96 99 99 99 93 94 95 89 87 84 81 81 73 73 60 62 58 52 50 45 42 45 33 32 33 38 36 92 88 71 97 123 123 112 59 78 110 138 122 131 134 129 137 137 125 117 142 126 123 140 125 106 111 102 119 141 131 116 120 123 131 123 116 129 117 127 130 134 133 122 110 102 67 92 85 53 81 83 91 81 87 77 99 110 85 85 84 83 103 108 115 129 104 117 148 148 141 133 134 149 156 145 144 121 105 90 64 27 26 28 61 87 85 98 100 128 117 150 146 155 135 102 79 62 89 90 104 107 106 117 118 99 53 54 66 89 89 77 71 74 99 112 91 67 64 88 73 108 101 92 84 107 118 102 68 76 63 61 63 73 90 93 98 109 103 99 87 85 92 99 87 77 81 83 84 80 79 77 81 78 91 94 97 98 101 116 117 123 123 120 112 108 106 112 114 121 120 119 120 118 118 119 118 118 119 121 120 121 122 122 125 127 131 129 136 134 147 147 154 152 152 150 145 143 141 0 0 0 0 0 0 0 0 0 0 0 0 0 0 0 0 0 0 0 0 0 0 0 0 0 0 0 0 0 0 0 0 0 0 0 0 0 0 0 0 0 0 0 0 0 0 0 0 0 0 0 0 0 0 0 0 0 0 0 0 0 0 0 0 0 0 0 0 0 0 0 0 0 0 0 0 0 0 0 0 0 0 0 0 0 0 0 0 0 0 0 
0 0 0 0 0 0 0 0 0 0 0 0 0 0 0 0 0 0 0 0 0 0 0 0 0 0 0 0 0 0 0 0 0 0 0 0 0 0 0 0 0 0 0 0 0 0 0 0 0 0 0 0 0 0 0 0 0 83 88 91 88 92 94 99 91 94 97 93 95 94 90 88 87 86 87 91 102 100 103 105 105 107 106 105 103 102 101 104 113 115 117 117 116 119 121 118 117 113 107 103 98 95 90 85 83 84 81 79 91 96 107 111 115 117 121 126 130 133 139 142 144 141 141 138 140 135 138 140 142 145 147 146 145 135 141 139 138 138 147 150 155 153 153 150 144 134 140 144 146 150 143 140 136 141 127 123 122 128 132 122 129 117 116 123 118 124 137 128 132 126 121 102 99 83 81 83 104 90 96 107 123 135 137 130 116 113 129 121 136 129 142 154 157 160 137 145 153 153 153 144 146 144 139 120 121 92 60 35 25 29 24 40 57 50 72 93 103 99 105 105 109 109 95 95 99 95 93 94 90 87 84 88 81 81 73 70 72 64 56 57 44 44 45 41 32 32 31 34 43 53 83 75 123 126 126 104 96 105 134 148 132 144 129 119 140 125 111 107 138 113 139 125 106 123 106 119 122 143 126 129 137 129 123 116 134 120 123 128 129 127 108 107 67 67 85 86 58 67 91 92 81 63 99 99 110 84 75 92 99 107 74 120 116 104 104 151 154 142 148 163 156 156 146 144 128 113 73 23 22 25 28 61 77 85 62 66 102 133 157 156 134 135 73 79 65 72 84 91 90 115 114 118 98 62 69 67 89 79 79 91 114 99 118 94 67 80 106 117 98 85 101 84 103 120 100 71 82 79 76 79 91 90 93 94 103 104 86 75 85 92 82 76 77 75 75 77 82 84 84 81 91 92 94 96 94 104 113 123 122 118 116 112 108 107 110 115 117 118 120 118 118 119 119 119 119 119 120 120 121 122 122 122 127 126 124 127 134 142 148 141 152 148 150 150 148 145 139 137 0 0 0 0 0 0 0 0 0 0 0 0 0 0 0 0 0 0 0 0 0 0 0 0 0 0 0 0 0 0 0 0 0 0 0 0 0 0 0 0 0 0 0 0 0 0 0 0 0 0 0 0 0 0 0 0 0 0 0 0 0 0 0 0 0 0 0 0 0 0 0 0 0 0 0 0 0 0 0 0 0 0 0 0 0 0 0 0 0 
0 0 0 0 0 0 0 0 0 0 0 0 0 0 0 0 0 0 0 0 0 0 0 0 0 0 0 0 0 0 0 0 0 0 0 0 0 0 0 0 0 0 0 0 0 0 0 0 0 0 0 0 0 0 0 0 90 95 99 91 97 92 97 100 100 99 100 97 97 94 94 93 88 86 90 95 100 106 108 105 107 108 107 107 105 103 101 106 109 115 117 117 117 119 121 121 121 112 107 103 99 95 91 86 84 80 75 79 82 96 103 108 114 117 122 127 132 133 143 144 144 145 144 140 142 142 142 140 142 145 147 147 146 146 148 142 144 138 143 153 155 154 153 155 154 142 141 145 146 146 143 140 136 132 134 119 122 128 132 127 129 121 119 127 123 118 131 132 132 117 113 118 118 85 98 92 101 102 96 96 103 133 131 136 99 110 124 123 136 139 129 159 157 157 156 151 156 149 153 156 145 143 138 129 91 59 60 26 25 27 25 48 65 95 102 93 103 108 105 112 113 114 108 108 99 101 93 94 94 87 88 93 88 87 78 78 72 70 61 57 54 49 48 45 40 40 40 34 29 53 57 59 88 115 141 134 121 105 116 135 148 134 139 128 128 133 117 107 140 142 113 130 123 123 106 111 132 143 117 138 135 136 134 127 122 116 129 128 119 125 110 96 65 76 76 65 66 67 91 102 89 78 88 104 72 84 97 92 108 96 93 109 112 104 144 151 147 142 158 156 152 145 142 131 123 113 36 22 22 26 45 81 77 62 93 66 92 153 157 152 130 111 56 44 47 85 84 77 90 112 100 91 62 65 77 88 89 84 95 110 125 123 108 104 87 114 106 124 100 81 106 112 120 108 85 102 82 97 95 75 87 93 91 95 98 83 86 70 71 87 82 76 72 72 78 85 82 85 83 90 91 88 91 95 94 112 113 121 122 119 115 112 109 111 110 113 117 115 117 118 120 120 119 120 119 119 117 120 122 123 126 126 122 121 124 125 135 142 135 130 142 146 154 153 151 145 138 137 135 132 0 0 0 0 0 0 0 0 0 0 0 0 0 0 0 0 0 0 0 0 0 0 0 0 0 0 0 0 0 0 0 0 0 0 0 0 0 0 0 0 0 0 0 0 0 0 0 0 0 0 0 0 0 0 0 0 0 0 0 0 0 0 0 0 0 0 0 0 0 0 0 0 0 0 0 0 0 0 0 0 0 0 0 0 0 0 0 
0 0 0 0 0 0 0 0 0 0 0 0 0 0 0 0 0 0 0 0 0 0 0 0 0 0 0 0 0 0 0 0 0 0 0 0 0 0 0 0 0 0 0 0 0 0 0 0 0 0 0 0 0 0 0 0 97 102 106 102 103 101 101 100 102 98 100 98 101 97 96 93 91 86 88 98 100 104 107 110 112 107 108 107 105 106 103 99 101 113 114 118 119 122 121 121 123 117 108 100 99 95 85 84 84 81 75 73 73 87 96 102 118 123 122 128 131 135 140 141 145 145 144 144 142 143 143 143 144 146 147 150 146 153 148 149 152 146 151 148 155 156 153 155 154 149 148 149 147 146 145 142 136 133 126 129 118 103 126 127 122 128 119 124 122 118 119 122 123 111 113 116 118 104 102 111 84 91 90 80 127 124 118 136 113 95 122 136 128 142 129 156 158 157 163 161 151 152 148 152 144 145 127 129 102 54 35 29 24 28 53 77 97 95 98 107 113 108 115 118 114 114 110 108 108 104 100 100 95 90 92 93 98 87 88 91 75 74 66 56 55 49 48 49 43 42 43 42 42 27 27 59 76 85 127 124 116 107 99 143 151 134 138 142 128 145 117 117 100 122 127 130 122 130 131 111 132 138 137 140 138 138 134 126 123 107 129 118 120 125 95 69 65 74 66 68 68 93 88 102 92 91 88 99 77 61 100 113 98 122 132 129 112 124 137 141 158 158 142 154 152 139 142 136 121 106 59 43 30 59 45 107 77 62 93 107 137 143 140 124 130 110 55 30 44 86 74 74 105 83 100 90 65 63 72 86 90 105 118 126 125 119 100 104 85 119 135 105 83 104 106 115 122 115 100 118 111 106 82 82 87 100 103 94 87 83 75 77 71 84 87 77 72 72 81 87 82 79 83 93 87 88 90 97 99 109 121 120 120 119 116 112 114 115 114 115 114 117 121 118 123 120 121 123 121 121 120 119 120 123 128 126 125 124 128 135 130 123 123 130 134 138 150 151 153 149 144 133 131 132 135 135 0 0 0 0 0 0 0 0 0 0 0 0 0 0 0 0 0 0 0 0 0 0 0 0 0 0 0 0 0 0 0 0 0 0 0 0 0 0 0 0 0 0 0 0 0 0 0 0 0 0 0 0 0 0 0 0 0 0 0 0 0 0 0 0 0 0 0 0 0 0 0 0 0 0 0 0 0 0 0 0 0 0 0 0 0 
0 0 0 0 0 0 0 0 0 0 0 0 0 0 0 0 0 0 0 0 0 0 0 0 0 0 0 0 0 0 0 0 0 0 0 0 0 0 0 0 0 0 0 0 0 0 0 0 0 0 0 0 0 0 0 101 107 110 106 109 103 104 104 101 100 97 96 98 101 98 98 97 97 91 93 96 103 106 107 111 113 111 111 108 109 107 103 105 101 104 106 116 117 121 123 123 121 113 108 100 99 96 85 84 81 79 75 69 73 76 83 91 106 111 128 131 131 134 135 141 143 144 143 142 144 145 143 145 147 146 147 150 153 155 154 155 152 152 151 148 150 154 154 154 157 155 151 149 146 146 145 142 143 137 124 120 112 103 98 102 122 128 126 127 129 112 117 122 112 115 108 94 115 115 115 100 86 91 105 100 83 93 119 123 119 117 134 136 141 138 130 137 160 155 160 155 155 152 143 150 148 138 132 83 49 54 27 29 26 31 55 75 93 101 106 107 117 115 115 118 114 113 112 112 107 104 104 101 95 93 88 91 99 97 105 91 88 81 66 65 62 52 49 47 44 44 43 40 42 41 38 41 52 89 92 104 116 104 103 102 123 141 127 127 132 139 117 104 122 116 133 145 120 131 109 125 131 138 137 144 138 129 127 135 112 130 129 123 109 116 93 65 78 49 66 64 68 74 68 88 94 90 100 78 77 101 100 117 99 117 125 122 121 145 137 143 158 148 128 143 146 130 140 121 121 106 58 43 54 70 99 117 102 81 86 107 137 143 131 118 99 59 39 52 76 86 80 74 85 63 82 68 59 63 78 86 87 99 111 126 121 97 88 94 121 119 134 103 90 107 123 130 124 103 123 118 120 110 86 83 97 105 95 80 73 83 89 92 82 86 98 82 75 72 81 87 78 75 87 92 87 90 96 97 108 109 115 117 118 120 121 119 122 115 119 115 115 120 124 123 126 125 128 123 124 128 120 122 124 122 123 126 131 124 133 128 130 120 118 126 128 140 144 147 153 153 149 139 135 132 132 131 130 129 0 0 0 0 0 0 0 0 0 0 0 0 0 0 0 0 0 0 0 0 0 0 0 0 0 0 0 0 0 0 0 0 0 0 0 0 0 0 0 0 0 0 0 0 0 0 0 0 0 0 0 0 0 0 0 0 0 0 0 0 0 0 0 0 0 0 0 0 0 0 0 0 0 0 0 0 0 0 0 0 0 0 0 
0 0 0 0 0 0 0 0 0 0 0 0 0 0 0 0 0 0 0 0 0 0 0 0 0 0 0 0 0 0 0 0 0 0 0 0 0 0 0 0 0 0 0 0 0 0 0 0 0 0 0 0 0 0 0 102 109 111 111 113 109 107 104 102 95 97 95 95 97 98 98 101 97 96 98 100 101 103 109 112 113 114 110 108 109 107 105 107 104 104 106 109 113 121 123 124 123 117 107 102 99 91 85 84 81 79 77 76 73 76 80 95 100 111 121 128 132 131 133 138 139 144 144 142 144 147 146 150 152 147 149 150 154 155 155 156 156 158 153 152 156 154 156 153 153 156 156 146 143 149 147 142 137 136 134 122 117 101 95 113 116 128 126 127 129 126 113 118 110 122 109 94 107 114 109 106 99 93 109 95 88 91 119 104 104 113 127 145 149 138 145 147 160 152 154 160 159 152 147 150 143 124 132 107 68 36 27 30 32 56 55 89 93 102 111 115 115 118 120 117 117 113 112 111 104 107 104 101 96 92 88 87 99 102 102 96 93 95 80 64 62 60 52 47 43 40 39 38 41 37 38 31 29 64 60 52 113 109 100 98 123 140 138 125 123 109 115 95 111 112 133 137 150 127 136 129 145 141 136 144 138 129 124 132 124 126 124 109 109 80 67 65 81 62 94 75 60 56 68 84 83 90 84 80 74 106 107 102 113 117 126 122 144 135 146 112 121 142 155 143 136 130 149 121 99 107 68 62 77 70 120 81 93 99 117 108 113 118 131 118 102 101 59 46 51 64 62 69 56 63 70 69 65 61 68 86 102 102 119 126 124 98 85 102 106 129 99 98 117 107 128 128 127 101 120 124 108 110 91 83 102 100 87 82 70 89 98 92 88 103 98 95 82 79 82 78 78 75 90 87 87 89 95 102 111 114 115 116 118 119 121 122 125 124 124 123 126 124 124 127 126 128 131 130 134 136 129 130 124 124 127 131 141 142 134 128 122 122 118 119 121 132 136 138 148 148 147 142 135 132 130 131 132 132 132 132 0 0 0 0 0 0 0 0 0 0 0 0 0 0 0 0 0 0 0 0 0 0 0 0 0 0 0 0 0 0 0 0 0 0 0 0 0 0 0 0 0 0 0 0 0 0 0 0 0 0 0 0 0 0 0 0 0 0 0 0 0 0 0 0 0 0 0 0 0 0 0 0 0 0 0 0 0 0 0 0 0 
0 0 0 0 0 0 0 0 0 0 0 0 0 0 0 0 0 0 0 0 0 0 0 0 0 0 0 0 0 0 0 0 0 0 0 0 0 0 0 0 0 0 0 0 0 0 0 0 0 0 0 0 0 0 103 112 112 111 112 113 111 110 104 99 94 93 91 95 96 98 98 99 103 108 111 103 102 103 105 108 114 114 110 109 107 104 105 107 106 105 105 107 110 120 123 124 120 117 112 106 102 95 90 79 78 81 77 76 74 74 75 86 91 111 122 128 133 134 133 136 138 140 143 146 147 147 148 155 152 152 152 154 157 154 156 156 159 157 153 149 149 157 155 152 153 157 156 143 143 145 144 141 134 134 133 126 117 112 107 92 106 116 121 127 125 126 113 109 112 121 119 90 105 117 96 110 99 96 90 108 111 99 110 107 114 120 127 134 138 142 134 147 150 155 154 160 159 156 152 143 148 128 106 71 68 23 27 30 33 50 74 86 101 108 111 114 115 117 117 113 122 121 113 111 104 106 99 101 97 96 96 97 90 90 102 99 93 95 79 65 58 61 46 44 42 40 38 29 38 39 30 32 31 26 23 52 64 81 108 96 104 121 131 134 125 109 128 107 133 119 132 132 142 126 143 129 144 145 140 137 128 122 124 123 118 126 125 104 106 87 60 69 74 62 62 75 71 48 88 88 84 82 95 80 103 106 94 112 116 128 132 144 129 135 141 113 123 137 160 163 151 156 122 121 104 74 68 49 92 99 61 85 115 99 130 108 113 106 121 103 102 66 37 36 51 49 42 61 58 69 72 73 77 78 68 81 89 100 108 117 94 81 103 110 106 98 93 108 125 130 128 134 104 118 120 124 104 95 98 103 95 80 83 72 70 89 100 93 88 95 101 88 82 79 82 75 79 86 90 87 91 96 95 111 111 113 111 111 114 115 120 122 125 125 126 126 126 121 125 126 129 131 131 133 138 136 137 138 131 135 136 141 141 137 127 128 125 127 121 121 124 126 128 138 140 144 148 146 140 138 130 132 132 132 131 132 134 136 0 0 0 0 0 0 0 0 0 0 0 0 0 0 0 0 0 0 0 0 0 0 0 0 0 0 0 0 0 0 0 0 0 0 0 0 0 0 0 0 0 0 0 0 0 0 0 0 0 0 0 0 0 0 0 0 0 0 0 0 0 0 0 0 0 0 0 0 0 0 0 0 0 0 0 0 0 0 0 
0 0 0 0 0 0 0 0 0 0 0 0 0 0 0 0 0 0 0 0 0 0 0 0 0 0 0 0 0 0 0 0 0 0 0 0 0 0 0 0 0 0 0 0 0 0 0 0 0 0 0 0 0 0 106 112 112 113 113 112 110 110 107 101 95 92 89 92 93 98 100 99 103 110 113 111 110 101 102 108 111 108 110 109 109 105 103 105 106 105 108 110 110 117 123 123 124 114 110 103 98 95 90 83 76 78 80 83 74 74 75 81 91 100 112 129 132 135 138 142 138 144 143 147 148 151 151 150 153 151 152 158 157 158 159 157 155 155 153 150 149 150 153 152 148 148 154 146 145 143 144 144 143 126 127 129 115 112 98 93 106 105 107 108 134 127 103 109 110 117 119 102 93 99 114 110 104 102 90 120 116 99 100 104 112 120 126 115 138 139 136 147 150 145 150 157 160 156 146 144 132 128 111 83 34 24 30 39 53 50 93 86 101 109 111 110 112 114 113 113 113 121 116 114 104 106 99 96 99 96 102 104 96 99 91 90 86 89 84 65 66 63 54 52 45 33 18 21 26 39 34 29 32 30 29 20 14 93 100 96 98 107 123 137 141 109 127 94 136 119 124 126 129 123 139 143 133 145 133 130 128 112 129 123 118 124 109 104 97 62 60 60 78 75 63 70 70 48 87 76 84 86 99 93 104 108 102 129 116 132 132 140 131 133 124 138 136 160 160 138 151 158 117 103 95 64 65 86 92 70 77 104 100 118 113 90 114 120 121 94 120 66 37 36 47 53 69 48 58 58 61 74 84 80 85 82 105 104 108 94 87 84 94 109 95 103 93 125 125 130 127 132 113 115 123 99 104 101 98 100 91 79 77 73 87 100 100 83 84 95 102 91 81 78 71 79 79 91 94 91 91 96 103 104 109 105 105 111 113 115 118 125 126 130 126 124 118 121 119 119 125 131 133 135 136 141 141 138 139 143 143 142 134 130 128 130 131 127 125 124 122 121 123 130 134 144 145 146 144 143 134 132 130 131 131 133 135 136 136 134 0 0 0 0 0 0 0 0 0 0 0 0 0 0 0 0 0 0 0 0 0 0 0 0 0 0 0 0 0 0 0 0 0 0 0 0 0 0 0 0 0 0 0 0 0 0 0 0 0 0 0 0 0 0 0 0 0 0 0 0 0 0 0 0 0 0 0 0 0 0 0 0 0 0 0 0 0 
0 0 0 0 0 0 0 0 0 0 0 0 0 0 0 0 0 0 0 0 0 0 0 0 0 0 0 0 0 0 0 0 0 0 0 0 0 0 0 0 0 0 0 0 0 0 0 0 0 0 0 0 0 108 106 112 112 113 112 111 110 107 101 97 92 89 89 89 89 96 99 103 108 112 114 114 110 106 103 103 104 102 107 109 108 105 103 104 105 107 109 110 116 122 123 122 124 120 118 113 98 96 89 80 76 70 80 78 78 81 80 81 91 103 112 125 137 135 138 142 146 146 146 147 148 147 150 150 149 147 154 155 158 161 159 159 156 155 154 153 147 145 157 158 158 148 148 149 143 144 138 137 138 121 124 129 121 112 116 109 98 101 105 116 116 127 114 95 110 117 119 105 90 109 103 110 110 109 97 99 117 108 111 103 117 120 128 119 128 135 139 142 151 145 152 157 159 157 152 139 125 107 90 83 24 24 31 38 57 70 93 103 106 109 109 108 110 115 112 113 110 109 111 114 111 99 99 96 99 108 110 111 109 99 89 81 86 88 87 82 87 65 58 43 45 25 15 5 8 28 25 30 30 30 29 27 25 16 26 92 93 104 123 130 141 124 124 113 105 136 127 133 138 133 139 145 140 127 128 129 105 128 129 117 117 124 109 88 98 74 52 56 78 73 63 82 73 85 74 77 103 95 99 107 104 114 97 136 128 152 146 136 131 132 129 140 144 165 163 147 150 110 117 109 100 64 94 76 52 95 111 81 100 110 115 87 109 120 108 139 85 52 49 42 47 53 87 65 40 70 61 74 83 80 88 98 116 111 89 73 74 96 110 109 100 107 122 114 127 125 135 113 106 115 115 101 83 99 88 83 82 79 84 73 88 92 96 85 77 99 94 91 75 78 70 78 92 90 88 94 98 99 103 104 103 101 104 107 116 121 129 125 131 132 127 123 123 115 115 124 126 131 132 135 136 138 139 142 147 146 144 142 136 134 132 130 129 132 132 125 125 123 123 125 126 137 140 147 146 143 135 133 130 130 129 133 136 135 134 134 133 130 0 0 0 0 0 0 0 0 0 0 0 0 0 0 0 0 0 0 0 0 0 0 0 0 0 0 0 0 0 0 0 0 0 0 0 0 0 0 0 0 0 0 0 0 0 0 0 0 0 0 0 0 0 0 0 0 0 0 0 0 0 0 0 0 0 0 0 0 0 0 0 0 0 0 0 
0 0 0 0 0 0 0 0 0 0 0 0 0 0 0 0 0 0 0 0 0 0 0 0 0 0 0 0 0 0 0 0 0 0 0 0 0 0 0 0 0 0 0 0 0 0 0 0 0 0 0 0 0 108 112 113 113 113 110 109 110 106 103 100 94 91 89 86 92 96 99 103 107 110 115 116 108 105 103 96 92 102 101 101 107 104 102 102 105 107 108 110 114 120 123 121 122 119 119 113 103 96 91 86 73 69 71 70 70 81 85 80 91 103 113 122 130 141 144 142 148 146 143 142 146 149 152 153 154 147 149 151 155 155 159 158 157 154 156 153 151 146 151 152 154 158 154 149 148 144 139 132 139 129 120 122 111 110 115 109 104 101 100 119 108 108 103 94 91 90 119 105 90 101 102 107 120 109 99 86 117 111 99 116 110 128 126 119 122 126 139 157 151 150 152 157 157 150 152 134 125 108 93 55 28 27 36 54 57 88 93 112 113 112 113 107 110 108 112 109 110 113 107 111 100 102 97 103 100 108 110 121 119 103 100 93 80 65 87 91 88 82 65 46 18 10 8 8 8 11 20 28 28 28 31 28 18 14 26 37 49 62 119 123 135 127 124 120 105 134 127 132 140 135 141 142 140 120 131 129 123 120 121 113 116 103 105 88 98 74 58 55 42 69 76 73 73 71 75 77 90 84 106 127 110 117 138 136 157 152 149 131 127 132 141 156 164 165 163 155 148 124 122 115 100 92 101 76 85 78 91 77 101 103 83 111 115 120 113 140 92 54 73 67 102 105 87 65 67 78 86 73 77 89 105 121 109 111 86 66 51 77 107 109 115 107 116 114 121 132 139 131 119 108 107 101 94 99 74 77 80 90 95 91 86 92 85 80 77 91 94 79 78 83 93 78 87 83 88 94 93 92 89 98 103 101 104 120 116 124 131 136 134 127 125 124 123 119 118 121 123 129 131 131 135 138 139 143 147 148 143 141 139 138 134 134 129 132 133 131 130 129 122 123 130 132 140 143 146 145 144 142 132 130 129 132 136 137 136 133 133 132 127 127 0 0 0 0 0 0 0 0 0 0 0 0 0 0 0 0 0 0 0 0 0 0 0 0 0 0 0 0 0 0 0 0 0 0 0 0 0 0 0 0 0 0 0 0 0 0 0 0 0 0 0 0 0 0 0 0 0 0 0 0 0 0 0 0 0 0 0 0 0 0 0 0 0 
0 0 0 0 0 0 0 0 0 0 0 0 0 0 0 0 0 0 0 0 0 0 0 0 0 0 0 0 0 0 0 0 0 0 0 0 0 0 0 0 0 0 0 0 0 0 0 0 0 0 0 0 108 110 112 113 114 111 110 109 105 100 98 99 97 91 89 87 87 90 100 105 110 113 115 116 112 110 102 99 94 90 89 101 102 104 103 102 104 105 106 111 115 120 122 121 120 120 121 115 110 98 92 86 77 69 71 66 63 69 72 92 101 95 113 122 130 138 143 150 154 148 148 142 144 150 152 153 154 153 151 153 152 155 155 153 150 156 160 155 153 145 146 149 154 158 155 149 145 142 132 132 125 119 120 123 115 100 102 119 115 114 113 123 108 87 82 107 102 75 67 77 83 101 102 102 105 123 121 103 107 99 99 119 110 111 119 119 90 104 139 150 151 146 152 147 156 155 146 142 119 86 93 31 28 28 38 54 74 85 112 116 113 109 110 112 109 105 110 105 110 104 107 106 104 102 105 106 111 119 125 121 119 111 104 103 90 68 49 50 88 64 52 46 23 15 8 9 5 9 20 26 26 28 28 27 27 22 12 12 16 80 92 123 124 127 128 137 117 140 135 136 138 135 133 143 141 134 134 134 119 120 110 113 119 112 90 96 76 61 58 55 66 69 77 79 68 68 84 90 93 84 118 115 122 137 134 134 162 145 130 131 141 138 144 154 163 162 157 156 120 124 136 96 100 89 75 67 61 80 78 77 113 88 80 93 120 122 136 107 75 101 73 90 108 112 95 73 67 78 93 101 77 99 110 122 104 86 61 44 64 93 107 112 118 126 114 116 130 140 139 112 119 102 91 99 85 61 72 77 80 95 95 96 93 76 75 79 88 89 94 79 78 84 93 93 87 89 91 90 93 87 82 92 97 107 115 120 126 136 131 137 134 129 127 127 121 120 115 117 123 125 129 128 132 138 144 144 145 140 143 140 141 143 140 142 135 134 133 133 133 129 128 127 124 126 136 140 146 148 147 142 140 135 129 128 133 134 136 131 132 132 130 128 128 129 0 0 0 0 0 0 0 0 0 0 0 0 0 0 0 0 0 0 0 0 0 0 0 0 0 0 0 0 0 0 0 0 0 0 0 0 0 0 0 0 0 0 0 0 0 0 0 0 0 0 0 0 0 0 0 0 0 0 0 0 0 0 0 0 0 0 0 0 0 0 0 
0 0 0 0 0 0 0 0 0 0 0 0 0 0 0 0 0 0 0 0 0 0 0 0 0 0 0 0 0 0 0 0 0 0 0 0 0 0 0 0 0 0 0 0 0 0 0 0 0 0 0 0 107 109 111 111 110 109 108 107 105 100 98 100 99 93 91 87 89 90 96 103 107 111 113 114 114 110 102 99 94 89 91 87 90 103 102 102 104 105 106 107 109 119 122 121 119 120 121 116 110 104 96 86 81 73 71 66 63 58 72 78 87 110 114 123 132 138 143 146 152 155 158 149 150 152 150 151 154 152 149 152 151 149 149 150 151 157 160 157 153 148 146 146 152 151 152 147 145 146 144 129 126 124 118 119 103 103 102 105 119 116 118 121 114 91 82 100 102 95 77 75 79 67 99 102 105 113 111 103 92 100 100 100 114 110 119 126 99 104 114 142 155 147 160 161 155 155 140 142 134 108 56 33 29 36 51 54 80 85 104 113 112 112 114 115 106 105 103 100 103 103 107 107 107 106 113 106 112 123 128 122 115 111 104 94 62 68 42 94 86 44 53 50 42 15 10 9 7 5 22 23 25 27 29 30 29 22 22 14 8 32 62 105 112 127 133 137 123 126 139 141 135 129 138 143 139 134 134 134 127 115 115 117 112 112 90 89 76 74 69 66 66 84 84 79 59 95 84 88 101 108 104 126 117 124 134 149 162 138 136 144 146 149 154 160 163 160 162 154 135 131 122 131 104 42 75 55 50 61 77 106 72 59 87 129 120 127 139 131 105 108 105 100 115 87 95 81 88 74 93 101 97 106 110 100 104 86 53 45 61 88 107 125 118 122 114 107 120 132 112 98 99 88 91 65 85 53 64 70 90 96 92 101 93 81 70 79 82 82 88 87 89 95 93 94 87 89 91 90 85 80 87 93 104 107 117 124 126 136 137 134 131 129 127 127 127 124 119 119 119 122 130 130 141 138 147 142 137 135 139 143 146 147 147 142 142 140 134 134 134 132 131 126 128 126 131 132 141 144 146 144 143 135 131 128 128 129 135 134 136 132 131 128 127 129 130 131 137 0 0 0 0 0 0 0 0 0 0 0 0 0 0 0 0 0 0 0 0 0 0 0 0 0 0 0 0 0 0 0 0 0 0 0 0 0 0 0 0 0 0 0 0 0 0 0 0 0 0 0 0 0 0 0 0 0 0 0 0 0 0 0 0 0 0 0 0 
0 0 0 0 0 0 0 0 0 0 0 0 0 0 0 0 0 0 0 0 0 0 0 0 0 0 0 0 0 0 0 0 0 0 0 0 0 0 0 0 0 0 0 0 0 0 0 0 0 0 0 0 107 109 111 108 107 108 109 104 102 101 98 100 99 97 95 89 93 95 101 106 109 111 113 113 115 110 104 103 95 95 91 90 90 91 96 103 104 106 104 106 109 117 122 123 120 119 119 118 110 102 96 92 83 76 72 65 65 61 56 63 87 98 117 123 132 139 145 146 154 157 158 158 158 152 153 155 150 150 147 149 151 150 152 154 153 157 158 158 152 153 149 146 146 147 149 145 147 146 144 129 121 124 112 106 107 106 105 100 108 118 116 121 123 115 80 91 88 88 89 75 66 67 85 97 95 113 111 106 95 100 110 100 105 114 121 128 119 115 127 142 155 147 144 156 155 156 158 133 121 108 71 40 27 35 48 69 76 98 119 113 117 118 113 112 109 106 101 100 95 103 107 106 104 107 113 114 126 127 123 122 115 111 109 94 62 45 119 94 51 30 53 64 73 35 24 7 6 5 20 25 25 27 23 28 28 30 24 17 7 17 62 95 104 116 122 141 133 134 139 134 135 129 128 140 140 136 136 129 127 117 115 111 113 93 84 72 80 81 69 68 67 84 84 60 77 98 88 103 101 105 106 124 112 118 141 142 140 138 136 152 155 153 149 158 160 162 158 144 135 138 125 131 71 44 43 38 52 77 77 73 65 52 76 125 124 128 139 121 114 108 110 90 101 81 81 89 88 95 97 97 97 106 116 87 78 43 45 65 89 88 110 123 138 130 117 119 124 132 90 98 102 85 84 61 48 59 55 70 101 96 93 101 95 74 67 80 84 82 82 87 87 95 88 77 87 90 90 90 85 80 83 90 100 113 120 129 131 135 137 134 132 130 131 129 128 124 126 119 121 125 137 144 151 148 139 134 132 135 135 140 141 146 147 146 146 140 140 140 134 135 134 131 130 129 128 132 137 139 146 146 148 138 136 130 126 129 130 134 136 134 138 128 132 133 137 138 137 138 0 0 0 0 0 0 0 0 0 0 0 0 0 0 0 0 0 0 0 0 0 0 0 0 0 0 0 0 0 0 0 0 0 0 0 0 0 0 0 0 0 0 0 0 0 0 0 0 0 0 0 0 0 0 0 0 0 0 0 0 0 0 0 0 0 0 0 
0 0 0 0 0 0 0 0 0 0 0 0 0 0 0 0 0 0 0 0 0 0 0 0 0 0 0 0 0 0 0 0 0 0 0 0 0 0 0 0 0 0 0 0 0 0 0 0 0 0 0 105 106 106 108 108 105 110 109 107 104 102 100 98 97 97 95 97 93 96 102 106 109 112 112 114 115 109 102 103 100 97 96 95 91 94 96 96 103 106 105 106 108 112 122 123 121 119 114 118 112 107 97 89 77 71 66 65 63 61 58 61 72 84 97 126 133 139 144 149 154 157 157 159 158 156 156 155 154 153 149 148 149 150 149 154 155 157 157 155 157 157 156 145 145 147 145 145 142 141 143 135 127 119 122 106 103 106 106 100 92 115 121 123 123 115 89 91 91 77 76 88 75 71 95 97 91 84 107 106 95 94 99 86 82 114 121 128 119 108 130 142 151 157 154 149 155 153 158 146 134 85 55 25 30 38 48 60 73 97 114 123 118 116 114 116 109 111 105 100 97 100 104 99 106 112 113 116 128 131 123 116 116 110 76 46 54 45 119 179 74 43 29 38 80 84 24 16 12 8 13 23 21 25 23 24 28 32 29 27 10 8 47 93 104 112 122 123 138 138 136 138 125 127 128 130 137 136 137 131 116 107 106 108 113 87 73 72 65 71 81 69 84 91 89 60 77 98 88 95 110 114 117 120 131 118 143 135 133 143 155 165 149 143 157 158 156 159 156 143 133 130 117 59 54 44 37 34 47 69 73 53 60 72 129 125 131 133 133 125 114 89 67 85 76 81 84 79 98 116 98 96 96 100 116 87 53 30 57 76 98 116 121 123 139 130 127 122 123 91 80 98 79 85 83 57 50 65 58 78 101 100 105 101 107 77 67 82 91 80 84 85 94 95 86 89 87 94 92 83 79 88 99 105 100 109 116 123 125 132 132 132 132 130 131 134 131 128 134 130 135 147 153 148 151 144 141 134 134 133 133 134 142 142 147 147 147 146 146 147 140 140 134 133 130 130 130 127 126 127 142 143 148 143 136 134 129 125 130 135 139 144 138 142 132 138 138 134 135 132 133 128 0 0 0 0 0 0 0 0 0 0 0 0 0 0 0 0 0 0 0 0 0 0 0 0 0 0 0 0 0 0 0 0 0 0 0 0 0 0 0 0 0 0 0 0 0 0 0 0 0 0 0 0 0 0 0 0 0 0 0 0 0 0 0 0 0 
0 0 0 0 0 0 0 0 0 0 0 0 0 0 0 0 0 0 0 0 0 0 0 0 0 0 0 0 0 0 0 0 0 0 0 0 0 0 0 0 0 0 0 0 0 0 0 0 0 0 0 106 108 106 107 107 106 106 109 107 103 101 99 98 97 100 103 97 102 106 110 106 114 112 111 113 114 111 106 101 98 97 100 95 97 95 93 97 101 106 110 106 112 112 118 122 122 118 113 112 108 107 100 92 81 73 67 64 60 62 63 61 68 86 97 110 120 140 148 151 151 155 157 159 158 156 157 155 151 151 151 148 149 150 151 150 152 156 156 155 157 157 156 151 149 144 144 141 138 141 144 137 127 125 128 113 108 105 104 98 100 115 121 124 129 112 93 90 77 67 76 85 75 64 68 96 92 96 108 119 97 94 99 105 79 114 112 124 127 131 130 134 146 152 160 153 150 138 151 144 134 106 74 30 26 32 50 73 95 104 114 114 114 119 120 121 117 106 104 97 97 100 99 99 101 108 116 126 129 120 123 116 118 108 65 31 36 80 138 179 74 43 33 28 49 58 76 59 12 9 16 23 25 26 27 27 31 32 29 27 16 8 12 36 101 97 122 131 137 138 137 138 136 126 137 138 131 134 130 131 105 107 105 110 82 79 80 63 69 71 85 81 75 74 75 93 85 92 88 95 116 126 127 125 138 137 131 129 148 143 156 160 151 140 155 161 159 154 136 143 131 143 105 62 59 38 41 40 62 69 65 50 72 70 132 147 143 133 133 111 114 59 36 56 82 92 77 79 117 83 98 81 104 96 88 49 53 30 57 96 98 119 120 133 145 138 124 115 123 74 80 94 76 73 51 50 70 60 58 89 101 103 104 111 103 94 85 97 91 83 77 84 91 90 79 86 95 90 92 82 81 89 101 106 107 111 119 120 125 127 130 131 133 135 136 134 134 139 134 139 143 153 152 144 141 140 141 139 134 133 129 129 134 136 145 145 147 149 149 147 146 146 140 142 132 132 130 127 125 127 130 130 146 147 142 141 129 130 141 135 143 141 144 141 138 133 128 134 128 132 129 126 125 125 0 0 0 0 0 0 0 0 0 0 0 0 0 0 0 0 0 0 0 0 0 0 0 0 0 0 0 0 0 0 0 0 0 0 0 0 0 0 0 0 0 0 0 0 0 0 0 0 0 0 0 0 0 0 0 0 0 0 0 0 0 0 0 
0 0 0 0 0 0 0 0 0 0 0 0 0 0 0 0 0 0 0 0 0 0 0 0 0 0 0 0 0 0 0 0 0 0 0 0 0 0 0 0 0 0 0 0 0 0 0 0 0 0 109 107 107 106 104 107 104 106 107 108 104 101 99 97 99 100 105 106 102 106 110 114 116 111 110 113 111 108 106 101 97 99 100 101 99 95 94 98 101 107 111 113 117 116 121 121 122 114 113 110 106 102 96 84 76 70 67 68 66 59 62 67 71 80 97 110 120 126 132 150 150 151 151 149 151 156 157 158 156 145 149 150 154 157 150 147 152 153 154 149 148 147 153 152 147 146 144 141 141 137 137 134 127 127 128 123 108 96 101 101 95 103 131 131 129 103 93 86 82 73 81 90 69 85 68 89 97 96 89 95 114 110 94 105 79 77 109 124 119 116 134 137 145 142 156 153 143 138 140 141 124 89 46 27 27 32 40 66 91 106 112 113 119 117 112 121 117 110 103 99 95 99 97 100 105 108 109 126 124 117 114 116 105 54 19 31 14 17 101 48 51 48 33 28 30 58 61 53 39 25 18 25 29 26 26 27 28 30 30 32 30 7 11 36 95 97 94 122 138 132 140 137 143 126 143 134 131 130 129 130 112 104 104 110 79 85 80 58 58 75 72 88 75 74 82 98 106 102 119 121 116 132 132 139 138 138 128 134 153 155 158 160 139 158 155 159 140 143 134 135 148 110 75 44 59 40 57 40 61 54 66 94 95 131 132 151 140 118 111 116 51 33 36 82 82 95 90 103 103 63 61 100 104 106 88 67 55 57 74 96 126 127 120 150 145 143 125 109 83 76 88 68 76 57 42 55 72 57 70 67 92 103 104 109 110 94 97 105 88 79 85 90 91 94 78 80 96 89 83 83 88 101 103 106 104 103 113 118 124 127 130 132 133 135 137 138 134 139 143 152 155 147 143 144 139 141 141 140 137 134 136 129 132 136 137 141 147 147 145 148 147 146 146 142 143 141 132 129 131 128 137 130 148 147 150 153 143 143 137 138 133 141 136 134 135 130 127 128 129 126 126 126 125 124 125 124 123 0 0 0 0 0 0 0 0 0 0 0 0 0 0 0 0 0 0 0 0 0 0 0 0 0 0 0 0 0 0 0 0 0 0 0 0 0 0 0 0 0 0 0 0 0 0 0 0 0 0 0 0 0 0 0 0 0 0 0 0 
0 0 0 0 0 0 0 0 0 0 0 0 0 0 0 0 0 0 0 0 0 0 0 0 0 0 0 0 0 0 0 0 0 0 0 0 0 0 0 0 0 0 0 0 0 0 0 0 0 0 109 107 107 106 104 105 105 106 106 104 102 100 99 97 99 102 105 110 114 119 118 114 116 116 114 111 108 107 104 98 97 98 100 101 103 98 96 97 103 110 111 116 118 121 122 124 120 117 111 108 106 103 98 87 80 74 71 73 64 65 62 64 72 80 90 102 119 126 141 146 150 152 150 148 148 149 153 158 155 155 149 150 157 159 157 155 146 150 154 145 142 147 149 150 153 156 143 141 141 131 127 134 130 128 128 128 118 109 109 101 100 103 118 125 124 112 82 94 85 73 92 90 79 96 73 80 98 106 90 95 111 110 79 81 76 77 109 125 127 116 114 134 150 151 151 158 144 145 142 141 128 106 61 30 27 37 47 86 102 106 108 110 113 108 103 108 109 108 100 99 95 97 97 97 105 109 121 126 119 117 114 116 99 55 19 9 9 17 15 25 51 53 56 36 30 29 31 53 27 20 18 20 25 29 27 27 28 34 30 33 30 25 12 30 61 92 92 121 138 130 140 137 137 139 144 140 128 128 129 129 119 107 110 81 80 77 71 47 58 69 76 89 76 84 94 120 114 123 119 122 127 132 132 139 136 131 151 159 153 161 149 148 151 161 150 148 151 146 134 136 150 109 81 35 47 69 57 49 61 45 65 93 124 141 151 127 140 92 125 116 61 33 40 83 108 98 90 104 72 63 63 101 113 115 81 40 52 57 90 85 126 127 116 139 152 136 117 109 68 76 83 60 43 37 53 63 45 57 51 54 71 91 113 99 108 117 119 105 96 86 85 84 94 79 72 89 90 89 86 87 90 100 96 99 95 106 114 118 123 122 129 129 128 133 136 141 145 143 143 152 155 146 144 141 141 141 141 140 137 139 139 137 138 133 135 141 140 140 145 146 145 148 148 148 148 141 138 144 131 138 143 142 140 147 143 153 149 137 137 130 128 129 129 133 131 128 127 127 129 128 128 126 125 123 122 122 123 123 121 0 0 0 0 0 0 0 0 0 0 0 0 0 0 0 0 0 0 0 0 0 0 0 0 0 0 0 0 0 0 0 0 0 0 0 0 0 0 0 0 0 0 0 0 0 0 0 0 0 0 0 0 0 0 0 0 0 0 
0 0 0 0 0 0 0 0 0 0 0 0 0 0 0 0 0 0 0 0 0 0 0 0 0 0 0 0 0 0 0 0 0 0 0 0 0 0 0 0 0 0 0 0 0 0 0 0 0 112 110 108 106 104 104 104 105 104 103 104 102 100 98 98 99 105 105 109 114 118 120 121 124 116 114 111 107 107 103 102 96 97 100 103 103 101 98 97 101 106 115 116 123 123 124 124 124 121 116 112 103 98 91 85 77 74 73 76 73 73 66 66 68 81 89 102 107 108 131 135 149 147 145 147 148 149 149 151 155 155 156 158 158 157 158 155 154 153 149 150 147 144 147 150 156 156 152 150 141 138 132 117 117 128 118 128 125 123 118 110 111 103 99 125 114 112 98 89 95 78 88 82 82 96 99 83 98 103 100 99 116 102 83 81 95 82 99 125 127 111 117 135 148 151 151 150 150 139 146 137 118 79 44 24 27 31 47 68 94 106 109 110 109 109 103 102 107 107 104 99 95 94 100 107 105 109 123 118 116 108 111 89 53 17 19 11 11 9 7 11 46 64 56 45 29 29 31 31 28 23 21 28 25 31 27 26 28 35 34 35 33 29 12 13 33 94 97 94 133 132 137 139 137 142 142 140 127 124 132 118 102 115 110 89 80 77 67 46 72 70 84 81 76 87 101 117 124 117 117 125 133 141 137 138 136 131 154 152 161 149 149 149 157 161 144 155 154 136 148 142 120 77 31 35 58 73 47 54 51 60 77 93 134 141 153 127 106 93 134 74 47 33 78 83 110 96 101 99 104 98 108 101 119 115 64 28 59 104 109 97 123 121 116 139 148 142 119 67 61 75 56 60 36 29 41 43 31 36 46 66 86 91 105 97 111 124 124 100 81 89 80 84 92 82 67 79 92 90 92 87 98 90 96 94 95 100 112 119 119 122 121 122 128 129 135 141 148 156 159 148 147 146 144 143 146 143 142 140 142 140 139 139 138 138 137 134 134 135 140 140 145 147 148 150 155 149 153 155 148 139 143 128 140 132 131 141 142 138 129 128 128 126 125 130 128 127 127 125 128 128 128 128 127 123 122 123 120 119 119 120 0 0 0 0 0 0 0 0 0 0 0 0 0 0 0 0 0 0 0 0 0 0 0 0 0 0 0 0 0 0 0 0 0 0 0 0 0 0 0 0 0 0 0 0 0 0 0 0 0 0 0 0 0 0 0 0 0 
0 0 0 0 0 0 0 0 0 0 0 0 0 0 0 0 0 0 0 0 0 0 0 0 0 0 0 0 0 0 0 0 0 0 0 0 0 0 0 0 0 0 0 0 0 0 0 0 0 111 111 108 105 102 103 103 103 102 102 104 99 100 97 97 102 106 107 112 117 118 121 121 124 126 119 111 107 104 102 102 96 94 97 101 102 102 99 101 106 106 111 113 122 122 123 124 121 117 112 112 108 102 93 86 77 72 74 81 81 73 72 71 69 71 75 92 93 110 114 135 137 139 140 145 146 149 150 151 156 158 156 158 158 156 154 161 160 153 156 154 147 145 146 150 154 153 150 150 142 139 132 128 120 118 120 115 115 120 118 114 111 108 111 108 115 103 103 95 95 85 88 109 95 98 89 79 104 115 100 80 95 103 93 85 91 84 88 73 111 111 117 129 131 139 144 150 146 141 146 141 124 97 70 32 26 40 62 87 94 104 106 106 107 107 107 106 105 102 104 102 102 98 103 107 107 122 123 114 116 108 106 74 48 14 11 5 11 8 11 11 35 65 57 56 34 17 16 31 28 23 20 29 33 31 30 30 32 35 39 35 34 34 19 11 58 94 101 94 129 132 129 138 137 141 140 135 120 124 129 128 112 110 95 85 75 67 59 46 61 73 83 97 99 104 120 125 122 117 123 137 134 147 138 132 152 154 154 152 151 157 148 151 158 146 151 155 143 136 155 155 120 67 58 67 75 73 61 54 61 80 85 108 129 149 122 127 111 133 134 74 50 52 87 106 119 96 92 127 104 108 100 112 110 51 38 86 59 111 109 113 130 110 134 150 148 142 119 86 64 72 58 40 32 32 30 28 31 36 50 67 86 93 90 106 134 126 124 99 78 96 94 87 86 73 76 91 92 93 93 94 96 87 88 93 100 105 112 116 116 118 119 120 129 137 135 156 148 161 156 147 145 146 146 143 146 139 142 140 140 136 139 137 139 138 137 136 132 135 133 133 141 147 152 158 155 158 155 155 149 141 132 128 124 127 131 134 135 138 133 130 127 126 126 126 128 127 125 124 125 125 127 127 126 125 126 123 121 120 119 117 119 118 116 0 0 0 0 0 0 0 0 0 0 0 0 0 0 0 0 0 0 0 0 0 0 0 0 0 0 0 0 0 0 0 0 0 0 0 0 0 0 0 0 0 0 0 0 0 0 0 0 0 0 0 0 0 0 
0 0 0 0 0 0 0 0 0 0 0 0 0 0 0 0 0 0 0 0 0 0 0 0 0 0 0 0 0 0 0 0 0 0 0 0 0 0 0 0 0 0 0 0 0 0 0 0 111 112 113 108 105 102 104 103 104 102 102 101 99 97 98 97 101 107 108 111 117 119 120 124 126 126 122 116 114 104 102 96 92 97 102 101 103 101 99 101 103 108 110 117 117 118 123 123 122 118 112 108 108 96 88 80 77 72 71 79 83 78 74 71 67 67 75 78 82 98 103 114 116 120 141 144 146 149 151 151 152 155 152 151 155 156 154 157 162 159 160 160 152 148 146 145 154 155 153 146 141 136 135 128 120 123 120 122 111 107 123 112 113 109 111 115 109 121 113 100 109 86 96 105 95 84 83 79 84 81 101 74 101 89 93 84 90 84 87 79 83 99 132 129 131 139 141 145 155 153 145 140 105 89 50 32 26 40 62 80 107 112 106 113 108 107 104 102 105 102 99 102 98 102 106 107 104 112 117 101 99 75 35 74 10 14 9 4 9 9 9 26 69 65 67 56 45 28 20 21 21 16 20 29 36 31 30 29 33 34 38 37 36 34 29 20 26 49 86 103 113 133 125 138 136 140 140 139 126 124 122 120 109 110 91 90 81 70 72 55 79 81 104 97 110 108 129 127 121 129 142 137 145 149 138 144 146 142 154 150 151 157 161 162 158 147 143 153 147 161 155 126 90 71 58 77 78 42 47 68 100 100 85 138 129 136 120 112 124 138 77 43 50 89 87 109 133 105 122 125 113 99 100 108 94 48 49 88 103 94 114 129 130 116 133 153 142 100 84 86 44 46 58 42 37 43 34 29 51 60 71 85 86 86 82 105 135 125 101 76 97 96 94 90 93 97 79 92 94 91 93 96 87 87 86 92 98 104 114 115 116 118 122 120 129 140 149 157 163 153 148 147 148 146 148 147 143 139 139 138 135 136 135 137 136 135 138 137 143 139 146 133 150 147 152 152 159 152 148 147 143 141 135 134 128 128 128 128 129 136 134 130 127 125 125 126 126 126 122 123 122 125 124 126 128 128 127 125 124 120 119 117 116 115 113 116 115 0 0 0 0 0 0 0 0 0 0 0 0 0 0 0 0 0 0 0 0 0 0 0 0 0 0 0 0 0 0 0 0 0 0 0 0 0 0 0 0 0 0 0 0 0 0 0 0 0 0 0 0 
0 0 0 0 0 0 0 0 0 0 0 0 0 0 0 0 0 0 0 0 0 0 0 0 0 0 0 0 0 0 0 0 0 0 0 0 0 0 0 0 0 0 0 0 0 0 0 0 113 113 113 112 109 105 106 107 107 106 102 100 99 96 95 102 107 111 113 118 117 119 120 122 125 124 120 117 115 113 108 96 92 96 100 107 104 105 101 101 103 106 108 111 110 113 121 121 120 115 112 107 105 102 98 91 75 72 74 77 83 81 78 74 69 67 68 73 82 95 103 104 107 110 126 129 148 151 151 150 152 152 150 149 151 148 151 157 162 158 158 160 159 154 147 143 144 145 153 148 137 136 133 136 122 117 126 124 113 107 109 112 114 115 114 126 94 104 110 100 93 107 96 100 102 91 84 83 73 81 111 123 79 91 84 77 73 74 79 79 78 87 126 139 146 136 141 147 148 153 151 148 110 95 65 28 29 56 76 80 99 112 115 116 116 108 107 102 100 102 94 92 96 97 100 103 93 112 82 101 73 40 9 14 10 10 7 4 7 6 9 20 65 66 72 52 32 28 21 18 21 18 22 37 36 32 30 34 33 37 38 44 41 37 33 13 16 44 86 99 108 126 126 136 133 136 134 132 126 120 120 120 115 94 94 101 73 67 72 54 72 80 106 101 105 124 117 120 121 137 146 152 146 152 148 150 150 160 154 144 161 161 161 162 153 147 143 152 147 162 144 142 101 81 73 82 78 66 47 77 97 98 107 128 117 122 120 117 128 138 60 50 62 96 117 138 133 114 121 125 112 110 101 86 42 64 78 88 90 94 102 124 127 131 146 133 86 100 69 47 44 46 40 31 50 56 37 29 57 72 73 79 83 80 109 130 122 125 96 74 95 98 90 99 108 91 97 92 98 93 93 94 85 85 91 92 103 104 109 113 116 118 118 131 144 140 150 157 152 147 143 145 148 146 147 147 140 140 139 138 135 133 130 132 132 135 138 151 143 149 147 146 136 146 135 152 145 139 148 144 139 140 137 133 131 128 127 128 130 130 131 132 129 123 125 127 126 126 127 121 119 121 122 126 127 126 127 128 127 123 122 117 116 115 114 116 115 117 120 0 0 0 0 0 0 0 0 0 0 0 0 0 0 0 0 0 0 0 0 0 0 0 0 0 0 0 0 0 0 0 0 0 0 0 0 0 0 0 0 0 0 0 0 0 0 0 0 0 0 
0 0 0 0 0 0 0 0 0 0 0 0 0 0 0 0 0 0 0 0 0 0 0 0 0 0 0 0 0 0 0 0 0 0 0 0 0 0 0 0 0 0 0 0 0 0 0 118 115 115 113 113 109 106 106 109 110 110 105 101 95 94 95 99 105 113 117 121 120 119 120 122 125 123 116 117 116 115 107 104 99 96 100 105 107 108 103 103 104 106 107 108 111 113 117 119 121 118 108 104 105 101 95 91 84 78 73 76 82 80 76 74 73 67 67 71 79 88 100 105 111 117 123 129 134 138 152 155 152 150 148 149 148 148 145 145 153 158 158 159 156 154 152 143 138 141 144 143 147 135 136 136 131 120 117 118 116 112 109 101 104 115 107 111 107 94 94 104 103 99 76 100 91 97 84 90 90 67 108 107 80 91 71 59 55 82 64 88 93 95 115 134 146 143 145 147 148 146 140 148 108 84 65 29 25 47 71 90 105 112 122 117 116 115 111 106 100 95 93 100 96 95 100 91 81 82 76 61 34 10 9 8 10 6 5 5 6 8 10 12 65 77 72 59 40 21 25 20 21 23 22 35 40 32 30 34 35 39 42 40 41 36 41 23 13 22 72 91 114 129 126 127 129 136 132 133 123 120 118 111 115 105 94 94 88 75 48 66 89 102 106 91 105 114 114 133 141 138 146 145 150 152 153 155 160 162 152 167 161 159 149 158 153 147 150 158 152 144 142 142 80 81 69 82 72 76 68 64 76 98 115 128 116 124 115 141 122 69 87 50 95 96 114 134 115 113 123 114 119 110 121 67 52 77 73 95 102 98 111 124 138 139 132 129 84 59 42 29 38 40 40 31 45 75 69 55 84 75 80 79 82 84 109 120 109 90 75 74 95 98 94 106 117 98 97 102 98 93 90 83 85 82 90 97 99 105 110 113 115 121 118 133 146 148 140 144 142 138 143 140 148 147 146 142 138 134 129 126 129 133 130 130 135 139 150 150 149 139 147 138 134 127 124 131 128 127 136 135 139 138 137 135 133 131 132 130 126 127 131 132 132 126 125 127 128 130 124 121 119 119 119 124 124 124 126 126 124 124 122 120 120 119 115 117 120 124 120 121 0 0 0 0 0 0 0 0 0 0 0 0 0 0 0 0 0 0 0 0 0 0 0 0 0 0 0 0 0 0 0 0 0 0 0 0 0 0 0 0 0 0 0 0 0 0 0 0 0 
0 0 0 0 0 0 0 0 0 0 0 0 0 0 0 0 0 0 0 0 0 0 0 0 0 0 0 0 0 0 0 0 0 0 0 0 0 0 0 0 0 0 0 0 0 0 0 117 114 115 114 113 111 109 109 111 112 110 104 101 99 96 95 101 113 117 121 121 121 120 119 120 120 119 114 115 115 115 111 109 104 105 101 105 107 108 107 103 105 106 107 107 111 114 117 120 121 118 112 108 102 102 98 89 81 77 78 76 82 84 82 74 72 72 74 71 85 88 94 105 112 117 122 127 132 138 143 155 157 156 153 149 150 146 146 145 146 151 156 159 156 157 155 147 145 141 142 141 147 147 145 133 134 113 114 108 116 118 109 102 97 108 111 119 120 110 94 106 109 107 92 78 96 87 89 95 90 62 85 117 108 56 69 60 80 79 64 86 97 90 86 110 144 144 148 152 141 146 140 135 122 95 48 27 25 61 71 84 88 120 125 118 115 107 111 104 100 97 99 98 97 92 85 80 81 77 76 62 33 8 7 8 6 5 5 6 6 8 5 8 18 60 65 49 40 23 20 20 18 21 33 44 46 46 45 39 35 39 43 42 42 44 40 37 25 22 47 65 108 122 121 133 132 133 134 133 130 117 114 111 112 103 94 88 85 75 77 79 87 89 85 106 108 117 131 133 135 143 144 148 151 155 151 155 160 162 165 156 157 154 141 137 148 143 150 158 138 133 138 94 77 63 83 82 59 76 39 84 58 113 131 116 126 124 123 131 122 114 59 71 91 124 124 134 101 110 123 117 128 120 68 54 75 72 73 86 112 97 107 139 128 126 121 89 84 51 39 27 32 50 51 36 45 75 69 92 114 88 92 86 91 101 108 99 109 89 78 89 97 94 108 117 104 97 97 98 93 90 85 86 81 91 90 101 99 105 108 113 112 126 139 145 146 131 140 140 138 135 137 138 142 143 146 140 138 133 129 129 128 133 133 130 135 147 138 150 139 133 132 129 129 130 124 123 122 127 129 129 135 135 138 137 133 134 132 130 131 132 130 132 130 129 130 127 128 129 130 131 121 121 119 121 122 124 122 123 125 124 123 123 123 119 122 117 122 126 125 122 119 112 102 0 0 0 0 0 0 0 0 0 0 0 0 0 0 0 0 0 0 0 0 0 0 0 0 0 0 0 0 0 0 0 0 0 0 0 0 0 0 0 0 0 0 0 0 0 0 
0 0 0 0 0 0 0 0 0 0 0 0 0 0 0 0 0 0 0 0 0 0 0 0 0 0 0 0 0 0 0 0 0 0 0 0 0 0 0 0 0 0 0 0 0 0 116 113 112 113 112 113 112 111 112 112 110 110 106 101 96 96 96 96 109 114 120 123 123 121 121 120 118 115 114 113 112 113 113 110 112 105 104 107 104 108 107 105 107 108 110 113 111 115 118 118 120 116 111 108 102 99 98 93 86 79 78 81 81 84 79 77 72 71 71 77 85 92 104 114 112 125 122 126 128 134 137 145 148 149 153 153 150 150 149 148 142 144 147 147 152 157 155 153 149 144 140 140 141 144 145 140 138 128 117 111 120 123 115 108 97 102 113 112 122 124 100 103 106 106 92 85 79 100 54 63 97 87 104 114 108 77 78 87 74 92 61 68 97 79 82 110 120 136 141 142 155 156 146 135 122 95 70 36 28 40 75 85 88 114 119 118 110 102 103 102 98 101 101 98 89 92 86 80 79 75 66 36 7 8 8 8 7 7 7 7 6 9 10 8 15 52 76 62 26 25 21 18 20 21 30 45 51 55 53 38 42 44 43 42 43 46 43 44 36 14 18 91 114 122 129 123 133 130 131 131 121 113 108 111 110 109 100 92 92 79 73 79 87 89 88 107 109 117 127 130 141 143 152 151 151 158 155 157 158 169 145 156 156 140 141 141 149 151 151 134 138 133 138 78 77 63 83 67 37 47 90 68 58 125 131 120 134 136 131 126 97 35 59 70 94 124 103 75 100 97 117 124 128 121 80 55 62 67 81 107 107 111 107 133 125 128 113 101 52 26 23 23 32 49 67 59 97 97 106 92 96 100 92 96 102 98 87 87 89 78 78 103 97 91 101 110 106 96 96 92 93 90 89 86 86 94 97 102 106 107 108 109 130 126 143 135 130 124 131 134 136 135 139 138 142 142 145 145 135 134 136 129 144 133 145 149 149 147 138 131 126 133 129 128 131 134 130 129 128 120 118 129 129 128 135 133 136 135 133 131 132 132 131 132 132 133 135 130 129 131 132 131 130 127 122 122 123 121 122 123 124 124 123 124 126 125 127 125 128 126 122 122 117 107 94 90 72 0 0 0 0 0 0 0 0 0 0 0 0 0 0 0 0 0 0 0 0 0 0 0 0 0 0 0 0 0 0 0 0 0 0 0 0 0 0 0 0 0 0 0 0 
0 0 0 0 0 0 0 0 0 0 0 0 0 0 0 0 0 0 0 0 0 0 0 0 0 0 0 0 0 0 0 0 0 0 0 0 0 0 0 0 0 0 0 0 0 0 114 108 112 110 109 110 111 110 110 109 110 105 106 100 96 94 94 100 106 113 120 124 125 124 124 122 118 118 114 111 112 112 113 113 115 110 107 109 107 110 111 105 107 111 111 116 118 121 118 120 120 117 113 106 103 100 95 90 86 79 78 77 76 80 85 84 76 76 71 77 85 88 97 108 120 126 127 130 128 135 137 139 142 144 149 148 150 147 149 152 154 144 145 145 150 151 151 153 149 151 147 140 137 134 142 136 129 120 108 111 109 112 120 116 103 113 113 114 119 124 105 96 107 108 98 94 83 95 74 63 83 99 101 108 98 67 89 64 79 92 82 55 90 92 77 108 122 142 136 142 147 145 152 149 138 89 70 36 32 40 57 80 87 95 101 110 102 102 98 102 103 104 103 87 85 86 76 80 82 79 65 41 9 6 7 8 8 7 7 5 6 10 7 8 32 70 61 62 32 20 21 21 23 25 38 53 59 57 53 48 47 44 46 44 43 45 45 44 36 21 12 34 72 125 120 124 129 129 131 134 123 117 111 105 112 101 94 83 92 78 75 111 88 91 99 116 109 133 127 135 139 148 145 145 157 152 155 157 158 165 144 159 151 153 141 137 149 146 151 135 135 117 115 78 75 81 83 52 41 78 70 94 93 127 123 147 134 141 132 126 80 33 82 103 115 75 103 66 97 97 122 121 116 101 76 67 65 67 86 101 126 128 129 125 120 107 112 101 67 29 22 28 41 74 67 104 94 97 109 121 96 100 124 133 116 72 75 87 88 77 96 110 86 86 100 110 95 96 94 93 92 97 94 90 96 94 100 102 104 104 107 121 140 142 124 135 119 124 127 133 135 136 138 140 142 142 145 145 144 149 153 145 153 151 144 149 142 126 131 131 126 128 127 128 131 134 132 133 137 127 124 117 119 128 128 133 133 134 133 132 132 132 132 132 134 137 135 135 133 130 131 131 130 127 127 127 123 122 121 122 124 123 125 129 129 131 127 129 127 126 119 112 99 84 94 60 72 58 46 0 0 0 0 0 0 0 0 0 0 0 0 0 0 0 0 0 0 0 0 0 0 0 0 0 0 0 0 0 0 0 0 0 0 0 0 0 0 0 0 0 0 
0 0 0 0 0 0 0 0 0 0 0 0 0 0 0 0 0 0 0 0 0 0 0 0 0 0 0 0 0 0 0 0 0 0 0 0 0 0 0 0 0 0 0 0 0 110 106 104 107 107 109 107 108 110 108 106 107 106 101 96 96 92 92 96 102 109 123 127 125 126 124 124 124 121 116 114 111 113 114 114 115 112 111 110 109 112 111 115 114 111 111 116 121 124 122 123 118 114 113 103 100 100 97 93 88 83 77 75 78 82 82 84 84 86 76 76 78 83 93 108 118 126 127 128 135 133 137 139 139 144 138 148 145 142 150 150 153 151 150 145 142 141 148 148 148 151 147 143 138 134 132 131 133 124 114 94 97 121 123 116 113 107 126 115 109 116 103 92 94 108 104 108 104 98 95 77 92 112 115 108 104 88 66 93 71 88 80 55 86 102 77 91 110 134 142 143 142 145 140 136 138 124 101 25 32 50 67 80 90 100 101 103 104 101 99 100 96 93 103 87 85 85 81 67 68 70 49 13 9 8 7 8 6 5 7 9 8 9 7 10 38 69 63 31 18 17 19 16 23 24 41 51 60 64 55 52 45 46 46 48 53 45 45 44 37 16 19 42 72 97 107 118 126 125 131 128 123 118 111 101 106 109 93 89 86 93 75 87 88 90 100 109 127 124 133 135 139 134 147 145 147 153 158 152 157 146 144 162 152 153 144 152 147 138 124 128 124 117 92 76 75 81 52 50 80 66 107 94 114 130 137 141 137 135 129 83 57 33 93 109 101 57 70 114 111 122 121 121 106 100 104 80 73 82 107 129 135 128 117 124 124 110 116 73 39 31 54 28 40 67 84 105 89 110 116 121 117 108 124 133 116 89 79 84 75 77 120 110 88 74 93 97 93 92 97 93 104 99 94 95 97 99 101 103 109 104 112 142 140 135 115 114 115 124 129 132 135 137 138 139 140 144 145 148 156 156 153 153 137 144 134 131 127 126 127 127 126 128 127 128 128 132 133 135 133 130 124 122 121 120 121 128 129 128 132 131 132 129 128 130 132 134 136 135 133 132 131 131 131 129 129 128 127 127 121 125 124 126 128 130 131 132 130 126 127 116 119 109 93 76 67 51 48 38 46 38 32 0 0 0 0 0 0 0 0 0 0 0 0 0 0 0 0 0 0 0 0 0 0 0 0 0 0 0 0 0 0 0 0 0 0 0 0 0 0 0 0 
0 0 0 0 0 0 0 0 0 0 0 0 0 0 0 0 0 0 0 0 0 0 0 0 0 0 0 0 0 0 0 0 0 0 0 0 0 0 0 0 0 0 0 0 0 103 102 104 103 103 106 105 107 105 103 106 104 103 100 95 91 91 96 100 104 109 118 125 129 130 126 126 125 117 117 114 110 111 113 113 113 110 112 112 114 112 115 115 115 118 119 121 121 125 124 123 122 118 107 102 97 98 94 93 86 83 79 76 78 81 81 83 86 86 87 76 79 80 86 102 107 121 122 128 132 133 135 137 137 138 136 135 134 142 142 142 153 154 152 149 146 143 143 148 150 147 145 143 138 135 133 129 127 122 114 108 103 110 109 125 126 113 122 111 109 115 117 95 81 106 107 98 93 96 95 77 74 99 93 107 117 103 91 99 71 77 92 69 60 82 97 108 110 120 142 140 136 144 144 142 132 119 101 29 24 50 67 83 96 96 103 108 104 99 99 95 93 91 92 96 87 84 81 75 74 69 58 30 7 7 8 10 6 7 8 9 9 9 8 28 66 63 63 30 18 17 20 19 25 47 53 63 69 64 62 58 50 49 53 54 53 56 55 48 37 16 12 22 75 94 110 121 118 125 125 128 124 119 104 102 121 92 86 89 88 108 114 96 99 89 118 109 126 124 128 142 146 142 145 137 152 153 149 152 150 150 157 154 150 144 159 152 154 140 128 114 149 132 106 110 75 75 52 50 62 69 108 121 132 150 139 141 136 122 129 90 79 104 104 79 42 57 81 111 100 126 116 102 103 112 69 83 73 88 111 136 133 116 121 124 106 108 116 79 55 55 60 50 57 67 107 83 89 101 108 104 124 137 138 128 121 89 79 70 67 99 123 99 72 89 93 93 93 91 100 110 112 105 96 92 97 100 101 105 121 129 143 127 125 110 115 110 113 122 125 129 134 135 136 138 140 144 147 152 159 147 143 135 130 126 134 127 124 126 123 125 125 125 127 128 128 129 129 130 136 135 128 128 122 122 121 123 125 125 127 127 128 127 128 130 130 134 135 134 134 133 132 132 131 131 131 128 128 128 128 130 128 131 132 130 131 132 129 124 121 109 103 85 69 76 47 51 41 37 34 32 33 33 33 0 0 0 0 0 0 0 0 0 0 0 0 0 0 0 0 0 0 0 0 0 0 0 0 0 0 0 0 0 0 0 0 0 0 0 0 0 0 
0 0 0 0 0 0 0 0 0 0 0 0 0 0 0 0 0 0 0 0 0 0 0 0 0 0 0 0 0 0 0 0 0 0 0 0 0 0 0 0 0 0 0 0 104 101 101 103 105 103 104 105 104 103 102 101 100 99 95 95 92 89 95 98 102 115 124 131 134 130 130 127 127 121 120 113 112 111 112 113 111 111 112 112 113 115 119 115 118 119 119 119 121 125 124 123 121 118 100 94 97 96 92 91 87 81 78 80 78 85 81 84 84 88 89 81 74 70 86 98 107 111 116 124 127 132 131 132 137 134 136 131 128 136 139 139 142 145 152 148 146 143 140 147 150 149 146 144 147 135 133 124 119 117 112 104 109 112 109 113 121 124 120 110 95 117 111 106 81 87 100 101 101 91 106 96 74 97 93 98 103 118 91 91 89 88 92 59 73 82 105 112 104 102 136 143 136 155 153 142 136 124 82 42 24 29 55 83 96 96 98 103 108 107 89 92 96 91 95 96 91 87 81 75 68 62 40 30 7 5 7 9 7 8 8 9 7 9 6 12 52 58 30 15 16 20 20 19 27 53 65 65 69 66 62 55 51 49 53 54 58 61 57 48 44 17 12 22 43 77 97 116 115 122 116 128 126 119 101 107 121 107 85 85 112 108 108 96 99 106 131 118 135 141 144 142 138 127 145 139 154 134 148 143 147 150 148 143 150 152 160 153 142 134 133 143 149 105 106 108 77 56 50 51 62 69 108 125 133 147 140 139 134 97 100 91 79 92 91 71 34 81 96 86 108 113 116 107 114 115 61 74 95 114 138 136 133 114 108 104 106 90 82 76 55 50 60 59 66 96 118 90 94 108 108 132 124 138 141 132 108 82 64 70 67 123 123 109 74 84 102 102 91 103 100 119 110 105 98 88 93 101 111 131 121 139 117 127 112 104 106 111 119 122 128 129 132 133 137 140 144 154 156 150 140 147 139 133 131 130 124 124 128 124 126 125 126 125 124 122 126 129 129 134 133 135 133 133 128 127 124 126 126 125 125 127 126 125 127 127 127 131 132 134 134 133 134 134 134 134 133 129 129 128 131 130 132 132 130 131 126 126 119 124 101 109 94 76 59 53 44 40 38 37 35 34 33 33 33 34 31 0 0 0 0 0 0 0 0 0 0 0 0 0 0 0 0 0 0 0 0 0 0 0 0 0 0 0 0 0 0 0 0 0 0 0 0 
0 0 0 0 0 0 0 0 0 0 0 0 0 0 0 0 0 0 0 0 0 0 0 0 0 0 0 0 0 0 0 0 0 0 0 0 0 0 0 0 0 0 0 0 105 102 102 103 107 106 106 104 101 101 102 100 98 98 94 91 90 89 98 104 102 112 120 129 134 131 129 129 125 126 120 116 114 112 111 110 110 111 112 113 113 116 117 120 121 122 119 120 121 121 121 123 121 113 105 97 92 91 92 87 87 83 80 81 85 90 87 88 84 88 88 82 79 75 67 68 102 108 116 119 123 128 128 130 133 130 132 130 128 129 133 139 141 144 140 141 143 136 140 140 142 146 147 142 142 141 141 124 119 117 112 107 103 111 108 111 121 134 128 110 97 95 114 114 90 93 91 100 102 91 104 118 78 102 86 91 104 100 82 91 97 112 88 86 69 100 102 112 104 102 115 133 135 138 143 140 128 124 76 42 24 24 47 63 77 100 98 103 112 107 97 90 94 90 84 92 89 87 82 81 75 69 48 9 8 5 6 9 8 5 8 9 18 10 9 19 33 58 29 14 15 22 19 28 50 67 67 68 69 69 65 60 55 53 59 54 60 56 57 50 50 23 13 26 43 77 106 116 115 118 115 135 134 104 108 122 121 99 85 100 120 123 121 112 128 126 131 140 135 141 145 147 137 139 148 140 154 141 148 132 147 142 151 133 152 148 160 145 136 123 149 131 132 100 88 94 77 62 58 46 60 105 127 125 139 131 140 142 128 95 101 88 90 90 69 33 34 72 72 76 96 99 116 123 114 62 73 74 100 121 135 129 118 103 108 100 65 90 71 53 46 41 62 75 66 124 100 90 100 123 122 134 140 148 137 132 96 82 66 65 89 123 114 95 89 84 108 102 99 108 122 118 108 98 85 88 95 110 123 142 141 123 112 107 101 104 104 111 117 122 125 130 132 136 146 140 152 159 154 143 134 133 134 134 137 130 130 130 132 131 132 126 125 124 122 122 124 126 130 134 133 134 134 133 130 127 127 128 128 127 127 125 125 125 126 125 127 127 126 131 131 135 135 134 135 136 133 132 131 129 130 131 129 125 130 116 126 121 111 107 91 84 68 54 59 44 44 40 39 37 36 37 33 33 33 33 33 33 30 0 0 0 0 0 0 0 0 0 0 0 0 0 0 0 0 0 0 0 0 0 0 0 0 0 0 0 0 0 0 0 0 0 0 
0 0 0 0 0 0 0 0 0 0 0 0 0 0 0 0 0 0 0 0 0 0 0 0 0 0 0 0 0 0 0 0 0 0 0 0 0 0 0 0 0 0 0 107 104 102 104 106 107 109 110 104 102 100 100 97 96 93 94 89 86 90 96 106 109 116 125 132 134 133 132 132 126 127 123 122 114 112 111 111 110 108 112 111 115 116 117 121 122 122 120 120 120 121 123 122 121 113 105 97 94 88 89 86 83 78 80 81 93 90 95 96 92 93 87 84 83 75 70 68 65 67 112 115 128 128 128 130 133 133 126 123 131 131 130 134 131 144 144 143 135 130 133 131 132 148 146 142 135 131 141 140 139 118 112 96 95 111 112 114 114 114 110 124 131 96 103 114 111 102 105 110 99 101 103 118 76 102 118 101 84 102 88 73 88 112 95 100 69 90 105 97 99 108 105 133 144 142 143 146 143 125 103 41 21 24 31 77 77 97 111 104 112 104 92 91 94 84 84 88 83 83 84 78 73 57 48 14 6 5 7 5 10 13 13 47 18 21 13 14 13 19 14 12 19 19 19 27 53 61 63 70 70 67 60 65 55 59 60 61 60 58 52 48 50 13 13 14 27 58 106 116 112 119 115 133 134 124 122 118 125 108 105 126 120 131 121 126 125 136 139 132 133 145 145 144 140 139 137 136 139 151 134 140 147 140 129 133 152 142 130 139 139 155 125 131 120 111 98 111 70 77 56 65 113 105 133 130 139 131 135 137 104 109 93 88 72 96 69 34 58 68 82 105 95 99 124 114 111 74 74 110 130 133 129 129 120 113 88 84 56 48 31 53 48 41 67 81 107 122 105 112 135 123 127 134 139 148 145 122 100 79 73 65 78 104 114 95 89 95 113 105 110 108 121 101 108 93 83 95 118 134 152 142 135 112 112 106 103 104 110 115 121 127 125 129 135 141 155 159 155 147 140 133 134 135 137 138 141 137 135 133 131 131 132 130 127 124 122 122 126 130 133 132 133 134 134 134 132 130 131 131 128 129 127 127 127 125 125 125 125 125 126 128 131 133 134 136 135 136 134 133 131 127 130 129 125 118 118 107 103 92 111 98 82 75 63 52 47 45 42 42 39 38 39 37 36 35 32 35 34 32 30 31 31 0 0 0 0 0 0 0 0 0 0 0 0 0 0 0 0 0 0 0 0 0 0 0 0 0 0 0 0 0 0 0 0 
0 0 0 0 0 0 0 0 0 0 0 0 0 0 0 0 0 0 0 0 0 0 0 0 0 0 0 0 0 0 0 0 0 0 0 0 0 0 0 0 0 0 0 107 104 102 104 105 110 112 107 103 101 100 99 97 94 92 88 84 86 94 105 106 111 118 124 129 134 136 137 130 131 127 125 124 118 115 110 110 108 108 108 111 113 115 117 120 121 120 119 120 123 121 125 125 121 120 115 104 94 88 85 86 83 79 79 85 90 99 100 96 98 99 92 89 87 80 77 66 67 67 73 82 119 118 118 130 134 131 128 123 124 126 124 130 128 129 131 140 136 130 126 122 119 134 136 142 142 131 133 135 139 131 121 96 95 90 98 114 111 115 110 105 114 129 119 101 96 108 114 118 99 100 107 120 105 103 132 121 84 106 88 70 67 118 120 108 99 83 105 97 99 104 111 121 143 143 151 150 143 118 103 67 31 25 39 64 86 102 111 118 122 104 92 91 92 91 90 81 83 75 74 77 71 61 21 6 8 4 7 8 8 11 11 8 48 28 17 11 13 14 13 15 20 20 35 58 53 64 71 70 75 74 64 69 65 67 60 62 58 58 57 54 39 19 13 14 34 81 93 108 112 119 122 129 124 124 127 118 122 108 113 132 119 137 128 130 139 136 132 132 133 143 141 146 132 134 129 136 140 149 142 140 141 137 149 150 125 142 131 134 149 146 123 123 114 108 119 111 82 92 90 99 126 129 136 134 102 118 135 137 104 114 101 73 89 74 50 34 50 54 81 111 74 95 95 114 77 89 74 109 134 135 131 128 120 113 69 47 56 38 24 30 49 66 84 81 100 117 105 121 144 132 132 130 144 148 145 105 100 86 83 79 104 116 109 102 97 95 113 112 117 117 109 102 88 85 83 97 126 143 147 128 116 114 107 110 103 111 115 116 121 126 136 154 151 158 155 156 146 143 137 138 137 136 137 139 141 142 138 135 130 128 128 124 127 118 122 123 126 128 133 131 134 134 134 134 132 132 130 130 130 130 129 129 127 127 127 125 126 126 125 127 131 133 134 137 136 136 134 132 128 124 124 119 111 118 98 107 94 81 76 66 69 55 52 52 49 47 44 44 40 39 41 39 37 35 35 37 35 33 32 33 32 31 30 0 0 0 0 0 0 0 0 0 0 0 0 0 0 0 0 0 0 0 0 0 0 0 0 0 0 0 0 0 0 
0 0 0 0 0 0 0 0 0 0 0 0 0 0 0 0 0 0 0 0 0 0 0 0 0 0 0 0 0 0 0 0 0 0 0 0 0 0 0 0 0 0 107 104 101 102 104 105 109 112 111 107 104 97 96 95 91 92 88 84 84 90 101 114 120 118 129 129 133 137 139 135 135 128 128 124 117 115 115 115 113 106 106 111 114 115 117 120 121 119 118 121 122 127 129 125 123 119 115 108 99 89 85 85 80 77 79 85 90 96 99 103 105 97 93 91 87 84 81 74 72 69 74 88 91 94 118 121 126 132 130 125 127 124 123 125 128 126 126 128 127 131 128 126 118 119 136 139 143 135 132 129 136 134 107 99 97 90 98 112 117 114 112 108 114 128 119 96 94 107 123 127 94 77 107 111 105 73 85 124 88 94 99 63 67 79 113 108 102 99 75 81 99 110 111 116 150 143 140 148 141 123 94 67 31 25 41 64 79 86 112 118 124 124 122 105 92 91 97 95 81 81 75 72 64 61 30 8 6 5 4 4 6 6 6 8 8 5 32 14 10 13 17 17 25 20 42 60 62 65 71 74 75 69 71 69 72 72 68 68 73 58 57 54 24 19 10 12 16 70 75 98 115 119 122 129 120 123 126 126 126 123 137 132 124 135 129 134 136 131 136 134 141 143 142 129 132 133 131 139 145 137 139 140 121 143 149 148 120 137 127 137 141 138 123 126 122 114 124 85 98 91 104 125 126 125 150 132 89 114 122 107 115 114 101 71 84 94 70 50 44 86 110 69 74 77 102 94 69 95 115 134 134 132 131 136 128 83 63 46 38 22 24 47 49 68 81 100 109 122 133 148 144 141 132 133 148 153 129 107 89 85 83 92 114 118 108 101 110 117 115 112 117 116 105 102 90 97 111 134 148 137 147 123 117 116 112 117 114 119 116 122 135 126 145 157 152 138 146 139 146 139 140 138 137 132 133 132 139 135 131 130 124 128 122 121 119 116 118 120 121 130 130 131 133 132 134 132 132 132 130 130 130 130 131 132 128 129 130 129 129 126 128 127 129 131 136 136 136 132 127 132 126 119 118 112 103 102 89 85 73 81 69 62 57 54 54 49 48 46 45 44 45 42 41 41 39 38 37 37 35 33 33 35 33 33 31 31 31 0 0 0 0 0 0 0 0 0 0 0 0 0 0 0 0 0 0 0 0 0 0 0 0 0 0 0 0 
0 0 0 0 0 0 0 0 0 0 0 0 0 0 0 0 0 0 0 0 0 0 0 0 0 0 0 0 0 0 0 0 0 0 0 0 0 0 0 0 0 0 105 102 99 101 101 105 109 112 111 107 104 99 96 96 92 87 84 84 84 96 101 113 121 124 129 133 136 138 137 137 135 131 130 125 120 114 114 115 113 110 106 108 112 115 118 120 117 117 118 119 122 126 128 127 126 123 109 100 99 90 85 85 80 77 77 79 90 93 99 102 105 105 102 99 88 85 78 74 72 71 70 79 83 88 95 101 127 127 130 127 127 126 123 123 124 123 123 125 127 125 124 124 124 123 121 124 143 139 132 129 132 134 121 107 99 91 80 112 117 114 117 124 109 115 117 109 107 107 127 127 119 84 78 81 104 79 97 124 92 94 119 108 66 68 89 115 106 99 76 81 76 74 119 131 141 152 150 148 147 144 116 105 29 26 27 69 82 86 93 104 119 120 121 115 113 94 97 95 95 93 78 78 69 42 13 5 5 5 6 6 5 6 5 6 7 5 7 14 8 13 25 27 42 52 59 60 66 70 71 74 77 68 69 72 73 72 78 81 73 72 66 49 32 13 12 10 16 66 75 92 106 120 134 119 120 123 126 135 126 130 142 135 141 131 135 135 136 140 136 135 136 128 131 138 135 140 131 143 129 134 127 125 142 134 131 154 120 147 133 136 147 144 134 120 127 135 124 102 99 100 106 118 131 147 115 122 89 123 119 105 118 94 75 71 84 87 70 57 54 93 109 82 77 100 102 53 106 95 132 127 133 138 146 133 128 58 48 46 34 19 22 48 72 87 81 96 125 122 138 142 141 142 141 152 146 153 105 107 95 86 94 114 121 107 98 101 112 118 118 125 118 116 105 108 123 97 123 147 148 132 122 116 117 118 122 117 120 124 122 128 147 153 146 142 133 138 134 134 136 138 137 135 130 130 128 132 131 129 128 128 125 121 121 121 117 116 116 118 118 123 124 132 131 132 132 132 132 130 131 131 130 132 132 132 131 132 130 132 131 130 132 128 130 131 132 130 136 132 125 121 114 112 103 93 103 81 89 77 69 65 59 56 56 56 54 54 53 48 47 46 45 45 42 42 39 41 40 38 38 35 36 34 32 32 31 30 30 32 30 31 0 0 0 0 0 0 0 0 0 0 0 0 0 0 0 0 0 0 0 0 0 0 0 0 0 
0 0 0 0 0 0 0 0 0 0 0 0 0 0 0 0 0 0 0 0 0 0 0 0 0 0 0 0 0 0 0 0 0 0 0 0 0 0 0 0 0 104 101 98 99 98 101 104 107 110 111 107 102 98 94 92 92 90 89 83 83 86 110 120 121 127 129 133 134 136 138 139 135 134 130 125 120 115 114 116 115 114 110 112 112 115 120 120 117 117 116 117 122 125 128 129 127 123 114 104 92 86 80 77 76 78 77 79 79 85 97 101 108 107 105 99 96 94 83 81 70 66 69 70 73 88 89 96 109 115 126 129 130 125 123 123 122 117 123 125 125 125 120 123 121 123 121 120 128 128 130 127 125 134 123 107 101 100 87 86 86 111 117 124 106 115 119 107 117 111 120 116 104 84 74 81 111 107 92 117 118 93 120 108 73 76 89 120 125 92 71 80 70 74 82 104 141 146 153 151 153 139 128 105 69 40 23 49 69 90 96 112 121 126 121 118 113 110 103 93 95 93 80 74 69 55 29 7 5 3 3 4 6 7 5 4 7 5 8 7 7 16 34 60 42 64 67 63 67 71 77 76 77 66 69 71 76 71 84 82 76 68 66 40 32 17 9 11 19 45 84 97 106 113 122 128 124 116 124 135 134 142 142 138 140 128 130 129 134 138 136 128 136 127 134 138 130 151 143 120 135 119 127 129 141 144 153 141 130 127 141 146 137 144 133 118 121 142 127 113 99 112 124 118 133 145 106 117 120 130 116 117 83 94 65 68 116 87 60 62 90 112 103 82 87 102 72 59 105 137 123 127 139 138 151 132 77 56 71 34 24 19 57 48 75 88 104 119 130 131 137 142 141 144 140 146 127 114 106 97 93 86 97 114 120 108 98 110 115 115 125 125 124 106 104 108 123 148 142 137 130 132 121 115 117 122 127 127 130 127 139 155 147 152 137 134 130 132 135 134 136 134 137 132 131 129 127 127 126 129 128 129 125 124 122 119 119 116 117 117 118 122 124 125 126 132 132 132 131 131 131 130 132 132 132 132 132 134 133 135 131 133 132 131 130 128 124 117 127 122 125 118 108 104 95 84 84 76 72 68 69 65 61 57 58 58 56 55 54 54 47 48 48 48 45 45 43 44 40 40 38 38 37 36 33 34 33 33 30 32 33 31 31 30 0 0 0 0 0 0 0 0 0 0 0 0 0 0 0 0 0 0 0 0 0 0 0 
0 0 0 0 0 0 0 0 0 0 0 0 0 0 0 0 0 0 0 0 0 0 0 0 0 0 0 0 0 0 0 0 0 0 0 0 0 0 0 0 0 102 99 95 97 96 100 103 107 110 107 107 102 98 96 94 91 90 89 86 87 86 97 107 125 128 131 134 135 136 139 139 137 136 133 130 120 118 118 116 117 114 113 113 115 116 120 118 118 117 119 117 119 119 124 125 126 122 112 104 97 91 82 81 79 79 80 77 79 85 90 99 104 106 107 102 101 93 93 81 79 76 64 62 68 76 83 106 113 115 115 118 118 127 121 124 122 117 116 125 131 132 127 116 115 117 117 120 117 124 130 132 128 124 128 107 96 100 106 107 86 88 93 120 106 106 112 106 117 111 120 119 113 99 102 90 99 113 92 111 118 103 106 121 112 114 83 100 125 115 94 61 64 80 54 68 135 145 153 153 154 148 140 111 84 43 26 42 69 86 93 102 111 116 127 120 109 103 103 97 91 86 80 74 63 43 7 3 5 5 4 6 5 5 7 5 7 5 8 7 10 27 37 48 75 77 67 67 74 71 81 77 68 68 72 78 76 77 85 82 79 69 61 43 25 14 8 11 26 45 74 90 110 117 127 127 123 116 134 135 134 142 141 137 124 128 137 129 138 137 133 126 134 137 133 133 146 151 126 120 129 119 132 137 147 152 121 141 110 143 152 145 131 124 121 126 136 142 127 122 114 122 129 140 138 111 120 117 125 130 119 107 81 49 92 68 108 100 60 62 90 101 106 98 89 102 78 110 105 133 119 113 144 146 125 132 83 88 71 44 33 33 64 83 94 88 114 124 130 136 141 147 150 140 142 117 127 118 106 102 96 106 109 119 106 103 98 106 114 113 127 128 110 110 124 150 137 148 142 128 120 120 111 120 128 131 127 128 134 137 152 151 144 130 129 132 130 132 134 136 134 134 133 134 131 128 127 127 127 129 130 129 128 126 122 119 119 117 116 115 117 120 124 124 126 128 132 132 131 131 129 129 131 133 133 132 132 134 135 137 135 134 131 127 130 125 109 117 110 104 112 103 96 87 80 84 77 72 71 70 64 63 60 60 60 58 57 57 55 55 52 52 53 49 47 45 45 46 43 42 40 39 38 38 37 34 36 36 33 32 33 32 31 30 30 0 0 0 0 0 0 0 0 0 0 0 0 0 0 0 0 0 0 0 0 0 0 
0 0 0 0 0 0 0 0 0 0 0 0 0 0 0 0 0 0 0 0 0 0 0 0 0 0 0 0 0 0 0 0 0 0 0 0 0 0 0 0 94 91 88 94 93 96 96 97 105 106 105 106 100 98 96 94 94 95 88 89 90 95 104 107 123 128 131 134 136 136 137 139 138 136 131 130 124 124 120 119 118 116 117 113 115 121 120 119 118 120 121 120 119 119 118 124 126 125 117 103 95 88 86 84 79 81 81 80 81 84 90 104 110 112 107 105 104 99 99 93 88 76 73 76 68 70 72 89 94 110 112 114 115 116 121 120 118 116 114 119 120 119 123 121 115 112 112 111 109 112 128 125 128 122 128 121 107 85 85 93 95 85 93 112 123 106 112 106 111 113 99 105 113 98 91 77 65 69 99 85 114 112 106 113 123 114 96 81 97 96 73 55 64 69 81 68 91 127 140 151 153 145 140 128 111 76 28 27 66 85 100 104 104 116 123 125 113 108 101 94 91 81 77 83 63 43 13 5 6 6 5 7 7 5 6 6 6 3 6 20 37 27 50 48 61 59 73 71 72 81 74 77 76 68 79 85 81 85 84 79 68 69 45 43 30 15 9 10 15 59 79 90 101 112 128 129 124 132 131 139 140 140 141 137 124 132 144 132 134 137 142 126 140 135 126 134 134 118 127 124 127 119 143 133 148 137 121 122 144 143 152 145 131 136 133 133 134 117 125 122 128 135 129 138 127 112 119 125 125 119 94 90 81 52 112 130 111 49 45 68 73 101 106 107 74 78 89 110 131 118 119 143 144 147 126 91 87 93 45 37 33 66 64 91 98 116 132 117 132 139 141 149 153 140 130 104 110 113 116 101 96 104 106 115 111 113 113 118 121 127 127 127 118 119 132 147 145 133 121 128 120 110 114 128 131 134 132 144 134 156 140 151 134 126 126 133 134 134 134 135 135 134 136 137 136 134 129 129 128 129 128 129 130 128 122 118 117 113 110 115 117 120 122 123 126 127 129 130 132 131 130 129 130 129 131 132 131 133 135 137 134 132 130 124 123 113 103 100 94 104 97 91 90 83 77 75 72 69 70 70 67 68 62 63 63 58 60 57 58 55 55 55 55 53 53 47 48 46 45 42 42 42 40 40 40 37 37 36 33 34 33 34 32 30 30 32 31 0 0 0 0 0 0 0 0 0 0 0 0 0 0 0 0 0 0 0 0 
0 0 0 0 0 0 0 0 0 0 0 0 0 0 0 0 0 0 0 0 0 0 0 0 0 0 0 0 0 0 0 0 0 0 0 0 0 0 0 0 93 89 85 86 87 91 93 97 102 102 105 106 101 94 92 93 94 95 91 93 90 94 101 113 119 131 136 140 136 137 137 139 138 136 130 127 126 123 120 118 118 118 119 116 119 123 121 120 118 120 121 121 120 117 118 120 127 122 117 110 101 90 86 83 84 83 80 83 81 87 91 104 110 112 112 109 102 102 99 98 94 85 85 87 77 77 73 73 94 91 93 96 110 108 114 105 118 109 114 114 113 113 122 124 119 117 112 106 110 112 116 117 121 113 120 114 107 89 77 93 101 93 87 108 128 115 97 114 111 113 100 84 128 106 101 69 63 69 93 85 102 105 113 101 73 135 125 81 62 63 92 74 69 88 89 84 81 127 146 149 153 152 132 123 105 52 27 27 43 68 96 99 103 111 112 122 117 108 107 103 88 82 79 75 72 54 13 5 5 6 6 6 4 4 4 6 17 3 15 37 44 47 52 54 53 59 58 62 72 78 76 69 77 89 85 85 82 80 84 78 73 59 48 32 18 9 9 12 15 27 48 90 106 128 129 125 124 130 131 138 136 141 141 122 124 132 144 122 136 133 144 141 130 127 139 125 134 122 125 128 139 141 134 117 126 135 121 137 132 147 155 136 143 139 149 113 134 102 130 120 133 139 147 115 127 109 119 115 111 111 95 98 68 116 112 108 111 57 46 76 84 113 110 107 74 81 108 110 136 118 120 149 141 123 126 93 100 93 40 44 42 70 97 93 98 117 121 117 130 145 150 148 133 118 100 104 101 104 110 93 99 108 113 114 121 113 121 128 127 121 129 123 131 143 136 147 137 137 118 108 106 110 114 132 142 134 139 155 158 148 131 127 128 130 133 133 135 137 136 136 138 137 139 137 137 134 133 133 131 127 125 128 125 128 117 118 113 109 106 111 112 120 123 123 125 126 128 128 132 132 133 130 128 129 130 127 131 130 129 130 134 128 121 124 117 96 103 93 86 87 83 84 81 78 77 74 72 70 71 68 69 65 65 63 63 61 63 61 61 57 57 58 54 55 53 53 53 48 47 44 47 43 41 42 40 39 39 37 37 37 35 32 32 31 30 31 31 30 29 30 0 0 0 0 0 0 0 0 0 0 0 0 0 0 0 0 0 
0 0 0 0 0 0 0 0 0 0 0 0 0 0 0 0 0 0 0 0 0 0 0 0 0 0 0 0 0 0 0 0 0 0 0 0 0 0 0 94 88 84 85 85 87 85 87 95 97 100 103 100 101 91 92 92 96 95 91 93 98 102 101 120 119 128 134 140 141 141 139 138 138 137 134 131 128 126 122 120 119 117 119 119 124 123 124 125 120 121 123 122 120 117 117 118 124 122 116 108 94 88 82 83 81 83 83 84 88 92 97 104 109 115 112 109 108 108 101 98 94 85 83 87 84 80 79 80 78 85 90 97 96 108 107 101 102 99 106 106 109 113 108 124 127 126 115 117 118 112 111 117 120 113 114 107 103 87 75 88 110 93 85 108 122 123 113 108 112 85 100 84 105 106 102 110 82 72 81 90 101 105 106 85 73 92 114 108 82 86 91 74 74 67 100 84 81 121 140 149 152 152 149 143 129 90 60 29 41 68 99 105 103 110 104 113 122 113 111 103 91 87 79 76 71 64 50 5 5 6 6 9 4 7 18 14 37 38 49 48 44 50 52 48 53 61 64 67 67 74 76 77 77 83 85 83 80 79 82 80 73 67 51 35 24 11 12 13 19 32 48 59 87 119 123 120 127 127 135 136 136 139 141 128 131 136 122 122 137 141 144 139 132 122 123 136 133 125 130 146 139 147 130 111 127 145 137 119 132 155 139 136 140 141 141 88 104 133 130 140 142 139 140 107 89 103 105 104 103 111 98 98 83 115 109 108 111 87 92 76 118 113 106 70 85 81 108 144 127 118 145 149 135 116 95 117 103 50 48 44 62 72 94 88 116 132 128 133 149 145 155 145 129 131 109 91 101 100 89 93 99 109 108 123 126 130 126 124 118 121 125 125 144 144 132 135 144 137 110 108 104 116 127 132 142 156 153 155 134 124 131 124 129 132 133 133 137 137 138 139 138 138 139 140 138 137 134 131 131 122 125 123 122 121 116 111 106 103 106 108 112 117 120 124 126 127 129 131 132 132 133 129 127 127 124 121 124 121 129 126 123 128 121 112 101 93 88 83 86 82 79 80 79 78 76 74 71 71 71 70 70 67 68 66 62 63 64 63 61 60 60 60 57 56 56 56 53 51 47 47 47 48 44 44 42 42 39 39 38 37 37 35 35 35 31 32 31 30 31 30 29 29 0 0 0 0 0 0 0 0 0 0 0 0 0 0 0 
0 0 0 0 0 0 0 0 0 0 0 0 0 0 0 0 0 0 0 0 0 0 0 0 0 0 0 0 0 0 0 0 0 0 0 0 0 0 0 94 90 85 83 81 83 86 87 88 91 100 102 101 96 91 87 89 96 96 95 91 98 102 109 115 127 132 138 140 141 141 141 140 139 138 132 130 127 126 125 124 121 119 117 118 122 127 127 125 124 123 122 121 119 119 119 120 120 122 120 115 101 92 82 76 78 83 84 84 88 91 93 96 101 113 112 114 108 108 105 100 93 92 91 79 74 80 75 80 79 87 94 91 91 96 93 101 93 99 98 95 99 110 103 111 114 126 120 121 118 112 110 109 115 117 109 107 95 78 75 73 80 99 87 102 113 119 113 100 112 104 86 104 105 81 89 107 82 79 93 92 105 90 79 92 64 63 114 121 118 91 88 91 81 68 105 82 81 83 107 146 154 148 141 138 117 115 60 37 30 59 77 91 106 98 101 109 122 114 114 104 98 89 81 71 71 55 50 43 45 44 6 9 26 48 18 45 37 50 49 50 49 51 52 59 53 62 68 67 69 75 80 80 83 82 85 86 79 79 84 80 67 58 38 24 12 11 13 13 14 24 58 83 110 117 118 120 126 127 133 135 140 139 135 135 139 136 134 142 137 141 138 125 129 139 137 136 119 126 137 143 146 122 122 132 144 145 127 138 158 144 142 135 144 141 110 88 114 135 147 151 160 143 116 107 96 103 97 97 92 103 95 94 110 115 123 108 112 78 93 103 122 95 72 70 94 138 125 144 127 133 142 121 100 116 93 104 103 48 47 61 73 89 91 88 115 128 130 137 155 152 147 136 144 119 109 96 105 95 86 94 102 109 108 116 126 118 111 124 129 127 141 147 137 126 132 138 144 135 117 102 112 134 145 158 150 156 153 136 122 124 126 130 129 133 133 133 137 139 138 137 138 137 139 135 138 137 134 128 125 121 121 116 122 119 115 110 106 103 102 104 112 116 120 124 125 128 128 129 132 130 129 124 127 122 112 121 117 113 117 113 115 107 115 112 101 93 85 81 81 78 78 78 79 78 78 77 74 74 71 69 70 69 69 66 65 64 65 64 62 62 62 60 58 56 57 58 55 53 52 52 52 47 47 44 43 44 40 40 40 39 38 35 38 35 34 33 32 32 32 30 29 29 27 0 0 0 0 0 0 0 0 0 0 0 0 0 0 
0 0 0 0 0 0 0 0 0 0 0 0 0 0 0 0 0 0 0 0 0 0 0 0 0 0 0 0 0 0 0 0 0 0 0 0 0 0 97 96 91 85 84 81 80 84 88 89 90 96 97 101 94 91 86 84 93 96 101 98 104 104 109 115 125 130 135 142 142 139 139 140 140 141 135 133 131 127 125 123 124 119 119 118 122 125 128 128 127 124 122 121 118 119 120 121 119 120 117 109 100 91 82 77 74 79 82 88 90 91 95 101 101 107 109 114 116 115 105 100 98 98 91 86 81 69 64 70 77 87 94 95 91 88 88 94 94 91 89 91 99 93 103 98 94 114 115 120 113 110 110 109 115 118 118 93 78 66 70 80 80 82 95 98 102 110 111 100 99 99 86 106 128 81 89 107 85 87 97 103 105 104 83 92 100 93 68 93 113 98 88 82 89 68 93 104 76 71 128 134 154 155 148 144 136 131 113 94 30 49 69 91 96 98 107 115 117 119 114 102 93 89 79 76 62 59 53 53 49 44 47 30 26 48 54 53 46 49 53 50 52 51 58 61 67 66 71 72 74 75 80 80 80 80 86 85 80 78 77 80 73 61 42 25 12 9 13 14 19 24 50 74 102 112 120 117 129 132 131 135 140 136 136 144 139 139 145 138 135 132 138 125 129 136 125 108 135 126 133 143 145 132 120 127 145 131 153 138 139 142 142 129 147 126 128 122 137 135 152 153 160 138 134 102 111 95 96 87 92 101 95 94 101 94 128 117 84 104 93 106 122 85 72 104 113 141 155 148 133 133 142 106 88 97 125 110 56 65 47 57 69 91 85 115 132 135 139 156 155 151 141 149 146 121 107 119 97 88 86 82 92 87 89 110 121 108 127 144 129 143 153 137 123 123 143 147 144 122 117 104 113 145 155 153 147 131 141 136 122 124 129 132 133 132 134 135 137 136 133 137 134 131 133 130 133 129 122 128 117 121 117 112 114 112 111 107 104 103 102 104 108 112 121 124 127 128 130 129 130 129 128 121 120 114 109 108 101 113 109 105 107 101 100 91 87 84 85 81 78 80 79 77 78 79 78 76 74 74 74 73 68 69 69 67 66 66 66 64 64 64 64 62 61 58 58 58 56 53 54 55 55 52 52 48 47 44 44 43 40 41 42 38 38 37 35 33 34 34 32 32 31 29 29 29 29 0 0 0 0 0 0 0 0 0 0 0 0 
0 0 0 0 0 0 0 0 0 0 0 0 0 0 0 0 0 0 0 0 0 0 0 0 0 0 0 0 0 0 0 0 0 0 0 0 0 0 100 101 98 90 91 85 88 84 87 90 90 94 94 97 98 89 85 84 87 97 101 104 107 111 116 122 125 130 135 141 142 141 140 139 140 141 141 139 131 130 127 125 128 124 122 121 121 124 128 129 132 127 125 120 119 118 121 121 119 117 115 113 108 100 85 76 75 78 82 85 91 89 99 109 106 109 109 113 116 116 116 115 98 98 95 87 81 73 64 61 59 63 90 82 89 84 88 95 94 91 88 90 95 93 90 86 94 88 93 120 116 112 106 105 107 105 118 114 90 66 52 66 81 77 101 115 124 110 108 97 110 114 101 123 135 122 105 112 85 87 100 106 106 97 88 96 97 93 81 101 115 119 76 62 79 55 74 104 91 75 82 110 146 152 145 140 136 131 126 117 58 29 30 81 88 98 113 115 115 117 119 114 106 83 80 76 69 59 52 49 51 47 50 50 55 53 54 53 51 55 58 59 63 58 66 61 68 76 71 74 77 71 82 79 84 80 82 95 80 79 74 73 63 45 28 14 12 8 11 14 19 45 71 92 110 119 120 116 131 130 132 139 139 136 144 136 139 140 148 137 137 127 137 134 131 136 125 127 138 142 127 135 112 113 126 134 145 137 149 144 139 131 119 146 147 138 128 118 145 158 151 139 124 132 134 117 111 110 105 87 97 101 93 87 101 100 122 120 102 114 96 102 82 69 72 99 130 141 160 158 153 138 92 106 88 102 119 110 78 81 64 76 81 85 85 115 129 130 151 159 152 134 154 142 122 121 110 128 112 89 80 86 92 71 101 110 124 112 130 153 151 134 121 112 129 123 146 141 134 126 111 119 153 145 131 153 131 121 120 115 121 129 129 132 134 132 136 137 135 137 129 132 126 131 123 130 127 122 116 116 112 113 109 112 109 108 110 108 107 101 101 104 108 112 116 121 127 128 130 130 128 127 120 121 117 109 103 103 98 98 94 101 97 101 95 88 84 83 81 79 78 80 79 78 78 78 78 77 76 73 74 73 72 71 69 69 69 67 67 67 65 64 64 63 61 60 60 58 58 57 58 57 55 54 52 52 51 46 46 46 43 44 42 40 38 38 37 36 37 36 34 35 31 32 29 31 30 30 28 29 0 0 0 0 0 0 0 0 0 
0 0 0 0 0 0 0 0 0 0 0 0 0 0 0 0 0 0 0 0 0 0 0 0 0 0 0 0 0 0 0 0 0 0 0 0 0 95 97 98 98 93 91 92 92 90 92 92 93 95 94 96 98 96 96 84 85 91 105 111 107 111 116 122 125 134 139 141 141 142 140 140 141 141 142 141 138 135 127 128 128 129 126 124 120 122 126 129 131 126 125 122 120 119 119 119 119 117 115 110 106 100 93 82 73 74 82 88 91 99 106 109 115 117 113 115 115 114 116 118 117 113 95 87 83 79 68 68 69 63 71 82 74 70 86 85 89 87 86 90 86 93 96 91 87 88 84 97 97 112 110 102 108 107 105 106 102 72 73 66 81 86 82 93 97 121 112 97 111 114 102 107 132 117 95 118 132 98 100 106 121 114 93 103 117 90 102 90 63 119 81 68 72 95 88 102 118 75 85 110 122 134 148 136 133 134 135 117 73 49 30 32 50 102 104 110 109 117 122 115 106 96 90 76 71 67 62 57 51 57 50 52 57 53 56 51 51 55 58 69 63 65 65 68 68 71 78 80 77 80 90 88 88 83 92 95 88 79 74 75 62 45 28 15 9 14 13 17 19 40 63 95 109 119 117 134 135 135 132 144 139 138 141 141 135 145 132 145 137 142 134 133 132 134 127 127 138 121 127 131 106 106 87 118 151 140 149 131 115 131 116 144 138 135 129 148 145 152 127 139 121 127 132 110 111 119 88 87 107 101 85 71 96 122 122 114 119 114 106 102 84 71 94 120 130 149 162 158 157 141 108 113 111 102 119 82 74 81 74 80 77 83 118 127 138 151 157 159 150 141 151 141 124 113 128 108 87 89 80 82 64 65 98 119 120 112 149 153 144 119 114 118 130 145 136 141 129 126 118 137 154 145 113 115 112 121 114 119 121 130 131 134 134 137 136 137 136 128 129 126 125 121 119 121 117 114 116 110 112 110 109 106 107 107 107 108 107 104 104 102 105 112 118 125 127 128 130 130 126 125 118 114 105 99 99 95 98 96 95 93 91 92 87 84 83 82 81 81 80 78 79 78 78 78 78 79 76 74 75 74 73 72 71 70 69 70 67 66 67 68 64 63 62 62 60 60 58 59 58 59 55 56 54 54 51 52 52 46 45 46 44 43 39 40 37 38 36 36 36 37 34 33 32 32 30 30 30 29 29 29 0 0 0 0 0 0 0 
0 0 0 0 0 0 0 0 0 0 0 0 0 0 0 0 0 0 0 0 0 0 0 0 0 0 0 0 0 0 0 0 0 0 0 0 0 95 93 93 95 92 91 90 92 90 88 92 94 97 98 99 98 100 96 94 92 91 101 109 114 115 122 127 134 134 139 141 141 142 142 141 138 139 140 141 139 137 132 130 129 127 126 123 122 122 122 122 129 128 125 122 121 117 117 119 118 116 114 111 108 103 98 74 75 74 79 85 93 96 103 114 118 117 121 115 116 115 117 120 119 115 113 107 83 79 73 70 67 73 75 69 68 70 70 71 81 81 80 84 75 89 86 91 87 84 84 83 81 99 101 94 92 107 97 94 102 88 77 81 89 86 78 75 97 104 116 98 93 116 112 116 117 116 95 95 103 131 120 89 121 114 97 107 117 113 97 116 96 93 97 117 104 113 88 96 110 98 79 108 113 135 148 144 133 135 138 133 113 80 30 25 50 74 104 109 106 115 122 119 108 105 90 83 71 71 68 66 60 65 58 64 57 61 63 58 62 65 63 69 65 67 65 67 73 71 75 79 82 87 93 93 88 88 97 98 89 77 68 52 45 27 14 15 10 15 14 17 28 51 98 112 118 119 121 136 136 138 141 141 139 140 146 141 135 140 140 148 140 133 131 134 131 134 134 130 116 121 130 131 108 106 115 118 136 131 126 127 103 118 140 144 133 135 142 145 137 155 126 129 131 127 105 110 117 122 87 98 93 92 88 71 99 120 129 128 132 107 118 88 76 71 100 138 130 153 162 163 148 129 130 113 114 121 113 82 74 83 78 71 77 83 108 125 145 153 157 152 138 141 130 137 124 124 131 112 93 78 79 82 68 93 98 112 130 140 135 132 107 109 113 123 130 134 131 124 132 130 153 144 154 110 113 111 110 113 112 117 126 132 131 138 135 137 136 132 128 128 126 124 125 120 119 118 116 116 111 110 110 111 109 108 111 107 108 108 106 105 104 106 105 109 115 123 124 127 127 124 123 117 118 110 102 97 96 94 95 95 95 93 91 90 87 87 83 83 83 82 80 80 80 80 78 78 78 78 76 77 75 74 74 72 73 72 72 71 67 68 67 68 65 63 64 63 63 63 60 60 60 59 59 56 56 57 53 53 53 51 51 46 45 43 43 44 40 40 39 38 37 37 37 36 33 35 31 32 32 30 30 29 30 29 0 0 0 0 0 
0 0 0 0 0 0 0 0 0 0 0 0 0 0 0 0 0 0 0 0 0 0 0 0 0 0 0 0 0 0 0 0 0 0 0 0 91 90 91 93 92 92 88 87 86 84 81 86 89 97 98 98 101 102 101 102 103 96 103 109 113 114 119 125 131 139 142 141 143 142 142 141 140 141 141 142 140 135 132 130 129 126 126 125 123 119 117 123 124 128 126 126 126 119 119 116 115 116 111 109 108 106 101 92 89 77 81 85 93 98 103 106 111 119 120 122 120 115 118 123 119 118 117 111 106 88 73 70 67 76 75 75 73 67 61 69 72 76 80 70 75 72 66 87 87 88 80 73 81 80 79 100 94 94 88 83 80 73 77 69 67 102 110 100 79 96 122 103 93 94 104 93 97 111 117 107 123 128 120 94 92 96 97 107 117 119 97 105 96 87 79 81 104 92 105 110 110 104 79 104 110 112 147 154 151 144 138 131 111 80 49 31 35 48 83 93 106 111 115 119 117 113 103 102 83 80 76 66 69 65 66 66 64 64 63 66 70 65 67 71 65 67 73 75 79 77 83 79 79 93 94 94 97 101 97 92 78 77 66 48 37 23 12 11 15 16 17 17 26 46 89 110 113 127 134 136 135 138 135 140 142 141 146 145 148 140 150 148 128 131 136 135 131 136 119 130 127 124 130 131 108 107 123 134 117 131 130 122 103 122 146 143 137 155 139 145 142 127 126 135 137 142 98 116 121 106 87 103 93 95 102 102 102 128 134 135 132 123 125 91 83 112 120 144 156 157 162 162 140 138 139 119 120 106 82 85 85 83 78 71 81 106 118 142 156 157 157 156 142 133 137 149 146 145 125 101 93 81 75 62 77 92 115 135 130 125 135 119 98 107 111 116 122 130 131 153 132 149 148 139 123 117 114 113 110 112 117 117 121 131 139 140 136 133 134 132 128 128 126 124 123 120 118 119 120 116 114 110 113 115 112 114 110 111 108 108 107 104 104 106 107 111 120 123 126 127 126 122 120 114 108 101 96 94 96 94 95 97 95 94 91 88 88 86 85 83 83 83 82 82 81 78 79 78 78 78 77 76 75 76 76 72 72 72 72 71 71 71 71 69 67 66 65 63 63 63 62 62 62 60 60 58 58 57 56 55 53 53 53 50 49 46 47 44 43 43 39 40 39 37 38 35 37 35 34 33 34 32 31 30 30 29 31 31 0 0 0 
0 0 0 0 0 0 0 0 0 0 0 0 0 0 0 0 0 0 0 0 0 0 0 0 0 0 0 0 0 0 0 0 0 0 0 0 84 85 85 91 89 86 86 87 86 81 81 77 78 91 92 96 94 102 104 109 103 105 108 110 116 118 119 123 131 136 140 144 146 144 144 141 140 141 141 143 142 137 134 131 130 127 125 123 123 119 117 119 121 126 128 128 123 122 119 117 114 113 111 110 107 103 101 92 89 85 85 86 91 93 101 105 111 118 120 122 124 121 124 126 124 124 117 113 106 101 97 95 79 76 81 80 73 72 70 59 63 70 75 76 70 64 66 71 75 88 84 76 68 73 76 69 94 90 86 81 86 81 68 59 65 81 100 100 86 79 126 136 94 104 104 126 110 111 117 114 112 124 119 113 98 92 75 71 117 119 103 81 117 98 77 99 133 92 86 93 119 117 86 91 111 112 141 154 153 151 141 130 115 79 62 31 28 48 64 78 98 105 103 115 112 113 110 106 101 95 90 77 79 70 73 66 71 79 62 71 74 72 76 76 81 72 73 75 79 85 91 88 95 96 97 94 103 104 98 91 79 63 53 35 20 11 12 10 14 16 16 22 42 46 98 112 113 126 135 136 133 134 137 140 136 146 146 140 147 152 135 127 136 138 136 144 131 135 126 109 130 135 129 110 101 107 123 135 115 142 120 122 119 123 146 135 137 150 151 150 149 128 137 140 137 147 114 103 127 110 97 106 94 105 102 101 100 123 125 132 125 136 100 94 83 116 152 144 153 146 154 131 127 139 139 123 121 107 98 81 63 79 84 71 81 108 118 141 151 152 156 147 142 146 156 149 151 142 122 107 89 77 75 85 104 92 123 129 125 118 110 102 112 107 115 116 118 132 144 150 142 134 133 139 122 117 117 108 109 107 118 124 131 131 138 140 136 134 133 130 126 125 126 124 124 125 119 123 125 119 119 116 117 115 116 116 112 112 108 106 105 104 104 106 107 112 117 122 123 125 122 117 112 114 104 99 96 95 96 97 97 97 95 94 92 89 88 88 87 85 86 83 83 82 81 80 79 79 79 79 77 76 77 75 76 74 75 74 73 71 71 72 71 70 67 68 69 68 66 63 64 64 62 63 60 58 61 57 57 57 55 55 53 53 52 49 51 46 46 47 42 43 39 39 40 39 38 36 36 36 34 34 31 31 32 30 32 30 28 28 0 
0 0 0 0 0 0 0 0 0 0 0 0 0 0 0 0 0 0 0 0 0 0 0 0 0 0 0 0 0 0 0 0 0 0 0 85 85 82 85 86 89 89 84 84 80 81 77 77 78 82 86 90 87 96 99 102 110 112 108 112 119 120 123 126 129 133 142 144 146 145 144 142 142 141 142 143 139 137 134 133 132 130 125 123 121 121 117 120 121 121 125 126 125 125 120 119 114 110 109 110 109 107 97 94 90 92 85 86 86 93 96 100 110 114 120 124 124 124 129 126 128 129 122 120 111 109 106 95 91 77 81 80 79 76 69 72 71 70 73 70 80 80 64 64 66 74 71 76 69 64 81 77 69 71 77 82 86 81 67 61 58 67 79 112 118 95 116 136 121 101 125 137 146 104 107 108 109 124 125 123 108 97 89 66 97 110 103 81 87 100 105 77 100 127 111 93 110 117 105 92 97 111 111 148 154 151 148 133 115 100 85 48 32 39 46 78 89 99 103 105 107 109 108 109 105 104 90 92 79 81 86 79 82 78 79 81 74 73 81 81 88 84 92 103 95 85 91 100 98 99 100 104 102 94 91 73 79 67 51 38 23 11 11 17 20 20 16 22 33 67 87 107 125 136 135 134 133 135 142 142 135 144 135 148 147 132 135 138 144 142 144 134 134 127 126 129 130 132 116 110 125 147 123 135 115 126 116 122 98 103 123 121 156 158 151 138 126 128 148 145 145 115 123 134 109 110 92 116 108 107 110 99 125 133 143 132 135 139 103 101 115 128 156 158 144 146 149 129 125 139 127 120 113 109 91 81 56 83 93 95 104 108 118 151 151 152 151 150 152 152 154 150 135 142 99 107 84 79 80 86 121 130 114 129 106 118 105 106 110 113 114 126 145 132 144 150 137 132 133 131 132 120 106 108 104 119 118 125 131 138 138 137 137 134 134 128 126 125 124 125 124 124 124 124 125 123 122 119 119 118 116 114 112 108 108 107 105 103 102 105 109 112 120 124 123 125 122 116 110 102 98 97 96 97 96 99 100 98 97 93 91 91 87 87 87 86 85 85 85 84 81 80 79 80 79 79 79 78 77 75 76 77 75 75 73 73 73 74 72 71 70 71 69 69 68 65 66 66 64 64 59 61 61 59 60 57 57 57 55 55 52 52 51 50 50 47 45 46 43 41 42 40 38 38 38 37 36 37 32 35 31 31 30 30 29 29 28 
0 0 0 0 0 0 0 0 0 0 0 0 0 0 0 0 0 0 0 0 0 0 0 0 0 0 0 0 0 0 0 0 0 0 0 85 84 84 79 80 87 86 84 82 79 81 79 79 79 84 88 87 87 87 90 96 105 110 117 120 124 128 131 126 128 130 138 140 145 145 144 144 144 141 142 142 139 137 136 135 133 126 124 123 120 120 122 124 120 122 124 124 125 125 124 124 116 113 110 107 106 107 96 94 92 94 92 93 95 88 91 100 112 114 119 121 126 127 127 129 131 129 127 127 116 115 114 101 96 86 81 68 79 76 77 78 79 71 66 73 74 80 75 68 66 73 75 71 65 67 67 77 80 69 65 80 76 82 77 67 72 73 79 90 96 114 114 128 123 101 119 130 146 129 107 110 107 124 131 102 90 90 89 69 77 110 109 93 87 100 105 77 100 102 98 99 122 105 102 87 97 105 111 128 139 156 145 135 117 115 85 50 32 23 26 60 64 71 109 114 107 109 110 108 107 106 103 106 97 106 86 92 95 84 91 96 81 90 92 94 88 90 97 101 107 110 104 100 99 101 100 99 93 88 82 69 62 53 51 20 12 11 14 16 18 17 22 25 33 79 105 107 119 130 133 133 134 142 142 136 145 144 136 152 152 135 145 139 144 142 130 134 133 136 127 132 136 110 127 110 138 147 105 116 115 126 116 62 112 103 109 127 143 146 133 138 122 150 143 145 146 117 123 138 122 103 111 114 111 107 117 112 124 134 132 130 145 111 106 101 116 136 160 163 153 151 132 133 138 139 134 120 121 120 114 55 90 83 87 95 96 119 137 151 151 148 152 150 158 154 154 144 129 119 93 79 76 79 87 111 121 124 104 100 96 109 113 102 110 115 114 139 145 146 146 138 132 134 133 131 132 124 116 104 113 120 125 133 131 136 140 139 141 136 134 131 126 124 124 124 124 124 124 124 121 121 120 119 119 118 115 114 111 107 107 104 102 100 102 103 107 113 119 124 125 125 118 111 110 102 98 97 98 102 100 101 100 98 97 96 93 91 89 88 88 86 85 85 85 84 85 84 80 81 81 80 79 79 78 77 76 77 76 75 73 76 75 74 72 71 70 72 70 70 67 68 68 66 66 64 62 63 62 63 62 60 60 57 58 58 55 53 52 51 51 51 51 46 45 45 44 44 40 41 39 37 38 37 35 37 33 33 33 31 32 30 28 
0 0 0 0 0 0 0 0 0 0 0 0 0 0 0 0 0 0 0 0 0 0 0 0 0 0 0 0 0 0 0 0 0 0 92 89 88 84 82 80 84 85 87 88 92 83 82 79 80 84 87 86 84 85 89 101 105 110 113 115 123 127 130 130 130 133 135 140 143 146 144 145 145 144 144 142 142 140 136 135 133 129 127 121 121 120 123 124 125 125 127 123 124 126 126 124 118 114 110 108 108 102 99 92 91 94 94 97 95 97 99 97 101 117 117 121 126 131 127 128 129 131 132 124 122 121 114 105 96 95 93 77 75 60 77 78 79 76 69 69 68 74 69 70 68 71 75 72 66 62 59 72 78 84 67 71 76 75 74 71 67 67 64 67 102 110 114 104 104 116 103 109 137 130 107 108 107 92 76 64 94 80 98 86 77 92 109 108 105 110 91 77 89 102 98 107 122 129 120 113 106 98 108 120 139 147 144 135 128 128 101 81 40 38 26 31 40 71 84 89 113 107 107 110 111 106 111 119 109 111 108 107 97 103 106 96 96 102 94 99 99 103 105 104 106 110 109 112 99 101 97 90 82 78 67 69 60 48 35 19 22 13 19 20 21 17 22 24 43 82 101 114 129 130 134 133 131 140 131 139 145 143 153 152 138 135 136 144 138 127 130 135 125 136 126 135 134 133 141 138 137 106 106 116 119 106 101 62 112 124 153 150 138 146 138 123 122 150 127 137 136 128 141 129 122 113 101 116 120 121 120 129 135 134 132 133 143 126 118 111 137 157 160 154 153 154 141 142 138 136 116 127 127 126 114 60 87 95 88 101 110 131 137 156 156 148 152 159 157 149 142 125 129 99 93 84 78 89 113 96 95 86 104 93 96 109 108 93 100 128 144 139 145 140 145 134 130 141 138 131 126 118 116 116 109 120 123 129 135 140 140 139 141 137 136 133 128 123 122 120 122 117 114 119 121 121 118 116 117 115 112 109 107 107 105 105 102 100 102 106 107 117 122 124 126 127 121 116 104 99 101 101 105 102 104 103 101 99 96 94 93 91 89 88 89 88 86 87 87 86 85 84 83 81 82 81 79 78 79 78 78 77 76 75 75 76 75 76 73 71 73 72 71 71 68 70 70 67 68 66 66 63 65 63 62 61 63 59 59 58 57 53 54 54 55 52 52 50 50 45 45 44 44 43 43 39 40 36 37 37 35 35 33 33 34 33 0 
0 0 0 0 0 0 0 0 0 0 0 0 0 0 0 0 0 0 0 0 0 0 0 0 0 0 0 0 0 0 0 0 0 0 106 111 115 92 97 81 86 85 87 91 95 92 88 81 85 87 87 86 88 85 85 94 99 109 113 115 121 125 130 130 130 130 130 137 139 146 146 147 145 146 146 143 143 142 139 138 133 129 127 124 124 121 124 124 124 126 127 121 124 124 123 123 121 117 110 109 108 102 99 93 90 90 90 89 100 102 99 103 104 106 111 121 126 130 131 130 129 130 131 131 130 129 123 119 103 101 93 90 86 70 70 72 58 76 68 69 68 64 63 67 71 74 77 78 67 63 59 60 59 60 82 88 72 77 74 84 81 67 74 81 76 87 116 120 104 119 103 109 119 115 118 116 104 87 89 74 99 80 97 118 80 99 101 122 121 110 87 88 89 102 91 97 120 122 115 113 104 98 96 100 135 144 145 135 134 128 124 121 72 66 23 25 24 45 47 89 90 95 108 112 114 114 111 121 115 111 111 113 109 112 112 109 111 103 105 99 98 96 103 107 106 103 100 107 106 99 97 90 82 73 60 53 40 48 29 43 22 26 22 22 23 23 23 24 70 100 101 114 123 131 133 132 139 140 135 141 145 147 147 146 130 134 147 130 138 133 130 128 126 130 137 142 140 146 141 153 137 123 100 115 99 86 106 112 116 124 153 149 135 135 125 142 142 107 127 130 143 142 139 138 125 115 113 120 120 122 116 129 137 143 140 144 123 123 118 118 141 150 155 150 152 146 141 144 138 133 114 127 137 132 79 92 87 90 88 89 81 108 145 155 154 156 155 159 157 149 138 124 121 112 88 91 78 101 83 96 88 86 100 104 105 100 97 93 134 128 139 130 140 143 133 136 138 141 136 131 125 115 117 115 114 111 114 129 133 136 140 141 140 140 134 129 124 123 120 116 118 113 110 112 112 113 118 116 114 111 112 111 110 106 105 103 103 100 101 106 110 116 121 125 128 127 122 116 110 105 104 104 106 107 107 103 100 99 96 94 93 91 91 90 89 88 88 88 87 87 86 85 84 82 82 81 81 81 79 79 80 78 78 76 75 76 75 73 73 73 74 73 72 71 71 71 70 69 70 67 67 68 67 65 63 63 63 62 61 58 59 57 56 56 55 56 52 51 51 50 50 46 46 44 42 43 40 38 39 37 38 38 34 35 34 33 0 
0 0 0 0 0 0 0 0 0 0 0 0 0 0 0 0 0 0 0 0 0 0 0 0 0 0 0 0 0 0 0 0 0 119 112 100 115 115 110 106 113 93 102 114 94 98 88 89 94 87 89 88 86 84 88 92 99 105 109 120 121 123 126 128 129 129 130 133 136 140 142 143 148 149 146 144 143 143 142 141 136 135 129 124 124 124 124 123 124 124 124 122 119 121 123 122 116 117 112 110 106 104 98 94 90 87 83 89 92 95 103 104 111 112 111 117 125 130 131 131 131 133 131 130 129 129 128 126 115 112 98 97 86 83 82 72 72 77 68 69 68 63 68 66 73 74 73 73 79 77 55 52 49 68 67 88 85 83 79 84 82 73 72 81 75 87 91 90 117 109 109 91 98 115 121 116 108 109 118 99 98 112 105 118 88 99 87 113 122 121 109 81 103 102 91 97 95 91 116 105 110 100 94 100 109 122 145 148 148 139 139 121 113 66 45 22 24 25 26 53 59 105 110 109 114 112 102 109 107 115 118 114 114 115 112 114 112 110 112 107 105 109 108 109 106 103 102 99 101 97 75 55 67 73 60 45 38 33 54 64 45 29 22 22 23 22 27 34 58 92 107 125 123 140 133 135 145 139 141 139 146 142 147 131 130 138 144 127 130 130 120 130 126 138 133 138 137 118 150 147 113 106 100 127 96 86 108 126 131 128 125 149 135 132 146 140 141 110 113 137 153 138 133 138 137 126 112 116 115 118 116 139 140 143 144 140 126 129 129 145 156 146 138 150 157 148 157 150 134 126 130 140 134 132 111 107 111 89 84 82 119 108 146 155 153 157 151 140 146 137 138 124 119 112 98 108 108 90 82 86 86 86 101 98 100 105 130 130 120 116 121 130 146 143 135 144 138 132 128 122 112 115 110 120 114 113 113 121 129 139 144 141 144 144 137 133 124 119 115 114 111 109 110 109 109 109 109 111 114 111 110 111 110 110 107 104 104 103 106 106 116 120 121 125 129 127 124 115 112 108 104 108 106 108 108 104 99 98 95 93 93 92 91 91 90 89 89 90 89 87 86 86 84 84 83 83 83 83 81 81 80 79 79 77 79 78 77 73 74 73 74 75 73 72 72 73 71 71 70 70 67 68 66 65 66 65 64 61 61 60 59 59 59 59 56 57 55 55 51 52 50 50 49 49 43 45 42 42 39 40 40 38 37 37 35 0 0 
0 0 0 0 0 0 0 0 0 0 0 0 0 0 0 0 0 0 0 0 0 0 0 0 0 0 0 0 0 0 0 0 0 96 93 89 91 89 103 92 113 116 114 108 120 124 104 113 94 95 89 87 88 86 83 85 99 104 109 121 124 123 124 126 130 132 132 135 136 138 139 143 143 144 148 147 143 142 142 141 138 135 133 132 127 124 123 123 123 124 121 122 119 119 121 119 115 114 110 110 102 104 100 96 89 86 85 85 86 95 95 98 109 114 119 124 126 126 128 131 130 132 133 131 131 128 125 126 125 112 111 111 95 92 90 81 85 80 79 53 68 63 68 66 67 75 76 73 76 77 72 62 55 57 58 66 77 83 80 79 82 73 70 78 86 73 72 90 121 134 109 102 101 110 107 120 113 105 118 126 98 76 76 99 101 113 111 116 122 124 109 80 87 98 91 99 95 91 116 108 110 108 101 85 91 108 126 139 148 148 146 136 125 90 66 55 19 23 26 30 32 70 73 76 105 98 92 88 107 105 103 116 115 117 116 115 113 112 112 116 117 117 109 112 106 102 102 86 101 85 59 47 47 39 39 45 38 77 81 64 61 35 23 24 24 27 27 50 83 92 107 120 137 138 141 147 145 146 141 139 147 142 140 140 145 134 129 127 127 130 124 137 138 129 139 119 125 118 142 137 101 124 120 72 112 124 137 126 134 120 121 120 126 132 146 134 116 110 121 134 151 137 132 130 130 121 119 116 112 120 135 138 140 145 134 126 135 129 140 147 158 145 142 159 160 148 158 150 135 136 134 138 127 129 115 107 90 89 89 100 132 133 144 145 158 157 151 148 146 135 133 119 119 110 104 108 98 80 82 87 84 93 104 102 125 128 130 113 120 105 119 145 147 143 142 138 138 131 126 122 114 106 119 119 113 109 113 118 128 136 143 146 144 139 133 127 124 119 114 113 112 111 108 107 108 108 109 110 111 109 110 111 112 113 107 108 104 105 108 111 116 121 125 129 129 128 124 121 118 113 107 107 109 108 108 100 99 96 96 95 93 93 92 90 90 90 91 90 91 88 86 87 86 85 83 84 86 83 82 81 81 80 79 79 80 78 78 76 74 73 75 74 74 73 75 73 72 72 71 71 69 69 69 67 66 65 65 65 62 61 60 59 59 57 58 57 57 57 53 53 53 52 51 49 49 45 46 45 44 43 42 39 39 37 36 0 0 
0 0 0 0 0 0 0 0 0 0 0 0 0 0 0 0 0 0 0 0 0 0 0 0 0 0 0 0 0 0 0 0 93 89 85 89 86 83 86 83 85 84 88 101 98 124 119 117 119 125 103 109 116 83 81 85 91 98 111 117 122 125 127 126 132 132 134 135 138 138 139 139 141 144 144 147 146 144 144 141 140 136 135 132 132 127 123 123 123 123 122 119 118 119 117 115 115 112 110 106 101 100 96 96 91 83 85 86 86 89 92 101 104 114 116 118 120 127 129 129 130 133 129 129 131 130 127 126 126 124 122 111 104 101 90 85 81 88 92 73 71 73 60 66 67 63 66 78 79 78 74 69 56 61 58 62 72 83 81 85 85 81 70 72 86 83 74 62 76 95 130 108 101 100 107 102 96 114 117 129 127 116 76 94 112 119 113 107 119 118 102 91 87 97 100 95 105 97 95 108 98 105 101 86 96 108 114 125 147 152 138 132 125 112 102 90 36 25 21 20 36 36 41 76 76 75 88 84 84 90 103 113 116 117 119 117 117 118 114 117 116 116 112 112 109 98 91 70 64 50 46 42 34 39 33 55 60 77 81 76 36 35 23 24 23 30 30 49 79 97 120 120 135 138 139 145 151 145 151 146 138 142 140 147 143 124 135 130 125 137 141 137 133 129 122 112 132 145 135 125 125 124 90 125 112 132 135 132 120 122 127 120 144 143 147 134 116 130 130 149 140 137 132 128 122 126 125 128 124 120 135 143 140 145 134 129 134 140 149 154 150 145 142 160 161 169 165 141 143 138 134 114 127 129 120 116 89 91 105 139 132 142 144 147 156 156 157 155 139 136 133 127 126 110 104 88 81 82 84 89 84 96 112 119 129 118 121 111 110 122 119 139 144 144 133 136 135 134 128 122 114 116 124 107 105 99 112 128 136 144 143 144 145 141 137 130 122 117 114 113 113 111 111 108 107 107 109 110 111 111 112 112 112 113 115 116 110 113 108 119 124 121 126 130 131 131 126 123 117 113 109 107 108 106 104 100 97 97 98 95 94 93 93 92 91 91 91 91 89 88 88 89 86 87 86 83 84 83 83 81 82 82 80 80 79 79 76 76 78 77 75 74 75 75 76 73 73 72 72 71 71 71 69 69 68 66 67 65 65 61 61 62 62 60 61 58 58 57 55 53 55 55 54 51 50 49 49 45 46 45 42 44 44 38 36 0 0 
0 0 0 0 0 0 0 0 0 0 0 0 0 0 0 0 0 0 0 0 0 0 0 0 0 0 0 0 0 0 0 0 93 89 85 83 81 84 85 83 84 84 86 93 93 97 98 117 105 125 126 123 114 123 126 84 89 98 113 119 122 125 129 129 132 135 136 135 139 141 139 138 140 142 142 146 145 145 144 142 140 139 137 135 135 129 128 128 125 123 122 120 119 117 115 116 114 113 110 106 103 98 93 89 85 78 83 85 86 87 90 96 97 106 108 110 122 124 129 129 128 128 128 129 129 129 126 126 126 124 120 120 117 110 98 92 79 83 92 90 90 92 76 80 69 63 66 78 79 78 78 79 64 70 62 65 72 87 89 85 86 82 75 74 73 81 74 70 60 95 115 122 90 70 94 79 75 114 126 129 109 100 101 80 110 107 103 107 118 118 123 114 98 121 89 101 102 97 97 105 98 105 107 99 85 111 124 125 134 143 147 147 125 127 110 74 58 25 23 20 20 18 23 42 40 73 70 84 80 77 94 105 108 118 114 117 118 118 118 115 106 114 95 99 77 98 52 70 51 47 38 34 35 45 69 55 95 96 99 76 36 23 21 28 30 30 30 65 79 100 118 130 133 135 142 145 151 139 151 145 154 149 145 146 135 139 135 136 125 142 133 129 132 114 118 143 132 142 135 121 98 75 117 138 131 139 135 131 125 130 147 144 117 144 133 142 134 130 130 147 139 135 128 109 124 129 125 138 130 138 136 138 145 130 134 133 134 137 153 157 150 146 161 162 161 166 165 152 155 157 139 104 122 109 120 94 89 97 114 136 145 140 146 156 156 157 158 155 152 147 129 124 92 76 87 88 81 82 83 99 104 119 126 119 116 118 120 118 117 127 125 125 136 129 139 136 144 146 136 132 124 115 100 93 95 99 109 125 137 139 144 140 139 137 133 130 125 122 117 118 118 113 113 110 110 107 109 109 110 111 111 113 115 114 115 116 118 122 118 122 129 128 132 130 133 131 128 126 121 114 112 108 105 106 103 101 98 99 100 98 96 95 94 92 93 93 91 91 90 90 90 88 89 87 87 86 84 85 84 83 83 81 81 81 79 79 79 76 78 77 76 75 75 75 76 75 74 73 72 71 71 71 69 70 68 70 68 66 67 65 64 64 62 62 61 60 61 58 57 56 56 56 54 53 50 51 52 49 49 49 45 45 44 44 0 0 0 
0 0 0 0 0 0 0 0 0 0 0 0 0 0 0 0 0 0 0 0 0 0 0 0 0 0 0 0 0 0 0 0 86 87 81 83 81 83 85 88 86 87 91 92 93 94 97 100 100 99 98 98 104 98 126 126 119 97 104 112 125 129 129 134 132 135 137 138 139 141 141 140 140 141 142 143 143 144 143 142 140 139 137 137 138 133 132 133 128 126 123 120 119 117 114 116 114 112 109 107 100 97 93 90 78 78 77 78 83 86 94 96 97 100 104 106 113 115 124 124 129 129 129 129 128 127 127 128 125 121 120 116 115 110 107 107 87 90 83 85 83 90 96 80 77 75 71 78 83 87 89 79 70 70 72 70 75 80 95 92 91 82 81 74 71 67 86 83 68 62 62 122 113 70 67 86 84 114 126 119 111 100 105 96 75 76 74 115 109 131 135 114 96 94 112 100 100 89 100 108 122 116 107 99 85 80 102 128 137 142 137 147 145 138 140 92 84 49 33 20 23 23 23 21 21 44 43 65 58 77 86 81 108 98 80 105 90 116 107 83 90 73 95 75 56 57 43 46 39 29 38 48 35 61 74 80 85 76 54 38 41 23 21 26 28 31 41 64 92 110 118 131 131 132 140 155 152 135 151 152 154 147 153 143 137 142 132 146 140 140 133 141 137 127 135 141 135 116 95 98 98 82 131 128 139 125 118 132 142 145 147 141 106 136 139 143 145 150 138 147 139 135 129 117 130 128 140 137 130 142 136 138 140 128 138 140 138 151 159 149 150 146 161 157 165 169 156 160 159 157 116 104 121 109 92 105 108 127 135 136 138 140 145 157 155 159 159 156 145 147 139 121 91 91 87 87 79 90 83 99 111 122 124 109 112 115 129 129 133 127 129 124 123 143 157 151 151 143 139 132 128 113 107 94 97 106 119 132 134 139 138 140 141 141 138 132 133 122 123 122 118 117 117 112 112 112 113 109 112 115 111 114 116 119 122 121 118 122 125 136 129 132 135 135 135 131 128 123 121 112 112 108 106 104 102 100 100 100 100 98 96 96 96 95 94 94 91 91 90 91 90 90 90 88 87 87 85 85 84 84 84 81 81 83 83 82 79 79 78 77 78 75 75 74 75 75 74 73 72 72 73 73 70 72 72 69 68 68 67 68 65 67 64 64 61 61 61 60 57 58 57 57 56 56 53 54 52 51 53 49 51 51 46 44 0 0 0 
0 0 0 0 0 0 0 0 0 0 0 0 0 0 0 0 0 0 0 0 0 0 0 0 0 0 0 0 0 0 0 94 91 92 84 83 82 83 85 90 92 92 90 92 96 99 97 99 100 98 97 95 99 99 97 95 119 109 106 112 122 131 133 135 136 137 137 138 139 141 142 142 141 143 142 143 145 144 143 142 139 135 138 138 138 137 136 133 131 126 127 128 121 117 114 113 112 112 111 110 104 102 95 92 87 76 74 78 77 78 88 93 99 104 110 111 115 115 119 124 127 126 127 131 129 129 130 128 124 122 120 121 120 115 113 107 105 90 91 94 93 81 85 95 94 75 78 76 83 87 89 86 87 78 76 70 70 77 95 102 101 95 99 76 69 67 58 74 68 54 49 69 91 107 99 96 84 101 126 115 109 111 108 85 71 73 74 90 116 115 126 132 115 114 113 84 100 94 95 104 83 134 108 97 80 80 102 119 128 143 148 139 140 138 138 136 84 84 77 28 26 27 20 22 24 25 43 41 35 53 50 39 64 51 80 53 90 74 59 43 63 55 58 46 56 40 43 39 31 34 39 58 65 69 74 78 58 76 46 36 27 21 25 26 28 29 60 64 90 107 131 136 126 141 140 157 146 135 145 154 155 146 141 144 136 142 143 144 141 147 146 142 135 143 142 141 127 110 91 124 117 127 111 131 117 125 115 144 150 137 133 122 131 138 138 143 148 148 133 131 127 120 129 143 131 128 134 132 144 133 128 138 128 128 143 140 134 150 161 149 140 155 152 157 165 169 164 167 160 148 129 136 139 109 93 113 112 140 145 145 137 142 152 157 153 158 159 155 143 144 123 102 103 91 93 79 79 92 109 114 111 110 105 109 112 117 127 136 141 135 133 137 150 156 157 151 136 148 141 132 126 114 96 98 97 105 112 126 134 139 143 145 141 142 138 137 136 133 130 126 120 119 117 115 112 112 112 113 113 114 118 119 116 124 122 124 128 129 125 136 138 142 135 137 135 133 130 125 119 113 108 106 106 104 103 101 102 102 99 100 97 98 96 96 96 94 93 92 92 91 92 90 90 89 88 87 85 86 85 85 84 84 85 83 83 83 82 80 79 78 78 77 77 74 76 75 74 73 74 75 73 72 73 72 72 70 70 70 67 68 69 66 66 64 63 64 60 61 61 60 58 57 57 56 56 56 54 53 54 52 52 51 51 0 0 0 0 
0 0 0 0 0 0 0 0 0 0 0 0 0 0 0 0 0 0 0 0 0 0 0 0 0 0 0 0 0 0 0 95 94 92 89 88 81 83 89 90 92 91 91 92 92 96 98 99 95 96 94 95 99 99 97 96 95 98 98 100 101 131 144 135 137 137 138 140 139 141 143 142 145 143 144 143 144 144 143 139 138 135 132 132 138 137 133 133 131 132 133 128 126 120 116 113 112 111 110 109 106 102 100 96 92 84 80 74 74 79 84 93 96 102 108 115 119 120 125 124 128 130 127 128 130 130 133 129 128 122 124 123 120 120 119 111 108 104 105 105 91 87 85 89 89 96 98 80 78 75 80 86 87 92 92 76 77 81 85 95 101 100 99 97 89 69 68 69 70 66 49 56 70 103 96 103 105 102 100 121 109 124 119 97 95 94 91 104 117 117 126 121 124 106 105 94 73 74 109 106 83 92 109 112 101 102 101 119 134 135 148 151 149 146 139 141 132 124 77 55 46 27 24 22 18 19 29 28 35 26 23 39 34 31 44 33 45 34 27 43 29 55 44 35 36 32 31 30 44 34 59 58 60 67 74 68 43 36 31 36 22 21 22 27 33 29 60 78 113 107 126 139 130 144 155 145 143 146 152 154 156 139 140 152 137 141 148 142 142 147 146 127 132 136 136 114 114 106 125 124 125 129 109 117 117 131 140 144 120 137 131 135 133 132 118 134 149 148 121 119 127 114 130 143 131 135 136 132 131 127 128 138 132 139 144 126 144 158 161 130 140 143 147 156 161 161 161 154 160 135 129 137 133 115 106 125 145 154 145 137 137 134 153 150 157 152 151 143 143 147 128 109 121 102 74 73 95 111 109 115 102 110 105 109 118 120 133 145 141 140 140 138 148 141 137 126 137 129 141 137 130 108 104 92 96 115 112 131 134 139 144 147 144 144 140 139 136 131 126 126 123 123 119 117 113 111 112 111 113 114 117 120 122 126 126 129 128 132 140 138 138 142 141 140 134 130 125 125 112 113 109 106 104 103 103 102 103 102 101 102 99 99 97 98 97 95 95 92 93 93 93 90 90 88 88 86 87 86 87 87 85 85 85 84 83 82 83 80 81 80 78 78 78 77 77 76 75 74 74 75 73 74 73 72 72 70 70 70 69 70 70 67 67 66 66 64 64 61 60 61 62 59 60 59 58 56 56 57 54 52 53 51 51 0 0 0 0 
0 0 0 0 0 0 0 0 0 0 0 0 0 0 0 0 0 0 0 0 0 0 0 0 0 0 0 0 0 0 98 95 93 91 90 88 83 83 86 87 89 91 91 90 91 96 97 99 94 94 92 93 96 98 97 96 96 101 98 97 98 106 117 149 151 137 141 145 139 141 145 144 146 147 146 146 144 143 143 141 140 135 134 131 132 131 133 130 127 131 131 131 128 127 120 120 113 111 110 110 110 105 101 98 89 86 80 76 74 75 78 88 92 98 112 117 119 126 130 130 133 134 129 134 132 133 133 134 133 129 129 127 123 122 119 113 108 106 104 106 101 95 83 82 89 93 98 98 101 99 73 73 88 92 92 89 83 81 82 89 106 113 102 99 89 76 75 69 70 76 60 62 95 107 110 103 99 102 76 85 129 140 112 104 100 94 100 93 95 104 111 106 119 118 117 94 96 107 98 113 92 96 102 123 121 102 104 111 134 135 142 143 149 142 144 141 138 125 123 108 96 34 33 22 22 19 23 21 28 25 21 24 30 31 22 33 27 23 21 23 25 28 33 35 32 32 29 43 54 55 65 66 83 67 73 31 43 30 27 24 23 22 25 27 29 45 54 78 113 124 135 141 145 144 156 132 137 148 153 148 136 149 139 134 137 145 149 144 147 139 113 127 146 125 136 114 105 111 103 118 132 101 114 121 117 135 129 107 117 124 133 135 122 118 118 118 148 118 115 101 111 146 130 138 131 135 136 153 135 131 132 131 132 148 144 118 136 151 140 128 136 139 147 153 158 157 156 153 131 134 141 137 133 117 125 131 120 140 154 132 125 156 153 150 153 152 150 142 150 137 118 131 121 104 70 80 101 98 108 95 102 109 108 109 118 120 139 143 142 137 140 142 132 141 129 136 128 116 111 106 114 98 107 92 106 116 122 125 137 144 142 144 141 144 142 141 137 133 128 125 125 123 121 117 114 111 112 113 116 118 120 120 128 126 128 132 134 138 142 143 147 144 141 140 136 130 123 118 112 108 106 106 105 104 102 101 102 102 103 100 98 99 98 98 97 96 96 95 95 94 92 90 90 90 91 88 88 88 88 87 86 85 85 85 84 82 83 83 83 80 79 79 78 78 78 77 76 75 75 75 76 74 73 72 73 72 72 71 71 71 70 68 67 66 67 64 65 63 64 63 62 62 60 61 60 57 58 58 55 55 53 53 0 0 0 0 0 
0 0 0 0 0 0 0 0 0 0 0 0 0 0 0 0 0 0 0 0 0 0 0 0 0 0 0 0 0 0 88 87 93 92 91 86 83 83 83 83 89 87 90 90 91 92 90 93 90 87 92 89 96 98 98 97 97 102 102 101 98 104 117 126 132 152 153 153 147 151 145 145 146 147 148 149 146 145 142 142 140 138 133 132 133 133 128 130 126 127 131 129 129 128 127 128 119 118 110 110 110 109 106 103 94 89 80 76 74 75 78 81 83 87 98 104 123 126 130 133 133 134 133 135 134 136 133 132 133 132 132 127 127 125 122 121 109 106 107 106 99 95 92 89 85 86 92 98 100 99 90 73 76 81 98 89 83 85 88 89 105 113 109 105 94 87 87 76 82 76 75 70 71 83 93 107 108 101 122 85 110 104 133 120 102 90 92 100 109 104 110 97 100 99 113 118 111 87 77 113 119 109 94 110 124 94 96 111 109 141 142 143 149 152 148 141 136 125 119 119 96 95 88 32 28 19 17 21 21 19 21 24 24 29 23 22 19 23 21 35 25 36 45 47 51 43 51 56 54 79 65 88 104 73 40 29 28 27 27 24 21 21 24 28 35 44 62 90 113 124 135 143 146 141 126 150 155 160 153 153 150 152 142 146 146 145 145 144 147 134 147 139 140 108 108 100 108 78 103 129 122 88 105 140 130 133 129 105 117 123 135 135 123 128 112 148 148 109 118 101 112 146 129 139 130 129 142 153 135 131 130 133 132 149 125 139 135 151 124 128 125 122 150 157 158 159 154 153 137 134 142 141 133 139 135 114 139 140 148 121 119 155 151 160 157 146 141 142 151 146 132 127 93 72 95 101 82 98 88 103 106 102 94 111 118 135 139 143 136 130 136 133 148 142 146 136 111 116 107 112 123 126 120 119 113 116 119 125 134 136 134 140 141 142 143 141 137 133 128 128 128 125 122 119 117 111 111 118 116 119 125 125 130 132 136 132 136 145 142 145 147 146 142 136 136 130 123 112 112 109 108 106 105 104 104 104 102 103 103 102 100 100 99 99 98 97 96 97 95 94 94 91 92 92 90 90 88 89 89 87 86 87 85 87 84 84 83 83 82 81 81 81 81 80 78 77 76 77 76 76 76 74 73 72 73 72 72 73 72 72 70 71 69 69 67 68 65 64 65 64 62 62 64 62 60 59 60 58 57 56 56 53 0 0 0 0 0 
0 0 0 0 0 0 0 0 0 0 0 0 0 0 0 0 0 0 0 0 0 0 0 0 0 0 0 0 0 89 85 81 86 88 91 85 83 82 80 78 81 83 89 85 84 92 90 88 84 81 82 83 90 93 98 98 103 102 106 109 99 103 113 124 132 138 144 153 152 151 152 154 147 148 149 149 148 148 145 144 140 137 132 132 132 133 131 131 131 131 126 125 124 127 128 128 128 127 119 120 112 109 106 99 95 89 85 80 75 74 76 78 79 86 90 104 108 109 125 127 128 132 132 135 137 136 136 134 133 136 137 132 131 125 124 121 118 116 117 107 107 96 95 89 92 86 86 90 91 100 103 88 84 81 83 92 96 85 88 95 97 113 114 105 97 105 87 84 82 75 69 62 55 63 93 90 99 102 82 129 122 96 91 87 102 87 112 84 92 99 92 97 105 96 113 119 125 120 91 78 83 91 88 103 124 117 112 112 102 116 127 135 154 152 148 146 147 132 129 118 107 104 88 68 28 27 27 21 21 21 20 16 24 18 23 24 21 22 30 31 40 45 45 48 53 55 73 89 72 85 102 80 104 63 25 29 25 26 23 21 19 22 24 27 40 44 65 93 112 133 138 143 146 131 153 160 159 162 160 148 148 145 160 146 153 148 143 142 145 147 147 122 127 108 126 101 91 97 131 98 108 118 121 140 128 129 124 92 130 130 139 135 122 128 118 127 134 130 130 127 142 146 136 139 129 134 139 128 128 136 130 133 152 149 128 137 133 137 124 109 114 122 140 154 160 163 151 146 134 145 140 141 148 145 140 123 136 141 123 133 153 155 152 160 154 147 144 152 153 145 120 127 83 82 102 99 83 89 97 103 94 78 94 97 99 119 118 123 136 130 144 161 148 156 140 127 119 109 118 117 119 120 120 114 109 111 114 128 126 127 134 138 141 143 144 142 138 134 131 131 128 124 122 121 119 118 120 126 122 127 125 129 133 134 138 138 140 145 147 147 147 145 140 134 128 121 117 112 108 107 108 106 105 104 104 105 104 103 102 102 100 101 100 100 99 98 97 98 97 93 94 94 93 92 91 91 90 90 89 88 89 87 88 87 86 86 84 83 82 82 82 81 81 81 80 80 78 77 78 76 75 74 73 74 73 72 73 72 72 72 71 71 70 70 68 69 66 67 67 64 65 62 62 62 61 61 63 60 59 56 56 0 0 0 0 0 0 
0 0 0 0 0 0 0 0 0 0 0 0 0 0 0 0 0 0 0 0 0 0 0 0 0 0 0 0 0 84 81 81 81 82 90 89 84 83 78 78 78 83 86 85 81 77 84 88 84 81 77 83 85 87 95 99 103 109 115 109 107 107 107 113 131 138 141 145 145 151 150 151 157 156 158 151 152 146 145 144 142 141 136 134 132 130 130 132 134 131 129 126 125 122 122 128 127 127 128 120 119 119 119 99 95 92 88 80 75 74 75 77 80 80 80 92 94 109 112 116 128 129 130 133 133 137 134 134 135 135 137 136 134 130 129 122 120 120 117 117 107 105 104 93 91 93 93 93 91 92 103 102 95 84 88 89 98 102 95 95 97 100 106 99 99 112 103 106 82 81 86 65 59 54 60 54 122 123 82 101 121 110 110 93 74 97 113 106 92 111 114 97 86 97 101 106 128 132 91 88 93 85 97 90 104 101 112 115 102 102 118 116 142 144 155 146 147 140 137 118 115 123 105 97 64 73 27 25 28 21 22 28 20 22 22 20 22 22 22 31 33 29 44 55 70 88 80 89 35 85 75 41 41 27 25 23 24 26 20 22 20 22 26 35 37 58 80 93 118 129 132 148 146 131 153 160 159 162 153 153 144 154 151 149 143 138 131 142 140 136 137 131 139 132 93 101 109 97 101 106 120 125 109 127 113 129 97 92 133 130 128 109 107 115 114 127 111 136 130 138 144 125 132 137 140 134 141 135 128 136 135 134 152 133 131 133 133 135 124 119 127 132 153 163 158 150 151 150 135 145 141 154 151 141 136 134 136 135 129 142 153 157 160 155 151 145 144 153 158 151 122 83 86 90 100 88 83 91 95 103 86 94 93 104 104 114 118 115 127 137 144 161 154 146 140 139 119 126 123 124 123 122 113 101 109 109 114 119 125 126 134 139 142 144 144 145 135 134 131 126 127 122 120 120 119 120 126 126 129 130 131 134 136 140 138 140 146 145 146 147 144 139 132 126 119 121 115 110 108 107 107 107 106 105 105 105 105 103 103 104 101 102 101 100 100 98 98 98 96 97 95 94 95 93 93 91 91 91 89 89 90 89 86 86 86 86 85 85 83 85 85 82 82 81 81 80 78 79 79 77 76 76 75 74 74 72 73 72 72 71 71 70 71 70 70 70 69 69 69 67 67 65 66 62 62 64 63 61 60 59 56 0 0 0 0 0 0 
0 0 0 0 0 0 0 0 0 0 0 0 0 0 0 0 0 0 0 0 0 0 0 0 0 0 0 0 90 85 83 80 82 82 90 89 89 88 84 76 77 79 81 85 79 78 77 77 80 76 77 80 83 87 93 104 103 108 115 116 116 111 114 113 123 136 141 144 146 145 146 150 149 149 158 159 159 151 151 144 142 138 136 134 132 131 131 130 132 134 131 129 122 121 122 122 122 126 127 126 126 124 117 114 103 92 88 84 84 74 75 80 80 83 80 79 80 96 99 103 120 123 130 130 133 133 134 133 133 132 133 131 134 131 129 125 125 125 121 122 113 111 104 102 100 93 91 87 93 92 91 91 95 93 98 89 86 92 106 106 108 100 106 106 101 112 113 109 103 104 87 80 79 54 65 57 73 87 107 98 124 132 128 93 92 120 120 127 105 101 114 96 95 97 95 99 104 122 123 105 94 68 76 90 83 76 108 104 104 106 105 116 136 144 147 149 156 140 137 135 135 123 121 97 92 93 69 71 72 28 29 28 24 22 23 21 24 20 21 24 22 29 27 30 64 61 40 52 28 20 25 41 29 27 25 22 24 24 21 23 23 22 27 31 39 42 58 110 129 133 121 148 138 150 160 160 159 157 154 153 150 146 151 148 151 145 148 143 133 136 139 141 139 126 105 116 144 113 112 116 122 117 109 129 121 111 120 122 122 100 128 84 107 110 116 86 115 149 138 129 144 134 132 138 143 138 131 138 137 136 135 136 139 133 131 133 143 149 128 137 127 131 152 162 162 161 150 140 145 139 141 152 145 141 140 132 138 141 147 158 153 159 160 157 150 155 155 158 152 129 122 90 83 91 99 83 87 93 95 95 111 94 108 118 118 128 121 139 127 160 158 162 154 146 145 137 130 133 138 124 116 122 106 101 107 112 115 116 125 126 142 139 144 146 144 140 133 130 124 126 120 122 119 120 123 125 128 128 132 130 135 138 138 142 142 146 147 148 145 147 143 137 132 125 119 114 110 107 106 106 107 107 107 106 107 105 104 105 105 104 103 103 102 101 101 100 99 98 97 97 95 95 94 94 93 93 93 91 90 91 90 89 88 86 87 86 86 85 85 86 85 84 84 82 82 80 80 80 79 78 76 77 77 75 76 74 75 75 73 71 71 73 71 70 71 69 69 70 69 69 68 66 66 66 66 65 62 62 60 60 0 0 0 0 0 0 0 
0 0 0 0 0 0 0 0 0 0 0 0 0 0 0 0 0 0 0 0 0 0 0 0 0 0 0 0 94 87 83 86 85 87 90 92 92 90 84 81 77 78 80 77 77 74 73 76 80 83 75 80 83 90 98 105 109 115 115 120 126 115 117 117 122 129 140 143 146 147 147 147 145 145 149 151 158 157 151 150 150 140 139 137 132 131 131 132 132 133 132 130 124 122 118 118 122 122 127 125 124 122 121 119 114 112 99 84 84 83 85 89 85 87 83 83 80 84 86 103 108 112 124 126 131 133 134 133 130 132 131 130 131 131 129 130 128 125 122 122 122 124 113 112 103 103 100 87 86 86 89 89 91 92 97 96 98 92 99 99 102 100 105 106 101 119 116 109 101 98 110 105 106 86 105 57 73 87 88 106 103 114 112 103 70 131 133 127 139 137 112 98 94 82 73 99 63 122 131 135 128 96 80 88 106 76 99 104 101 101 105 113 127 140 145 149 151 148 146 135 135 131 132 116 118 93 90 101 72 73 61 28 31 25 29 32 24 24 21 25 21 25 21 30 26 24 40 29 23 26 23 26 23 23 24 24 24 24 23 22 23 27 31 39 46 60 58 97 119 128 125 141 149 159 145 150 154 157 154 149 140 151 152 153 154 139 148 138 136 143 141 131 129 128 105 138 144 130 116 80 106 115 127 124 121 117 120 112 131 91 87 111 114 127 116 94 147 149 129 118 135 136 136 147 143 137 142 138 144 141 139 142 130 127 140 137 143 149 140 143 135 152 162 162 158 161 151 139 144 141 151 140 138 142 132 132 137 149 149 158 159 157 159 150 157 155 159 155 151 130 103 95 107 95 82 83 82 88 96 107 116 119 121 118 133 128 130 138 156 157 157 158 165 153 145 137 142 141 132 123 115 102 109 101 116 112 114 109 113 129 131 147 147 146 146 133 133 128 124 122 120 120 122 120 124 129 128 130 134 136 140 143 145 142 146 149 150 147 144 140 135 130 123 117 119 113 110 107 106 107 107 108 107 106 107 106 106 105 105 104 102 103 103 102 101 100 100 99 98 97 96 96 94 93 93 94 94 92 93 90 91 88 88 87 87 87 87 85 85 85 82 83 84 84 82 81 81 83 79 80 79 79 77 76 77 76 75 76 75 73 74 73 71 73 73 70 70 71 69 69 68 68 66 66 65 65 65 64 64 60 0 0 0 0 0 0 0 
0 0 0 0 0 0 0 0 0 0 0 0 0 0 0 0 0 0 0 0 0 0 0 0 0 0 0 98 93 88 88 87 85 89 90 92 90 90 88 86 81 78 80 76 74 73 70 71 81 83 83 82 82 90 98 105 111 117 119 125 124 122 117 118 119 123 133 136 145 146 147 146 148 145 146 147 151 150 157 156 150 148 148 137 134 133 130 131 132 130 130 126 123 122 120 120 114 113 120 118 116 119 115 119 118 113 108 107 96 83 85 89 95 87 88 90 83 86 89 90 93 112 119 126 128 127 132 131 129 127 126 130 130 129 129 133 130 129 127 122 124 124 125 120 110 108 107 98 95 86 88 89 91 93 97 103 107 94 94 94 91 100 101 99 94 119 116 121 112 102 112 104 106 104 106 92 73 88 76 106 119 107 112 123 113 79 92 118 110 137 97 111 94 96 97 70 81 88 102 110 128 125 80 77 85 115 110 100 99 110 105 110 127 135 136 144 145 151 148 149 145 131 132 135 131 105 107 111 97 86 61 73 83 33 36 36 28 32 25 24 21 21 21 21 23 27 23 23 23 24 23 22 22 25 23 24 23 23 22 22 23 26 37 40 54 66 90 110 122 139 125 143 151 153 151 142 146 162 153 149 140 151 163 152 143 146 142 143 136 134 124 131 136 135 141 135 128 104 98 80 130 115 114 133 131 114 113 140 102 91 111 111 128 137 99 121 131 117 105 118 132 136 145 148 142 144 141 146 137 141 148 151 137 133 138 146 151 144 140 143 138 149 162 158 156 162 146 140 145 141 153 136 131 137 134 138 148 150 153 158 155 153 160 152 162 163 156 155 134 130 112 112 109 95 83 79 81 88 110 115 116 120 120 124 139 141 138 138 159 165 157 167 166 167 151 146 142 141 132 130 115 117 126 122 116 108 101 107 113 128 131 140 145 145 142 135 129 127 124 124 122 120 122 126 127 131 132 135 134 137 140 144 145 147 147 143 146 142 144 138 132 128 121 115 112 110 107 107 106 106 106 107 107 108 108 106 107 107 105 105 104 104 103 102 102 101 100 101 98 99 99 99 96 95 94 94 94 94 92 90 91 89 87 88 88 88 87 87 86 85 84 85 84 84 82 82 82 83 82 80 81 81 80 78 76 76 77 76 75 73 73 72 71 73 71 71 70 71 70 69 69 70 69 68 69 68 66 64 66 0 0 0 0 0 0 0 0 
0 0 0 0 0 0 0 0 0 0 0 0 0 0 0 0 0 0 0 0 0 0 0 0 0 0 0 95 84 88 87 84 87 87 89 87 87 90 90 86 84 82 76 73 75 70 70 71 75 78 84 81 84 91 99 113 111 117 120 125 127 126 122 119 123 126 131 136 139 142 148 149 150 147 147 149 150 150 148 147 154 153 153 148 148 131 131 131 131 129 128 128 125 120 118 120 112 113 111 109 110 115 112 112 108 113 101 107 102 98 95 98 95 99 97 90 93 96 89 94 96 97 103 123 125 127 127 126 129 126 125 126 125 131 134 133 130 131 127 127 124 124 124 119 118 117 107 108 107 93 94 88 92 91 97 101 107 107 104 100 98 84 74 70 90 94 93 121 112 98 98 106 95 88 126 126 73 90 103 65 80 95 95 99 113 46 92 107 123 125 132 120 113 112 97 92 81 85 82 74 123 134 104 84 85 102 110 101 87 74 122 115 111 119 136 143 149 151 151 150 148 149 144 135 131 122 127 111 116 112 90 93 67 64 66 36 40 43 32 31 27 27 22 24 29 27 23 24 22 19 23 22 23 23 23 24 25 22 22 24 27 34 41 51 57 66 80 109 134 139 144 144 144 139 156 142 157 164 162 151 162 163 163 152 148 146 148 137 129 130 122 139 133 135 108 135 118 113 136 127 113 109 130 133 118 114 132 139 132 114 101 127 132 137 109 117 131 90 105 138 137 141 145 148 144 147 141 144 139 148 153 144 143 143 138 143 145 144 146 141 138 159 156 161 156 169 155 145 147 151 138 136 134 137 134 140 144 149 151 149 150 157 156 163 162 162 158 145 145 126 124 94 93 75 83 70 74 102 109 113 119 125 120 141 139 146 145 149 159 137 139 125 166 137 151 139 130 132 130 130 135 127 126 125 118 102 103 105 115 127 138 145 145 146 139 135 131 131 126 125 122 123 122 126 133 131 135 136 137 140 143 144 145 146 142 139 140 132 136 129 123 116 112 115 111 108 107 107 106 105 106 107 107 108 108 108 107 107 106 106 106 104 102 102 101 103 103 99 99 100 99 99 97 95 96 95 94 95 94 92 91 89 91 88 89 89 87 88 88 85 87 85 86 84 84 84 84 82 82 80 80 81 81 79 78 78 78 76 76 75 74 72 73 74 71 71 70 71 72 69 70 70 70 69 69 69 68 66 66 0 0 0 0 0 0 0 0 
0 0 0 0 0 0 0 0 0 0 0 0 0 0 0 0 0 0 0 0 0 0 0 0 0 0 91 86 81 82 81 84 79 74 87 82 80 89 92 86 85 82 79 74 72 71 71 71 75 81 81 81 79 90 99 106 111 122 120 129 130 126 124 122 125 126 130 134 137 145 148 151 150 150 149 148 148 150 149 147 145 142 153 150 149 148 150 132 130 128 126 124 125 122 121 116 114 110 109 110 110 110 112 109 106 103 98 96 87 80 95 87 101 99 97 100 103 103 98 102 96 103 103 109 115 125 126 127 125 124 125 126 124 124 126 125 131 126 129 125 124 125 122 121 116 116 115 112 104 103 94 96 94 91 91 93 103 104 101 100 98 91 78 64 86 98 96 100 111 98 98 106 100 94 93 116 95 93 103 90 101 95 100 100 84 66 47 76 123 142 133 120 103 105 112 105 100 101 104 74 89 134 133 125 87 106 88 88 87 74 99 115 114 116 132 143 148 154 154 150 150 150 150 140 134 122 127 137 137 112 115 110 91 81 88 72 70 44 40 31 32 36 25 30 32 28 29 23 21 19 21 24 23 24 24 20 21 20 23 24 26 32 40 46 54 72 102 109 142 139 138 153 143 148 164 161 158 164 152 148 162 152 160 155 148 144 127 137 132 125 122 131 123 118 102 122 133 124 136 105 113 103 128 119 116 149 147 137 132 103 101 132 124 122 134 90 79 122 105 142 134 135 136 148 150 148 143 139 139 143 150 143 144 142 143 135 141 145 146 147 153 159 156 161 170 159 147 150 147 147 146 142 133 136 147 149 145 147 151 148 147 154 159 159 164 155 158 149 145 137 121 85 72 68 62 73 74 103 110 113 121 129 134 142 145 147 145 150 119 137 118 133 133 136 135 138 133 132 128 136 135 127 119 112 106 106 114 105 128 127 137 141 145 142 138 135 133 131 128 126 124 125 127 130 134 134 136 136 139 138 141 140 141 138 133 133 128 132 126 119 120 113 109 109 109 108 106 107 105 104 106 106 107 109 109 108 109 107 106 106 106 106 105 103 103 103 103 99 101 99 100 98 97 98 96 95 95 95 94 94 92 92 93 90 89 89 88 88 88 86 86 86 87 85 84 83 84 83 82 82 82 81 79 79 79 78 78 78 78 76 76 74 74 73 73 73 72 71 72 73 72 70 70 71 69 67 68 69 0 0 0 0 0 0 0 0 0 
0 0 0 0 0 0 0 0 0 0 0 0 0 0 0 0 0 0 0 0 0 0 0 0 0 0 89 83 81 78 76 76 70 71 70 67 80 84 92 88 88 83 81 74 72 72 71 71 74 79 83 78 76 81 96 105 111 119 125 129 130 128 127 129 129 133 130 132 135 140 144 148 152 151 149 149 148 149 149 149 148 147 141 140 149 144 150 150 150 150 128 126 123 122 121 118 114 111 109 110 111 111 109 106 106 96 98 91 83 79 76 72 84 80 97 100 103 103 102 102 103 104 109 111 115 117 118 127 125 124 124 120 122 123 121 125 125 123 125 125 126 124 121 121 122 116 115 113 112 112 99 98 94 92 92 93 96 98 107 107 97 89 82 63 71 98 104 100 112 120 128 102 100 101 100 116 131 131 107 100 104 95 100 100 102 66 72 90 97 116 131 105 75 105 113 105 82 96 106 107 93 110 121 125 107 100 104 109 111 60 74 109 114 116 110 112 148 151 158 152 156 157 154 140 130 151 143 137 137 125 123 106 102 95 88 87 95 75 65 42 50 43 41 46 32 36 38 27 27 21 24 25 24 23 24 21 23 21 24 28 38 45 43 56 54 82 102 128 140 137 148 151 143 163 164 163 148 139 141 141 153 145 160 152 150 144 127 141 139 126 124 119 123 109 102 125 125 105 89 117 116 136 128 107 120 125 126 141 110 78 110 124 124 132 83 90 105 130 137 132 124 131 136 145 147 146 145 138 138 149 140 146 143 142 144 136 145 147 148 153 156 159 152 158 170 159 150 151 149 146 146 126 147 136 150 149 146 144 145 147 154 159 157 159 159 156 148 154 142 119 91 85 73 68 79 84 89 97 108 121 125 129 133 142 143 138 136 124 136 131 151 133 141 136 132 125 128 125 119 118 114 121 119 112 106 113 122 122 127 134 133 141 144 134 138 137 136 132 132 127 128 125 128 130 132 134 135 138 136 138 135 140 134 130 124 126 122 122 115 119 108 107 109 107 107 109 106 103 103 104 108 109 107 108 109 108 108 108 107 108 107 106 105 106 104 103 102 102 101 101 100 98 97 99 97 96 95 95 94 94 92 94 93 92 91 90 90 89 89 88 86 88 88 86 85 84 84 84 85 83 82 82 82 80 80 80 81 81 78 78 76 75 74 74 74 75 73 73 72 73 72 72 70 70 70 69 69 69 0 0 0 0 0 0 0 0 0 
0 0 0 0 0 0 0 0 0 0 0 0 0 0 0 0 0 0 0 0 0 0 0 0 0 89 92 89 79 76 76 73 68 64 60 61 66 68 84 85 88 86 87 77 76 75 73 75 79 85 83 82 86 86 85 95 112 121 133 135 131 128 127 129 131 135 137 139 135 139 145 148 151 152 150 149 149 149 149 149 147 147 145 143 138 134 142 141 139 152 151 126 126 126 122 120 116 114 112 110 110 111 112 109 103 101 95 87 84 79 69 72 70 74 81 80 76 90 102 102 101 100 105 106 114 120 123 117 118 124 122 119 117 120 121 121 118 121 120 125 125 127 123 122 122 122 121 112 111 112 106 105 104 92 90 93 96 99 100 107 107 102 94 76 70 85 84 100 100 102 128 122 117 101 100 100 107 131 99 114 104 108 97 88 83 93 79 90 102 124 131 121 92 77 101 113 100 103 106 112 93 90 103 114 116 99 95 80 111 95 74 96 102 111 105 114 118 127 158 164 166 155 157 150 155 153 158 149 137 125 123 117 114 114 102 112 91 96 65 76 84 51 47 48 49 46 38 43 27 30 30 29 24 24 23 23 23 22 24 27 36 40 48 53 84 106 102 132 140 144 143 161 164 164 156 151 148 151 160 141 143 149 153 165 163 154 147 141 139 126 122 121 113 123 113 129 131 105 119 117 129 133 97 129 121 128 140 141 115 105 78 135 141 138 76 106 132 130 138 130 114 121 153 146 143 151 142 138 142 146 140 132 146 139 137 137 150 147 150 147 147 156 152 153 150 150 150 151 149 142 143 123 147 149 147 149 143 144 141 140 156 158 157 160 157 156 150 154 145 115 100 76 83 86 82 84 92 99 108 115 117 126 118 130 128 138 134 153 136 153 143 146 127 126 132 145 128 138 119 121 119 112 107 111 106 113 122 128 122 122 121 132 129 136 136 141 136 137 138 135 135 130 129 128 132 131 135 136 133 134 129 130 122 118 121 116 122 116 113 110 105 105 106 105 107 107 106 104 103 105 105 105 107 108 109 108 108 108 108 108 108 106 106 106 104 104 102 102 101 102 101 100 98 98 97 97 96 95 95 96 94 95 93 93 91 91 91 89 90 90 89 89 86 86 86 84 84 84 85 84 83 83 82 81 82 80 80 78 80 80 77 76 75 74 74 75 75 73 73 71 73 72 70 69 70 69 69 0 0 0 0 0 0 0 0 0 0 
0 0 0 0 0 0 0 0 0 0 0 0 0 0 0 0 0 0 0 0 0 0 0 0 0 89 94 89 85 81 74 71 63 60 59 61 63 66 72 74 85 87 83 82 78 75 73 75 81 87 92 94 96 86 93 95 102 112 130 135 140 142 144 134 131 135 138 140 140 141 142 148 150 152 150 149 148 148 149 149 148 146 144 143 139 134 131 130 128 139 137 153 153 126 128 120 120 118 116 113 113 110 110 109 107 104 100 97 92 82 76 68 70 74 75 76 76 77 76 93 101 97 95 106 112 122 123 124 125 119 119 120 123 122 121 122 120 117 118 122 125 126 124 123 122 121 122 119 117 108 105 102 103 100 90 90 89 100 102 106 106 101 91 81 70 65 69 94 94 98 103 116 117 96 103 100 107 115 113 121 113 108 97 112 83 78 78 74 100 124 123 120 92 66 101 107 108 92 118 127 106 110 103 108 124 115 106 102 92 102 115 119 102 103 118 114 120 121 134 133 160 156 157 153 150 151 149 148 149 145 133 117 114 114 122 134 116 114 100 99 84 101 90 48 49 52 49 45 39 35 37 28 30 24 24 20 26 29 29 40 42 51 56 53 72 103 123 134 140 150 155 161 154 164 140 156 156 163 161 152 162 149 167 165 161 142 134 108 108 104 122 121 110 125 123 141 135 132 109 125 117 133 117 115 114 135 129 104 122 133 141 135 145 89 76 121 135 138 121 116 123 121 155 153 152 157 140 141 148 135 129 140 146 139 131 148 161 152 151 147 158 154 152 154 142 150 144 144 149 142 122 147 147 147 142 139 148 137 141 154 156 155 157 158 155 153 148 127 112 107 100 81 83 83 91 86 88 97 107 114 117 121 118 126 142 145 161 157 147 137 143 128 128 128 140 148 148 143 130 131 119 112 118 116 125 126 125 128 117 122 121 128 134 140 141 142 141 141 138 135 135 134 129 124 128 126 131 127 128 123 129 124 117 113 113 110 110 107 113 105 103 105 104 103 104 103 104 102 103 105 105 105 107 108 109 109 108 109 109 108 108 106 106 107 106 104 105 104 104 102 101 100 100 100 98 99 97 97 97 96 95 95 95 95 92 92 92 92 92 90 88 89 87 87 86 86 85 84 84 84 84 84 83 82 83 81 80 79 79 80 81 79 78 77 78 75 75 73 73 71 73 73 74 69 70 70 69 0 0 0 0 0 0 0 0 0 0 
0 0 0 0 0 0 0 0 0 0 0 0 0 0 0 0 0 0 0 0 0 0 0 0 90 92 93 91 87 81 77 73 67 65 63 60 65 69 75 74 78 80 84 84 82 75 73 79 84 87 94 102 105 98 103 98 107 112 131 135 139 143 145 144 144 140 138 140 143 143 142 144 146 152 152 148 149 148 149 148 148 147 145 144 142 138 135 134 128 125 137 138 137 155 156 127 126 125 116 115 113 114 114 108 109 103 102 98 92 88 86 73 75 75 79 83 79 79 76 82 86 97 95 101 108 114 125 126 125 124 123 118 120 118 122 117 118 117 118 119 120 124 124 124 121 122 123 124 117 112 110 107 100 99 98 94 89 93 102 104 103 104 100 97 70 64 69 87 95 98 100 97 130 138 88 92 127 115 113 121 119 117 102 107 109 91 78 86 113 124 135 131 107 104 80 85 96 92 94 127 122 126 124 115 132 132 127 102 93 89 99 93 118 111 122 122 123 121 118 118 133 134 158 152 150 153 156 148 149 146 139 144 143 142 122 126 116 114 111 119 113 118 105 86 68 50 48 45 46 40 42 34 36 27 25 20 29 29 31 39 44 52 54 80 98 103 128 134 138 144 159 161 150 150 145 156 149 169 161 169 170 173 163 154 141 142 124 121 108 109 120 114 110 130 145 113 135 122 109 127 108 126 117 113 132 117 129 79 130 139 134 134 116 114 119 131 135 135 113 125 135 153 155 145 164 143 140 147 155 147 136 129 142 143 138 152 161 156 154 151 155 152 153 139 142 140 144 135 124 130 122 147 142 135 142 145 148 141 138 151 156 153 158 150 155 146 148 117 118 115 81 85 78 88 91 81 99 97 103 114 123 131 139 148 142 158 153 157 147 149 137 140 136 144 143 148 153 143 137 135 126 123 125 124 126 126 124 120 117 122 133 140 146 141 145 142 143 140 140 138 133 127 121 121 115 126 123 120 122 116 117 110 107 106 104 110 106 103 104 103 102 102 101 103 102 103 100 98 103 103 104 106 107 108 108 109 108 108 108 109 109 107 109 107 106 105 105 104 104 103 103 101 100 100 99 98 97 98 97 96 96 96 97 95 94 93 92 94 93 91 92 91 89 89 86 87 86 85 86 84 84 84 83 83 83 83 82 81 81 79 81 79 78 78 78 78 77 75 75 74 74 75 74 74 71 70 0 0 0 0 0 0 0 0 0 0 0 
0 0 0 0 0 0 0 0 0 0 0 0 0 0 0 0 0 0 0 0 0 0 0 0 91 92 94 93 90 82 77 72 69 67 63 62 64 69 74 80 83 80 81 81 82 79 75 75 77 91 99 105 106 110 103 107 113 117 126 134 139 143 147 148 144 145 146 143 143 143 144 145 146 148 152 150 151 149 148 149 147 146 145 142 142 141 139 138 132 130 126 127 137 137 135 156 156 157 125 124 116 116 114 113 112 108 107 106 92 89 84 87 75 77 86 83 88 94 85 91 93 100 93 101 108 114 119 123 128 129 123 125 123 118 117 113 114 114 119 121 120 121 122 124 122 119 121 120 119 114 112 105 102 99 101 99 92 92 97 100 106 105 103 97 90 84 67 74 78 98 101 97 96 138 138 128 107 105 98 93 119 117 112 107 123 113 83 84 87 109 112 131 111 99 100 99 94 104 93 111 96 126 128 129 111 101 106 112 109 97 84 93 101 125 122 124 128 118 120 129 139 134 133 139 141 158 161 155 150 142 145 143 143 135 135 126 116 120 123 119 117 105 105 91 86 69 66 50 41 40 44 46 36 37 28 26 29 34 44 41 44 52 54 74 91 114 124 142 148 146 159 141 150 139 157 150 167 164 168 160 170 156 163 143 148 140 136 131 119 127 120 123 129 130 145 113 118 135 136 89 108 110 102 123 119 85 76 140 130 124 134 121 107 118 113 124 117 121 133 135 135 156 151 136 160 143 151 156 155 137 130 129 140 145 135 149 159 154 154 154 143 152 155 147 151 132 128 123 124 120 139 144 142 135 141 138 146 143 141 151 151 153 149 148 150 148 122 129 116 115 97 85 87 86 76 82 102 105 108 114 124 127 136 140 155 154 145 149 152 149 147 138 143 136 127 134 136 134 132 135 129 122 125 126 120 120 120 121 127 128 133 140 146 145 146 142 139 138 136 138 133 124 116 116 109 110 107 120 110 116 112 107 102 101 99 101 100 103 100 101 102 100 100 100 100 100 98 98 99 100 104 103 105 108 109 107 108 109 108 108 109 108 108 109 109 106 107 107 105 103 103 102 103 101 101 100 98 98 97 97 98 96 96 96 95 95 94 93 93 93 92 92 91 90 88 89 86 88 86 87 85 85 86 85 84 84 82 82 81 81 82 81 79 79 78 78 78 77 75 76 75 75 73 72 74 72 0 0 0 0 0 0 0 0 0 0 0 
0 0 0 0 0 0 0 0 0 0 0 0 0 0 0 0 0 0 0 0 0 0 0 93 92 95 95 93 90 84 79 75 71 70 65 65 67 73 74 81 86 83 81 82 82 75 74 73 77 82 87 93 108 114 117 122 113 125 126 129 133 138 146 147 148 149 146 147 148 145 144 145 145 146 150 150 151 149 149 149 148 147 145 143 142 140 139 138 133 130 127 127 127 126 135 135 136 157 156 124 124 123 116 113 113 111 113 106 102 99 91 94 89 93 98 94 102 94 101 105 99 108 107 111 113 116 119 123 126 128 129 128 128 121 119 111 110 114 116 117 125 125 125 122 121 119 119 120 117 114 112 110 105 106 104 99 100 92 91 94 102 105 104 101 96 84 95 90 78 90 99 94 81 108 116 128 114 90 98 82 93 87 112 112 120 113 99 97 87 98 108 123 128 100 102 107 94 95 93 101 109 86 108 133 126 129 106 111 117 112 109 77 76 86 124 122 128 135 131 131 142 142 143 148 143 143 161 156 158 154 150 158 150 138 125 130 129 120 123 117 115 106 96 92 86 74 66 55 52 49 44 45 44 32 28 38 29 34 46 44 39 53 72 82 91 123 124 138 142 161 165 153 155 153 157 163 159 164 159 164 162 157 153 154 148 144 129 131 129 120 132 124 120 119 118 117 118 135 124 116 102 104 112 88 84 85 93 149 115 126 121 107 108 116 112 124 105 135 125 129 158 160 147 157 144 143 159 160 156 144 133 135 137 136 142 149 155 148 155 151 136 144 145 147 126 132 119 125 125 119 129 125 128 130 141 138 149 139 132 147 147 140 151 148 152 153 131 133 114 105 101 96 92 86 81 103 102 102 101 111 124 137 138 140 134 144 145 152 149 147 141 135 138 144 127 130 144 140 127 125 118 122 121 117 120 123 123 125 130 135 139 144 145 145 146 143 143 140 138 130 121 110 112 104 109 103 102 102 98 107 102 99 102 99 99 98 98 99 98 98 99 99 100 98 100 99 96 98 98 98 101 102 105 107 109 108 108 109 108 108 107 108 108 108 108 108 106 105 105 105 105 102 103 103 102 100 99 99 99 100 98 96 96 96 95 95 94 94 94 93 92 92 91 90 90 89 90 88 87 86 85 86 85 85 85 85 83 83 82 82 82 81 79 79 79 79 79 78 78 78 78 76 75 72 72 0 0 0 0 0 0 0 0 0 0 0 0 
0 0 0 0 0 0 0 0 0 0 0 0 0 0 0 0 0 0 0 0 0 0 0 94 90 92 97 95 86 79 77 73 72 70 68 67 66 70 81 88 86 89 88 82 85 77 75 74 75 77 81 97 108 114 122 128 126 128 128 131 133 138 142 147 148 149 148 149 149 149 150 147 145 146 148 149 149 150 149 149 147 147 144 143 142 139 138 137 135 129 127 127 128 128 125 124 125 135 133 155 157 123 123 122 117 117 118 111 110 100 99 94 93 89 87 95 92 106 105 107 111 108 112 113 113 113 116 123 126 128 126 127 128 124 121 119 116 109 110 117 125 127 125 127 128 122 124 117 119 120 112 110 105 106 105 103 98 96 97 101 102 107 104 106 102 81 83 90 92 91 99 103 81 76 83 109 102 89 91 97 93 99 86 112 120 116 90 80 95 108 108 116 118 124 113 112 100 99 78 91 109 105 90 119 121 133 120 114 117 113 109 100 89 81 90 94 123 113 126 124 142 140 137 141 150 144 147 150 158 164 159 158 153 138 131 126 122 115 129 117 115 106 98 103 86 77 61 57 50 37 36 45 42 38 40 45 33 42 45 44 45 53 68 84 90 108 126 149 157 161 156 153 159 148 160 160 152 169 154 164 158 158 158 155 150 134 127 127 119 120 137 127 120 118 121 144 110 111 124 116 111 132 105 97 105 124 134 112 129 126 110 121 113 125 111 84 133 145 144 129 159 162 146 152 147 161 152 160 147 140 133 130 136 139 137 158 151 148 150 136 136 140 144 149 129 103 125 125 121 119 129 117 133 130 131 146 149 139 132 141 147 139 157 156 147 137 128 118 114 105 101 99 94 92 98 99 100 108 101 111 127 135 136 138 141 150 154 165 149 151 154 147 156 151 146 139 134 123 127 115 113 115 115 114 119 124 129 130 130 134 139 143 145 145 144 143 143 141 138 132 122 111 104 100 99 97 102 95 98 95 94 93 98 98 97 97 98 97 96 98 98 97 99 98 97 94 96 96 97 98 98 99 104 105 107 107 108 109 108 108 108 108 108 108 107 106 105 105 106 106 105 105 104 103 102 101 101 99 98 99 98 98 97 96 95 95 95 94 95 95 92 93 92 92 91 91 90 88 87 88 86 87 85 86 86 84 85 83 83 83 82 82 81 79 79 79 80 78 78 78 79 78 77 74 72 0 0 0 0 0 0 0 0 0 0 0 0 
0 0 0 0 0 0 0 0 0 0 0 0 0 0 0 0 0 0 0 0 0 0 93 92 91 97 97 95 89 80 74 72 70 70 69 68 69 70 77 85 91 92 93 88 85 77 74 74 77 80 81 85 97 119 126 128 135 128 131 132 133 134 136 142 145 149 148 149 149 150 152 151 151 148 148 149 148 148 149 150 149 148 145 144 141 140 138 137 135 133 130 128 128 129 127 124 125 125 122 131 132 157 158 123 123 123 118 115 111 106 98 91 85 78 86 85 92 90 89 103 102 112 111 112 111 112 116 119 120 124 126 127 125 123 117 114 116 115 117 113 116 121 131 134 128 132 124 125 126 126 118 116 107 106 105 111 98 98 102 104 107 113 105 107 102 95 76 90 91 91 90 99 92 81 83 97 94 89 84 86 94 95 80 63 94 116 90 80 109 119 130 132 123 118 113 112 110 120 90 73 114 118 81 85 79 133 136 121 113 113 114 99 73 89 84 94 99 102 111 115 121 116 120 142 142 144 141 142 148 141 140 144 143 138 127 126 117 124 120 123 120 109 98 103 78 77 59 54 49 40 39 38 50 38 44 45 37 44 46 46 52 58 69 84 82 117 133 142 148 153 154 149 141 148 140 149 152 153 150 148 157 156 158 155 152 131 127 131 125 137 131 111 120 136 121 132 116 111 129 127 111 86 119 132 105 142 103 112 110 80 116 113 126 106 111 84 123 145 140 155 160 142 152 145 147 153 147 162 144 139 136 134 136 140 137 149 153 152 154 144 141 144 144 139 129 99 124 124 115 111 118 140 133 130 131 139 129 130 141 141 139 155 157 152 143 132 129 116 117 100 98 90 94 90 106 99 108 119 120 131 129 138 136 134 145 145 156 158 166 154 159 154 144 151 140 128 127 121 115 122 113 123 123 114 117 123 126 126 126 128 136 145 144 145 144 144 143 141 131 122 113 102 97 100 97 95 95 94 92 92 92 93 93 98 96 94 97 96 96 96 96 97 97 98 95 91 93 95 95 96 97 99 101 103 105 106 106 108 108 107 107 108 108 107 107 108 107 106 106 105 105 105 105 104 102 101 101 101 101 99 97 98 98 97 96 96 96 95 95 94 94 93 92 93 92 92 91 91 91 88 90 90 85 87 88 85 85 85 84 83 84 82 81 81 80 80 80 80 79 80 79 77 77 77 0 0 0 0 0 0 0 0 0 0 0 0 0 
0 0 0 0 0 0 0 0 0 0 0 0 0 0 0 0 0 0 0 0 0 0 93 91 90 92 94 95 90 80 69 68 70 70 71 69 70 71 77 85 91 94 93 92 86 77 77 78 84 82 81 84 97 112 123 132 136 135 136 136 133 135 136 137 138 146 146 148 151 153 152 152 151 150 150 148 148 148 149 149 149 148 149 146 144 142 139 138 135 132 130 130 129 128 126 123 122 122 120 121 132 132 132 159 158 158 117 111 106 97 98 88 81 73 75 76 84 86 88 91 102 102 102 105 111 112 116 117 120 121 122 125 125 123 119 117 110 112 117 119 121 121 124 128 134 136 131 130 129 126 121 116 115 114 107 107 107 107 109 104 112 113 112 114 110 110 105 77 82 91 82 99 98 95 76 83 97 82 85 86 80 81 90 85 73 92 92 102 109 119 105 96 111 78 90 107 98 111 108 73 77 93 104 85 84 88 93 126 133 113 121 118 115 82 87 94 101 102 107 115 116 114 106 120 120 138 129 142 144 148 140 139 136 133 130 134 135 124 119 117 120 111 91 85 78 62 49 51 49 41 39 41 53 57 48 39 44 49 46 58 52 60 71 103 106 128 145 148 148 158 139 143 160 152 163 156 156 159 150 163 156 158 155 155 145 132 131 134 125 127 127 127 127 146 147 120 118 130 129 123 131 86 119 132 126 81 109 93 110 76 133 126 113 84 87 131 123 142 140 148 157 153 134 151 157 143 147 144 141 139 144 139 144 142 142 149 153 155 150 144 142 146 145 141 125 120 124 125 108 111 129 139 121 133 138 129 125 130 137 139 139 155 145 137 131 128 104 116 90 69 86 73 82 89 113 119 129 119 130 137 142 147 145 138 125 138 146 158 154 146 150 145 138 143 147 129 130 121 116 120 124 121 116 122 124 126 126 126 125 129 137 143 147 144 143 144 135 138 131 122 113 104 104 97 97 95 95 94 95 93 94 93 92 92 93 94 94 95 96 96 95 95 96 93 89 91 91 93 95 94 96 101 102 104 105 105 106 105 108 107 106 108 109 107 107 107 107 107 107 106 106 105 105 105 103 101 101 101 101 101 101 98 99 99 96 97 96 95 96 95 95 95 94 94 93 92 91 92 92 91 91 91 90 89 88 86 85 86 85 84 84 83 82 83 80 82 80 79 79 79 78 79 77 77 0 0 0 0 0 0 0 0 0 0 0 0 0 
0 0 0 0 0 0 0 0 0 0 0 0 0 0 0 0 0 0 0 0 0 87 93 91 90 90 94 97 94 82 75 73 70 71 71 72 70 70 73 82 84 87 95 88 86 80 77 84 86 86 83 85 91 104 123 135 136 138 138 138 138 138 134 134 138 139 143 148 151 152 153 153 152 152 150 150 150 148 149 149 148 149 147 146 145 142 140 138 137 134 130 129 127 126 125 123 123 123 123 121 125 123 132 130 126 158 157 156 106 102 91 85 79 69 68 76 77 79 88 87 92 92 91 106 109 112 114 114 118 119 120 124 125 124 119 117 114 114 118 121 122 122 128 128 135 136 140 138 135 128 127 121 121 114 110 107 111 114 113 111 115 117 120 114 115 106 105 103 89 93 96 77 79 95 91 83 97 96 87 76 58 90 87 85 82 81 62 88 81 68 105 101 95 83 90 116 95 83 103 105 110 93 114 115 84 83 81 100 119 124 116 113 119 124 87 88 73 108 109 109 108 111 103 114 120 129 128 134 150 147 148 136 136 121 130 122 121 122 112 107 108 84 91 70 77 62 49 51 42 43 47 58 53 57 46 41 44 47 54 57 60 68 71 80 111 143 137 141 150 164 163 166 160 169 138 156 150 155 155 157 159 151 155 152 139 147 140 134 120 119 130 120 131 146 138 129 127 138 145 117 131 124 131 149 126 81 118 113 103 149 135 91 71 84 109 137 139 140 142 157 154 136 153 151 159 139 160 149 142 143 140 139 139 142 142 140 142 152 152 139 136 146 146 141 132 111 110 127 134 128 132 139 123 132 139 132 129 137 144 147 150 150 145 137 134 122 98 78 75 77 82 73 76 110 113 123 126 129 137 142 145 147 142 132 137 132 143 144 138 135 134 133 138 132 133 144 138 131 133 120 120 117 116 115 117 123 118 126 126 130 145 147 147 146 144 139 134 128 124 119 117 104 104 102 101 98 97 96 94 94 94 95 92 94 95 92 93 95 96 93 95 94 96 92 87 89 90 90 94 97 96 99 101 102 103 104 106 106 107 108 106 107 109 109 108 108 107 108 108 106 106 105 105 106 104 102 102 104 102 101 101 101 100 99 99 99 96 98 96 95 96 95 95 95 94 93 94 93 92 91 92 91 90 90 90 90 86 86 85 84 84 83 83 84 83 83 81 80 81 79 81 79 79 0 0 0 0 0 0 0 0 0 0 0 0 0 0 
0 0 0 0 0 0 0 0 0 0 0 0 0 0 0 0 0 0 0 0 0 85 89 91 90 90 93 94 94 82 77 73 74 74 72 75 72 74 73 78 77 87 88 85 85 82 81 88 92 86 86 85 90 96 115 126 139 139 140 138 140 138 137 136 134 136 138 144 149 152 153 153 153 154 152 152 151 151 151 149 148 149 148 147 146 143 141 138 136 134 133 130 126 128 128 125 122 121 120 121 118 115 120 116 114 124 125 154 155 102 99 94 85 73 70 70 72 79 82 87 90 92 89 93 95 111 112 114 118 119 120 122 122 124 123 120 114 114 116 117 122 124 127 132 133 137 135 135 135 133 127 127 127 121 120 111 112 115 113 118 115 122 122 118 116 116 102 104 89 81 82 93 82 93 97 88 83 88 87 78 69 64 88 92 80 84 72 90 81 83 89 101 95 83 96 120 82 73 103 120 117 109 104 100 107 106 101 122 119 125 110 115 112 108 124 119 73 104 109 100 107 105 119 116 110 110 128 130 123 147 136 129 124 123 119 106 121 114 93 107 94 72 77 74 75 65 58 49 42 43 51 55 57 49 41 43 44 47 43 57 62 72 98 106 126 135 133 141 143 154 165 151 151 133 154 160 160 155 157 147 152 156 141 143 140 137 129 134 125 118 126 117 122 127 129 135 132 138 135 100 119 118 99 95 99 104 118 113 123 148 119 108 101 122 142 137 144 140 132 155 153 137 145 158 132 139 154 136 142 141 145 143 139 150 140 140 131 153 152 143 121 142 145 140 114 111 110 132 134 128 123 124 131 138 127 131 129 137 146 147 144 144 142 138 134 122 98 75 88 86 96 99 95 103 115 122 126 129 138 143 144 138 145 152 148 152 143 144 151 144 143 151 145 144 128 124 138 131 127 131 125 120 114 114 117 121 118 116 119 123 135 138 147 142 144 137 134 128 122 118 113 110 107 102 101 101 97 97 98 100 94 96 95 93 95 93 94 95 94 92 93 91 90 86 87 86 88 90 92 94 97 99 101 101 103 104 105 104 108 106 107 107 109 109 109 108 108 108 109 108 106 106 106 106 105 102 103 104 104 102 101 101 100 100 100 99 97 98 97 96 96 96 95 95 94 93 95 94 92 92 93 90 90 90 90 90 88 86 87 88 85 85 83 84 83 83 82 82 83 81 81 81 79 0 0 0 0 0 0 0 0 0 0 0 0 0 0 
0 0 0 0 0 0 0 0 0 0 0 0 0 0 0 0 0 0 0 0 82 85 95 95 99 92 93 94 91 83 78 75 73 74 78 75 75 76 72 72 70 77 74 85 76 82 81 84 90 88 87 89 94 96 103 113 131 134 136 140 140 139 138 136 137 138 138 142 144 148 151 154 155 154 154 153 151 151 152 151 152 149 148 147 146 144 143 139 138 136 133 129 130 129 128 127 124 119 119 118 117 115 116 118 114 112 110 125 127 149 149 148 80 74 70 68 67 74 76 86 88 85 88 89 95 98 104 113 117 119 121 121 122 122 123 124 122 113 116 117 120 124 127 129 133 134 134 133 136 136 134 133 127 126 124 118 115 116 120 125 121 122 122 121 116 116 112 113 102 103 78 78 82 78 75 88 82 86 98 91 62 62 88 101 108 101 73 66 100 104 87 97 101 79 96 120 118 98 75 64 117 97 116 100 106 115 91 78 126 117 112 115 110 108 109 115 102 92 109 120 122 105 106 116 115 120 127 131 126 118 121 129 110 123 118 109 99 103 101 87 81 72 72 74 74 55 54 56 50 51 51 55 57 55 40 38 41 42 48 59 65 72 93 113 115 122 133 140 134 145 134 151 123 152 158 155 160 152 148 155 160 156 153 140 138 125 127 126 120 118 127 129 122 122 127 134 133 120 102 100 80 88 99 100 95 106 114 122 123 148 115 114 101 140 156 138 148 136 155 146 153 143 145 152 132 143 153 144 137 146 145 138 139 152 145 133 142 151 148 116 121 135 139 141 119 119 127 130 126 128 123 111 116 132 125 127 139 144 138 136 144 136 140 140 129 111 91 75 93 96 96 94 91 114 117 129 131 135 140 147 144 149 153 152 154 151 157 155 151 147 144 151 154 152 136 138 129 137 127 123 124 120 113 116 120 126 121 123 125 127 130 138 138 135 137 133 133 131 130 118 114 110 110 111 103 101 101 101 101 100 98 96 96 95 93 94 93 94 92 92 90 87 87 85 85 86 87 90 92 94 95 98 98 101 101 104 103 106 105 106 106 107 108 109 109 108 109 109 108 108 107 107 106 107 105 104 104 104 104 102 102 102 102 100 100 99 99 98 98 97 96 95 96 95 94 95 94 94 94 94 93 93 92 91 91 88 88 86 88 88 85 85 86 84 84 82 82 83 83 82 81 82 0 0 0 0 0 0 0 0 0 0 0 0 0 0 0 
0 0 0 0 0 0 0 0 0 0 0 0 0 0 0 0 0 0 0 0 107 122 125 111 122 97 104 90 91 83 78 72 71 71 77 80 82 76 77 68 70 68 63 68 67 77 84 84 90 86 87 88 89 96 102 121 127 131 136 137 140 139 140 140 140 141 140 142 144 147 149 152 154 155 155 155 152 152 152 152 153 150 150 148 144 144 139 139 138 137 137 135 132 128 126 123 121 119 119 119 119 118 118 120 118 117 111 112 127 126 124 123 146 142 74 72 67 73 76 80 83 83 86 85 91 98 104 112 117 119 122 125 121 121 124 122 122 121 118 111 120 124 126 128 131 132 130 133 135 136 133 131 130 130 124 123 123 116 125 125 125 125 124 122 118 114 117 113 112 110 103 97 75 75 79 74 80 86 86 81 71 64 71 89 99 102 101 66 87 98 96 101 120 106 98 111 118 98 89 86 66 88 102 125 126 115 93 78 79 83 101 95 98 116 108 115 77 92 105 113 111 99 87 106 107 120 118 115 126 124 118 108 110 98 96 109 98 85 101 88 69 87 73 63 63 53 54 56 50 50 57 59 57 46 37 40 41 43 47 55 68 76 92 107 118 130 133 130 135 133 145 156 157 156 152 162 160 162 161 155 156 143 148 136 130 135 127 128 129 121 132 147 130 128 129 140 133 127 110 84 92 127 115 100 95 131 114 114 103 105 115 114 144 157 156 146 148 144 154 137 141 142 150 134 132 138 141 144 141 151 138 140 149 151 145 134 151 151 148 125 133 139 141 118 119 121 129 130 126 127 107 97 118 127 132 127 143 136 131 134 136 143 137 129 111 111 113 99 93 96 96 102 119 127 125 129 130 133 139 143 151 150 145 143 136 151 147 144 151 149 143 147 147 152 144 138 143 138 141 140 133 125 123 116 126 126 128 129 129 127 129 132 133 135 132 133 130 127 125 127 123 115 114 111 109 107 101 101 101 100 99 98 97 95 95 94 93 93 92 90 86 83 81 85 84 86 87 89 90 94 96 99 101 100 101 102 102 104 105 105 107 109 108 108 109 109 109 109 109 108 107 107 105 105 105 105 105 104 103 103 104 103 101 101 100 99 99 100 100 99 97 99 96 96 94 96 95 94 94 94 94 94 92 93 91 91 90 90 90 89 87 89 86 86 84 85 84 85 85 85 83 82 0 0 0 0 0 0 0 0 0 0 0 0 0 0 0 
0 0 0 0 0 0 0 0 0 0 0 0 0 0 0 0 0 0 0 119 107 95 125 111 122 129 125 118 127 122 104 72 71 99 77 85 89 84 84 82 64 59 63 58 67 69 69 74 85 85 82 84 89 88 94 110 115 122 133 134 137 138 140 143 144 141 142 144 145 147 151 153 154 154 154 155 154 153 153 153 152 151 150 148 147 146 139 139 138 137 137 132 126 128 124 121 121 118 118 118 119 120 121 120 120 120 115 114 110 107 105 124 123 142 142 139 73 75 77 81 81 83 86 85 88 91 102 106 110 121 127 125 125 121 122 124 122 123 121 116 118 116 126 128 128 130 132 128 129 137 138 131 132 132 129 129 129 124 125 127 129 125 125 125 118 113 112 121 115 106 102 97 94 90 76 81 81 90 101 69 65 64 72 69 74 100 96 96 94 98 119 125 120 115 111 86 104 132 89 86 63 98 102 127 142 124 115 96 90 78 104 117 98 112 126 94 84 82 100 113 111 107 87 105 108 111 118 113 120 112 118 118 110 114 110 97 98 91 80 75 69 75 69 64 67 60 59 55 57 61 57 58 61 46 37 40 42 41 51 70 68 79 93 81 104 129 149 138 118 143 145 150 163 167 167 156 164 160 163 154 156 150 143 139 133 132 141 134 129 138 147 147 140 132 134 130 117 102 110 113 122 127 119 128 125 135 116 114 120 105 109 119 144 157 142 148 141 153 139 137 137 142 152 137 142 149 140 137 149 151 139 140 140 151 131 141 151 147 132 125 128 138 140 117 122 120 133 118 130 127 106 92 106 130 138 136 137 130 132 134 136 139 133 127 120 111 100 101 105 103 96 102 119 125 131 133 136 133 143 143 149 148 139 134 134 135 129 144 131 117 143 125 116 140 130 134 123 138 122 114 133 125 129 126 127 128 130 131 129 134 129 133 135 134 135 131 129 128 125 121 123 123 121 113 111 105 105 106 102 100 99 98 97 96 96 93 93 89 92 87 84 81 79 80 82 83 88 90 90 92 95 98 99 99 101 101 103 104 105 106 107 107 107 108 109 110 109 110 109 108 108 108 106 106 107 105 105 105 103 103 105 104 101 102 101 100 99 100 100 99 99 99 99 98 97 96 95 97 95 94 94 94 94 93 93 91 90 91 92 89 89 90 88 86 86 85 87 85 83 85 84 0 0 0 0 0 0 0 0 0 0 0 0 0 0 0 0 
0 0 0 0 0 0 0 0 0 0 0 0 0 0 0 0 0 0 0 94 91 93 97 96 96 86 125 96 85 122 111 91 122 99 119 130 89 102 129 82 88 97 56 54 56 57 59 74 78 85 80 80 84 83 96 103 106 122 127 129 135 136 140 143 143 144 145 144 145 149 149 150 153 153 155 155 153 153 154 153 152 151 151 148 148 144 144 141 138 137 134 129 124 122 118 119 115 118 116 116 118 120 121 122 122 120 116 114 112 110 107 101 99 126 128 139 135 75 76 80 81 85 88 86 89 91 95 105 110 114 119 128 130 126 126 124 122 124 121 118 117 121 124 124 128 130 132 130 129 132 134 138 135 134 135 136 129 131 130 128 132 130 128 127 122 119 112 117 120 111 105 101 97 94 64 69 81 86 82 92 76 63 75 79 83 98 96 105 102 93 90 102 129 126 98 95 104 119 122 110 63 98 129 141 142 122 115 113 116 91 89 106 129 122 126 130 84 77 88 95 117 121 111 115 108 110 111 113 104 105 102 102 106 96 110 107 93 91 89 77 73 61 72 75 72 60 62 55 62 70 62 59 53 33 30 39 42 41 44 61 85 95 110 121 125 129 130 147 148 158 165 166 158 159 158 156 159 156 158 158 148 146 144 134 130 132 139 130 128 140 131 132 136 132 109 130 103 132 123 114 132 117 119 128 129 135 129 124 117 124 100 111 118 145 142 148 139 151 146 141 138 151 138 137 148 145 140 133 150 148 134 149 150 151 140 151 151 140 135 114 118 135 118 117 123 119 133 121 133 110 88 108 138 136 138 137 141 140 143 142 133 139 130 123 120 112 97 100 106 109 120 125 132 125 131 134 132 140 141 139 137 131 143 137 134 127 117 116 105 106 108 109 116 113 130 120 115 121 121 118 111 113 129 136 127 127 129 127 131 134 137 137 135 134 133 135 134 131 125 126 121 120 121 122 121 109 109 108 103 103 100 98 97 96 96 93 92 89 86 83 80 80 79 79 82 83 85 88 91 94 96 97 98 99 100 101 102 103 106 106 107 105 109 108 109 110 109 109 109 110 110 107 107 106 107 105 106 104 106 105 104 102 103 102 102 102 101 101 101 100 99 99 99 98 99 97 98 100 99 96 95 94 93 93 92 93 91 91 92 91 92 90 90 90 87 89 87 86 85 82 84 0 0 0 0 0 0 0 0 0 0 0 0 0 0 0 0 
0 0 0 0 0 0 0 0 0 0 0 0 0 0 0 0 0 0 100 97 97 93 98 96 93 87 85 83 80 81 77 91 68 114 119 130 126 118 108 134 125 97 112 123 55 55 58 64 69 77 76 80 83 85 88 92 99 115 126 132 134 136 138 140 143 147 146 146 150 150 150 150 151 151 152 155 153 153 153 153 151 152 151 150 149 147 146 141 135 137 134 129 124 121 116 115 114 113 112 116 117 118 121 122 121 121 120 113 111 109 107 101 99 96 95 132 132 133 132 129 81 91 88 91 95 96 99 104 107 110 119 125 130 129 131 126 126 127 120 118 117 118 120 122 125 128 133 130 131 130 134 136 139 137 137 137 137 136 130 130 132 130 130 129 126 126 115 114 121 116 105 103 104 105 94 88 78 87 74 76 76 63 64 75 87 94 96 101 102 96 78 102 116 125 111 95 89 89 122 107 81 103 129 141 134 114 123 127 134 91 57 106 112 95 115 120 125 121 119 95 88 121 119 113 107 107 111 100 99 105 106 102 107 95 103 94 88 85 85 77 72 69 67 68 56 75 71 72 71 70 55 53 47 44 35 28 32 49 44 61 77 89 104 118 123 141 140 150 156 158 157 148 156 158 155 152 159 156 156 158 148 155 142 140 148 139 118 130 134 128 131 138 135 115 121 121 122 132 135 135 132 121 101 85 112 116 123 111 117 118 100 115 108 137 147 139 139 151 146 147 138 147 141 141 152 148 135 152 150 150 138 149 147 143 145 153 146 143 135 109 101 121 120 120 124 133 126 131 133 110 102 115 139 132 136 141 141 140 143 137 139 127 127 113 108 95 98 115 106 116 121 125 132 134 131 134 132 144 141 141 141 144 143 156 131 135 117 121 125 106 120 128 112 116 109 111 115 112 129 118 120 119 119 129 135 130 127 127 133 134 137 136 133 129 132 131 130 131 129 126 124 125 121 122 121 122 122 108 110 109 103 104 99 96 96 94 93 89 86 83 81 80 79 80 81 84 87 88 90 92 95 96 98 99 101 101 102 103 104 105 106 107 107 108 109 110 109 109 110 110 110 110 107 107 106 105 105 104 106 105 106 105 105 103 102 102 101 102 101 101 102 99 99 98 101 97 98 98 99 95 96 96 96 94 93 93 93 93 92 93 93 92 91 89 91 91 87 88 88 85 0 0 0 0 0 0 0 0 0 0 0 0 0 0 0 0 0 
0 0 0 0 0 0 0 0 0 0 0 0 0 0 0 0 0 0 102 102 101 93 93 99 95 87 81 80 80 84 81 75 71 70 76 91 126 118 108 100 96 106 87 120 103 84 58 89 69 71 77 78 84 87 90 93 99 106 113 129 129 135 135 138 142 145 146 148 147 151 152 150 150 150 152 151 153 153 153 152 152 151 151 150 148 147 146 142 138 131 129 126 121 121 116 113 114 113 111 112 113 113 119 118 121 121 120 115 114 113 107 103 98 96 95 92 132 135 139 143 129 127 93 99 95 99 106 104 108 111 112 117 125 126 131 132 131 127 126 124 119 120 121 123 124 128 132 135 131 130 130 132 142 142 141 137 137 137 135 135 132 132 132 126 125 126 124 119 116 116 109 102 103 104 98 88 79 85 95 99 70 57 61 87 100 94 93 96 107 86 86 79 85 125 107 95 91 93 103 102 82 81 98 108 134 114 112 116 126 125 117 88 115 95 71 72 122 119 105 119 117 82 79 113 102 117 111 115 123 86 90 82 89 95 80 106 88 85 92 88 78 69 65 79 56 76 80 75 84 66 78 55 55 39 35 25 29 48 54 74 77 89 107 130 123 127 146 157 154 153 151 151 150 150 155 159 157 161 156 157 156 135 139 148 148 131 128 123 124 130 132 142 135 137 121 132 97 111 142 113 130 107 101 116 112 120 123 119 117 122 119 120 108 144 149 145 132 151 142 147 145 147 141 134 141 148 139 149 145 140 142 145 147 149 152 153 143 142 139 125 114 124 120 123 124 131 129 128 116 121 124 137 133 132 135 138 140 137 138 135 139 122 111 113 94 104 108 114 121 123 124 131 139 134 139 139 143 144 151 155 153 144 157 156 156 158 140 132 132 131 138 128 128 116 116 114 116 120 128 131 130 119 130 129 133 135 136 127 126 136 135 136 131 128 129 129 129 129 127 128 128 125 124 126 122 123 123 120 119 109 109 104 104 104 104 94 93 91 86 82 81 80 79 81 82 83 86 88 91 92 95 97 98 99 100 101 102 103 104 105 106 107 107 107 109 110 109 110 110 111 110 109 107 108 107 107 105 107 106 107 106 104 105 104 103 102 102 103 102 102 102 101 100 98 101 100 100 100 97 96 96 97 96 95 93 94 94 93 93 93 93 92 93 89 90 91 89 89 88 85 0 0 0 0 0 0 0 0 0 0 0 0 0 0 0 0 0 
0 0 0 0 0 0 0 0 0 0 0 0 0 0 0 0 0 97 96 95 101 91 93 95 93 92 86 85 82 81 81 77 71 73 76 79 81 84 96 100 96 92 86 77 70 68 65 61 110 126 77 90 108 87 96 108 101 110 120 125 129 134 137 140 140 143 146 147 151 152 152 150 150 150 149 150 153 153 153 152 151 151 149 148 149 146 144 142 138 131 128 126 125 124 114 113 113 112 111 111 110 113 112 111 118 119 118 118 116 113 105 103 98 94 94 92 92 92 93 143 149 127 126 126 104 109 110 111 114 111 113 116 118 118 125 123 123 130 129 124 124 126 124 124 126 127 131 137 137 133 130 132 138 143 143 140 138 135 135 135 135 135 136 132 131 127 123 117 122 116 120 118 108 112 118 93 83 85 84 99 92 87 69 83 87 112 124 96 103 78 86 92 78 88 97 96 83 93 103 106 82 70 82 94 90 106 112 116 126 137 117 108 111 121 114 93 96 84 105 90 117 99 91 91 94 92 110 97 123 124 118 109 120 116 109 83 92 82 92 89 79 77 83 86 90 86 89 86 84 76 63 55 50 50 29 28 38 50 54 63 76 89 107 130 137 140 155 157 154 153 152 151 156 165 151 161 157 155 156 156 143 133 144 128 127 133 128 133 141 130 146 145 139 110 129 130 97 137 122 113 131 104 107 113 123 122 132 119 117 122 114 126 141 153 143 127 148 151 155 146 145 147 137 142 136 136 148 149 137 139 135 142 154 145 144 146 135 142 139 119 122 129 128 123 130 128 127 128 123 128 132 136 136 139 136 135 137 137 139 140 134 120 121 125 111 104 98 114 118 119 119 130 133 138 134 139 146 149 151 155 153 149 149 157 157 158 152 154 132 138 137 139 138 126 121 114 115 129 128 131 129 127 133 135 138 136 136 132 126 125 129 132 132 128 127 128 129 128 130 128 129 126 126 126 126 126 123 123 122 118 118 110 109 107 103 101 96 91 86 85 83 81 82 84 83 85 86 87 89 91 96 97 98 100 100 102 102 103 104 105 105 106 107 109 109 110 109 111 110 111 111 109 110 110 107 107 105 107 106 106 105 105 105 104 103 104 104 103 103 103 103 102 102 101 101 100 100 100 98 98 96 97 95 95 93 94 95 93 94 95 93 93 91 91 92 91 88 88 89 0 0 0 0 0 0 0 0 0 0 0 0 0 0 0 0 0 0 
0 0 0 0 0 0 0 0 0 0 0 0 0 0 0 0 0 92 89 85 94 90 90 88 93 92 87 85 83 81 80 77 80 80 76 78 76 84 89 92 98 92 85 81 81 68 65 63 64 63 127 124 128 139 141 108 123 137 118 129 129 133 139 141 143 143 145 146 149 152 153 155 157 149 150 150 152 153 153 153 153 149 147 149 147 146 145 145 138 135 131 127 126 124 121 112 113 112 113 111 110 109 108 111 114 119 118 118 116 113 109 100 96 94 93 90 92 89 88 93 95 151 154 126 125 124 110 113 114 117 121 118 121 118 117 119 123 123 124 128 127 129 131 131 126 128 129 133 132 138 137 135 138 143 143 141 139 137 138 135 134 133 135 135 131 130 128 121 119 119 118 118 103 105 118 114 115 80 83 88 95 102 69 71 87 90 99 116 94 97 68 79 78 69 97 110 104 93 108 90 99 111 82 91 90 110 121 112 109 137 126 112 111 125 133 122 132 127 76 90 89 101 91 95 80 92 91 97 92 101 109 109 120 105 88 96 85 100 82 66 78 84 68 86 70 77 82 63 65 63 63 46 37 50 31 32 40 60 60 66 76 112 120 128 137 140 140 127 149 137 155 156 161 165 163 157 158 159 153 142 136 133 139 128 138 131 132 137 140 142 125 145 105 110 123 138 127 124 134 107 90 104 88 113 107 116 132 133 102 101 116 126 129 155 139 131 146 148 159 150 148 150 137 142 136 136 149 131 139 140 142 142 148 139 127 141 135 139 123 112 127 129 124 126 126 127 125 129 137 128 137 139 136 137 136 137 134 140 137 140 124 130 121 119 108 104 112 108 119 122 120 122 133 132 137 139 142 144 144 146 144 149 149 153 155 155 154 157 152 149 137 140 138 135 132 118 124 134 133 126 129 124 124 136 137 133 134 133 133 135 129 134 136 132 133 133 129 128 131 132 129 129 128 124 125 126 125 125 121 121 118 118 119 118 106 104 99 95 89 85 83 84 85 88 87 88 88 90 89 95 96 97 98 99 100 100 103 103 104 105 106 106 107 109 109 109 110 111 111 111 109 109 110 109 110 107 108 107 108 106 107 105 105 105 105 104 104 103 105 103 103 102 103 102 102 101 102 100 98 98 98 99 97 97 96 97 95 95 95 95 93 94 92 93 93 91 90 88 89 0 0 0 0 0 0 0 0 0 0 0 0 0 0 0 0 0 0 
0 0 0 0 0 0 0 0 0 0 0 0 0 0 0 0 86 83 79 85 86 90 83 83 89 90 87 85 82 81 78 74 79 81 78 78 74 80 85 92 96 100 85 81 81 80 77 64 68 63 67 71 110 105 106 134 130 146 146 129 140 150 156 145 150 145 147 148 150 152 153 156 157 156 155 151 152 153 152 152 153 151 149 146 145 146 142 145 139 135 131 131 129 125 124 121 118 114 113 111 110 109 108 108 111 115 118 116 116 111 109 104 99 96 92 90 88 87 88 87 95 99 100 157 160 159 123 123 114 117 121 125 127 121 122 124 120 121 124 124 125 126 129 129 132 134 130 128 132 132 133 137 134 134 140 141 140 143 138 134 135 135 134 135 136 134 128 124 119 123 123 121 114 109 111 114 115 103 83 85 96 102 96 95 83 92 99 119 110 97 95 106 88 79 81 82 104 84 103 90 84 97 123 124 98 118 109 112 100 90 126 112 95 96 133 128 118 127 126 121 110 116 99 96 108 90 84 97 91 95 115 114 117 108 88 113 109 100 75 89 86 81 86 74 94 85 75 63 64 55 50 48 37 39 37 39 58 60 70 73 84 106 112 118 140 110 140 127 136 158 156 164 160 161 157 157 149 159 148 146 139 136 134 125 129 131 129 137 140 138 125 103 133 148 141 138 132 130 134 122 111 98 77 93 120 126 132 79 102 98 131 135 137 125 134 146 146 148 154 153 144 140 132 142 144 136 149 134 146 141 139 144 139 123 129 132 135 139 129 118 129 123 124 126 132 131 125 128 136 137 135 138 133 134 134 135 134 139 133 126 127 120 115 110 108 108 112 117 121 126 124 128 128 134 137 148 142 144 148 150 151 151 152 153 155 156 155 157 154 151 145 145 144 146 132 132 142 134 137 135 122 120 122 125 128 133 131 133 134 136 135 134 137 138 137 133 136 136 130 132 132 132 128 130 132 126 125 127 124 123 120 121 120 118 116 104 102 100 93 92 87 84 85 88 90 88 92 94 93 95 98 99 98 99 101 100 101 102 104 105 107 107 108 109 110 109 110 111 110 111 109 108 108 109 109 107 108 108 108 108 108 107 106 105 105 105 104 104 103 103 102 103 103 102 103 103 102 101 101 100 98 98 99 97 98 98 96 95 97 95 96 94 95 94 93 91 91 91 0 0 0 0 0 0 0 0 0 0 0 0 0 0 0 0 0 0 0 
0 0 0 0 0 0 0 0 0 0 0 0 0 0 0 0 90 87 86 79 82 82 83 83 86 85 87 86 86 78 74 71 70 81 80 78 74 76 80 89 93 95 99 104 94 80 77 77 80 70 73 78 87 98 106 111 115 126 126 145 139 138 159 155 150 157 162 150 154 152 155 158 157 158 155 156 154 153 154 154 150 150 149 147 145 147 145 141 141 139 133 131 129 126 124 124 123 119 118 119 113 109 108 110 111 111 114 117 115 114 108 103 99 99 95 92 88 87 87 85 86 87 100 101 107 159 160 162 122 121 127 128 127 129 130 131 124 124 122 123 126 128 129 129 131 134 134 134 127 130 133 134 134 134 136 138 140 143 142 141 140 133 133 135 136 134 134 132 124 120 119 119 119 109 104 98 116 116 107 109 106 102 101 95 103 102 103 122 135 109 102 106 114 79 63 71 100 106 91 110 87 97 108 120 105 65 61 97 98 83 97 90 95 96 105 111 125 116 127 119 112 116 113 97 108 103 100 96 132 109 102 114 105 97 88 74 100 94 89 89 90 82 86 82 77 80 72 66 75 55 48 40 37 42 38 41 43 64 76 73 90 94 112 118 131 140 143 156 136 158 156 162 160 160 158 153 143 145 137 143 139 141 134 136 136 153 147 130 142 139 125 120 133 134 121 125 114 126 128 132 111 141 160 106 120 110 120 82 103 127 131 130 125 127 129 138 142 147 149 142 144 143 142 144 140 151 140 134 142 135 139 142 143 129 128 131 137 130 122 124 129 121 121 128 129 132 133 135 136 138 137 138 135 136 130 137 138 136 133 125 118 120 114 120 111 117 118 125 128 126 128 128 132 136 135 136 149 149 144 150 144 151 147 140 150 156 155 149 148 151 143 145 144 140 146 143 142 140 135 135 131 129 117 117 120 127 127 130 132 136 139 141 133 135 137 137 139 138 138 132 134 135 131 133 134 132 134 127 127 123 123 122 121 119 116 113 111 100 97 92 94 94 95 88 90 94 96 94 96 98 98 99 99 99 101 103 104 102 104 105 107 106 108 109 109 111 112 112 110 110 109 110 110 110 110 110 108 108 108 107 108 108 108 106 106 106 105 104 103 104 105 102 104 104 103 104 101 101 101 102 102 98 99 100 100 98 97 96 97 97 95 95 96 95 94 94 92 91 0 0 0 0 0 0 0 0 0 0 0 0 0 0 0 0 0 0 0 
0 0 0 0 0 0 0 0 0 0 0 0 0 0 0 99 97 97 86 87 88 85 87 85 87 86 86 89 86 82 78 70 68 70 68 67 77 76 80 82 84 93 97 102 104 103 93 77 80 77 78 78 84 92 107 114 121 125 126 130 132 133 138 139 151 150 162 161 154 160 163 166 161 163 158 157 154 153 154 154 152 151 149 149 148 147 145 142 141 139 137 135 130 129 126 127 123 124 123 119 121 121 111 110 112 114 118 117 116 114 112 109 101 99 93 91 89 87 86 84 83 83 88 88 90 112 116 162 164 162 121 125 131 132 131 130 131 124 124 125 125 129 131 131 134 136 137 134 133 136 132 132 132 134 134 140 142 145 142 141 140 139 136 134 135 134 133 132 130 127 126 119 119 117 109 98 108 116 113 114 118 98 96 106 116 102 99 111 135 130 121 81 81 97 89 71 77 85 91 87 87 94 93 119 120 133 61 98 98 117 132 100 98 126 105 111 125 140 140 134 122 104 112 128 77 63 100 102 87 133 110 114 119 108 98 92 100 96 95 77 79 91 80 75 60 68 72 76 64 50 46 51 48 46 38 41 43 57 70 89 92 101 116 134 131 152 143 155 159 151 156 162 159 156 158 141 143 137 143 143 140 127 133 139 136 149 142 130 145 122 111 109 117 125 121 124 110 126 122 121 146 154 133 119 122 110 101 121 112 127 126 124 127 135 137 138 137 150 144 141 150 151 146 140 145 151 139 145 142 135 139 144 133 124 128 131 135 126 120 117 115 122 136 130 135 132 134 137 140 138 137 136 136 136 143 137 141 135 131 129 126 122 120 120 114 117 121 119 114 123 115 125 120 136 135 133 136 135 130 136 133 141 138 140 143 146 149 149 148 146 143 140 139 140 138 141 142 138 134 133 130 128 123 119 120 121 123 127 128 135 139 140 140 140 137 139 141 139 140 141 140 135 136 138 134 135 135 134 134 129 130 128 121 123 116 114 112 111 112 97 98 97 96 98 94 94 96 96 97 99 97 99 99 102 101 100 101 105 105 106 106 107 108 109 109 111 111 111 112 112 111 111 110 110 110 110 108 109 108 109 108 108 108 107 108 106 106 105 104 104 104 105 104 104 104 104 102 103 102 102 102 102 101 100 100 98 99 99 97 96 94 95 95 95 95 94 94 0 0 0 0 0 0 0 0 0 0 0 0 0 0 0 0 0 0 0 0 
0 0 0 0 0 0 0 0 0 0 0 0 0 0 0 108 107 108 100 101 91 93 87 88 90 86 86 90 89 85 75 74 68 67 68 68 69 68 78 80 86 89 93 102 102 103 104 104 93 77 78 86 92 92 102 114 120 126 129 132 136 136 138 139 141 144 151 151 159 156 153 166 163 163 168 171 158 159 162 152 153 151 149 149 150 148 146 146 145 139 137 135 132 129 129 129 126 125 125 125 125 121 122 123 112 114 118 120 119 116 115 109 107 103 95 91 90 87 85 81 81 83 82 87 90 92 97 123 129 160 159 125 126 127 127 131 132 132 132 127 129 132 131 135 136 135 135 139 136 136 137 136 132 133 132 135 138 143 143 144 143 139 136 134 135 136 135 128 129 130 126 126 119 122 125 102 99 105 98 100 118 103 96 99 108 118 107 89 124 126 121 85 81 104 112 99 108 110 72 61 87 104 116 89 101 117 131 134 88 94 132 125 111 94 102 123 143 140 140 131 122 114 111 100 110 97 79 75 66 66 110 96 90 106 98 109 88 98 95 77 71 91 91 71 70 77 72 67 64 48 63 51 64 48 37 54 46 57 70 102 105 101 129 135 135 154 160 159 155 151 151 150 159 156 145 139 150 142 135 143 142 127 128 131 138 130 137 138 133 122 113 137 136 109 109 113 110 109 119 121 136 130 108 126 118 127 142 138 132 127 125 133 127 132 133 138 150 142 142 141 153 151 146 144 138 138 145 144 135 130 139 144 133 117 122 136 128 126 112 117 113 127 141 133 138 133 140 137 137 137 137 141 148 142 144 140 132 135 133 121 126 120 115 117 108 113 108 102 114 106 115 110 105 117 116 126 121 122 130 123 133 132 133 142 142 140 142 140 145 146 143 148 152 136 139 143 141 141 134 130 126 128 125 126 118 119 127 128 128 130 133 142 143 146 142 148 143 144 140 139 139 141 139 138 137 136 136 137 134 132 133 132 129 126 121 119 112 111 112 113 114 114 99 100 99 99 97 96 97 99 99 99 100 102 102 101 101 102 104 106 105 106 108 109 110 111 111 111 113 112 112 111 111 111 109 108 109 109 108 109 109 110 106 107 108 108 107 105 104 104 104 106 104 104 103 103 103 103 104 104 101 102 101 101 100 99 99 99 99 98 96 96 98 96 96 94 94 0 0 0 0 0 0 0 0 0 0 0 0 0 0 0 0 0 0 0 0 
0 0 0 0 0 0 0 0 0 0 0 0 0 0 103 104 105 108 110 111 101 100 96 96 99 89 88 90 93 92 83 82 72 73 75 69 69 68 67 64 80 79 81 96 97 106 109 104 106 106 92 86 92 103 114 114 131 126 131 134 137 138 139 140 142 144 150 151 151 151 150 152 154 160 159 171 169 166 162 164 169 153 156 151 150 148 147 146 145 144 142 136 133 131 130 129 129 128 125 126 125 125 124 120 119 117 116 120 119 118 117 112 109 98 95 94 90 87 86 83 84 82 86 87 88 95 97 103 108 136 140 158 155 152 128 128 132 132 132 134 133 135 135 136 137 136 135 136 135 136 138 140 134 132 132 133 138 141 141 141 144 143 140 134 135 134 135 131 132 131 128 128 126 126 125 117 99 105 110 102 109 114 91 100 108 108 105 89 86 99 127 120 67 83 112 111 111 110 93 85 74 95 117 117 101 117 112 107 121 93 106 110 100 88 89 123 122 108 140 131 115 102 95 90 112 97 97 105 76 101 79 105 94 113 107 109 112 112 101 79 99 86 89 71 70 77 73 71 49 53 67 77 58 48 45 54 59 64 52 69 94 110 118 135 143 154 160 159 154 156 156 157 150 152 145 139 141 137 130 138 154 143 125 131 127 131 137 147 149 140 127 123 110 109 115 95 110 117 122 113 108 118 91 115 118 119 133 132 140 133 138 124 140 134 133 146 152 146 144 142 147 142 146 138 138 137 145 139 126 135 131 124 115 117 122 131 127 112 110 115 131 141 141 139 138 139 141 141 139 141 146 142 148 128 144 134 129 127 123 113 113 101 115 91 108 102 93 80 96 81 93 83 105 104 102 114 117 120 124 127 131 138 133 136 135 140 139 141 137 134 145 148 152 148 147 149 145 143 141 142 123 123 126 126 121 121 122 123 127 127 133 138 140 146 148 150 149 149 144 142 139 135 137 138 136 135 136 137 136 136 135 131 130 126 126 125 119 117 112 112 112 114 118 100 100 102 100 100 101 103 99 99 102 102 102 101 102 103 103 104 105 106 108 109 110 111 112 112 112 112 113 111 111 110 110 110 110 107 108 109 110 110 107 108 108 109 107 108 107 107 105 106 105 105 104 103 103 104 104 102 102 102 101 101 101 101 101 100 99 98 99 99 98 96 96 95 0 0 0 0 0 0 0 0 0 0 0 0 0 0 0 0 0 0 0 0 0 
0 0 0 0 0 0 0 0 0 0 0 0 0 0 93 94 95 107 106 109 108 100 101 102 104 95 90 90 91 91 90 82 82 80 80 75 73 69 66 64 61 64 81 84 83 98 101 113 112 106 107 110 101 103 114 125 132 135 140 143 138 140 139 139 141 144 147 150 152 153 150 154 154 154 155 158 157 157 163 159 169 168 156 159 161 148 147 147 145 143 142 140 137 132 130 130 130 129 128 125 125 123 121 122 121 120 115 112 115 118 117 115 114 107 104 101 92 89 84 83 84 83 85 85 87 94 102 107 108 109 140 145 149 154 149 145 127 126 132 129 129 135 136 134 136 136 136 134 135 136 136 140 138 138 133 135 133 135 135 143 143 143 141 140 134 134 131 133 134 131 130 128 127 126 126 123 111 107 111 102 102 114 106 99 111 101 92 111 104 99 109 109 98 70 110 122 130 92 61 85 65 63 105 99 115 79 92 98 98 93 86 97 112 110 108 74 72 100 106 127 115 102 95 99 107 119 130 112 121 101 113 83 90 94 103 96 74 112 92 85 99 93 73 81 85 78 63 71 66 60 67 77 63 55 43 44 51 64 71 94 94 112 121 120 127 145 144 145 154 147 156 156 144 141 138 140 141 137 130 147 154 127 127 131 132 125 116 123 149 123 131 120 136 141 118 89 118 137 122 111 125 117 101 138 140 125 119 128 140 113 133 131 148 142 135 141 150 148 144 137 146 141 143 136 139 142 145 122 126 135 132 128 121 122 125 131 127 112 110 120 135 142 140 141 144 140 141 137 138 141 141 135 128 114 116 94 129 117 88 113 98 71 84 65 77 62 50 80 48 81 61 53 76 67 95 88 81 120 120 116 128 131 136 133 128 138 141 141 140 139 132 132 138 148 147 151 150 143 143 143 140 135 128 124 126 123 123 123 122 123 128 131 136 142 143 150 150 149 149 146 141 139 140 137 138 135 137 137 137 136 137 135 134 129 128 125 123 117 116 116 116 111 113 119 119 102 104 104 101 103 104 102 102 103 103 101 103 104 103 104 105 107 108 110 111 112 112 114 112 111 112 112 111 110 110 109 110 109 109 108 108 108 108 108 108 107 107 108 108 107 105 105 106 106 103 103 103 105 106 102 102 103 104 102 102 102 101 101 101 101 99 99 99 99 97 95 0 0 0 0 0 0 0 0 0 0 0 0 0 0 0 0 0 0 0 0 0 
0 0 0 0 0 0 0 0 0 0 0 0 0 87 85 83 95 97 96 104 103 108 107 106 100 93 90 88 89 92 91 90 87 87 82 81 73 74 72 62 59 60 67 72 84 88 101 106 108 113 113 114 113 118 116 125 132 137 142 145 143 144 141 143 141 146 147 149 150 151 153 153 153 152 155 156 158 157 158 157 156 154 165 161 161 167 168 147 146 145 141 139 134 129 130 129 129 129 127 125 123 122 122 122 121 120 118 114 111 111 115 115 113 110 106 101 97 94 86 84 84 84 86 88 96 94 99 104 107 110 110 112 115 159 161 145 142 139 127 126 126 130 129 134 137 136 136 133 135 134 132 134 135 138 137 135 133 136 137 138 141 140 138 140 136 134 131 133 134 133 134 130 129 126 126 123 124 126 126 115 111 108 97 99 99 90 92 98 97 100 99 119 120 70 65 117 130 135 111 57 86 68 90 112 115 97 93 103 122 112 111 113 123 118 108 113 119 85 92 112 120 107 109 99 107 123 115 130 108 111 78 113 97 111 103 93 90 90 89 82 74 77 73 70 85 72 75 69 75 57 78 64 63 53 43 48 62 61 71 81 110 118 121 130 127 138 120 139 144 144 148 139 144 133 131 131 128 145 150 147 143 144 127 143 135 125 127 133 136 130 130 132 136 132 117 128 135 138 138 136 124 137 129 138 136 98 115 131 125 125 133 145 155 142 139 140 146 153 146 150 146 144 134 136 143 144 134 125 137 139 137 120 121 122 125 115 111 112 126 139 145 142 141 141 142 141 141 136 133 136 116 135 82 114 86 54 60 38 24 58 30 71 45 25 46 31 23 41 36 40 40 53 50 51 62 59 55 77 73 105 95 131 128 115 128 131 134 142 140 137 139 132 132 130 134 151 150 147 143 140 136 129 128 125 124 127 125 122 123 123 129 136 136 138 139 144 145 149 148 146 146 147 140 141 143 141 142 139 138 139 137 136 134 133 132 129 126 122 122 122 116 116 113 113 114 118 115 112 105 106 104 104 103 103 103 105 104 105 105 106 105 107 108 110 111 112 113 114 114 113 112 113 112 112 112 111 109 108 109 109 108 108 108 108 109 108 107 108 107 107 105 107 108 108 106 105 105 106 105 105 102 104 105 103 102 102 102 103 101 101 100 99 99 99 98 0 0 0 0 0 0 0 0 0 0 0 0 0 0 0 0 0 0 0 0 0 0 
0 0 0 0 0 0 0 0 0 0 0 0 0 85 80 76 84 87 95 93 103 102 102 101 102 96 88 86 89 87 91 91 90 89 87 85 79 77 72 67 66 60 65 70 74 80 90 93 108 109 109 114 114 117 122 126 135 137 142 145 145 144 143 144 144 146 146 148 150 151 152 153 153 154 153 157 157 158 158 157 155 154 152 152 155 154 152 166 162 145 144 144 137 134 127 128 127 126 123 125 122 120 121 120 120 120 117 112 112 111 110 109 113 110 106 102 98 91 88 84 83 83 85 91 95 98 102 104 111 110 110 112 115 118 118 163 166 139 133 129 126 126 124 129 129 136 133 133 134 133 132 131 134 136 137 136 136 135 137 137 141 141 139 139 139 135 133 135 136 133 134 135 131 126 119 117 114 119 126 126 121 105 109 95 98 104 81 79 97 105 109 86 99 112 111 129 141 131 111 87 107 102 79 80 125 127 99 102 122 138 148 127 144 150 106 105 122 125 92 104 123 131 114 98 125 123 115 129 108 101 130 126 129 94 97 92 90 81 83 82 89 80 74 85 82 67 75 82 72 57 57 59 52 52 71 55 62 69 76 81 98 101 120 122 127 125 118 139 126 144 143 147 141 137 122 132 132 145 128 131 143 144 139 120 132 140 124 133 129 126 119 131 122 129 134 134 121 138 118 120 131 130 110 110 118 121 126 131 130 114 135 148 153 142 144 147 157 153 151 150 151 148 136 143 139 144 136 125 127 137 139 119 122 125 117 115 129 115 126 139 145 142 137 140 137 141 136 124 133 121 85 82 51 52 38 54 38 16 24 13 11 15 10 15 10 12 23 33 36 34 40 46 50 50 50 53 55 54 52 64 55 87 80 78 119 125 134 133 135 140 145 141 140 141 138 138 148 147 143 142 142 138 128 127 124 126 125 122 123 123 128 132 141 141 139 141 145 145 146 148 149 151 148 149 143 146 142 145 146 149 140 138 136 135 132 130 126 126 126 126 120 120 116 116 114 116 119 112 112 111 105 105 105 105 104 105 104 105 106 107 107 109 109 111 112 112 113 114 114 112 112 113 113 113 112 111 111 110 109 109 109 109 108 109 107 108 107 108 108 108 108 108 107 107 107 105 105 106 106 105 105 105 104 103 103 102 103 103 103 102 102 101 101 99 98 0 0 0 0 0 0 0 0 0 0 0 0 0 0 0 0 0 0 0 0 0 0 
0 0 0 0 0 0 0 0 0 0 0 0 81 80 79 76 77 82 89 89 94 95 95 96 90 96 89 82 83 81 89 88 88 87 83 85 84 80 74 69 68 69 73 70 75 80 86 89 94 96 96 109 110 117 122 126 129 132 135 142 145 144 144 144 146 146 145 148 148 151 151 153 152 154 156 156 157 158 158 157 156 153 153 152 152 150 152 151 150 158 153 143 143 134 131 128 127 124 121 120 118 119 118 117 120 120 118 116 115 110 109 109 105 103 106 102 98 96 93 83 83 86 87 85 95 97 100 108 109 111 112 114 116 117 118 119 121 167 166 166 126 125 124 125 129 128 130 134 135 136 134 136 134 137 137 136 135 133 136 138 139 140 139 139 138 139 135 132 136 138 139 135 131 132 125 119 116 117 124 130 114 115 109 102 93 104 110 89 82 91 113 110 99 120 129 138 144 149 101 94 126 133 108 80 79 96 129 111 99 107 148 159 152 150 153 152 97 89 115 106 115 116 129 98 103 138 107 129 129 110 113 126 109 94 95 91 84 78 87 80 80 80 89 85 82 65 73 70 62 49 67 59 58 52 65 58 57 60 70 94 104 101 102 103 107 110 115 128 128 133 126 147 146 126 112 127 149 142 126 125 148 136 139 120 132 117 104 119 124 130 129 131 128 118 123 135 124 122 132 125 109 116 110 121 144 138 110 116 110 114 140 152 153 143 143 142 154 153 147 154 145 136 136 141 134 141 141 130 132 135 139 133 122 127 126 120 139 141 147 151 147 142 137 137 133 134 125 100 92 61 85 46 51 41 37 30 26 35 18 20 11 15 22 10 8 9 19 32 37 42 40 47 52 52 55 60 54 55 47 47 55 47 41 41 84 93 130 133 139 147 145 151 151 150 144 144 144 148 150 142 142 138 136 133 127 128 128 132 123 129 131 132 136 138 143 144 141 142 146 148 150 151 150 150 149 149 148 149 149 149 148 138 139 139 135 133 130 129 128 126 124 120 119 119 116 115 115 122 122 111 110 110 105 108 106 105 105 107 106 107 108 109 111 112 113 113 115 114 113 112 111 112 113 112 112 110 109 110 111 109 109 109 109 109 109 109 107 108 109 108 108 109 108 107 107 107 107 106 106 105 106 106 105 104 105 104 104 103 102 103 102 103 103 100 99 0 0 0 0 0 0 0 0 0 0 0 0 0 0 0 0 0 0 0 0 0 0 
0 0 0 0 0 0 0 0 0 0 0 0 85 83 84 78 79 87 89 89 89 89 88 93 91 84 81 82 76 81 82 83 82 85 82 84 81 80 68 66 68 70 74 74 74 83 87 89 88 87 96 99 102 114 119 124 130 133 135 135 142 144 144 145 146 147 149 149 148 148 151 152 153 152 155 156 157 156 158 157 157 154 154 152 152 151 150 149 150 149 147 149 143 144 148 154 127 126 121 119 118 117 112 110 116 116 118 119 115 113 111 108 107 106 101 100 98 96 93 88 88 85 84 78 86 90 100 105 109 109 111 112 116 118 119 121 121 124 127 166 166 164 124 127 125 127 130 131 134 136 137 140 137 136 137 136 134 133 135 138 141 140 140 138 140 138 136 132 139 138 139 136 130 132 120 118 119 117 120 120 133 138 120 116 112 108 120 89 87 97 100 103 110 116 126 135 131 149 137 115 116 117 111 89 101 82 93 111 105 110 114 129 139 139 118 152 119 89 84 80 84 106 93 144 131 138 129 118 129 110 113 101 84 100 100 91 83 95 87 76 73 86 77 71 57 65 62 54 62 61 67 72 56 53 49 58 56 69 70 83 78 86 106 117 124 118 115 120 122 118 138 145 145 130 130 135 149 145 133 140 131 140 126 125 105 117 104 107 119 119 134 125 118 119 117 127 124 123 110 118 119 106 131 129 111 106 110 115 120 133 145 143 148 152 143 153 154 149 131 152 143 140 139 139 134 142 141 136 129 132 129 126 133 133 126 147 139 146 149 151 149 142 137 137 133 128 73 100 66 55 50 45 43 38 37 31 55 35 38 37 22 22 26 25 21 9 15 26 37 43 47 52 54 59 63 60 61 60 53 52 42 36 27 42 45 93 98 107 139 143 151 150 152 153 153 144 145 148 154 154 153 144 136 130 130 128 131 132 132 134 135 132 135 138 142 144 145 145 145 147 149 150 150 150 151 149 150 150 150 148 149 148 147 139 139 137 133 133 132 127 127 123 123 119 120 119 115 116 117 120 117 109 108 108 107 106 105 106 106 107 108 111 112 113 113 113 113 114 113 113 113 112 111 112 112 111 111 109 110 110 111 112 109 109 109 109 109 108 109 107 109 109 108 108 107 108 108 108 108 106 106 107 105 106 105 105 104 103 102 104 103 103 103 102 0 0 0 0 0 0 0 0 0 0 0 0 0 0 0 0 0 0 0 0 0 0 0 
0 0 0 0 0 0 0 0 0 0 0 0 88 89 84 86 85 84 88 90 89 86 89 90 91 88 86 79 76 79 81 80 82 81 82 82 82 74 68 64 66 68 74 76 74 78 81 89 91 92 90 94 102 117 119 124 127 133 135 134 135 137 144 145 146 147 149 149 149 148 148 148 153 152 154 156 157 156 155 155 155 155 154 154 153 151 151 150 149 147 146 144 143 142 140 138 159 162 127 128 115 113 113 110 110 111 118 118 117 115 111 110 110 106 104 104 100 99 92 88 88 79 74 78 77 78 92 95 106 107 109 112 116 118 120 122 123 125 125 127 127 164 158 127 128 128 128 130 131 135 138 140 139 136 137 137 138 134 133 137 139 140 139 138 137 137 141 133 135 138 138 136 136 134 120 118 119 121 117 129 136 138 135 130 117 104 102 125 123 118 124 103 107 114 111 119 109 122 119 115 102 110 111 115 112 110 94 101 101 110 115 134 139 151 161 110 128 107 129 148 101 117 93 99 121 133 123 131 112 85 120 101 84 103 116 93 91 91 87 89 73 63 77 57 80 59 62 79 68 59 67 72 46 53 58 49 58 61 75 82 78 102 113 121 112 99 109 110 123 115 138 137 136 142 147 149 137 138 124 121 131 121 138 146 138 125 121 107 136 132 134 119 133 115 122 116 111 134 110 116 117 106 100 137 113 116 103 121 120 130 132 143 137 148 140 146 149 135 146 139 147 140 136 139 136 138 137 130 134 132 131 126 134 131 142 148 147 150 152 151 140 142 134 112 116 128 73 55 54 55 50 48 46 34 31 48 67 56 54 37 34 27 24 25 21 20 23 37 45 43 47 52 55 61 65 63 62 59 56 52 48 42 35 25 26 53 62 117 123 143 145 146 150 155 154 152 152 148 148 151 153 153 152 130 130 132 130 132 133 136 135 136 139 140 143 144 144 145 146 147 149 150 150 150 151 151 150 150 150 148 149 149 149 145 144 137 137 137 132 132 127 127 127 122 122 122 119 118 117 117 118 114 112 109 109 107 105 106 106 108 109 111 112 113 113 113 113 114 113 113 115 113 113 113 111 113 111 111 110 109 110 110 111 110 110 110 109 110 109 109 107 109 108 109 108 108 108 108 108 108 108 107 107 107 106 106 104 103 104 104 103 103 102 102 0 0 0 0 0 0 0 0 0 0 0 0 0 0 0 0 0 0 0 0 0 0 0 
0 0 0 0 0 0 0 0 0 0 0 91 92 95 93 95 87 90 88 91 89 87 87 87 89 87 86 80 76 77 81 83 79 79 81 82 82 71 67 64 63 62 70 75 77 80 81 85 94 92 94 97 97 104 123 129 134 133 136 134 136 136 141 143 146 147 149 149 149 148 149 149 149 151 153 155 154 156 154 154 155 154 155 155 155 152 151 150 149 148 147 145 144 143 141 137 136 162 163 164 133 136 143 114 114 115 118 118 117 118 116 118 116 109 109 104 104 99 100 95 92 79 74 71 69 78 77 95 96 96 99 111 112 120 122 122 124 126 125 125 126 130 134 156 151 128 128 133 131 132 135 140 139 137 138 140 138 138 133 133 136 141 140 137 137 137 141 139 137 135 142 137 135 128 130 133 122 121 117 121 127 139 139 139 109 107 102 107 110 124 129 119 124 127 99 82 109 96 98 123 121 136 118 115 109 106 94 80 76 117 103 105 127 123 161 146 128 147 127 109 144 135 131 136 121 122 123 100 87 119 97 120 114 103 116 85 108 91 109 88 62 72 58 87 80 62 78 79 61 66 72 43 52 59 58 52 43 61 64 72 100 83 95 91 86 99 101 109 108 116 122 137 145 150 136 149 139 123 129 130 137 128 115 127 124 125 132 138 136 132 129 108 128 125 120 116 131 131 132 106 97 126 133 137 103 116 119 120 114 120 118 132 139 148 130 146 144 143 139 138 148 141 131 139 137 138 134 125 128 136 135 129 125 131 140 147 148 152 153 149 137 123 92 112 79 59 60 55 54 49 46 38 27 34 23 45 66 68 62 49 37 23 23 22 21 20 20 32 45 49 54 57 61 66 65 65 64 62 61 56 51 44 27 24 26 29 31 71 80 129 135 140 153 153 154 154 153 150 146 148 154 153 152 144 135 132 130 129 130 135 138 137 139 141 143 146 147 146 148 150 149 152 150 151 151 151 150 150 151 150 149 149 149 149 148 143 144 144 137 136 131 130 127 126 125 122 122 120 117 115 119 119 112 112 110 107 104 106 108 110 110 112 113 113 113 113 114 115 114 114 115 114 113 113 112 112 112 112 111 111 110 109 112 110 110 110 109 109 109 108 111 109 108 109 109 108 108 108 108 108 109 107 106 107 106 105 105 105 104 103 103 103 103 0 0 0 0 0 0 0 0 0 0 0 0 0 0 0 0 0 0 0 0 0 0 0 0 
0 0 0 0 0 0 0 0 0 0 0 91 92 95 99 101 98 100 93 92 90 85 83 87 85 84 85 84 79 84 85 83 87 79 79 82 81 77 73 65 64 62 72 75 79 85 84 89 93 97 102 97 100 105 112 117 125 137 138 137 139 136 140 141 144 146 147 149 149 149 149 149 150 153 153 152 151 153 153 154 153 154 155 154 154 154 152 150 149 148 147 145 145 144 143 139 138 135 135 164 158 152 143 151 156 117 123 119 118 118 120 120 116 117 117 109 107 102 99 98 88 83 73 71 69 69 71 79 82 87 99 104 112 114 119 124 127 127 126 127 126 132 134 135 136 150 148 148 135 137 135 136 136 137 136 139 143 143 137 136 136 138 140 137 136 135 138 141 135 137 142 141 137 131 130 133 130 125 127 121 127 135 140 140 121 105 114 115 106 108 129 131 129 126 125 122 86 104 98 112 114 136 118 93 121 120 110 121 76 93 111 105 109 132 127 119 127 124 135 109 125 135 117 121 136 128 130 125 123 119 117 120 105 101 92 85 108 91 90 88 76 72 79 71 51 60 76 66 64 66 71 50 43 44 43 41 54 52 59 72 75 81 89 82 74 99 104 113 102 116 118 113 147 135 132 139 143 131 145 130 118 132 126 123 129 127 127 138 119 131 129 108 128 129 137 115 123 131 84 101 97 112 121 96 125 132 127 120 115 122 118 128 132 131 122 141 146 139 139 145 148 137 123 132 113 137 127 123 128 134 135 128 125 136 148 150 152 151 153 147 130 107 75 67 58 57 57 53 53 49 46 36 20 16 32 64 74 69 62 58 48 26 22 20 21 22 27 42 45 52 59 57 60 65 68 68 66 65 61 62 60 55 36 30 21 25 31 39 80 87 94 104 144 145 154 154 153 152 155 148 151 153 150 150 141 136 131 129 130 135 140 141 140 140 142 142 147 149 152 150 153 154 153 155 150 152 152 150 152 150 150 150 149 150 147 147 146 144 141 141 135 134 128 128 128 123 123 120 119 118 114 114 118 113 109 106 105 106 107 107 111 112 113 114 113 113 114 115 115 114 114 114 114 114 113 111 111 112 112 111 111 111 110 110 110 110 109 109 109 110 111 110 110 108 109 108 110 108 108 108 108 108 107 106 107 105 106 106 104 106 106 104 103 0 0 0 0 0 0 0 0 0 0 0 0 0 0 0 0 0 0 0 0 0 0 0 0 
0 0 0 0 0 0 0 0 0 0 93 98 100 100 99 101 108 100 101 99 97 89 85 81 82 84 84 84 83 87 90 86 89 90 90 82 82 80 73 72 73 69 72 78 88 85 90 97 93 97 103 107 113 109 115 122 125 140 138 140 142 141 142 141 144 145 147 149 149 149 149 152 152 154 154 154 151 152 153 154 154 155 155 154 153 153 152 151 150 149 148 147 146 145 142 141 138 137 135 134 131 131 148 144 162 166 123 128 136 119 120 123 122 120 117 111 107 105 102 99 93 87 80 77 68 69 71 72 76 82 90 97 107 114 119 123 128 127 129 131 131 134 133 135 136 138 140 148 148 147 138 137 138 137 138 139 140 143 142 142 136 136 142 141 138 135 134 134 143 141 140 144 136 133 126 133 140 141 127 129 129 135 140 137 133 105 102 102 108 97 112 125 133 121 126 122 117 125 109 111 109 112 113 93 115 120 117 113 129 131 132 127 126 132 158 119 131 133 132 135 131 127 114 121 101 128 102 116 128 123 123 109 111 101 100 105 104 91 90 95 72 74 76 71 63 89 76 75 64 68 54 45 54 44 49 42 44 51 57 58 67 81 75 104 74 98 129 117 115 97 114 113 124 134 132 126 133 135 138 138 126 126 133 131 129 132 135 133 143 137 143 131 113 129 137 128 111 112 129 146 143 112 121 121 125 112 117 117 119 121 129 136 132 133 122 136 141 135 125 133 128 103 123 122 108 106 117 124 124 132 128 121 125 137 148 150 151 150 145 121 96 67 75 64 58 57 59 57 53 46 34 36 20 10 22 45 76 75 65 58 34 24 22 20 18 21 26 37 52 60 59 62 67 65 68 69 69 71 69 68 64 47 38 30 24 21 26 27 46 52 63 104 121 145 143 142 156 156 158 155 154 153 150 150 148 142 131 130 134 138 140 141 143 140 139 141 143 146 147 153 154 154 155 155 155 156 155 154 155 153 153 150 150 151 150 150 150 145 144 140 139 134 131 130 128 127 124 122 120 116 115 114 115 116 115 108 108 106 108 110 112 113 113 113 114 113 113 115 115 114 113 114 114 113 113 113 113 111 111 111 111 111 110 110 112 110 111 110 111 109 111 110 110 109 111 110 110 110 109 109 108 109 107 107 107 107 107 107 106 106 106 106 0 0 0 0 0 0 0 0 0 0 0 0 0 0 0 0 0 0 0 0 0 0 0 0 0 
0 0 0 0 0 0 0 0 0 0 94 93 100 100 97 104 108 109 107 106 97 93 85 84 85 84 84 86 89 95 90 92 89 91 92 91 89 86 79 81 73 77 72 76 84 93 99 100 100 104 103 111 118 116 119 125 131 139 142 145 142 147 148 143 145 146 148 149 150 151 149 152 152 154 155 156 154 153 153 154 154 155 155 155 154 154 152 152 150 148 148 147 147 146 144 143 140 139 135 132 132 131 132 132 142 137 167 161 136 147 152 123 123 120 118 114 109 103 101 99 88 87 85 81 75 74 73 72 76 82 96 97 103 108 119 125 128 130 133 131 135 134 137 139 136 137 138 141 144 147 145 144 138 139 141 138 137 143 145 142 139 136 137 140 141 136 135 137 141 141 137 139 137 130 129 130 143 131 130 129 137 137 135 137 133 126 123 102 115 97 100 106 125 129 116 119 112 125 140 145 109 106 119 120 115 110 96 113 128 121 132 120 123 114 108 153 141 128 132 128 131 127 128 96 123 124 123 97 128 107 123 102 122 111 109 69 92 92 117 95 72 86 90 73 80 86 91 67 64 62 53 45 48 35 35 44 52 72 57 58 70 82 81 113 126 121 112 104 115 123 118 130 148 141 145 137 142 133 138 129 116 119 126 129 113 111 135 125 143 139 122 116 121 121 103 128 111 138 120 146 118 126 126 128 115 126 117 125 129 121 139 129 135 136 129 133 132 135 119 133 121 111 119 119 105 111 117 124 119 132 120 124 138 149 151 153 152 150 140 110 83 64 61 59 59 57 57 57 53 47 33 15 8 10 22 62 72 75 73 65 40 25 22 21 23 24 35 37 50 63 62 64 69 71 74 69 73 71 76 76 71 59 50 30 21 21 29 27 29 35 44 75 89 125 129 142 145 149 158 157 155 151 151 148 145 142 135 128 134 136 136 143 143 144 144 141 140 146 147 149 151 155 155 156 157 157 155 155 155 155 156 154 154 151 152 151 150 148 146 142 141 138 137 137 129 127 124 123 122 119 117 114 114 111 115 112 108 109 109 110 111 112 113 113 113 113 113 114 114 113 113 114 113 113 113 113 113 112 112 112 114 111 109 111 112 110 111 110 110 110 110 110 110 111 111 109 110 109 109 110 109 109 109 109 107 108 109 107 107 107 106 106 0 0 0 0 0 0 0 0 0 0 0 0 0 0 0 0 0 0 0 0 0 0 0 0 0 
0 0 0 0 0 0 0 0 0 92 91 87 92 91 97 92 107 109 107 106 103 102 93 93 85 88 84 88 90 97 98 96 92 92 92 93 86 86 82 83 83 87 80 84 84 90 96 100 101 103 112 120 123 126 131 125 132 139 142 145 150 152 149 151 151 146 148 151 150 152 152 153 155 154 155 156 154 153 153 154 153 153 153 155 155 154 154 153 152 149 148 148 147 145 144 143 141 141 136 135 134 132 132 132 134 137 134 135 160 155 149 157 160 120 123 114 110 109 105 99 92 86 81 81 75 74 75 78 80 87 96 101 105 108 114 120 128 128 129 135 134 137 137 139 140 139 138 138 140 149 151 144 143 144 141 140 137 140 143 144 140 133 135 136 141 141 138 137 140 141 139 139 137 137 129 131 138 147 145 129 134 140 137 129 130 126 123 122 116 109 98 82 132 133 116 118 121 111 110 122 136 121 119 118 115 103 93 73 73 96 97 85 123 131 108 103 108 115 124 118 131 128 128 123 114 123 98 92 93 115 116 130 122 130 87 69 72 120 118 113 110 86 90 83 76 86 78 66 46 51 46 43 48 46 47 48 60 85 72 80 91 103 103 113 113 95 110 108 114 121 118 135 136 141 125 125 133 128 118 112 114 133 129 129 129 119 125 128 118 110 118 116 135 121 135 135 135 138 120 117 120 126 110 128 113 128 125 137 127 137 127 129 137 136 130 144 137 116 118 120 113 111 118 122 114 109 118 108 111 115 132 124 141 151 151 151 148 135 95 73 61 64 60 59 59 56 57 52 46 31 15 15 9 8 13 62 72 76 71 65 28 22 22 22 23 24 33 49 62 63 66 68 69 73 76 74 78 80 80 78 70 63 50 39 25 22 29 32 38 43 44 68 89 100 112 135 140 143 153 155 155 154 151 147 144 140 134 132 132 135 136 140 142 144 144 143 145 146 146 149 151 152 154 156 157 158 158 158 155 157 156 156 155 153 152 151 150 149 145 144 141 140 139 138 135 131 126 124 121 119 117 116 114 111 110 111 110 109 109 108 110 112 113 112 113 113 113 114 114 115 115 115 113 113 113 113 112 111 112 114 111 111 111 112 111 111 110 112 111 110 110 110 110 111 110 110 110 110 110 110 109 109 108 108 109 109 109 108 108 107 107 0 0 0 0 0 0 0 0 0 0 0 0 0 0 0 0 0 0 0 0 0 0 0 0 0 0 
0 0 0 0 0 0 0 0 0 88 86 87 85 83 88 86 93 91 91 109 103 102 102 102 93 94 91 94 98 97 100 96 95 93 93 88 84 81 79 83 86 91 87 88 89 91 92 98 101 103 108 116 125 129 134 134 141 142 144 145 147 148 154 156 158 152 154 152 154 152 154 155 157 154 154 154 154 154 155 154 153 153 153 154 152 154 153 153 151 149 149 149 149 146 145 144 143 141 137 136 134 133 133 133 135 137 137 135 133 128 149 143 136 163 162 129 132 137 105 104 92 88 85 76 72 74 75 78 80 90 92 101 105 109 112 117 122 126 129 130 131 135 134 139 139 140 139 141 140 141 142 154 155 158 144 142 139 141 143 141 143 137 137 132 137 137 138 139 140 141 141 139 140 141 135 134 152 146 145 145 140 136 150 156 125 130 134 122 116 108 112 109 95 109 129 116 121 122 116 122 127 125 108 106 114 96 93 97 127 96 118 115 103 116 118 113 99 115 97 118 128 130 103 126 117 95 101 92 135 115 129 94 110 119 108 103 100 120 110 95 81 70 78 83 76 78 72 66 35 54 65 47 43 57 60 60 72 85 73 72 87 97 99 96 93 90 106 108 110 121 133 141 125 126 117 125 117 128 120 114 131 131 120 116 119 119 126 128 124 129 130 124 108 132 111 135 116 117 109 117 120 131 122 132 138 128 121 137 127 134 130 131 143 137 146 143 137 130 118 123 117 113 118 117 105 115 118 116 106 106 133 147 154 151 150 145 148 128 86 69 61 61 59 58 59 58 57 55 47 30 14 9 7 11 26 54 67 76 71 53 34 23 21 20 24 29 33 46 61 69 70 69 75 78 76 78 78 81 84 86 75 72 51 37 25 27 29 37 44 48 51 58 82 98 112 125 138 143 145 145 155 156 151 146 144 141 138 132 133 137 138 140 145 144 146 143 145 146 149 152 151 153 157 158 159 158 158 158 158 157 158 158 155 155 154 151 150 149 149 148 142 141 140 137 135 131 130 129 122 120 118 115 112 110 109 111 113 114 109 110 111 112 111 112 113 113 111 112 114 114 114 114 114 114 113 113 113 112 113 113 111 112 113 112 112 111 110 111 111 112 113 110 110 111 110 110 110 110 110 109 111 110 111 108 109 109 109 109 108 108 107 0 0 0 0 0 0 0 0 0 0 0 0 0 0 0 0 0 0 0 0 0 0 0 0 0 0 
0 0 0 0 0 0 0 0 86 84 82 83 79 83 81 86 86 83 84 91 93 108 102 102 101 101 96 97 97 100 103 100 99 93 94 84 84 80 76 81 84 95 99 88 91 93 92 93 97 102 111 121 127 133 134 138 142 145 147 145 145 150 152 155 158 159 158 154 155 156 157 159 156 155 154 153 153 154 155 155 154 154 153 151 152 151 152 153 152 151 151 150 149 148 145 144 143 141 140 137 135 132 133 132 135 134 131 132 132 132 124 122 136 128 162 161 160 155 143 150 109 114 85 84 89 72 72 79 83 88 98 104 105 109 112 117 124 129 128 133 133 131 134 136 136 137 139 141 142 142 143 144 145 158 161 161 142 142 140 140 143 140 139 132 133 136 139 138 143 142 141 138 139 141 139 137 136 141 135 133 144 133 141 156 149 143 128 127 135 108 112 109 120 109 119 132 106 102 98 102 94 125 120 106 110 99 94 94 87 114 122 115 110 116 122 120 112 97 125 102 103 130 126 113 116 106 120 118 116 92 119 94 118 111 108 90 87 86 113 86 110 70 88 76 68 78 72 51 53 57 60 47 56 68 62 67 67 79 75 72 90 93 99 99 98 99 106 98 107 121 120 130 125 118 133 111 126 122 140 122 123 114 120 120 127 118 125 128 126 130 130 121 108 116 139 121 134 137 123 134 125 131 122 121 118 134 130 137 133 130 130 128 146 139 144 142 122 121 123 118 117 110 115 120 107 117 122 104 102 129 133 152 156 152 149 141 120 84 68 63 61 60 57 54 59 56 57 50 33 16 14 9 7 10 17 44 71 74 74 53 34 23 21 21 22 28 44 61 61 73 70 69 76 80 79 79 82 84 86 86 80 72 62 49 25 26 37 48 55 48 61 58 72 86 112 119 126 142 146 145 147 156 155 153 143 143 144 138 138 137 140 140 142 145 146 147 150 150 149 152 154 156 156 158 159 160 161 158 159 157 157 157 157 156 155 151 150 149 149 148 146 144 142 139 135 133 130 129 124 120 118 116 113 110 109 108 109 114 113 112 111 111 113 112 111 112 112 112 115 114 114 114 114 115 115 113 113 112 113 112 111 112 114 113 111 112 112 112 111 113 113 112 111 111 111 110 110 110 110 109 111 110 110 111 110 109 109 109 108 108 0 0 0 0 0 0 0 0 0 0 0 0 0 0 0 0 0 0 0 0 0 0 0 0 0 0 0 
0 0 0 0 0 0 0 0 84 83 82 80 81 83 84 83 81 82 84 87 93 95 96 106 101 102 100 96 97 101 103 102 101 99 98 92 80 79 76 77 79 90 95 100 104 108 98 101 97 101 107 119 123 130 137 141 146 147 147 147 147 146 148 150 156 155 158 159 155 156 159 160 158 158 155 155 153 154 155 155 154 154 153 152 151 152 152 152 152 152 153 152 150 149 146 145 143 141 140 137 136 134 132 131 131 128 131 128 132 132 130 127 124 121 120 117 114 155 141 150 156 160 115 112 96 102 105 79 90 101 94 99 104 109 112 124 124 129 132 133 132 131 132 134 137 138 140 141 142 143 143 143 143 146 145 162 165 142 141 140 143 143 142 135 134 141 140 138 138 140 139 139 139 139 138 137 132 141 158 163 154 144 136 153 151 143 134 127 136 137 139 126 120 111 106 132 110 96 98 102 111 95 86 114 113 99 108 96 87 91 115 128 112 124 125 92 112 97 125 110 105 84 122 126 110 125 120 105 102 109 122 119 91 115 95 74 87 104 121 124 106 73 71 78 92 83 65 51 53 56 67 65 60 64 66 61 67 72 82 78 90 104 93 86 90 97 106 113 112 129 131 118 139 137 133 128 126 136 128 125 98 112 122 125 127 128 125 132 117 108 128 136 135 134 139 141 120 137 134 120 136 118 112 121 118 111 133 137 133 134 130 138 150 139 129 142 112 121 126 112 104 111 119 108 123 117 125 114 98 124 153 159 153 153 142 141 104 77 69 64 59 56 54 55 58 56 55 51 38 19 8 7 8 14 32 44 64 73 62 39 22 20 21 21 26 28 42 59 73 75 71 77 83 80 81 79 83 85 88 88 85 74 65 49 27 26 36 47 57 65 73 71 80 86 100 115 126 135 143 145 144 151 153 153 150 148 144 144 143 139 141 141 143 145 146 147 150 150 152 154 154 158 161 161 159 160 161 162 162 160 160 157 157 156 155 154 153 150 148 147 146 145 140 137 135 134 131 128 124 121 117 115 112 110 109 109 109 111 113 113 111 112 113 111 111 112 110 113 113 112 113 113 114 115 115 114 114 114 114 112 112 113 114 114 112 112 112 112 112 111 113 112 111 111 111 110 111 111 110 111 110 111 110 110 110 109 109 108 108 108 0 0 0 0 0 0 0 0 0 0 0 0 0 0 0 0 0 0 0 0 0 0 0 0 0 0 0 
0 0 0 0 0 0 0 84 87 91 83 86 81 89 84 87 86 86 85 87 89 92 96 98 100 102 100 96 95 92 99 98 101 100 100 92 86 86 80 83 84 87 95 100 105 108 112 115 108 113 116 122 129 130 135 140 144 145 148 149 147 148 150 150 151 153 157 158 159 160 162 160 161 158 158 158 155 155 154 155 155 155 153 152 152 153 152 153 153 154 153 152 150 149 148 147 144 142 142 139 138 134 134 131 131 130 129 128 130 130 128 127 126 125 118 116 113 110 106 133 125 160 160 162 108 106 108 99 92 111 116 99 108 122 112 115 120 129 132 130 128 131 133 135 137 140 142 142 144 143 143 143 143 143 145 145 147 168 169 140 143 144 142 137 134 137 140 137 137 140 140 139 139 139 136 140 132 140 155 157 154 139 136 130 132 149 143 132 132 132 139 137 131 111 106 117 120 123 99 106 111 123 86 104 102 99 98 111 110 100 115 128 121 116 138 135 104 124 100 115 105 120 124 136 125 83 121 110 118 84 122 100 109 113 80 84 109 83 95 70 106 70 80 77 79 89 48 52 55 56 67 55 49 58 74 72 71 86 82 95 104 104 87 83 85 96 95 117 112 86 92 118 116 119 133 121 107 107 112 125 119 112 127 127 113 109 132 128 130 108 115 136 140 137 121 123 122 125 130 120 104 118 88 112 110 111 133 135 137 134 136 132 150 135 124 120 110 123 112 112 104 111 117 116 121 126 121 108 125 124 152 159 156 152 140 101 75 71 70 64 62 60 59 57 59 57 54 51 20 19 8 8 7 12 17 51 64 73 39 20 22 19 17 20 26 40 57 59 77 73 71 78 84 84 83 84 85 88 88 88 85 79 73 53 35 35 46 57 57 80 73 80 84 91 100 110 127 136 143 147 149 147 150 154 153 150 145 142 143 143 143 141 142 144 146 149 151 153 152 154 156 158 161 161 163 162 162 163 162 162 161 159 158 157 154 154 152 150 148 147 146 146 144 139 134 131 131 125 124 121 118 116 111 109 109 109 109 109 110 113 113 112 111 111 111 110 110 111 112 112 114 114 113 113 115 115 115 114 114 113 112 113 114 114 112 113 113 112 112 111 110 112 111 112 112 113 111 111 111 110 111 111 109 111 111 110 110 108 109 0 0 0 0 0 0 0 0 0 0 0 0 0 0 0 0 0 0 0 0 0 0 0 0 0 0 0 0 
0 0 0 0 0 0 0 82 95 91 91 95 90 95 94 94 93 86 91 87 90 93 94 98 97 94 92 95 95 92 91 91 97 97 99 97 95 86 86 88 86 88 92 99 104 113 119 115 121 126 118 123 130 134 138 143 142 145 147 148 148 150 153 152 153 155 157 158 159 161 161 164 164 160 159 158 159 155 156 156 156 156 155 154 152 153 152 153 153 154 153 153 152 149 148 147 145 145 142 142 141 138 137 133 132 130 130 131 130 130 128 129 129 124 124 122 113 107 106 102 99 121 110 163 161 158 108 115 125 87 87 115 113 108 126 130 120 124 131 130 128 132 134 135 138 141 142 145 146 143 142 140 141 141 145 144 147 148 149 171 173 173 139 134 134 139 140 141 134 143 143 141 140 135 136 142 132 129 132 138 155 155 137 140 132 135 143 127 128 133 137 139 133 130 131 117 120 123 122 109 113 110 124 129 102 99 121 111 123 121 90 96 112 100 99 135 138 122 125 100 114 114 121 115 134 83 113 99 112 106 81 90 73 96 93 84 97 85 77 64 77 94 72 84 76 89 50 46 72 54 49 55 49 72 69 72 74 73 76 78 89 82 85 83 92 96 105 107 96 91 99 108 115 119 117 121 118 110 112 102 105 130 125 127 130 128 126 138 127 128 132 115 121 137 132 139 122 133 130 115 119 124 145 112 126 130 137 135 137 135 129 142 141 125 124 117 113 123 111 109 112 113 116 117 121 129 130 121 134 150 158 159 154 137 140 102 76 70 70 67 63 64 60 61 59 59 56 43 22 8 9 14 10 10 17 31 45 59 38 18 17 17 17 24 24 40 57 70 79 78 77 85 84 84 83 84 86 88 93 92 82 77 73 61 42 34 46 54 69 81 88 91 84 90 107 110 120 130 143 147 147 147 150 153 152 150 145 142 142 143 143 144 142 144 146 149 150 151 153 156 158 160 161 161 163 162 164 165 163 162 161 160 160 157 156 155 152 151 147 146 145 146 142 139 136 132 129 126 122 119 117 116 110 109 109 108 107 106 107 112 112 112 111 111 111 110 111 111 112 112 112 114 113 113 114 113 114 115 114 114 114 113 114 114 114 113 112 112 113 112 113 112 112 112 112 113 112 113 112 112 112 111 111 112 111 110 110 110 109 0 0 0 0 0 0 0 0 0 0 0 0 0 0 0 0 0 0 0 0 0 0 0 0 0 0 0 0 
0 0 0 0 0 0 79 86 93 98 103 95 99 102 99 99 98 94 94 94 97 93 95 100 98 97 95 89 87 83 91 91 89 93 99 99 100 98 99 89 92 88 87 92 100 110 117 123 128 129 133 136 130 136 141 143 146 144 146 148 150 152 153 154 155 155 156 159 159 160 162 163 164 162 161 160 161 158 158 158 156 156 155 155 156 154 152 152 153 153 153 152 152 151 150 147 145 146 145 143 141 141 137 137 136 133 133 134 131 129 128 129 128 125 125 124 121 117 103 101 99 98 96 104 95 86 151 143 137 146 87 89 98 105 107 112 129 127 135 138 131 132 134 135 135 138 142 140 146 139 138 140 140 140 138 136 143 143 149 150 153 173 170 167 138 139 141 142 134 140 141 141 142 140 134 136 139 142 147 138 150 155 156 149 143 145 136 122 111 133 128 139 129 113 122 117 127 130 122 109 95 93 109 101 140 134 137 105 96 121 120 117 110 118 126 104 106 107 112 100 86 102 136 138 122 98 114 99 103 106 85 97 113 102 63 60 103 90 98 64 88 82 71 70 63 51 67 46 80 54 47 55 75 72 69 64 66 73 83 96 89 84 85 92 89 104 99 107 105 120 99 110 104 118 122 121 114 105 112 121 105 115 125 120 125 123 127 124 127 131 132 128 124 127 134 134 143 139 130 125 136 122 113 141 140 134 124 122 126 135 129 124 130 123 107 121 130 124 111 108 113 116 118 112 130 130 126 138 134 153 157 158 151 132 98 76 70 69 70 67 66 66 62 64 61 60 56 29 22 9 12 25 20 16 17 25 45 32 15 18 16 19 19 24 37 57 58 70 79 78 78 85 86 86 85 87 90 88 94 92 87 82 66 46 34 38 48 54 75 81 93 98 94 100 106 116 124 130 139 145 147 146 150 153 154 148 143 142 141 140 145 145 144 146 148 148 150 151 152 155 157 158 160 162 162 164 164 165 163 163 162 161 160 158 157 155 152 151 149 148 145 144 141 139 136 132 126 126 123 119 117 114 112 109 107 108 105 106 107 109 110 112 111 109 109 110 110 111 112 111 111 113 113 114 113 114 114 114 114 114 115 114 113 114 114 113 112 113 113 113 113 113 113 112 113 112 112 113 113 113 110 113 111 111 111 111 110 109 0 0 0 0 0 0 0 0 0 0 0 0 0 0 0 0 0 0 0 0 0 0 0 0 0 0 0 0 0 
0 0 0 0 0 0 68 77 93 99 104 106 107 103 103 104 98 96 96 96 99 98 101 101 104 102 95 96 93 81 81 80 89 93 96 98 100 101 102 99 102 96 96 100 106 113 117 123 128 132 136 139 140 142 146 150 146 147 148 148 149 152 155 156 155 158 156 158 158 160 162 162 161 161 161 160 161 159 159 159 158 158 157 157 156 156 154 152 153 153 152 152 151 150 150 149 147 146 146 144 143 143 141 140 136 137 138 134 135 133 130 129 126 125 124 124 123 120 114 109 100 97 91 87 80 86 79 72 134 127 152 158 164 115 121 112 115 119 126 124 140 141 138 131 135 138 138 135 140 140 140 139 138 136 134 136 136 133 142 142 143 153 157 167 160 139 138 141 136 137 136 138 137 140 128 136 138 142 142 148 153 151 146 149 146 149 143 143 156 113 115 127 125 113 103 127 127 108 104 101 95 99 99 101 111 130 137 130 114 112 130 121 121 101 126 125 126 122 114 95 105 109 106 88 122 121 125 114 104 101 129 90 57 82 63 77 119 111 126 94 84 69 77 89 63 73 73 61 80 80 51 54 75 86 90 64 66 65 89 101 107 88 85 87 89 108 105 121 116 115 125 119 104 122 122 133 134 137 122 125 126 128 125 137 140 130 130 132 127 125 139 131 124 118 130 134 131 130 132 137 119 117 113 113 117 119 132 130 127 132 127 124 130 123 104 115 132 124 114 127 113 108 126 112 123 132 134 145 153 157 157 153 130 132 94 75 72 70 69 68 69 67 67 64 63 61 53 34 12 12 21 25 25 16 13 14 27 20 14 14 18 19 25 24 38 59 71 80 82 80 78 85 88 89 86 89 94 93 96 90 86 82 72 51 33 34 40 58 69 86 95 98 102 108 106 111 115 131 139 148 148 146 147 149 151 151 146 140 138 142 141 145 145 145 145 148 150 152 154 155 157 159 160 161 162 163 165 164 163 163 162 160 160 157 156 155 153 151 149 146 144 141 141 139 137 132 127 123 119 117 117 110 112 108 106 105 104 105 107 106 110 111 111 109 108 108 109 109 111 110 111 112 113 112 112 113 115 115 114 114 115 114 113 113 114 114 114 113 113 113 113 113 114 113 114 113 113 112 113 113 110 111 111 111 112 111 111 109 0 0 0 0 0 0 0 0 0 0 0 0 0 0 0 0 0 0 0 0 0 0 0 0 0 0 0 0 0 
0 0 0 0 0 58 63 64 78 80 104 106 108 107 106 108 101 100 97 98 99 99 100 104 106 108 102 99 90 89 81 79 78 78 96 98 101 103 103 106 102 101 107 108 106 110 120 128 128 140 143 139 143 146 143 146 151 151 148 149 153 152 154 155 157 159 159 158 160 160 161 162 161 160 161 162 161 160 161 159 159 158 158 158 157 156 156 155 156 154 152 152 152 152 150 149 148 147 146 144 143 144 142 142 140 140 138 137 135 133 132 130 127 126 125 123 120 117 114 109 106 102 94 91 85 75 71 70 71 127 119 115 110 168 167 127 134 122 123 124 127 130 134 136 137 136 138 135 137 138 140 141 140 134 133 134 132 133 136 137 143 143 142 162 165 155 152 141 139 138 136 138 137 133 133 129 134 134 142 142 153 154 150 147 154 148 147 138 156 145 115 127 133 109 102 109 124 122 104 128 129 99 99 101 115 136 128 132 114 104 101 127 108 122 96 99 105 106 114 109 126 110 103 102 87 93 103 107 104 109 113 96 100 108 106 103 119 98 126 70 85 73 85 97 91 80 73 81 80 78 53 57 61 95 92 102 91 65 89 101 103 93 102 93 95 108 105 112 110 115 117 110 113 109 112 102 109 137 136 125 131 119 130 134 133 128 125 132 138 130 131 133 126 132 135 136 132 130 131 128 138 139 126 120 122 132 122 130 136 140 141 122 123 115 104 131 124 124 121 131 119 113 122 126 125 137 149 145 155 158 157 154 133 89 75 75 72 70 70 69 70 68 67 65 63 61 39 34 14 8 12 23 15 14 13 14 16 15 14 16 18 20 24 39 59 59 70 81 82 83 86 89 88 90 92 96 94 97 96 92 90 77 57 33 32 35 40 51 62 81 90 102 106 110 110 111 115 121 129 144 147 148 148 151 150 148 146 141 137 138 140 140 140 139 145 146 150 151 154 156 157 159 160 161 162 162 165 165 164 163 162 160 158 157 156 153 153 152 150 147 145 141 138 134 137 130 127 123 119 117 113 109 107 105 106 103 103 105 105 104 106 106 109 108 108 108 108 109 108 108 111 112 111 112 114 113 114 115 114 113 114 113 113 115 116 114 115 114 113 113 114 113 114 114 113 113 113 114 113 112 113 113 112 111 112 111 112 0 0 0 0 0 0 0 0 0 0 0 0 0 0 0 0 0 0 0 0 0 0 0 0 0 0 0 0 0 0 
0 0 0 0 0 47 51 64 65 66 82 85 111 109 111 108 106 106 96 96 99 100 102 105 106 108 107 105 100 97 88 86 86 80 84 90 101 103 105 109 111 112 113 109 114 110 117 123 136 140 143 147 150 146 149 146 150 151 151 150 153 153 153 155 159 159 160 158 159 160 159 160 160 160 162 162 161 161 162 160 159 159 159 158 158 155 156 156 156 154 154 154 152 152 152 151 148 147 146 145 144 143 143 142 142 141 139 136 135 132 131 127 126 126 125 123 120 117 115 110 106 102 100 95 85 78 75 69 67 68 70 78 108 111 167 165 163 141 146 128 131 133 137 138 137 139 140 143 137 138 139 140 140 134 133 135 134 133 133 130 138 140 142 140 165 167 171 153 149 145 139 138 137 133 133 128 128 133 132 137 141 142 150 147 146 149 142 133 138 144 137 121 133 129 110 109 107 97 123 138 114 107 117 101 115 136 135 118 117 114 103 120 120 122 114 109 100 114 128 125 126 100 95 102 83 98 103 91 102 96 118 108 94 108 107 103 97 102 88 96 73 81 98 97 83 73 74 68 80 56 62 57 98 95 94 94 93 103 93 99 103 93 98 93 103 110 119 103 98 109 103 110 99 112 122 120 120 111 110 122 120 119 117 125 133 137 143 116 122 112 123 133 129 131 135 137 143 130 136 120 117 139 139 136 142 121 123 123 130 139 139 116 123 120 120 131 124 125 129 131 118 121 122 128 129 129 141 157 159 158 155 134 133 86 74 77 76 74 70 72 70 66 67 66 64 58 45 18 7 6 12 9 15 10 8 14 12 16 20 23 18 27 24 42 59 70 80 82 82 84 86 91 95 90 92 96 97 98 95 91 90 80 63 35 33 38 48 60 76 87 90 99 104 105 111 109 112 119 136 140 147 148 149 151 152 149 146 143 137 135 140 139 138 136 140 142 149 150 154 156 158 159 159 160 162 162 162 162 164 161 160 160 158 157 156 154 152 150 148 147 143 141 138 135 132 131 124 118 116 117 109 109 106 105 102 101 102 103 103 104 105 106 106 105 108 106 106 107 108 108 109 110 110 111 113 114 113 113 114 113 113 114 113 115 116 114 114 113 114 113 114 113 114 114 113 113 114 113 113 112 113 112 112 112 113 112 112 0 0 0 0 0 0 0 0 0 0 0 0 0 0 0 0 0 0 0 0 0 0 0 0 0 0 0 0 0 0 
0 0 0 0 44 46 49 56 58 66 67 68 87 91 93 110 112 102 100 96 97 98 100 102 102 107 108 106 106 97 95 96 95 88 92 87 90 97 105 109 110 114 114 116 117 117 121 123 133 137 143 146 149 152 154 151 153 151 154 155 153 153 154 155 156 160 160 160 159 160 159 158 160 160 160 161 161 163 162 160 159 159 159 158 156 155 155 156 156 156 155 154 154 153 152 151 150 148 146 145 145 144 146 143 143 142 137 136 135 133 133 130 129 128 124 122 118 116 115 113 109 104 102 100 91 92 74 75 67 69 79 90 95 106 119 121 163 158 146 151 156 161 132 130 136 133 140 135 134 148 139 140 141 141 136 135 134 136 135 130 131 134 139 139 140 147 171 173 170 145 139 133 137 136 139 140 126 133 130 137 143 142 134 133 152 151 144 133 123 120 137 132 107 108 103 113 131 97 100 126 142 138 116 139 130 123 135 118 116 132 127 135 148 137 139 119 130 114 104 101 102 94 86 118 102 122 104 91 114 118 99 102 68 74 77 103 80 102 72 83 73 90 85 87 72 73 80 68 71 68 77 67 86 94 99 94 102 95 93 102 103 89 98 108 114 110 119 112 98 105 108 99 118 111 110 111 120 125 110 100 109 123 124 130 123 124 143 124 113 129 128 142 144 139 140 134 143 145 143 131 125 121 124 133 137 134 123 131 117 142 139 119 109 109 112 121 121 125 129 122 116 124 132 133 129 139 141 152 155 155 152 132 86 73 74 76 76 74 72 73 69 68 67 66 64 49 45 24 8 4 6 6 8 7 8 9 16 16 24 28 24 33 46 60 59 71 81 82 82 84 90 95 97 98 97 96 97 98 98 94 82 66 38 34 41 38 53 63 75 85 98 103 104 107 109 109 106 107 127 134 144 148 150 152 149 149 147 143 140 136 135 135 137 136 139 142 145 148 150 152 153 158 158 160 162 162 163 162 161 161 160 158 157 157 156 154 152 150 148 146 143 139 136 135 132 127 128 122 117 114 109 106 104 105 101 100 102 102 100 103 103 104 102 105 104 104 106 106 106 108 108 110 111 112 113 113 113 113 114 114 114 115 115 115 116 115 115 114 114 114 113 113 114 114 113 113 114 113 113 113 113 113 113 113 113 113 0 0 0 0 0 0 0 0 0 0 0 0 0 0 0 0 0 0 0 0 0 0 0 0 0 0 0 0 0 0 0 
0 0 0 0 47 48 49 55 58 59 62 71 72 77 93 96 97 110 108 100 99 98 99 98 102 105 104 110 106 104 103 106 98 101 92 95 97 96 102 110 110 114 117 119 117 120 124 125 127 130 139 143 149 153 154 156 157 155 155 156 156 156 154 156 156 159 157 158 160 160 159 159 160 160 160 160 161 162 162 161 160 160 159 159 157 156 156 156 155 154 155 154 154 154 151 151 150 148 147 146 144 144 146 145 144 144 141 140 136 136 133 133 132 128 127 125 120 119 113 112 109 105 105 100 99 98 91 90 82 89 88 95 92 106 106 103 118 116 156 155 153 161 166 130 133 138 132 135 138 136 139 148 141 141 142 147 138 139 142 135 133 134 143 139 139 140 151 151 151 166 165 133 131 129 131 125 118 114 110 126 126 142 129 126 132 129 129 138 135 118 116 132 121 99 93 102 116 136 131 138 131 138 123 92 82 111 105 138 116 130 114 107 148 150 134 123 120 140 125 101 111 114 86 87 106 92 103 98 109 104 87 95 68 85 89 95 84 73 86 90 73 62 85 88 78 68 73 74 79 76 77 86 86 88 95 101 98 93 102 94 103 93 97 108 114 115 103 108 104 101 108 109 112 124 113 114 119 118 120 122 109 112 107 109 121 123 125 126 118 126 128 139 130 131 142 145 135 141 141 144 125 119 113 115 141 131 147 138 117 129 128 119 106 102 123 117 113 113 122 122 116 124 131 127 130 138 152 154 155 148 127 132 87 75 76 77 75 73 73 73 67 68 65 65 61 55 31 11 5 4 5 6 6 6 8 9 12 22 29 28 31 39 51 64 71 76 78 81 84 84 90 95 97 97 98 99 103 101 98 94 85 69 41 35 45 55 69 77 87 85 93 98 100 105 104 106 108 117 128 134 138 144 147 151 149 148 145 143 138 136 133 132 133 137 138 143 146 148 150 151 153 154 156 159 161 162 161 162 161 160 160 159 157 156 154 152 152 150 148 142 143 140 138 133 128 125 124 124 117 109 109 107 103 100 99 98 99 99 100 99 98 104 102 102 102 101 103 102 106 107 107 110 110 110 113 112 112 112 114 114 114 114 116 116 115 116 116 115 114 114 115 114 114 115 113 113 113 114 113 113 114 113 113 113 112 113 0 0 0 0 0 0 0 0 0 0 0 0 0 0 0 0 0 0 0 0 0 0 0 0 0 0 0 0 0 0 0 
0 0 0 50 53 55 56 57 58 59 62 66 67 69 80 83 99 100 108 106 102 98 97 96 101 100 107 106 106 108 107 106 105 107 104 106 97 107 102 109 114 117 117 119 121 123 124 126 130 130 133 136 147 148 155 157 157 157 158 156 157 158 157 160 158 157 160 158 161 160 159 158 159 158 160 160 162 162 161 161 162 162 159 157 157 158 158 156 155 154 155 155 154 153 153 151 151 150 147 146 145 145 144 144 144 144 143 140 138 138 136 135 135 131 129 123 123 119 117 115 110 109 107 101 95 98 86 90 79 76 73 81 83 96 101 103 112 116 120 123 124 148 144 168 173 138 145 150 138 142 142 141 141 148 142 147 150 148 142 143 143 133 138 143 141 140 144 139 151 155 160 162 155 128 126 126 118 109 106 109 104 119 119 119 124 127 129 125 129 130 126 113 121 132 115 123 116 130 126 119 119 125 123 123 94 108 105 92 94 130 114 107 96 86 126 102 120 94 101 111 109 128 119 128 106 103 103 104 105 104 96 113 109 106 89 90 84 74 87 81 66 61 70 84 78 79 73 77 74 62 85 93 74 88 95 96 91 93 93 95 86 70 83 92 104 115 103 108 109 89 102 109 100 90 100 114 115 127 115 115 118 124 106 121 131 123 141 129 134 142 139 136 127 138 145 145 131 131 138 132 136 123 130 137 146 131 135 130 131 129 112 110 100 110 105 117 109 110 117 120 121 127 131 127 144 138 152 156 152 148 130 91 72 75 82 77 79 77 76 70 70 66 68 65 62 62 38 19 7 6 5 4 4 6 6 7 12 18 25 32 44 57 67 64 73 77 78 78 83 90 94 96 97 101 98 101 105 101 102 89 85 44 37 46 45 60 78 82 89 92 94 94 103 104 104 106 107 113 125 134 138 140 148 147 149 149 145 141 137 135 132 133 133 137 138 141 143 147 149 150 152 153 156 158 161 161 160 160 159 159 158 156 157 154 154 151 150 147 146 142 140 137 138 134 128 124 121 117 116 109 104 101 103 98 97 98 96 95 99 98 100 98 102 102 100 98 102 102 103 104 108 107 108 110 111 111 112 113 113 114 114 116 117 116 115 116 115 115 115 116 115 114 115 115 114 114 113 114 113 114 114 113 112 113 113 0 0 0 0 0 0 0 0 0 0 0 0 0 0 0 0 0 0 0 0 0 0 0 0 0 0 0 0 0 0 0 0 
0 0 0 54 54 55 58 57 59 60 65 65 69 69 71 71 85 88 101 101 102 96 94 96 93 94 102 103 107 104 105 107 105 107 108 109 107 110 113 118 120 117 121 117 121 123 127 130 135 133 135 136 141 148 149 151 155 157 157 158 157 158 159 160 161 159 160 161 162 160 160 158 159 160 160 160 161 161 161 162 163 162 161 159 157 158 157 157 156 154 155 155 154 154 154 153 152 150 149 147 145 145 145 145 144 144 143 141 140 138 136 136 135 134 132 128 127 122 119 115 114 109 107 102 96 90 85 81 75 72 72 73 83 91 97 104 109 117 119 118 124 123 144 141 140 175 175 174 153 155 142 138 141 141 139 142 150 148 147 144 143 142 143 144 148 143 144 143 137 133 160 158 158 150 143 140 124 125 112 128 104 108 118 121 123 109 135 139 140 143 126 133 141 142 140 154 124 118 122 124 119 123 114 98 115 94 111 106 94 120 129 96 96 86 82 90 86 89 101 93 86 128 112 103 121 78 87 108 131 104 111 113 119 97 88 102 85 79 71 81 80 61 72 71 75 88 77 68 75 62 80 93 88 78 100 82 82 85 90 95 85 82 87 102 113 105 120 109 109 89 103 112 101 101 104 121 127 124 134 115 122 129 116 123 123 142 141 119 125 142 135 136 127 114 115 144 134 135 122 132 124 136 130 133 132 142 134 130 130 126 112 114 116 117 120 115 108 110 125 123 121 126 126 134 144 152 151 156 151 132 130 93 74 76 79 83 82 81 76 75 70 66 69 68 65 50 31 14 7 5 5 4 6 5 5 6 11 18 25 31 41 55 67 75 79 82 79 84 83 91 96 96 98 102 103 107 104 104 102 98 79 44 37 46 63 79 89 93 89 94 92 90 99 102 104 105 107 119 125 131 136 138 141 143 144 141 145 139 137 134 131 132 135 136 138 139 143 146 148 150 151 151 154 155 158 158 160 159 157 159 156 155 155 153 152 150 147 147 143 143 140 137 133 128 125 121 117 117 113 108 105 100 98 95 94 95 95 95 96 96 100 98 99 97 97 100 101 102 102 104 105 105 107 110 110 112 113 113 113 114 115 116 115 114 115 116 116 115 116 116 116 116 116 115 114 114 114 115 113 114 114 113 113 113 113 0 0 0 0 0 0 0 0 0 0 0 0 0 0 0 0 0 0 0 0 0 0 0 0 0 0 0 0 0 0 0 0 
0 0 53 51 52 58 55 57 60 62 64 68 69 69 74 76 84 88 93 100 101 105 114 94 96 94 101 103 106 106 118 108 117 110 122 109 123 110 118 129 140 129 139 128 141 126 127 130 135 138 142 138 144 145 147 151 153 157 157 158 159 158 161 159 160 160 160 161 162 160 161 160 162 161 160 161 161 162 161 161 162 161 160 159 160 159 157 157 157 156 155 154 155 155 154 154 152 151 150 148 148 145 145 145 145 144 143 141 140 138 138 137 135 133 130 129 127 126 123 118 116 113 104 100 96 89 85 82 77 74 72 68 79 82 97 104 109 112 113 113 119 119 125 127 140 141 138 174 172 169 156 158 136 135 139 139 138 137 147 144 143 145 143 150 148 149 153 143 141 138 132 127 158 159 155 140 137 124 130 128 133 122 131 130 126 109 105 108 136 128 135 127 118 142 145 154 156 137 114 105 117 121 113 87 100 94 95 114 106 104 111 130 128 131 82 90 98 102 94 108 128 126 132 103 99 78 90 106 92 100 64 77 55 97 87 102 88 74 73 77 86 87 88 71 79 88 97 76 65 65 55 89 78 78 85 75 82 68 76 80 68 92 93 102 99 104 119 129 108 114 103 103 110 113 104 121 109 139 129 133 136 125 119 129 123 138 143 141 141 129 134 140 128 146 115 128 125 123 117 117 123 128 130 127 132 144 142 133 128 129 119 120 116 123 120 123 120 115 125 123 123 131 126 146 144 152 151 148 145 132 93 76 74 80 79 81 84 85 78 78 70 71 69 69 70 60 47 25 5 4 5 6 6 7 9 6 12 25 33 45 53 66 67 75 82 87 85 90 93 99 98 101 107 102 107 110 108 110 101 82 79 38 50 47 63 79 93 100 96 93 91 94 97 102 99 100 109 113 124 130 136 142 141 143 140 135 139 136 135 130 130 132 135 136 137 138 140 142 144 149 150 151 153 155 155 156 157 156 155 155 154 155 154 152 151 149 146 144 140 138 135 135 133 128 124 119 114 110 105 110 105 100 94 94 94 94 92 95 95 96 95 98 97 98 99 97 99 102 102 103 104 105 107 108 109 110 111 113 113 114 116 116 115 116 117 116 116 116 116 116 116 116 116 115 116 116 114 114 115 115 114 113 113 113 0 0 0 0 0 0 0 0 0 0 0 0 0 0 0 0 0 0 0 0 0 0 0 0 0 0 0 0 0 0 0 0 0 
0 0 45 48 48 54 55 57 61 62 66 87 69 78 97 84 107 98 115 100 121 112 114 120 112 104 125 115 131 126 129 127 117 131 129 132 132 138 133 126 140 130 139 141 134 149 141 139 145 138 142 154 144 150 154 152 157 163 162 166 159 160 165 163 163 166 163 167 161 165 161 162 162 161 161 161 162 161 161 161 162 161 158 160 160 160 158 157 156 156 155 154 154 154 154 154 153 151 150 148 148 146 145 145 145 144 143 143 140 140 139 137 135 135 132 131 128 125 123 120 117 113 109 107 97 94 85 80 76 74 69 68 71 75 90 94 107 110 114 113 118 119 120 125 131 133 135 139 137 169 165 158 160 163 135 135 137 140 142 131 143 145 143 141 154 156 156 153 155 138 141 134 123 131 137 151 152 106 95 128 131 122 114 123 135 126 122 111 115 128 116 109 107 112 106 136 127 137 115 105 102 108 106 122 120 122 122 114 124 121 111 113 104 114 106 132 98 102 130 119 128 122 105 109 126 115 137 131 92 51 64 49 70 73 75 85 78 83 73 89 86 88 98 82 96 97 87 58 65 65 43 69 75 74 71 71 72 72 76 78 72 87 106 95 88 95 118 103 108 120 110 103 110 113 111 100 123 125 129 127 131 138 134 136 141 136 128 136 141 125 124 126 132 145 139 126 125 109 117 129 116 128 128 129 133 125 142 134 126 129 130 128 111 114 125 125 120 129 129 123 114 129 133 147 151 150 152 148 145 132 98 80 80 83 82 83 85 85 86 78 74 73 69 68 66 56 38 25 9 4 4 6 6 8 17 20 36 25 39 48 56 65 73 80 88 90 93 90 95 102 102 105 114 112 114 113 116 110 106 84 51 40 52 68 91 99 93 100 104 101 99 92 93 95 92 100 107 113 118 124 129 139 139 138 133 135 130 136 133 129 126 132 133 136 137 138 139 142 144 145 146 151 152 153 154 156 155 152 155 154 151 152 150 149 148 146 146 140 140 138 135 133 126 125 124 119 114 111 105 100 103 94 92 90 92 92 92 93 93 94 94 94 94 94 96 97 99 100 100 101 103 104 106 106 110 110 111 112 112 113 116 117 116 117 117 117 116 117 118 115 116 116 116 115 116 116 114 114 115 116 113 112 114 113 0 0 0 0 0 0 0 0 0 0 0 0 0 0 0 0 0 0 0 0 0 0 0 0 0 0 0 0 0 0 0 0 0 
0 60 73 100 50 68 55 64 84 71 99 106 111 105 113 100 107 111 96 112 101 95 105 102 112 104 125 126 110 106 115 107 110 106 129 108 132 115 111 112 122 120 125 125 134 128 136 139 138 142 151 154 155 154 154 160 157 163 163 158 165 163 168 162 160 166 166 167 168 166 169 170 162 162 165 161 162 163 161 162 161 159 158 159 159 160 159 158 156 156 155 153 154 152 152 154 153 153 151 148 147 147 147 146 146 144 143 143 142 142 141 139 139 135 134 131 130 128 124 124 122 115 114 107 100 94 92 86 82 73 71 68 71 75 89 94 100 108 112 118 121 120 125 125 129 134 135 136 135 139 137 163 159 163 168 171 137 138 141 142 142 131 143 141 139 138 134 154 157 156 155 133 138 138 137 135 131 142 124 90 94 122 120 113 135 138 136 116 112 112 110 113 110 117 106 116 126 118 111 105 105 111 104 106 120 113 111 110 122 138 127 113 104 115 106 118 122 121 130 119 95 89 105 120 126 140 131 115 106 111 77 86 70 79 73 84 89 86 91 86 89 94 98 98 81 88 80 59 50 42 37 53 75 73 68 71 84 75 70 67 84 97 106 112 89 91 105 111 108 111 113 123 121 128 111 100 119 128 109 112 131 134 140 136 138 142 120 124 137 135 134 132 128 145 143 129 120 124 129 126 131 128 133 129 137 137 131 124 117 118 123 128 111 114 118 108 123 129 131 120 125 129 147 147 151 151 147 139 125 103 98 80 77 80 85 84 86 86 89 82 77 73 68 64 64 59 48 16 7 4 6 6 8 14 26 30 44 45 53 56 62 65 72 79 85 93 95 98 104 108 112 118 114 119 119 117 119 109 84 84 42 55 52 70 93 107 117 111 104 101 95 93 93 92 86 94 97 113 116 119 129 130 139 136 133 131 131 127 122 118 126 130 133 135 135 137 139 140 143 142 146 148 152 152 152 153 151 149 151 149 151 151 149 148 147 145 142 140 138 134 135 131 127 122 117 112 108 111 100 94 103 101 94 89 89 89 90 90 92 92 94 94 94 92 94 94 98 100 100 103 102 104 104 105 108 108 111 111 112 115 116 117 115 116 117 118 118 118 118 117 116 116 117 117 115 116 116 116 116 116 115 112 112 0 0 0 0 0 0 0 0 0 0 0 0 0 0 0 0 0 0 0 0 0 0 0 0 0 0 0 0 0 0 0 0 0 0 
0 93 104 97 96 79 94 95 84 92 83 106 89 84 91 88 88 84 96 87 93 95 97 101 102 101 103 100 101 106 101 107 102 103 108 106 106 106 110 112 122 120 125 128 126 129 134 140 143 142 144 145 155 154 153 154 156 156 155 158 156 158 158 159 160 160 160 161 160 166 162 161 169 164 161 169 170 165 169 162 162 163 159 160 164 157 160 157 158 156 155 156 156 155 152 154 152 153 151 148 148 148 148 147 146 145 145 144 142 142 141 141 139 137 135 133 131 128 126 125 122 120 118 111 106 96 92 89 82 75 71 69 70 79 84 98 104 106 112 118 121 125 126 127 129 133 133 132 135 135 135 134 133 155 149 147 171 171 141 144 146 144 146 138 139 138 130 137 157 158 156 152 139 131 135 133 133 141 124 108 104 109 119 124 112 114 127 130 112 113 116 120 113 109 120 121 126 122 111 111 119 123 121 120 99 95 111 98 97 138 145 145 109 96 85 76 122 115 126 100 95 89 116 118 119 105 97 115 105 111 92 82 75 83 96 94 88 86 86 86 97 97 89 84 80 69 52 59 38 37 28 28 45 33 54 67 65 75 63 75 81 86 101 105 87 96 97 111 110 113 112 113 113 123 119 120 119 128 127 113 126 122 120 135 116 142 135 124 132 133 137 136 143 129 119 129 127 124 128 127 134 130 137 142 153 137 136 129 117 126 135 110 105 122 114 108 108 123 131 134 128 140 147 148 150 151 148 120 125 101 65 69 77 83 84 87 86 87 91 86 85 74 71 58 57 52 48 27 11 7 12 12 24 38 40 49 44 52 54 59 62 69 78 84 91 96 95 100 106 108 113 122 122 123 120 120 119 109 80 50 45 56 73 93 93 119 117 120 121 122 95 93 92 89 86 86 97 103 107 110 120 119 127 125 133 126 131 130 129 125 115 116 133 135 135 135 138 140 142 141 144 145 149 149 152 151 148 149 149 148 149 147 145 143 140 145 141 138 137 133 130 126 122 119 113 112 106 103 100 94 92 96 94 87 87 89 87 86 91 91 92 92 90 92 94 94 96 97 99 100 100 103 104 106 106 108 109 109 113 113 113 115 116 116 117 118 118 118 118 118 118 117 117 117 116 116 116 116 116 116 116 113 112 0 0 0 0 0 0 0 0 0 0 0 0 0 0 0 0 0 0 0 0 0 0 0 0 0 0 0 0 0 0 0 0 0 0 
104 90 88 84 81 79 73 73 82 79 82 83 82 84 89 88 88 89 87 87 90 94 95 101 104 101 105 102 101 100 102 101 103 103 105 106 107 108 112 118 122 126 130 128 128 136 134 138 142 145 146 146 149 148 153 154 156 158 158 156 160 159 157 160 160 161 161 160 160 160 160 161 158 159 161 161 161 170 167 172 169 163 173 170 164 170 173 166 170 158 162 169 157 162 152 152 157 151 152 150 149 148 148 147 146 146 145 143 145 145 142 141 139 137 135 135 134 131 131 129 123 121 118 114 106 103 100 96 85 80 72 71 70 75 78 90 97 99 110 113 121 122 126 130 133 133 134 137 132 135 133 133 133 133 132 147 142 139 167 163 150 160 146 145 148 151 130 137 140 143 156 152 152 131 131 128 133 132 139 132 104 119 117 124 124 117 110 116 128 118 119 125 120 109 97 105 123 130 130 124 122 123 101 120 115 120 96 99 103 101 108 145 114 96 102 118 93 114 120 140 129 136 116 118 107 77 100 110 98 67 90 82 92 95 80 70 73 101 89 77 85 97 79 73 71 62 53 35 24 23 23 28 24 35 61 62 54 72 79 81 95 86 83 89 96 90 96 94 102 113 92 92 113 124 126 123 99 123 127 113 122 122 120 138 123 127 131 136 127 127 136 144 143 130 123 124 133 131 134 139 134 146 137 140 155 155 157 147 127 111 135 112 105 118 119 99 104 108 126 119 128 133 143 150 149 146 135 111 91 57 65 61 64 83 84 87 90 95 92 94 85 83 81 68 65 60 39 28 15 23 12 25 40 48 46 52 53 59 62 67 62 70 81 88 92 97 102 110 106 115 124 122 122 124 123 120 108 75 80 49 58 56 76 95 111 121 124 126 129 122 122 101 92 89 87 89 92 97 97 110 104 119 117 115 121 120 127 130 132 125 120 116 119 122 135 135 136 139 139 141 142 143 145 145 148 148 146 147 145 148 147 144 143 141 139 138 135 135 131 133 129 125 121 117 111 108 101 98 92 93 92 96 94 88 84 85 84 87 87 91 90 87 86 91 91 95 95 97 98 99 100 102 103 105 107 107 109 109 113 114 113 114 116 116 117 117 117 118 118 118 118 118 117 116 116 116 117 116 116 115 116 116 0 0 0 0 0 0 0 0 0 0 0 0 0 0 0 0 0 0 0 0 0 0 0 0 0 0 0 0 0 0 0 0 0 0 0 
104 90 88 84 82 77 82 73 78 82 82 84 86 85 91 91 94 89 86 96 90 93 97 99 104 110 108 108 101 106 102 100 100 106 107 105 107 111 112 122 122 127 131 135 137 138 136 142 142 145 147 148 152 149 152 155 156 158 158 159 161 160 160 157 160 160 160 160 160 160 160 160 162 161 161 160 160 160 167 163 160 165 162 160 163 161 173 162 170 172 167 161 171 166 170 170 157 168 152 156 161 166 148 148 147 147 145 146 145 145 144 142 140 137 138 136 134 133 131 129 127 126 121 118 112 109 104 96 86 80 77 74 73 77 84 90 94 99 109 113 116 119 122 125 127 132 131 137 137 140 135 141 136 134 133 129 130 139 141 146 166 165 164 165 163 158 164 154 140 143 143 146 153 153 154 133 143 132 129 133 127 123 121 111 115 117 125 116 117 108 106 131 134 120 114 105 102 130 123 116 126 124 117 101 105 120 114 102 103 112 116 116 120 117 124 118 112 136 120 119 120 122 110 106 107 77 100 110 98 81 112 105 95 88 74 89 73 87 94 77 85 90 92 71 61 58 53 40 30 20 43 32 50 71 67 56 54 53 79 86 90 92 95 95 102 93 96 95 100 117 118 100 99 117 125 119 99 111 122 133 122 122 147 135 123 122 131 120 120 126 130 143 139 128 123 130 133 127 128 141 145 148 148 152 155 159 151 147 142 126 114 116 101 117 119 112 108 108 112 115 125 138 146 144 149 141 103 111 82 51 50 57 74 79 85 85 90 95 98 100 93 91 76 71 67 60 57 54 32 38 36 47 51 52 57 52 58 64 67 72 75 82 90 94 99 97 104 113 117 121 126 126 129 124 119 120 106 71 49 52 63 77 97 95 125 121 127 130 134 130 132 121 121 101 87 89 89 91 88 96 93 104 107 115 116 119 120 125 129 129 128 120 121 122 127 134 136 137 138 140 141 143 143 145 145 145 143 145 143 144 143 140 140 137 139 136 133 133 128 128 124 120 116 110 111 106 99 95 90 86 83 82 96 88 84 84 84 84 85 86 83 82 87 88 91 91 92 97 97 97 101 101 103 106 107 108 110 111 112 113 113 115 116 119 117 118 118 117 118 118 118 117 117 116 116 116 116 116 117 117 115 116 0 0 0 0 0 0 0 0 0 0 0 0 0 0 0 0 0 0 0 0 0 0 0 0 0 0 0 0 0 0 0 0 0 0 0 
0 0 0 84 82 78 77 84 80 84 88 94 86 92 91 93 97 96 96 100 97 97 97 102 104 106 108 110 106 109 104 104 100 101 106 108 108 112 117 121 127 131 131 136 142 138 143 145 144 146 150 152 152 154 154 156 155 157 159 159 161 159 161 157 161 161 158 159 160 160 160 159 160 161 160 161 161 162 161 161 160 161 160 160 159 160 160 160 159 159 157 157 155 166 158 154 165 157 169 165 157 166 164 148 150 152 145 147 151 144 145 142 141 139 138 136 137 134 132 129 125 126 123 120 114 112 108 98 92 83 81 74 72 73 80 83 88 97 102 110 115 119 121 124 127 128 127 130 132 139 138 141 144 145 146 136 139 132 137 150 148 165 161 158 154 163 162 167 171 146 143 146 153 147 136 157 158 149 142 133 131 123 121 128 129 131 129 126 125 124 107 112 134 133 130 115 127 108 113 99 126 121 117 115 113 90 92 96 96 102 116 114 120 121 122 136 137 117 128 105 120 114 109 115 102 110 106 110 90 97 112 110 113 93 86 87 77 85 89 87 85 92 88 92 64 68 48 48 35 49 43 52 60 71 70 67 60 64 77 73 90 80 85 95 85 87 97 97 100 120 123 100 95 102 127 126 113 119 122 122 123 119 147 135 124 122 127 120 126 126 138 143 141 130 131 128 135 140 146 141 142 148 148 152 159 156 157 142 132 126 114 116 100 111 117 110 119 111 116 115 126 140 141 138 136 114 85 77 47 51 42 49 70 77 83 89 93 98 98 100 100 97 82 75 74 64 61 54 54 38 46 50 52 53 59 60 68 64 78 72 79 89 97 98 104 107 117 113 125 130 126 130 132 128 117 100 65 71 58 68 63 81 100 116 127 131 134 136 134 138 132 131 130 120 120 96 89 91 88 87 93 95 100 110 116 119 123 125 129 133 134 127 126 122 123 129 135 135 138 139 139 141 141 143 142 141 142 140 143 142 141 139 138 136 133 131 131 126 128 125 121 119 114 109 104 99 94 88 90 85 82 80 84 89 83 84 84 81 85 82 81 80 83 84 90 91 92 96 97 97 99 100 102 104 106 108 110 111 112 113 113 114 116 117 117 118 118 119 119 118 118 118 118 118 117 117 117 116 116 117 117 0 0 0 0 0 0 0 0 0 0 0 0 0 0 0 0 0 0 0 0 0 0 0 0 0 0 0 0 0 0 0 0 0 0 0 0 
0 0 0 0 0 78 77 88 89 84 89 97 101 104 96 98 97 96 102 100 101 100 96 100 106 108 109 110 110 109 112 110 107 107 107 109 112 112 116 120 125 131 133 137 144 147 146 145 149 150 148 152 154 155 157 158 160 157 159 161 161 159 161 161 160 160 161 159 161 160 161 158 161 161 162 161 160 162 160 160 161 162 161 160 161 160 158 160 159 158 158 156 156 154 153 154 150 157 153 150 149 151 151 157 152 152 161 173 151 161 171 149 160 142 146 137 137 134 132 132 130 123 122 119 115 112 108 98 92 88 85 77 75 74 76 78 88 91 93 106 108 117 119 122 128 129 127 128 132 134 134 138 135 135 143 139 139 141 151 144 152 147 151 150 154 153 162 162 159 169 167 169 140 147 130 126 158 147 139 136 137 126 113 106 129 99 129 120 116 105 115 111 120 122 130 118 127 121 105 115 96 103 113 108 113 108 118 96 102 109 112 122 114 104 122 123 116 117 97 116 112 115 107 125 123 110 98 78 90 97 115 109 93 74 93 87 108 93 102 99 90 91 87 88 82 68 78 55 66 59 68 68 65 67 75 67 57 59 72 71 71 78 82 103 108 87 86 88 96 109 109 116 117 102 131 126 119 124 130 120 127 128 126 115 124 122 136 138 122 128 138 139 135 130 133 128 135 142 145 143 144 147 149 152 153 154 157 151 140 120 116 109 114 111 115 119 119 125 119 127 137 136 136 138 127 104 78 57 42 35 36 62 70 78 83 89 93 98 102 103 100 97 84 80 74 71 70 61 61 53 55 63 57 65 59 67 73 75 83 83 93 101 103 107 104 111 121 125 131 135 133 133 132 104 117 91 57 54 61 71 83 104 100 132 127 133 135 137 140 141 139 140 130 130 130 118 114 111 88 87 91 98 100 105 113 119 122 125 130 135 134 132 126 125 129 129 133 133 136 136 139 139 141 141 140 139 140 138 140 138 137 136 133 136 133 130 129 124 124 119 121 111 106 109 103 97 93 87 84 81 79 80 78 89 87 81 80 81 79 79 77 80 80 84 84 86 91 93 96 98 101 100 104 104 106 106 109 111 112 112 114 114 117 117 117 118 118 119 120 118 118 118 119 119 119 118 118 117 117 116 117 0 0 0 0 0 0 0 0 0 0 0 0 0 0 0 0 0 0 0 0 0 0 0 0 0 0 0 0 0 0 0 0 0 0 0 0 
0 0 0 0 0 0 0 88 89 91 96 97 106 104 105 105 100 103 103 103 102 100 102 101 103 103 105 110 109 112 113 110 109 110 108 112 111 115 117 122 127 131 135 143 144 145 147 149 151 149 152 152 153 154 157 158 158 160 161 161 161 161 161 161 160 160 159 161 162 160 162 162 161 162 160 161 162 161 162 160 162 166 161 160 166 160 159 158 161 158 158 157 156 156 155 152 153 152 150 149 149 148 151 151 149 149 149 145 165 155 171 166 160 169 171 155 165 172 150 132 130 133 144 122 124 136 111 110 92 89 85 81 78 73 73 74 79 85 99 105 108 114 117 119 124 125 131 131 135 140 134 132 133 135 138 142 136 138 151 157 152 154 155 154 155 158 154 155 159 163 161 169 169 166 130 126 124 122 139 135 131 126 116 110 95 97 112 115 112 105 119 111 125 124 118 121 110 110 116 115 129 103 101 108 101 104 111 112 109 109 109 112 126 128 101 111 125 119 118 116 129 130 110 108 106 119 90 110 83 115 115 109 86 85 90 90 99 88 104 99 82 77 86 88 88 91 74 78 72 59 71 78 60 77 71 53 54 59 64 71 65 84 85 84 92 95 76 88 94 99 109 120 124 107 121 130 123 124 131 132 127 121 127 131 122 140 136 138 122 140 138 140 134 140 144 132 138 137 145 141 144 149 148 152 144 150 150 151 140 127 117 109 110 108 109 121 125 122 119 126 133 135 133 125 109 68 50 44 42 43 42 45 55 68 87 92 98 98 102 104 102 96 84 80 80 77 68 67 61 60 63 72 71 77 70 77 73 88 83 87 97 106 108 115 115 125 121 134 137 135 134 127 120 90 70 52 57 54 75 71 88 110 124 135 136 138 140 137 143 141 144 146 140 138 127 124 121 111 113 88 91 98 103 113 117 120 123 125 129 134 138 138 132 132 134 129 130 133 135 135 136 136 138 138 136 139 136 138 138 136 135 133 131 130 128 126 124 124 122 117 114 109 105 101 95 97 86 87 83 81 79 78 76 83 84 81 75 80 79 79 77 78 79 82 84 86 91 92 96 98 99 100 103 108 108 106 108 112 112 112 113 116 118 117 118 118 119 120 120 120 119 119 119 119 118 118 118 117 117 118 0 0 0 0 0 0 0 0 0 0 0 0 0 0 0 0 0 0 0 0 0 0 0 0 0 0 0 0 0 0 0 0 0 0 0 0 0 
0 0 0 0 0 0 0 0 0 91 96 98 100 106 104 105 105 106 103 104 106 104 103 102 103 104 105 102 109 109 112 113 111 110 111 114 111 113 116 115 118 133 136 143 145 145 147 150 152 151 153 152 154 156 159 160 158 160 164 162 165 170 167 171 161 160 159 161 165 163 169 173 168 174 160 175 162 167 175 168 172 168 173 171 166 172 159 159 158 168 158 164 155 161 155 155 153 153 153 158 150 153 149 149 149 147 148 145 145 145 148 145 158 147 171 164 144 172 167 153 169 133 159 167 165 136 151 166 120 137 85 79 73 73 74 74 77 82 94 98 109 115 118 124 125 125 126 125 131 134 145 138 132 135 146 142 143 147 140 150 158 160 163 157 161 158 159 159 155 157 157 156 151 166 159 158 124 122 118 116 117 126 122 110 100 97 90 84 105 105 103 108 113 124 120 133 123 120 116 119 112 132 118 108 97 113 111 110 115 107 103 108 110 128 135 122 125 119 113 111 108 125 112 106 106 88 79 74 87 73 95 86 86 85 90 87 92 95 92 116 113 77 77 88 88 79 87 74 83 69 81 89 74 67 71 59 54 55 52 65 79 91 90 98 92 109 113 78 80 84 103 100 124 110 121 124 121 122 133 126 124 116 127 129 122 121 134 131 103 140 142 131 134 134 135 137 127 141 135 145 144 153 148 152 155 150 155 147 141 107 107 108 110 111 116 121 120 121 118 127 133 130 133 121 101 59 49 46 51 53 32 30 31 68 78 84 96 96 99 99 102 97 95 88 80 77 74 74 68 72 81 80 87 77 85 93 84 94 94 103 111 106 119 115 122 126 133 136 135 133 120 127 72 90 56 54 60 69 79 95 116 110 140 135 141 141 143 143 147 147 149 146 145 141 133 130 130 122 125 120 126 104 103 113 118 119 121 125 128 136 137 138 137 137 138 133 133 132 133 135 134 136 135 134 133 136 134 135 134 136 131 129 131 128 125 124 121 120 115 117 107 103 105 98 92 89 84 82 80 77 77 76 76 77 79 79 74 74 73 73 75 78 79 80 82 85 87 90 93 96 99 102 103 105 106 109 110 111 113 113 113 115 116 117 117 120 120 120 120 120 119 120 119 118 119 119 118 118 117 118 0 0 0 0 0 0 0 0 0 0 0 0 0 0 0 0 0 0 0 0 0 0 0 0 0 0 0 0 0 0 0 0 0 0 0 0 0 
0 0 0 0 0 0 0 0 0 0 0 98 100 100 98 102 101 101 107 111 106 106 108 103 106 106 103 102 103 104 112 111 107 109 111 114 116 115 119 121 118 124 130 134 142 141 147 148 151 154 153 154 156 163 161 168 166 168 164 168 163 170 167 163 167 163 169 161 165 167 164 173 169 163 169 161 169 163 175 163 162 168 162 160 162 160 162 158 157 168 170 164 175 172 171 174 164 172 170 158 175 153 162 174 157 169 176 159 172 145 149 160 144 140 142 136 135 136 132 153 140 134 159 167 165 156 139 167 158 137 158 167 80 84 96 76 83 88 95 98 106 111 115 119 121 124 126 127 127 134 133 133 138 135 139 153 154 147 157 150 153 155 153 163 157 160 159 159 152 153 157 158 161 149 146 157 159 142 118 116 117 113 106 121 122 107 94 77 105 87 103 101 104 122 127 141 143 129 116 119 112 108 103 114 114 112 119 106 115 112 114 107 114 111 118 121 126 123 113 115 126 104 102 103 108 118 95 121 87 128 109 92 91 85 87 87 91 79 92 97 95 99 79 77 90 90 87 85 83 71 76 82 72 71 62 50 54 47 52 67 83 87 80 95 103 98 113 95 108 84 94 101 108 111 123 123 121 123 117 126 121 118 112 129 126 128 130 131 119 112 142 131 139 143 138 130 132 141 152 145 150 159 157 162 161 145 141 147 132 125 101 107 115 112 111 123 114 121 109 119 125 126 116 88 55 46 53 46 62 64 43 33 29 37 43 85 88 96 96 98 101 100 99 92 91 83 74 74 78 85 91 90 96 92 98 93 108 94 102 112 118 118 126 125 129 126 132 128 135 126 104 91 57 50 58 54 62 83 79 99 121 132 142 145 145 147 143 150 147 151 152 149 145 137 137 137 130 130 136 131 138 134 140 125 118 119 121 123 127 129 130 137 137 139 137 138 133 134 135 133 133 136 134 133 132 130 134 133 131 131 129 127 127 123 122 119 121 117 114 112 105 101 97 92 92 81 84 80 77 75 75 75 73 74 79 77 74 73 71 73 73 75 78 80 82 83 88 90 92 93 98 100 104 104 106 106 109 111 111 111 114 115 117 117 117 119 119 120 120 120 121 119 118 120 119 119 119 119 118 0 0 0 0 0 0 0 0 0 0 0 0 0 0 0 0 0 0 0 0 0 0 0 0 0 0 0 0 0 0 0 0 0 0 0 0 0 0 
0 0 0 0 0 0 0 0 0 0 0 0 0 100 98 97 98 101 103 106 115 117 109 109 113 106 105 106 101 103 106 110 105 110 115 114 118 122 119 124 125 134 152 146 156 141 144 150 152 164 159 163 161 165 159 168 165 162 165 162 162 163 163 162 163 163 162 162 163 167 164 162 160 163 162 161 161 160 162 161 161 161 161 160 159 160 159 159 158 159 157 159 156 172 163 153 166 158 154 158 153 165 152 174 170 149 176 169 153 176 164 174 173 140 139 147 135 134 134 129 128 126 122 122 126 156 139 123 109 140 121 163 144 124 96 115 141 97 115 102 112 120 116 121 121 120 120 125 131 130 140 146 145 152 139 141 152 151 153 158 159 156 153 152 157 157 151 158 157 156 154 151 161 169 146 150 149 158 153 147 113 113 106 95 122 107 101 104 74 65 94 107 104 108 112 117 108 110 127 131 119 117 103 107 121 112 104 83 98 101 114 110 114 114 112 113 130 137 142 153 130 121 119 103 119 117 114 116 116 100 109 96 107 85 100 106 91 79 100 106 95 69 65 77 93 94 90 80 89 87 82 74 71 71 62 64 50 37 46 59 66 87 104 95 99 101 110 115 109 110 103 101 110 111 113 128 127 114 104 122 132 118 124 126 130 130 127 128 125 111 133 136 139 143 137 131 132 145 158 157 152 159 155 161 161 149 147 137 134 110 111 107 108 104 110 121 119 111 114 116 111 126 113 85 49 47 59 68 74 64 48 39 29 27 29 48 53 89 93 98 100 99 99 97 96 89 97 91 78 85 96 103 96 101 105 104 112 114 122 125 118 127 126 128 128 133 130 122 115 87 104 43 57 48 58 67 73 89 105 125 121 137 144 147 148 149 150 152 151 154 152 152 150 142 143 143 138 140 139 143 138 142 142 142 142 144 132 123 130 133 130 134 136 141 139 140 138 139 135 135 133 134 134 133 132 130 130 128 131 126 124 127 125 121 120 118 115 111 114 103 98 101 96 90 86 79 76 75 74 75 74 75 73 74 76 78 72 69 71 73 75 75 78 79 81 83 88 89 91 93 97 100 101 103 106 108 108 112 113 111 114 115 116 116 118 119 118 119 121 120 120 119 119 119 119 119 119 119 118 0 0 0 0 0 0 0 0 0 0 0 0 0 0 0 0 0 0 0 0 0 0 0 0 0 0 0 0 0 0 0 0 0 0 0 0 0 0 
0 0 0 0 0 0 0 0 0 0 0 0 0 0 0 97 98 99 100 106 109 112 117 117 115 112 112 107 107 103 106 111 110 112 120 121 131 125 145 124 138 154 142 152 140 143 137 162 152 164 161 155 154 156 157 159 163 162 163 162 162 162 162 164 163 165 161 162 161 160 160 162 160 162 163 162 161 160 160 160 161 160 160 161 159 158 159 158 158 157 157 157 157 155 153 153 154 153 154 151 153 150 147 147 148 147 147 146 153 147 145 151 145 159 144 139 162 175 134 146 164 131 144 164 124 143 110 123 109 104 101 106 95 94 103 90 159 168 115 140 157 166 135 151 127 135 120 126 131 133 135 139 147 148 152 153 152 149 153 152 150 152 151 145 146 144 151 147 148 156 160 157 155 170 170 169 149 152 147 147 142 135 102 95 89 83 81 104 94 65 65 81 117 124 117 114 110 110 121 124 133 140 129 128 116 125 121 83 74 69 93 77 95 84 98 113 110 137 135 133 140 128 127 117 123 116 131 116 107 106 106 103 118 128 129 102 111 83 100 106 108 96 77 75 89 94 85 80 89 75 86 73 68 68 65 64 55 37 47 59 57 79 87 113 114 101 103 97 109 109 106 96 90 107 112 128 121 117 104 118 134 130 119 115 121 117 127 123 125 121 124 134 138 137 137 131 132 139 153 154 156 159 159 155 155 155 147 138 129 123 115 106 102 113 118 114 119 102 100 104 94 106 79 42 44 60 59 72 81 75 68 56 32 26 30 36 53 61 65 94 95 96 98 98 96 104 97 105 106 108 96 103 108 115 105 118 112 119 126 128 123 119 123 125 128 131 112 122 99 65 53 39 47 56 58 68 95 89 112 131 140 147 147 149 152 149 151 152 152 153 154 152 146 146 147 143 143 142 140 142 144 142 142 144 146 144 142 145 130 133 137 139 141 143 141 140 139 141 138 138 134 133 132 130 129 130 128 127 125 122 119 123 119 121 115 118 114 108 107 102 97 92 87 90 78 79 74 74 74 73 75 74 75 74 75 78 74 71 71 70 73 75 77 79 80 85 86 89 91 94 95 98 100 103 105 108 108 111 111 114 114 116 116 116 118 119 118 119 121 121 120 119 119 120 119 119 119 119 0 0 0 0 0 0 0 0 0 0 0 0 0 0 0 0 0 0 0 0 0 0 0 0 0 0 0 0 0 0 0 0 0 0 0 0 0 0 0 
0 0 0 0 0 0 0 0 0 0 0 0 0 0 0 0 0 99 100 104 106 110 113 116 115 119 118 115 113 108 110 111 122 145 120 137 149 149 139 147 134 133 135 138 140 137 138 136 140 150 149 150 155 154 157 158 158 160 162 162 162 162 162 161 163 163 165 162 160 161 160 160 162 162 163 160 162 161 160 160 159 159 160 160 159 160 158 158 157 156 157 155 157 155 154 153 154 153 152 151 149 149 147 147 145 147 144 147 145 145 144 143 145 143 140 139 138 134 168 149 173 164 144 164 174 161 167 172 137 104 101 134 163 94 101 128 84 92 157 141 119 163 153 151 163 167 146 155 134 148 151 137 138 148 147 145 153 148 149 150 153 152 145 145 141 139 144 144 145 141 139 157 147 170 172 172 167 168 166 148 149 135 128 124 89 83 81 90 70 83 91 81 104 118 120 121 125 110 121 124 126 140 142 138 116 112 114 116 104 63 65 77 68 75 86 105 112 111 108 133 129 127 127 127 117 125 119 128 115 106 115 110 118 112 99 114 103 100 98 103 108 96 77 70 85 75 80 89 81 68 86 66 68 64 64 67 54 51 57 54 57 70 87 87 89 109 98 100 104 93 106 93 90 112 124 112 117 120 118 120 134 133 120 110 118 112 126 133 132 132 124 131 132 127 147 145 139 139 157 160 156 160 166 161 163 165 150 140 127 130 115 108 98 107 112 104 93 90 100 93 94 89 63 43 43 65 81 93 81 84 76 56 49 39 26 26 37 47 65 76 79 96 97 99 103 105 108 109 112 108 117 109 108 115 118 125 126 131 130 128 113 119 115 111 127 117 92 80 47 65 39 36 46 56 67 83 102 118 135 131 142 148 149 152 155 154 156 150 152 153 153 152 148 147 149 147 147 142 145 142 145 148 144 150 154 150 150 148 148 141 137 139 141 143 141 141 142 141 139 138 137 137 135 131 130 128 126 127 121 118 119 116 112 116 112 112 106 108 100 96 97 91 85 81 76 74 73 72 74 73 75 72 74 76 74 75 73 72 71 73 73 74 76 78 80 81 87 88 89 94 95 97 99 102 104 105 108 110 111 113 114 115 116 117 118 119 119 121 121 122 120 120 120 120 120 120 119 119 0 0 0 0 0 0 0 0 0 0 0 0 0 0 0 0 0 0 0 0 0 0 0 0 0 0 0 0 0 0 0 0 0 0 0 0 0 0 0 
0 0 0 0 0 0 0 0 0 0 0 0 0 0 0 0 0 0 0 104 106 104 107 114 114 135 128 142 113 118 135 126 144 127 139 130 136 134 139 132 135 135 134 136 138 138 138 142 140 142 142 145 150 150 155 157 158 159 159 162 161 161 161 161 161 161 165 162 162 161 162 162 161 162 163 160 162 161 160 160 159 159 160 161 160 159 159 158 156 156 157 157 157 154 153 154 153 153 152 151 151 150 150 149 147 145 148 147 147 146 145 142 142 141 139 139 138 134 133 134 134 128 126 130 118 137 122 172 159 132 172 134 163 173 158 159 176 92 118 153 175 104 101 138 131 167 150 155 164 165 159 151 156 144 146 145 134 148 143 143 136 150 137 147 156 139 142 143 145 142 140 140 140 150 151 172 166 160 166 154 150 145 143 117 104 95 82 90 70 108 122 98 93 128 121 110 125 119 113 125 109 126 127 135 132 127 114 106 97 85 71 63 62 69 97 115 112 126 131 116 119 122 126 125 119 123 119 119 123 114 109 104 116 121 99 111 103 110 106 96 88 82 80 70 85 78 80 74 69 67 66 55 62 58 64 56 54 62 65 69 73 79 75 90 89 96 85 100 108 103 95 108 87 104 124 112 106 120 130 119 122 126 120 128 116 112 117 126 133 132 129 135 127 145 152 145 146 153 157 160 158 166 163 163 161 165 153 136 138 136 100 101 105 108 102 104 90 88 86 90 77 51 53 46 65 65 84 97 98 100 95 72 64 39 25 26 24 28 49 53 54 79 77 99 100 105 106 107 110 116 119 121 123 120 118 125 129 129 120 116 104 106 92 111 97 44 92 57 35 34 39 46 58 56 68 109 102 122 136 144 150 151 155 159 155 157 160 158 158 154 154 149 149 151 149 150 151 147 150 150 154 148 156 158 154 156 155 150 149 147 146 148 144 143 141 142 143 141 141 138 138 137 134 132 130 129 127 123 121 118 115 112 112 106 112 109 104 102 98 93 90 84 85 74 76 72 71 72 73 74 73 77 74 75 76 75 74 76 72 74 75 76 76 77 80 81 84 86 90 91 95 97 99 101 104 105 106 108 112 113 116 117 116 119 120 119 120 121 121 120 121 120 120 120 119 119 120 0 0 0 0 0 0 0 0 0 0 0 0 0 0 0 0 0 0 0 0 0 0 0 0 0 0 0 0 0 0 0 0 0 0 0 0 0 0 0 0 
0 0 0 0 0 0 0 0 0 0 0 0 0 0 0 0 0 0 0 0 0 104 107 114 138 127 134 117 124 115 135 117 114 127 124 125 135 136 135 137 140 134 136 136 137 140 140 140 142 145 146 145 149 150 152 154 156 157 157 160 160 161 161 161 161 161 162 162 162 162 161 162 163 162 163 162 161 161 160 160 159 159 159 159 157 158 159 159 157 157 158 157 156 154 154 154 154 152 151 152 152 150 149 149 149 148 147 146 145 145 145 142 142 143 142 138 139 136 134 132 130 130 126 123 120 115 114 110 109 132 101 99 127 173 158 131 104 163 135 104 168 146 101 108 128 130 131 147 142 144 159 147 156 158 158 148 150 134 137 137 136 127 137 133 124 155 152 149 143 139 140 139 140 140 140 154 158 164 155 157 150 153 151 133 126 115 95 112 105 108 122 122 115 75 69 71 112 92 107 105 109 101 113 123 130 129 128 117 85 83 71 60 48 43 93 97 133 122 131 109 118 122 126 135 132 142 130 124 123 122 100 104 95 108 113 117 107 96 106 81 84 82 75 74 75 78 65 57 54 67 47 55 60 61 63 66 72 66 62 69 60 79 80 93 100 111 92 97 100 103 87 97 100 95 107 111 113 101 105 119 110 118 121 118 127 123 118 128 119 132 133 135 127 138 154 154 160 158 159 159 158 166 163 163 162 152 143 137 120 136 113 106 104 107 102 99 94 88 81 90 78 61 47 44 58 78 92 97 110 111 95 89 86 53 40 24 22 28 29 32 54 54 50 76 74 101 101 99 110 114 119 121 116 126 123 127 129 129 120 90 104 91 68 70 48 30 29 34 35 35 45 51 66 74 100 120 126 137 136 144 150 153 155 160 160 161 161 161 158 159 160 152 152 152 153 153 153 154 150 153 155 157 157 157 157 156 155 155 149 150 152 155 151 154 144 142 143 145 141 139 139 138 136 134 130 128 127 121 119 118 115 111 107 104 103 98 104 100 90 93 87 81 78 73 70 69 71 72 71 74 72 75 76 77 77 77 77 76 78 74 77 78 78 79 81 82 84 86 87 89 93 96 99 101 104 106 107 108 111 113 114 114 119 119 118 119 122 121 121 120 120 120 121 119 119 119 120 0 0 0 0 0 0 0 0 0 0 0 0 0 0 0 0 0 0 0 0 0 0 0 0 0 0 0 0 0 0 0 0 0 0 0 0 0 0 0 0 
0 0 0 0 0 0 0 0 0 0 0 0 0 0 0 0 0 0 0 0 0 0 0 0 138 115 114 117 116 113 113 111 109 115 118 125 130 136 138 142 141 141 141 141 142 140 142 140 143 147 147 149 151 150 154 154 155 156 157 158 160 161 161 162 162 161 162 162 162 163 162 162 163 162 163 162 162 162 162 160 159 159 160 159 159 160 159 159 158 157 156 156 154 154 154 153 154 151 150 152 151 150 150 150 149 148 147 148 147 147 144 145 143 140 141 139 139 138 138 134 133 132 128 125 117 115 114 112 108 104 101 101 93 91 95 131 104 85 80 77 92 86 124 112 128 174 131 144 166 177 148 155 147 151 158 149 150 149 143 135 133 124 125 119 124 119 112 149 143 140 144 148 134 133 140 138 141 164 161 150 155 151 144 130 129 115 111 113 114 118 111 122 113 113 102 71 63 58 73 66 120 120 99 122 114 129 124 119 100 85 84 77 58 39 30 97 90 90 109 101 111 131 130 145 138 142 139 130 126 115 92 110 113 108 112 117 110 114 101 101 96 88 93 74 75 76 65 57 54 44 49 58 63 61 61 64 62 52 58 56 62 72 82 93 95 108 92 103 108 95 101 103 103 95 100 109 113 103 102 115 115 122 127 137 127 131 115 134 124 122 134 131 137 156 154 165 168 166 162 162 166 162 161 163 162 155 154 133 112 102 106 108 105 109 102 100 98 87 71 77 58 40 47 57 58 80 93 104 113 119 105 99 86 69 40 33 27 23 23 23 30 31 50 52 74 72 64 56 97 95 110 103 116 116 107 115 100 81 86 90 68 47 68 44 24 30 26 34 47 63 58 74 66 86 110 128 132 138 143 148 153 156 159 160 161 159 161 162 162 160 160 153 151 152 152 149 152 153 156 158 155 155 157 157 160 160 157 158 157 159 159 157 155 154 155 155 149 145 145 144 144 138 137 134 132 131 125 123 120 117 112 111 104 104 99 95 93 91 88 84 80 81 76 72 69 69 69 72 70 71 74 75 75 75 78 79 78 79 79 79 80 78 79 83 81 83 86 86 88 91 93 96 97 99 102 106 107 108 110 113 113 114 115 116 118 119 121 120 120 120 120 121 121 120 120 119 0 0 0 0 0 0 0 0 0 0 0 0 0 0 0 0 0 0 0 0 0 0 0 0 0 0 0 0 0 0 0 0 0 0 0 0 0 0 0 0 0 
0 0 0 0 0 0 0 0 0 0 0 0 0 0 0 0 0 0 0 0 0 0 0 0 0 115 114 113 112 113 111 110 109 108 111 123 121 132 134 136 142 142 141 143 145 142 147 146 149 150 147 151 151 152 153 156 153 156 157 159 160 161 161 162 162 161 161 162 162 162 162 163 162 162 161 162 162 162 162 161 161 159 160 161 161 160 160 158 157 157 156 156 155 154 153 154 151 150 151 151 151 148 148 149 149 148 148 147 145 143 144 143 141 141 140 140 139 139 138 135 133 132 130 128 123 122 114 113 108 105 103 101 97 95 93 89 81 85 80 77 77 86 88 94 111 117 181 169 152 177 177 155 167 176 149 159 150 145 148 135 129 124 117 111 112 108 109 107 104 140 138 127 147 142 138 146 151 141 140 150 144 147 144 142 130 125 127 127 128 118 129 134 113 113 102 84 58 53 46 66 65 79 102 96 112 106 98 106 104 85 80 77 76 45 39 54 86 90 92 116 111 120 130 128 137 134 139 130 108 119 92 107 114 102 112 106 96 114 107 85 96 96 94 85 73 72 61 71 57 44 49 57 60 58 64 62 60 69 58 59 62 69 73 82 96 105 88 84 108 97 101 104 109 104 107 112 112 101 102 101 118 114 114 117 124 115 131 137 124 134 142 144 144 159 162 170 167 163 162 165 165 164 155 164 159 155 154 126 112 110 101 94 102 113 102 89 98 70 71 78 60 49 42 55 73 90 93 119 124 119 119 113 95 90 60 48 27 25 23 23 24 22 30 27 47 39 30 56 41 95 88 77 97 84 93 73 55 81 60 39 68 47 28 24 26 30 41 34 54 72 79 99 96 118 135 137 141 138 143 148 150 153 156 159 156 159 161 162 163 161 157 154 154 151 152 149 149 153 157 158 157 156 160 161 162 160 162 158 159 160 160 158 157 156 156 155 153 148 145 144 144 141 139 135 134 131 128 124 120 118 115 109 106 100 96 95 93 84 88 81 78 74 70 68 68 69 69 71 70 71 73 74 74 77 79 80 78 81 81 82 83 82 83 86 85 87 86 88 90 90 91 95 98 99 103 104 105 108 110 111 112 114 116 117 119 119 121 120 121 119 121 120 121 121 120 120 0 0 0 0 0 0 0 0 0 0 0 0 0 0 0 0 0 0 0 0 0 0 0 0 0 0 0 0 0 0 0 0 0 0 0 0 0 0 0 0 0 
0 0 0 0 0 0 0 0 0 0 0 0 0 0 0 0 0 0 0 0 0 0 0 0 0 0 0 113 112 112 112 114 110 112 111 116 121 125 125 129 138 141 143 144 145 148 147 147 150 152 152 152 153 155 153 155 159 156 158 159 160 161 161 161 162 161 162 162 162 162 162 162 162 161 161 161 162 162 161 162 162 163 161 161 161 160 160 158 158 158 157 154 154 154 155 154 151 151 151 151 150 149 149 148 147 148 148 148 145 145 143 142 141 141 140 140 139 138 137 136 136 133 132 128 126 122 122 119 111 110 108 104 102 95 93 89 86 84 84 79 77 85 92 94 110 117 120 125 127 143 140 165 155 176 183 177 173 182 182 166 176 137 147 111 113 128 109 104 102 104 104 121 122 142 137 142 145 153 147 145 142 142 134 135 130 127 139 127 126 134 133 134 129 113 107 84 58 43 35 48 58 70 119 105 112 113 107 108 106 100 102 98 66 52 39 40 45 110 123 114 122 113 130 115 137 135 119 129 112 113 121 122 114 121 112 115 106 98 97 91 82 93 94 73 73 81 62 72 49 52 59 57 60 65 66 62 63 65 63 61 65 59 73 73 91 105 95 94 97 106 103 103 109 115 116 115 100 97 106 121 106 105 112 117 123 130 125 126 137 153 142 149 154 159 160 163 165 156 161 164 157 157 148 164 158 143 156 126 121 106 88 102 105 113 101 87 80 72 74 61 54 49 53 55 68 82 106 118 124 129 130 113 105 90 87 80 43 42 41 23 21 22 22 20 25 23 21 27 23 33 28 77 68 53 68 49 34 36 22 27 21 28 28 24 26 35 52 62 84 92 112 99 118 133 145 143 147 146 149 150 153 156 156 156 156 155 158 162 159 161 154 153 154 153 153 151 153 153 153 158 158 165 160 165 167 165 166 162 163 166 160 163 157 158 159 156 156 153 153 153 145 141 139 139 137 132 130 127 121 118 115 108 106 102 98 94 89 85 79 76 78 72 69 67 67 68 69 70 71 72 73 74 75 76 78 80 80 83 84 84 83 84 85 88 88 91 88 90 91 92 91 94 96 97 102 103 107 109 109 111 112 114 115 116 117 118 119 120 121 120 120 120 121 122 121 120 0 0 0 0 0 0 0 0 0 0 0 0 0 0 0 0 0 0 0 0 0 0 0 0 0 0 0 0 0 0 0 0 0 0 0 0 0 0 0 0 0 
0 0 0 0 0 0 0 0 0 0 0 0 0 0 0 0 0 0 0 0 0 0 0 0 0 0 0 0 0 112 112 114 115 117 115 118 117 118 122 129 133 141 142 143 147 149 150 153 153 152 154 152 153 155 157 159 161 161 162 159 160 161 161 161 160 160 162 163 163 162 162 163 162 162 163 161 163 163 162 162 163 164 162 162 163 160 160 158 159 158 158 156 155 155 154 153 153 152 153 151 150 150 150 148 148 147 148 148 145 145 143 146 144 141 142 140 141 138 138 138 136 135 134 131 130 127 124 119 120 118 108 108 106 99 98 91 92 91 84 84 84 85 92 95 98 117 121 131 127 137 140 142 147 151 152 167 156 155 182 169 156 177 169 160 169 166 138 154 102 109 119 106 106 126 142 154 145 145 147 134 141 139 144 156 150 153 136 143 126 124 126 118 106 113 109 105 74 43 35 25 35 70 80 97 96 100 107 101 106 94 101 108 92 92 54 68 45 93 112 114 105 108 115 118 112 107 119 113 122 113 104 117 120 108 109 99 106 98 75 91 79 76 92 78 73 82 76 72 71 52 57 66 56 65 65 57 65 65 58 53 57 65 76 87 86 91 99 94 112 101 108 100 98 101 116 116 114 97 104 114 114 109 103 120 137 129 128 126 123 155 149 148 150 163 162 168 153 156 156 162 160 160 154 154 141 143 146 141 121 106 88 94 99 96 85 87 75 72 68 53 55 49 55 64 75 82 100 123 124 127 132 128 129 104 103 80 74 68 41 38 37 23 24 20 19 19 21 21 23 20 20 23 19 39 27 21 34 21 18 20 22 25 33 43 42 35 52 71 96 105 122 127 138 148 152 156 147 151 153 153 156 158 157 157 154 156 158 159 157 154 153 152 153 154 153 156 153 159 163 158 164 169 168 168 167 169 166 166 168 170 169 167 163 163 159 160 156 156 156 156 151 151 142 139 137 135 130 127 124 122 115 111 104 100 98 94 86 85 79 76 71 68 67 67 66 68 70 68 71 72 74 76 77 78 80 80 82 83 84 85 86 87 90 90 91 91 92 94 91 92 94 96 97 100 102 103 105 106 109 110 113 114 115 116 117 118 119 120 121 121 120 121 121 122 121 0 0 0 0 0 0 0 0 0 0 0 0 0 0 0 0 0 0 0 0 0 0 0 0 0 0 0 0 0 0 0 0 0 0 0 0 0 0 0 0 0 0 
0 0 0 0 0 0 0 0 0 0 0 0 0 0 0 0 0 0 0 0 0 0 0 0 0 0 0 0 0 0 0 0 115 117 122 118 119 120 123 124 127 135 138 143 148 149 151 154 154 154 155 153 154 155 157 162 161 162 162 162 162 162 163 161 160 162 162 163 164 163 164 163 162 162 162 160 162 163 161 162 163 162 162 163 163 163 162 158 159 159 159 156 157 158 154 155 156 153 154 151 151 152 150 149 148 148 148 147 147 146 144 144 142 144 142 141 140 139 139 140 137 135 134 132 130 129 127 124 123 123 116 116 106 101 98 98 93 91 86 83 80 78 84 95 98 103 117 129 140 140 142 144 147 151 155 150 153 152 149 139 146 135 169 156 127 166 152 136 153 144 129 129 106 115 128 134 150 139 144 148 148 150 145 156 156 156 155 154 150 142 126 136 128 113 115 107 97 78 53 25 35 97 100 97 120 110 105 107 113 110 107 108 90 92 96 102 82 92 90 108 110 108 119 118 117 132 116 132 120 122 120 117 109 108 105 92 101 97 81 81 99 76 82 80 64 81 79 72 77 62 62 66 65 59 65 57 65 50 60 58 70 65 76 79 79 78 88 105 102 110 99 100 94 83 100 109 120 108 101 116 115 108 103 118 127 138 124 115 136 155 152 155 150 163 159 164 166 159 154 157 166 161 154 147 145 130 143 114 123 122 107 94 99 101 79 74 80 68 58 56 55 61 55 61 68 94 112 124 128 134 132 135 129 127 127 104 102 95 65 65 37 38 38 28 29 31 22 27 20 23 20 19 19 22 27 30 19 22 20 28 22 31 41 54 55 74 82 71 117 131 122 132 143 151 155 158 157 160 153 161 162 158 160 160 157 157 155 153 157 151 152 152 152 153 157 158 161 163 163 167 165 169 165 168 169 172 170 172 175 170 170 167 166 166 163 163 160 159 159 156 154 151 150 148 139 135 130 128 126 122 119 115 108 105 97 93 89 81 77 76 71 68 67 67 67 68 68 71 72 72 74 76 78 79 80 83 84 84 86 85 86 88 91 92 93 92 95 95 95 92 94 96 98 100 102 104 105 106 108 110 113 114 114 116 117 117 118 120 120 119 120 120 120 120 121 0 0 0 0 0 0 0 0 0 0 0 0 0 0 0 0 0 0 0 0 0 0 0 0 0 0 0 0 0 0 0 0 0 0 0 0 0 0 0 0 0 0 
0 0 0 0 0 0 0 0 0 0 0 0 0 0 0 0 0 0 0 0 0 0 0 0 0 0 0 0 0 0 0 0 0 0 122 124 124 126 123 128 127 128 132 141 143 149 151 153 154 156 155 154 154 155 156 158 161 160 162 162 162 162 162 161 161 162 164 165 164 164 164 164 164 162 162 163 163 163 161 162 164 162 162 163 163 162 163 162 160 159 159 158 160 159 157 156 156 156 154 153 153 154 152 151 150 150 148 148 147 144 147 148 145 143 144 143 140 141 141 140 139 137 135 134 131 127 127 126 123 123 121 119 113 110 99 98 95 91 84 83 83 80 85 94 107 103 117 129 127 140 134 129 137 141 151 147 144 152 144 142 136 136 128 126 115 118 108 136 118 115 133 116 129 133 124 140 140 139 135 144 148 144 148 142 153 155 151 154 147 139 134 136 135 130 114 107 82 78 62 59 57 97 100 80 85 110 93 107 103 97 104 109 114 90 106 102 104 106 90 102 105 119 111 123 110 132 135 110 120 106 89 122 121 96 97 92 92 98 81 78 83 101 94 78 84 83 79 83 79 73 69 66 63 55 57 58 64 50 60 67 62 70 81 94 79 86 88 101 99 104 97 104 86 111 92 117 120 115 112 105 114 126 117 119 122 118 124 108 136 151 155 159 160 160 159 167 166 155 159 156 159 158 148 151 145 132 143 129 113 113 119 122 105 101 79 77 80 65 57 55 59 64 59 66 68 87 124 124 133 137 137 138 135 135 127 126 132 95 89 90 68 70 45 52 58 31 37 44 29 32 24 30 26 35 44 30 36 46 27 37 38 52 68 70 90 74 93 113 117 131 141 149 153 156 158 158 161 162 161 163 163 163 163 162 161 157 156 154 151 152 151 153 153 153 160 158 158 158 163 163 164 169 172 168 176 172 174 176 178 175 173 170 170 166 166 166 163 163 163 159 158 153 152 148 147 143 135 128 126 124 120 112 109 105 102 93 89 84 80 72 68 66 66 67 67 67 68 71 72 74 76 78 79 80 80 82 83 84 85 87 89 90 92 93 93 94 96 96 96 96 98 99 100 102 102 104 105 105 106 111 112 113 114 116 116 117 118 118 119 118 118 118 120 120 0 0 0 0 0 0 0 0 0 0 0 0 0 0 0 0 0 0 0 0 0 0 0 0 0 0 0 0 0 0 0 0 0 0 0 0 0 0 0 0 0 0 0 
0 0 0 0 0 0 0 0 0 0 0 0 0 0 0 0 0 0 0 0 0 0 0 0 0 0 0 0 0 0 0 0 0 0 0 124 124 126 129 131 129 134 132 134 136 146 149 151 153 154 154 155 154 154 156 158 159 158 162 161 162 163 162 162 163 162 163 162 164 164 164 164 164 164 162 164 163 162 163 164 163 163 163 163 163 162 163 163 163 162 158 158 160 159 160 161 158 157 155 154 154 153 152 151 151 151 151 149 147 147 146 148 144 143 144 144 142 143 142 140 138 137 135 134 133 130 129 127 126 123 120 119 114 110 108 104 106 92 92 84 85 80 81 89 96 95 98 113 127 132 137 129 144 152 147 152 148 145 148 134 139 136 128 126 131 111 119 106 111 110 115 116 103 100 102 125 112 136 136 144 156 157 148 159 166 150 155 155 161 139 147 144 135 135 130 106 104 82 96 88 51 54 65 80 85 93 115 114 117 109 104 124 114 117 117 113 111 116 104 113 105 105 111 100 102 111 124 118 107 119 89 88 99 113 103 100 97 96 80 74 83 90 80 95 97 87 85 69 70 67 69 65 58 57 50 59 66 60 59 67 62 74 74 71 89 86 64 84 102 101 97 108 102 127 102 102 122 124 112 110 118 126 125 126 106 118 117 126 136 134 153 159 148 161 162 162 158 159 153 156 146 158 146 143 140 133 131 120 115 113 116 122 113 104 87 77 65 60 71 55 62 64 61 69 83 106 122 135 140 137 140 140 139 141 134 136 139 129 127 90 94 100 77 83 88 65 73 50 57 32 37 50 41 52 64 55 69 58 72 37 49 64 79 86 103 107 123 130 142 138 141 149 153 156 159 162 164 162 164 163 163 162 160 163 161 159 156 154 151 149 151 149 148 153 154 158 154 158 158 162 164 167 171 175 178 177 178 180 178 177 173 173 173 171 171 166 166 166 163 162 158 157 156 151 150 148 142 140 131 124 120 118 115 106 102 97 89 85 80 76 72 66 66 68 68 67 70 71 72 74 76 77 79 80 81 83 84 85 85 87 89 91 91 93 95 97 96 97 96 98 100 100 101 102 103 104 105 107 106 109 110 112 113 113 115 116 116 118 119 118 117 118 118 120 0 0 0 0 0 0 0 0 0 0 0 0 0 0 0 0 0 0 0 0 0 0 0 0 0 0 0 0 0 0 0 0 0 0 0 0 0 0 0 0 0 0 0 
0 0 0 0 0 0 0 0 0 0 0 0 0 0 0 0 0 0 0 0 0 0 0 0 0 0 0 0 0 0 0 0 0 0 0 0 0 0 129 131 132 135 135 137 137 140 144 151 150 152 153 155 155 156 155 156 156 158 159 158 160 161 161 162 162 161 162 162 162 162 163 163 164 164 164 162 163 162 162 162 164 163 161 163 163 164 163 163 163 161 159 161 163 161 160 161 158 157 158 156 156 155 153 152 152 151 149 149 148 149 148 144 144 143 146 144 141 143 142 140 139 138 136 134 131 130 130 128 126 127 121 117 115 111 108 112 106 105 92 93 92 91 95 90 93 98 98 109 112 132 137 142 140 147 139 141 148 144 144 158 153 144 141 133 131 123 119 124 121 111 114 114 113 115 98 98 112 104 104 137 133 123 150 141 161 153 155 157 145 153 150 150 134 127 130 122 104 97 94 87 82 96 72 91 95 93 115 121 120 122 113 121 130 134 117 114 116 116 113 120 114 113 107 109 102 100 92 118 116 116 129 126 104 107 103 91 83 96 91 77 87 85 78 82 87 87 74 75 68 66 64 62 58 62 53 59 69 58 54 76 81 74 74 80 76 86 89 86 104 108 110 102 103 111 116 102 108 111 117 110 109 122 121 126 122 118 121 125 143 131 144 155 153 161 159 162 160 160 155 152 156 149 144 143 137 133 126 116 115 119 119 119 99 104 93 88 65 60 71 66 60 62 67 69 83 117 122 131 138 143 144 141 144 141 141 140 143 139 138 127 127 104 108 110 88 93 99 78 85 63 77 50 79 87 64 76 88 84 99 85 94 105 100 117 103 121 133 135 143 148 151 152 155 156 159 161 162 165 163 163 160 157 160 156 161 159 152 151 147 144 147 144 148 147 154 155 152 155 160 165 168 173 171 179 178 179 179 182 179 178 176 177 173 175 175 171 171 171 166 165 161 160 156 155 153 148 147 145 139 137 123 118 115 112 108 104 94 90 81 78 70 70 71 68 69 67 70 72 74 77 76 80 81 80 82 83 85 87 87 89 90 92 93 93 95 97 99 99 100 101 102 103 104 102 103 105 106 107 108 109 110 112 113 113 114 115 114 115 114 116 117 118 118 0 0 0 0 0 0 0 0 0 0 0 0 0 0 0 0 0 0 0 0 0 0 0 0 0 0 0 0 0 0 0 0 0 0 0 0 0 0 0 0 0 0 0 0 
0 0 0 0 0 0 0 0 0 0 0 0 0 0 0 0 0 0 0 0 0 0 0 0 0 0 0 0 0 0 0 0 0 0 0 0 0 0 0 0 132 135 137 138 139 140 142 146 147 151 153 155 155 153 155 155 156 156 156 157 158 161 161 161 160 162 163 161 164 163 162 163 164 165 163 163 163 163 163 162 163 164 161 163 162 163 163 163 162 161 163 166 163 160 165 160 158 157 156 157 155 154 153 153 155 153 154 149 151 168 148 167 144 150 164 148 164 175 142 144 139 141 136 135 137 132 133 150 130 146 121 125 139 117 132 160 125 158 121 153 92 96 99 97 98 106 108 114 119 126 130 142 140 133 133 146 144 144 146 150 153 141 142 138 129 133 124 127 122 121 114 119 124 117 117 104 103 94 104 108 106 123 110 106 140 138 144 146 145 148 143 150 146 143 119 108 114 93 82 87 97 96 112 118 104 109 104 121 120 122 127 121 110 103 129 118 115 123 130 120 120 113 112 116 110 111 107 112 124 116 119 113 118 110 120 114 105 82 84 77 84 83 92 90 78 78 74 67 55 66 67 63 65 60 55 61 58 60 73 76 77 79 78 80 76 96 89 86 89 108 111 95 100 106 110 107 110 111 114 112 109 113 120 125 127 122 122 125 129 141 144 158 158 155 152 153 155 148 155 153 156 154 140 145 149 141 122 100 115 122 119 112 94 91 91 70 73 68 68 66 60 56 63 80 99 110 124 132 138 143 148 144 146 146 146 147 145 145 138 139 138 130 132 139 115 119 103 111 85 90 96 92 102 109 96 105 102 118 99 111 119 126 115 124 129 138 133 144 143 147 150 153 154 157 159 161 162 161 162 163 160 157 154 152 152 147 152 147 142 144 142 143 142 144 150 151 152 153 165 165 170 175 177 180 181 182 184 182 183 178 179 181 178 178 175 174 174 171 168 168 164 163 159 158 157 151 150 145 144 142 136 133 117 112 108 102 97 90 86 84 75 75 75 71 69 72 73 72 74 76 76 79 81 81 82 84 86 87 87 88 89 91 93 95 97 97 99 99 100 100 101 104 104 105 106 105 108 107 108 109 110 111 112 113 114 115 116 115 114 116 117 117 118 0 0 0 0 0 0 0 0 0 0 0 0 0 0 0 0 0 0 0 0 0 0 0 0 0 0 0 0 0 0 0 0 0 0 0 0 0 0 0 0 0 0 0 0 
0 0 0 0 0 0 0 0 0 0 0 0 0 0 0 0 0 0 0 0 0 0 0 0 0 0 0 0 0 0 0 0 0 0 0 0 0 0 0 0 0 0 137 140 140 142 142 143 144 147 148 153 152 155 154 154 156 155 156 157 157 159 159 159 161 163 163 163 162 161 162 161 161 164 161 162 163 163 162 162 162 164 161 167 162 169 163 163 171 165 173 177 173 174 165 173 159 157 156 157 165 177 165 177 155 177 154 169 177 166 176 165 177 166 164 178 151 175 167 149 158 176 156 173 137 152 174 150 170 174 167 175 165 174 157 160 162 158 176 162 171 165 105 135 166 106 132 158 135 154 132 145 137 133 133 146 150 146 141 141 148 148 153 138 147 133 138 137 128 140 137 130 122 110 109 104 99 98 90 100 110 126 142 106 133 138 140 135 141 137 145 147 148 143 138 108 107 103 108 80 106 109 98 118 84 109 101 91 77 124 127 132 145 103 116 110 115 124 126 134 129 127 115 116 120 115 107 99 101 118 109 108 105 110 115 95 89 91 83 86 91 80 80 77 78 75 72 64 50 69 67 63 54 59 55 62 57 58 76 70 85 81 72 77 86 96 89 78 81 93 91 94 107 105 110 110 116 117 122 110 117 109 120 125 127 117 122 121 129 131 152 160 158 161 152 155 150 151 156 153 148 142 140 141 152 153 126 110 110 124 113 93 94 80 83 74 65 61 68 68 56 56 63 76 105 110 119 123 137 144 147 146 146 148 150 152 148 147 146 147 137 139 144 139 142 145 120 129 115 118 96 117 124 109 117 125 116 129 131 138 143 129 133 124 129 136 142 144 147 151 154 153 158 157 157 156 163 161 162 160 158 157 151 152 149 145 142 143 143 142 141 143 146 144 148 151 156 159 165 169 173 175 177 179 182 183 184 184 184 184 185 181 182 182 178 178 178 173 173 168 167 163 163 162 161 155 154 148 147 141 138 133 130 129 127 102 97 94 92 81 80 79 75 74 73 71 72 75 76 76 78 81 81 79 80 83 85 86 87 89 90 93 93 94 96 98 99 100 101 102 101 104 104 106 106 107 108 108 108 110 110 111 112 112 112 114 114 114 115 115 117 117 0 0 0 0 0 0 0 0 0 0 0 0 0 0 0 0 0 0 0 0 0 0 0 0 0 0 0 0 0 0 0 0 0 0 0 0 0 0 0 0 0 0 0 0 0 
0 0 0 0 0 0 0 0 0 0 0 0 0 0 0 0 0 0 0 0 0 0 0 0 0 0 0 0 0 0 0 0 0 0 0 0 0 0 0 0 0 0 0 140 140 142 142 143 145 147 148 150 150 154 154 153 156 156 157 157 157 158 156 160 162 163 164 164 162 165 162 162 168 175 169 172 164 166 162 169 174 164 171 171 176 170 177 170 171 169 158 177 164 156 163 157 160 158 157 176 165 177 168 156 166 155 166 153 150 166 147 165 151 147 150 144 143 142 141 149 142 138 172 151 171 152 138 152 134 174 153 134 156 134 120 133 116 138 116 162 137 115 138 113 113 166 152 166 151 154 159 149 152 149 140 146 150 147 147 141 148 145 136 146 132 141 141 137 129 140 130 122 126 121 122 111 102 98 92 114 110 116 119 141 131 144 147 135 144 144 145 144 131 142 124 122 119 122 108 107 106 106 74 100 104 77 84 78 77 74 129 132 145 146 140 137 106 107 126 122 124 126 124 113 118 115 120 123 101 108 115 105 109 104 110 113 94 90 83 94 83 91 83 70 69 52 77 61 50 70 67 63 45 52 51 66 60 59 76 74 73 66 81 85 86 84 84 78 81 70 90 102 99 107 106 109 116 112 109 110 121 118 119 124 113 118 122 126 136 131 150 155 163 166 161 153 153 151 153 153 149 155 134 144 152 132 120 110 113 124 115 101 77 74 67 72 71 61 63 69 69 68 80 76 105 112 117 123 128 138 145 144 146 148 152 152 149 147 149 153 147 145 148 147 150 144 147 129 135 136 124 130 135 132 137 125 139 129 140 146 151 143 144 134 137 136 146 144 147 151 155 159 162 158 156 156 154 151 158 160 158 153 150 148 144 145 142 142 143 140 137 143 147 148 152 151 156 162 165 168 170 175 177 181 181 182 184 184 184 184 186 185 184 181 181 181 178 178 177 173 172 167 166 165 160 159 154 152 150 147 145 136 135 134 124 121 105 94 92 90 89 88 77 78 74 75 72 75 75 77 79 81 81 82 80 84 85 86 86 88 90 93 94 96 96 98 99 100 100 101 102 103 105 106 106 108 108 108 108 110 110 110 112 111 112 112 112 114 112 112 116 117 0 0 0 0 0 0 0 0 0 0 0 0 0 0 0 0 0 0 0 0 0 0 0 0 0 0 0 0 0 0 0 0 0 0 0 0 0 0 0 0 0 0 0 0 0 
0 0 0 0 0 0 0 0 0 0 0 0 0 0 0 0 0 0 0 0 0 0 0 0 0 0 0 0 0 0 0 0 0 0 0 0 0 0 0 0 0 0 0 0 0 0 142 143 145 147 149 152 151 150 155 153 156 156 156 158 157 159 165 161 170 163 165 173 171 174 173 170 163 169 161 172 165 161 173 167 159 165 159 171 159 170 160 159 160 157 159 158 158 156 159 157 159 158 158 156 155 156 168 156 154 153 152 152 151 148 146 147 146 147 144 141 143 143 139 140 140 139 137 151 137 131 138 130 129 127 126 125 121 122 120 118 117 114 112 110 105 106 109 105 113 107 99 134 109 127 114 149 126 127 140 133 127 147 147 137 135 144 131 132 132 125 129 132 138 131 135 129 125 116 122 105 100 97 113 124 122 101 119 109 131 133 136 138 129 134 142 146 131 111 124 119 120 123 123 124 102 121 74 75 77 110 102 76 72 67 88 105 142 146 140 137 131 125 107 95 123 117 124 118 107 115 115 102 120 112 113 110 109 107 100 93 108 91 86 78 72 78 82 70 68 70 67 75 61 73 67 50 51 52 56 61 75 67 67 79 71 86 97 85 95 95 96 97 93 70 90 102 107 107 104 103 101 112 113 120 127 118 122 124 120 116 131 126 134 154 153 155 165 166 162 163 152 153 155 149 152 155 154 132 140 128 123 103 111 105 99 101 93 91 67 66 62 70 67 71 70 68 78 99 103 112 117 120 129 141 140 144 142 143 144 151 147 151 154 153 151 149 148 149 149 150 152 148 149 136 138 140 135 141 144 141 147 145 151 156 153 153 144 141 146 143 146 150 152 152 155 162 162 161 157 154 150 148 151 149 155 153 150 146 142 140 139 138 137 129 137 136 134 148 147 155 154 155 164 165 170 171 173 178 179 180 183 184 185 185 186 187 186 184 186 186 180 180 177 176 172 171 170 169 165 163 158 157 151 150 145 143 142 140 131 129 118 118 100 90 89 88 85 84 78 79 74 77 75 78 79 81 80 81 83 83 84 86 88 88 92 93 94 96 97 98 99 100 101 101 102 103 104 105 106 108 109 109 109 110 110 110 110 110 111 111 112 112 112 112 113 0 0 0 0 0 0 0 0 0 0 0 0 0 0 0 0 0 0 0 0 0 0 0 0 0 0 0 0 0 0 0 0 0 0 0 0 0 0 0 0 0 0 0 0 0 0 
0 0 0 0 0 0 0 0 0 0 0 0 0 0 0 0 0 0 0 0 0 0 0 0 0 0 0 0 0 0 0 0 0 0 0 0 0 0 0 0 0 0 0 0 0 0 0 0 145 147 149 152 163 157 166 163 166 159 164 158 158 169 163 170 161 170 161 173 162 174 164 163 164 163 163 162 163 161 161 160 159 159 159 161 158 159 157 159 159 156 159 158 157 158 159 157 159 157 158 157 155 154 155 151 154 152 151 150 151 149 146 147 145 145 143 145 142 142 139 141 141 138 138 134 135 137 132 131 129 129 127 124 124 121 120 115 115 113 112 109 108 109 108 133 104 134 102 131 109 103 106 115 124 129 131 143 127 148 125 137 135 144 149 150 139 147 129 136 138 134 132 117 122 123 114 118 100 110 99 124 109 112 103 105 115 113 136 142 124 134 142 151 146 145 113 127 139 123 134 124 121 128 124 116 65 60 57 76 53 47 62 74 120 129 131 129 131 125 130 131 91 101 115 108 101 109 106 102 101 98 108 115 106 106 103 97 97 91 85 90 72 67 62 76 72 66 60 75 78 71 58 53 59 54 62 61 59 67 67 76 83 81 83 89 95 95 95 97 94 92 95 111 107 109 108 103 115 119 113 120 113 111 119 115 117 116 131 140 134 145 153 159 163 155 163 152 152 156 155 145 155 149 150 138 129 123 123 118 121 98 99 97 97 77 69 66 62 58 70 64 73 71 97 112 103 107 107 120 129 135 136 137 137 137 143 139 147 147 148 155 152 148 147 145 148 149 152 152 152 149 152 148 144 149 144 154 147 151 155 158 158 159 155 154 146 148 146 149 149 151 154 152 161 156 157 152 146 148 148 146 147 140 140 146 142 137 132 138 131 127 128 129 135 136 147 147 151 155 157 160 166 168 174 175 176 180 180 180 184 184 187 186 186 187 187 186 185 185 179 178 173 173 174 169 167 163 162 161 157 155 149 147 145 136 135 129 127 126 114 112 110 93 85 84 84 79 77 78 78 79 79 80 81 81 83 83 83 86 87 88 90 92 94 96 97 98 98 99 100 101 102 103 103 105 106 107 107 108 109 110 110 110 111 110 111 112 112 111 112 113 113 0 0 0 0 0 0 0 0 0 0 0 0 0 0 0 0 0 0 0 0 0 0 0 0 0 0 0 0 0 0 0 0 0 0 0 0 0 0 0 0 0 0 0 0 0 0 
0 0 0 0 0 0 0 0 0 0 0 0 0 0 0 0 0 0 0 0 0 0 0 0 0 0 0 0 0 0 0 0 0 0 0 0 0 0 0 0 0 0 0 0 0 0 0 0 0 0 149 152 164 155 166 158 156 158 155 167 158 158 158 159 161 158 161 162 163 164 164 161 164 163 163 162 165 163 162 161 160 159 159 159 158 156 161 158 160 158 159 159 157 158 159 158 157 156 158 156 155 150 155 153 153 152 151 150 149 148 146 148 145 144 144 145 144 143 142 140 139 142 138 136 143 163 144 166 128 131 126 129 157 121 130 161 134 164 130 167 108 168 162 133 168 161 170 164 170 168 106 139 170 129 147 170 155 166 154 166 178 164 149 150 165 176 160 175 157 174 162 117 154 123 131 150 119 127 142 108 113 112 117 105 104 108 97 89 93 132 128 151 146 132 147 138 128 131 126 143 138 128 126 109 103 102 93 61 51 49 44 74 72 101 131 129 127 124 130 134 133 101 102 105 108 99 109 96 86 93 91 115 128 123 108 104 100 107 91 90 80 80 62 72 79 64 66 73 63 71 54 65 59 51 60 62 48 59 61 75 92 85 83 83 86 87 90 103 105 88 95 92 107 109 108 110 112 119 122 108 113 112 119 123 114 126 132 144 137 156 153 159 163 159 164 150 157 153 155 157 155 146 142 145 130 125 130 127 100 101 99 100 89 86 88 80 67 74 62 68 73 76 91 109 112 111 112 115 118 135 136 136 134 132 136 133 138 136 148 144 139 148 144 142 145 147 151 153 152 151 148 148 151 153 153 160 159 161 162 158 158 159 157 154 152 149 149 149 148 151 149 152 152 147 151 148 143 144 140 146 133 140 135 132 134 137 132 128 121 127 123 122 130 129 139 142 146 154 158 160 163 166 170 173 174 177 177 182 182 184 184 184 186 187 187 186 186 184 184 178 177 177 177 173 172 166 166 161 159 155 153 153 152 143 143 134 133 126 122 119 110 109 107 91 84 82 82 78 80 81 79 79 81 81 81 84 86 85 87 88 90 92 93 96 97 97 98 99 100 101 102 103 103 104 104 108 108 109 109 110 110 110 112 112 112 112 112 112 112 112 0 0 0 0 0 0 0 0 0 0 0 0 0 0 0 0 0 0 0 0 0 0 0 0 0 0 0 0 0 0 0 0 0 0 0 0 0 0 0 0 0 0 0 0 0 0 0 
0 0 0 0 0 0 0 0 0 0 0 0 0 0 0 0 0 0 0 0 0 0 0 0 0 0 0 0 0 0 0 0 0 0 0 0 0 0 0 0 0 0 0 0 0 0 0 0 0 0 0 0 164 155 155 156 156 157 155 156 157 158 159 158 161 157 161 161 163 163 160 161 160 161 164 162 165 163 163 161 160 160 160 161 160 159 161 158 160 158 158 158 155 157 157 157 156 156 154 156 154 153 153 152 150 151 158 150 149 148 145 146 143 147 159 147 162 143 150 167 154 171 161 168 151 165 145 166 163 140 151 172 152 170 142 167 139 164 167 135 167 132 112 129 110 124 109 164 130 110 135 121 118 176 158 170 162 166 178 164 144 166 144 169 165 176 147 175 163 147 143 144 129 169 157 150 160 129 142 134 106 113 102 116 111 108 117 133 93 100 113 126 132 142 152 146 128 134 126 130 132 131 120 112 116 104 93 76 64 42 41 63 77 92 103 101 127 125 128 134 133 124 123 123 122 131 109 120 126 95 109 106 118 118 97 88 100 102 103 75 91 88 79 76 79 60 66 63 60 51 58 61 49 56 60 59 48 48 62 66 85 83 78 73 86 96 90 98 95 90 91 88 104 108 109 110 112 119 117 114 120 105 115 121 114 121 124 144 148 149 161 162 169 162 155 150 153 153 152 155 152 140 144 137 128 125 132 127 116 111 99 89 90 89 70 80 75 72 71 72 79 91 105 114 112 111 117 121 114 113 124 136 134 128 123 133 130 125 133 127 123 137 135 142 138 147 148 150 150 146 144 149 146 153 155 160 162 164 162 161 158 156 151 154 147 149 147 143 140 148 145 147 141 147 139 130 143 140 134 133 125 127 125 132 128 120 126 128 121 116 117 123 124 129 131 134 140 150 151 162 164 168 170 170 174 175 176 178 179 183 183 184 187 187 187 187 188 186 186 184 184 184 176 176 172 171 169 166 164 157 157 157 149 149 143 141 141 131 129 128 118 116 107 104 89 82 82 82 81 83 80 81 81 81 81 83 84 85 86 87 91 92 93 95 96 97 98 99 100 101 101 102 103 104 104 107 107 108 110 110 112 112 112 112 112 112 112 112 111 112 0 0 0 0 0 0 0 0 0 0 0 0 0 0 0 0 0 0 0 0 0 0 0 0 0 0 0 0 0 0 0 0 0 0 0 0 0 0 0 0 0 0 0 0 0 0 0 
0 0 0 0 0 0 0 0 0 0 0 0 0 0 0 0 0 0 0 0 0 0 0 0 0 0 0 0 0 0 0 0 0 0 0 0 0 0 0 0 0 0 0 0 0 0 0 0 0 0 0 0 0 0 155 156 157 157 157 158 159 160 159 158 159 159 160 161 162 159 159 161 161 161 161 163 162 162 163 161 160 160 159 161 160 160 162 158 158 159 157 158 157 157 156 157 156 155 155 153 156 153 152 159 152 163 165 165 161 154 145 146 156 160 159 167 156 168 150 164 144 171 156 140 137 138 134 136 131 129 127 126 152 128 123 124 117 118 115 135 111 113 112 110 110 110 107 108 112 110 114 111 118 119 122 136 129 144 129 128 144 126 144 135 133 141 147 141 142 134 143 131 129 123 130 136 120 104 104 95 106 99 102 96 93 115 103 92 127 116 113 117 116 128 126 130 137 139 139 138 132 113 112 103 95 95 99 85 51 39 41 50 71 64 102 111 109 113 140 130 114 124 123 123 122 125 127 120 126 133 109 112 114 105 116 116 94 97 103 76 78 88 84 84 73 64 66 59 60 53 59 61 61 66 68 64 66 69 70 66 65 83 74 84 80 91 91 82 95 90 98 88 111 104 111 108 102 116 117 114 118 109 116 133 127 122 131 143 147 149 161 155 160 157 156 153 148 147 152 155 155 143 135 132 120 122 125 118 128 111 104 87 78 77 74 65 69 79 77 72 81 90 96 116 118 116 118 121 120 113 111 110 108 128 123 122 117 125 113 111 123 125 124 129 127 138 139 150 138 133 144 140 136 146 145 153 147 140 162 157 158 153 147 148 141 143 137 134 140 134 145 137 125 133 125 115 122 108 134 125 115 120 117 122 121 118 116 114 118 116 117 120 121 128 130 133 143 144 151 153 153 165 165 165 170 172 176 177 179 180 181 184 186 186 187 188 187 187 186 186 186 186 183 183 175 174 169 169 164 163 163 163 156 154 148 147 141 137 136 128 127 124 113 113 103 101 88 82 81 83 82 82 81 82 83 84 85 85 88 87 90 92 94 95 95 96 97 99 99 101 101 103 103 104 106 106 107 108 108 108 111 111 110 111 111 111 111 112 111 0 0 0 0 0 0 0 0 0 0 0 0 0 0 0 0 0 0 0 0 0 0 0 0 0 0 0 0 0 0 0 0 0 0 0 0 0 0 0 0 0 0 0 0 0 0 0 0 
0 0 0 0 0 0 0 0 0 0 0 0 0 0 0 0 0 0 0 0 0 0 0 0 0 0 0 0 0 0 0 0 0 0 0 0 0 0 0 0 0 0 0 0 0 0 0 0 0 0 0 0 0 0 0 0 157 157 157 157 158 160 158 161 160 159 160 161 160 159 159 159 159 161 161 163 162 162 163 162 161 160 160 160 159 160 159 158 158 160 157 157 155 155 155 159 156 165 155 161 165 164 164 166 159 150 165 154 147 149 149 163 156 160 147 144 156 144 142 141 139 139 137 137 134 135 134 131 130 129 127 126 126 125 119 119 117 117 115 114 112 112 109 110 110 112 107 111 114 115 116 114 116 119 122 126 129 123 123 120 119 115 120 120 133 125 133 141 142 134 133 136 134 121 130 132 115 104 105 107 95 91 101 97 93 89 100 92 93 91 101 95 117 118 115 130 123 120 132 122 145 141 110 111 113 95 94 85 60 47 44 46 53 72 107 111 119 131 112 111 126 121 117 128 122 125 118 124 120 126 120 112 108 109 109 116 107 89 98 86 77 82 76 84 58 64 66 52 49 54 47 57 50 66 55 64 61 68 72 79 80 70 80 84 99 113 101 84 83 106 96 103 113 104 110 106 102 111 111 110 118 125 127 133 133 131 131 140 148 154 152 154 163 153 156 154 148 141 146 149 141 132 122 119 120 114 108 117 122 119 97 87 69 80 74 48 60 73 68 85 94 93 106 110 118 118 118 121 125 116 111 108 108 93 104 122 117 111 108 103 118 118 124 122 127 129 130 133 129 128 127 126 136 132 145 141 131 122 133 127 150 143 147 141 133 134 129 127 133 123 125 114 125 119 106 115 102 93 101 98 110 110 117 117 112 118 114 107 110 111 117 120 121 124 127 128 136 138 145 146 152 155 157 165 165 167 172 173 177 178 181 183 185 186 187 188 188 188 188 188 188 185 185 183 182 181 174 173 168 167 166 163 160 154 154 154 145 144 142 134 132 124 121 113 112 110 100 99 98 85 82 82 83 82 83 83 85 86 87 90 91 92 92 94 95 96 96 97 97 99 99 103 102 103 104 105 105 107 107 109 109 111 109 110 110 111 111 111 111 0 0 0 0 0 0 0 0 0 0 0 0 0 0 0 0 0 0 0 0 0 0 0 0 0 0 0 0 0 0 0 0 0 0 0 0 0 0 0 0 0 0 0 0 0 0 0 0 
0 0 0 0 0 0 0 0 0 0 0 0 0 0 0 0 0 0 0 0 0 0 0 0 0 0 0 0 0 0 0 0 0 0 0 0 0 0 0 0 0 0 0 0 0 0 0 0 0 0 0 0 0 0 0 0 0 0 157 157 158 158 158 160 159 161 158 159 160 159 159 159 159 162 161 161 162 161 162 160 161 158 160 160 158 158 157 159 158 163 157 157 160 156 162 165 165 161 164 155 165 159 153 154 150 153 149 149 147 149 149 146 147 149 147 144 143 143 141 140 139 138 138 137 136 135 133 135 130 131 128 126 128 124 122 120 119 116 115 114 114 112 112 111 111 109 113 114 114 111 116 114 114 124 125 124 125 118 119 120 114 115 119 109 125 119 131 138 136 134 133 136 130 124 104 105 123 117 125 107 105 113 102 105 94 90 78 93 73 91 85 83 98 97 99 117 122 114 109 122 121 113 134 131 128 107 91 77 66 47 47 69 100 70 104 128 137 137 145 111 121 136 144 120 116 136 118 124 137 126 136 127 119 115 119 103 84 89 85 80 77 81 74 81 70 57 57 52 53 61 47 52 45 54 55 54 74 67 72 80 80 84 75 89 98 90 93 97 83 108 96 92 103 116 113 104 102 116 111 110 123 125 127 133 124 125 148 147 148 155 163 146 146 151 154 149 135 141 146 144 136 138 126 114 122 101 110 108 122 115 100 87 84 82 90 79 60 63 68 84 94 98 97 105 113 116 118 118 125 123 117 112 101 95 97 105 107 111 108 103 109 110 116 117 127 128 130 129 133 128 125 123 127 126 133 122 111 122 101 127 116 111 135 126 127 126 124 127 120 110 110 102 107 103 104 96 90 93 90 92 94 96 111 108 104 107 102 107 101 103 111 112 120 124 127 130 133 138 140 142 148 151 153 158 160 169 171 173 174 175 179 180 181 184 184 188 187 188 189 189 188 188 188 185 184 181 181 173 173 171 170 165 164 158 158 154 151 149 142 141 139 129 128 119 118 110 109 105 98 97 96 85 83 83 83 85 85 87 87 88 89 92 93 95 96 95 96 96 96 98 98 100 99 103 104 103 105 105 105 108 108 108 108 108 109 109 111 111 0 0 0 0 0 0 0 0 0 0 0 0 0 0 0 0 0 0 0 0 0 0 0 0 0 0 0 0 0 0 0 0 0 0 0 0 0 0 0 0 0 0 0 0 0 0 0 0 0 
0 0 0 0 0 0 0 0 0 0 0 0 0 0 0 0 0 0 0 0 0 0 0 0 0 0 0 0 0 0 0 0 0 0 0 0 0 0 0 0 0 0 0 0 0 0 0 0 0 0 0 0 0 0 0 0 0 0 0 0 0 158 159 160 159 160 157 159 161 161 160 161 161 161 161 160 160 161 161 159 159 159 157 158 158 156 163 159 164 159 161 155 163 160 155 165 157 153 154 154 154 152 151 153 154 153 151 151 149 149 148 149 149 148 146 147 143 143 141 141 139 138 138 136 135 135 136 133 131 129 129 127 126 123 124 120 119 120 115 115 114 114 111 111 112 109 110 111 110 112 122 127 126 124 117 124 121 123 124 116 110 107 105 109 104 115 129 134 134 129 122 123 130 124 125 127 123 130 122 116 109 97 100 105 101 86 78 73 77 82 86 88 89 86 99 103 111 128 139 119 130 111 117 118 128 120 120 82 84 76 79 91 126 131 104 111 114 137 132 139 126 127 138 136 116 115 124 131 137 135 133 133 119 111 119 102 79 75 73 65 81 72 74 67 70 51 48 54 53 47 48 42 45 59 55 51 67 62 61 60 78 75 75 82 96 94 91 105 96 99 106 101 103 98 116 104 99 109 117 128 124 128 126 133 124 125 142 141 154 158 160 154 156 151 156 143 143 133 127 122 136 117 105 114 119 100 98 97 97 97 100 70 71 82 76 62 60 60 83 97 102 93 94 105 108 108 115 115 121 119 113 112 99 95 93 100 108 107 111 104 109 110 107 117 121 121 130 135 137 130 125 123 122 116 123 116 112 101 96 95 94 111 105 102 119 115 112 115 100 99 97 102 101 104 104 99 92 89 93 94 94 96 92 92 93 100 97 100 101 107 111 112 116 121 123 130 133 135 138 142 147 149 153 154 156 161 162 171 172 175 176 177 181 181 181 184 184 188 188 188 189 189 188 188 187 184 185 181 180 180 170 169 164 164 163 156 156 155 147 145 139 135 128 128 125 116 113 112 104 102 96 94 94 83 83 85 85 87 87 88 89 91 92 93 95 94 94 95 96 96 98 97 97 99 100 99 103 103 105 106 108 108 106 106 109 108 110 111 0 0 0 0 0 0 0 0 0 0 0 0 0 0 0 0 0 0 0 0 0 0 0 0 0 0 0 0 0 0 0 0 0 0 0 0 0 0 0 0 0 0 0 0 0 0 0 0 0 
0 0 0 0 0 0 0 0 0 0 0 0 0 0 0 0 0 0 0 0 0 0 0 0 0 0 0 0 0 0 0 0 0 0 0 0 0 0 0 0 0 0 0 0 0 0 0 0 0 0 0 0 0 0 0 0 0 0 0 0 0 0 159 160 159 158 158 159 161 161 158 161 159 161 160 159 159 160 160 159 159 162 160 164 164 162 156 157 154 159 155 155 155 153 154 155 154 155 153 154 153 154 152 152 152 151 151 151 151 149 150 148 149 148 145 144 142 143 141 141 139 138 138 137 137 135 135 133 131 131 129 127 127 125 122 122 121 120 117 115 114 113 112 109 112 112 114 111 112 117 122 123 118 120 126 122 125 123 124 118 110 106 113 103 104 121 112 111 134 125 122 130 134 121 125 127 128 135 122 125 141 119 112 104 99 82 77 74 77 79 78 74 78 98 98 118 130 126 139 130 113 124 126 121 117 117 115 105 84 85 93 92 88 73 114 107 114 121 132 131 142 134 132 135 143 142 124 137 121 135 133 133 130 120 105 102 79 69 60 65 65 69 63 68 58 53 48 54 48 47 48 66 50 70 62 76 70 62 72 60 68 61 75 90 105 102 102 105 108 107 102 101 104 95 99 95 109 109 118 120 116 122 127 130 130 138 142 141 153 163 157 162 165 160 150 142 131 133 123 116 126 117 114 110 105 87 86 97 102 90 84 71 80 78 69 62 61 60 74 93 90 100 89 104 110 108 108 115 116 113 107 108 101 95 103 100 102 112 111 110 108 108 107 110 116 121 125 135 137 133 124 118 106 108 104 104 112 105 96 92 92 90 91 97 85 83 112 106 97 95 94 99 98 96 99 91 92 90 94 96 98 93 92 93 95 98 97 100 103 107 112 114 118 121 125 128 130 135 138 142 144 145 151 151 156 158 162 162 163 172 173 174 177 177 181 181 184 185 185 186 189 188 189 188 187 187 185 185 184 184 178 177 168 168 163 164 160 155 154 151 143 143 134 132 125 125 121 112 110 109 100 100 93 93 91 86 85 87 87 88 91 90 91 92 92 94 94 95 95 95 96 96 97 97 97 99 99 99 102 103 106 105 104 107 107 108 108 0 0 0 0 0 0 0 0 0 0 0 0 0 0 0 0 0 0 0 0 0 0 0 0 0 0 0 0 0 0 0 0 0 0 0 0 0 0 0 0 0 0 0 0 0 0 0 0 0 0 
0 0 0 0 0 0 0 0 0 0 0 0 0 0 0 0 0 0 0 0 0 0 0 0 0 0 0 0 0 0 0 0 0 0 0 0 0 0 0 0 0 0 0 0 0 0 0 0 0 0 0 0 0 0 0 0 0 0 0 0 0 0 0 0 159 158 158 158 160 159 158 160 159 161 160 159 159 161 164 162 163 164 161 164 161 157 155 155 155 157 156 156 154 156 154 155 154 153 154 155 153 154 154 154 152 150 151 152 150 148 148 148 149 145 145 144 143 141 140 139 139 138 138 139 137 137 136 131 132 129 128 127 127 123 122 122 122 121 118 116 114 114 112 115 112 114 114 113 115 119 119 134 118 131 126 130 129 130 128 134 127 135 113 124 125 108 116 114 108 104 119 112 134 131 134 126 128 135 149 134 125 116 112 105 109 101 91 86 80 81 92 105 102 98 115 108 109 103 128 126 113 104 109 121 103 101 113 108 105 114 126 107 122 73 99 122 110 116 116 116 117 132 136 135 145 151 146 148 140 135 131 124 130 120 106 83 87 76 61 56 51 69 62 68 53 44 57 60 56 55 46 66 68 64 73 67 62 80 80 87 87 61 69 83 98 97 96 106 92 104 105 101 111 110 99 100 114 124 115 123 122 122 118 117 124 123 140 151 153 158 167 161 165 162 151 142 151 119 114 116 110 112 114 106 109 91 93 98 97 90 77 83 80 80 85 59 64 72 86 92 90 102 89 97 108 106 104 108 102 97 107 96 101 95 101 107 107 110 112 112 108 107 108 110 116 125 131 132 130 123 124 118 106 95 94 94 104 103 103 102 92 91 94 95 90 87 85 87 91 91 94 93 89 89 91 86 87 94 97 100 98 98 98 97 97 101 102 105 103 111 112 115 117 120 123 125 130 131 135 142 144 145 145 147 153 154 158 159 163 165 164 174 173 174 178 178 182 182 182 186 186 188 188 188 188 188 187 186 185 184 181 177 177 176 168 166 165 159 157 151 149 149 142 139 131 130 129 119 118 109 108 107 98 98 96 91 91 87 87 88 90 90 89 91 92 92 93 95 94 95 94 94 96 95 95 98 97 98 99 103 104 102 102 106 105 106 108 0 0 0 0 0 0 0 0 0 0 0 0 0 0 0 0 0 0 0 0 0 0 0 0 0 0 0 0 0 0 0 0 0 0 0 0 0 0 0 0 0 0 0 0 0 0 0 0 0 0 
0 0 0 0 0 0 0 0 0 0 0 0 0 0 0 0 0 0 0 0 0 0 0 0 0 0 0 0 0 0 0 0 0 0 0 0 0 0 0 0 0 0 0 0 0 0 0 0 0 0 0 0 0 0 0 0 0 0 0 0 0 0 0 0 0 0 158 158 160 160 159 161 161 162 162 161 165 165 164 163 161 161 154 156 156 158 156 157 155 156 158 156 156 157 156 156 155 156 154 153 155 155 155 153 152 150 152 151 150 149 149 147 146 145 144 141 143 140 140 139 140 141 138 139 138 137 136 131 130 129 128 130 125 127 125 126 122 121 118 116 114 115 118 120 115 115 114 114 132 119 131 135 132 129 128 131 153 130 157 134 150 156 146 141 131 123 105 114 118 130 117 138 127 140 118 128 120 135 149 134 127 131 121 128 117 107 94 86 78 84 77 81 104 103 127 109 114 103 96 99 123 113 105 125 130 117 130 108 118 119 123 129 128 122 114 122 120 116 116 120 116 117 125 140 148 151 150 148 143 140 144 125 128 123 106 83 71 47 61 52 60 64 63 69 77 44 52 58 56 41 53 57 52 52 68 81 62 70 80 78 72 88 86 99 95 103 96 94 98 103 113 108 105 110 105 102 114 117 112 126 122 121 126 122 121 133 140 154 159 158 167 161 160 158 148 147 151 131 115 112 122 134 114 105 109 108 93 90 98 101 87 81 79 81 85 77 64 71 82 88 93 99 103 101 108 108 104 102 95 90 97 101 97 99 101 104 104 110 117 123 110 108 107 110 113 125 131 132 126 120 115 110 96 94 97 94 96 97 104 102 101 104 101 103 102 87 86 87 92 96 91 91 87 88 87 86 87 96 100 105 103 103 104 99 102 101 104 106 109 110 113 117 117 120 122 125 126 127 134 135 136 141 145 147 148 154 154 153 160 160 160 165 165 174 175 178 179 179 179 182 183 186 186 188 188 188 187 187 186 185 184 180 180 176 176 174 165 164 162 156 155 148 145 139 139 136 129 128 126 116 114 105 104 103 96 95 94 92 91 89 90 89 89 88 92 91 91 93 92 93 93 94 93 93 95 96 95 96 97 100 99 100 102 102 105 106 0 0 0 0 0 0 0 0 0 0 0 0 0 0 0 0 0 0 0 0 0 0 0 0 0 0 0 0 0 0 0 0 0 0 0 0 0 0 0 0 0 0 0 0 0 0 0 0 0 0 0 
0 0 0 0 0 0 0 0 0 0 0 0 0 0 0 0 0 0 0 0 0 0 0 0 0 0 0 0 0 0 0 0 0 0 0 0 0 0 0 0 0 0 0 0 0 0 0 0 0 0 0 0 0 0 0 0 0 0 0 0 0 0 0 0 0 0 0 0 0 160 162 164 161 164 159 161 160 159 160 158 157 159 154 159 158 158 157 158 157 158 158 159 159 157 157 156 155 156 155 154 155 153 152 153 153 152 150 150 149 147 145 147 144 145 144 141 140 141 140 141 142 141 141 140 138 137 135 133 131 129 128 130 128 127 125 124 121 122 119 119 119 115 128 120 123 141 118 133 142 136 146 135 132 157 139 168 160 166 150 154 134 156 141 120 121 108 101 99 90 138 128 138 137 125 124 120 130 125 132 142 127 131 135 117 124 107 120 86 119 84 88 96 104 122 101 114 93 119 119 99 104 115 105 104 105 133 128 127 123 126 134 141 128 131 125 103 110 128 136 134 116 127 125 142 150 149 144 151 141 127 144 132 128 125 112 79 71 47 45 40 60 61 63 67 70 61 53 58 65 51 53 71 68 59 64 65 65 71 76 79 72 80 96 76 93 110 85 98 102 100 113 108 101 114 110 109 115 101 111 105 122 124 129 120 122 134 148 160 159 156 155 155 160 158 144 145 136 112 115 116 121 134 111 96 97 99 101 96 98 91 76 81 76 89 90 85 71 83 89 88 94 99 97 102 103 111 103 96 88 90 97 101 104 100 99 96 93 111 117 123 121 117 106 108 107 108 110 121 126 120 119 117 107 102 103 98 92 98 99 102 103 108 110 112 110 100 101 94 97 96 98 93 90 87 93 93 100 103 108 105 106 105 104 103 103 104 105 106 108 110 111 113 115 118 120 122 123 127 129 131 136 136 137 142 148 148 148 153 154 155 160 160 160 166 166 175 175 176 179 180 183 184 184 186 186 188 188 188 186 186 184 183 183 180 179 178 174 172 162 162 161 154 151 144 143 142 133 132 126 124 122 113 111 110 103 101 95 94 91 90 89 89 89 88 90 89 91 91 92 90 90 91 91 92 93 94 95 94 97 97 97 97 98 99 103 106 0 0 0 0 0 0 0 0 0 0 0 0 0 0 0 0 0 0 0 0 0 0 0 0 0 0 0 0 0 0 0 0 0 0 0 0 0 0 0 0 0 0 0 0 0 0 0 0 0 0 0 
0 0 0 0 0 0 0 0 0 0 0 0 0 0 0 0 0 0 0 0 0 0 0 0 0 0 0 0 0 0 0 0 0 0 0 0 0 0 0 0 0 0 0 0 0 0 0 0 0 0 0 0 0 0 0 0 0 0 0 0 0 0 0 0 0 0 0 0 0 0 162 164 163 161 158 158 157 159 157 158 158 159 158 160 163 161 163 158 159 158 158 159 160 159 156 156 156 156 156 153 154 153 151 152 151 152 147 150 147 143 146 142 142 142 142 141 140 141 141 142 142 142 141 140 138 137 135 133 131 132 133 130 131 128 127 124 125 126 119 119 135 128 162 154 175 141 165 147 142 161 171 170 161 171 150 136 160 139 129 130 124 121 119 115 109 116 101 93 135 107 148 120 119 138 128 148 130 136 158 142 157 130 135 117 148 144 120 143 135 133 99 88 94 73 76 82 93 89 99 121 115 100 123 125 105 120 128 123 125 126 130 130 139 138 125 106 110 106 97 106 128 131 128 126 150 141 138 136 131 135 118 120 126 116 112 98 62 58 45 40 39 61 68 64 70 69 53 58 63 49 50 43 57 63 77 65 59 78 92 86 73 83 90 101 110 110 97 94 98 88 114 114 110 105 119 109 106 106 108 103 92 106 126 131 148 134 148 165 157 153 162 148 153 150 144 145 132 122 112 123 104 113 95 96 93 99 89 89 108 84 71 74 81 89 82 85 80 77 97 93 96 108 115 102 109 115 114 107 103 89 89 97 99 100 90 76 93 88 88 121 113 109 109 108 108 108 110 111 111 126 119 113 111 104 103 98 90 85 90 102 103 111 112 110 110 110 108 97 93 96 92 93 93 101 93 96 103 104 106 107 105 102 102 103 103 104 105 107 108 111 113 115 115 116 120 119 120 125 125 125 131 132 137 136 142 148 148 148 150 151 155 155 160 160 166 166 166 167 176 177 180 181 184 184 185 186 187 187 188 188 186 185 183 183 181 178 179 176 171 169 160 157 151 150 149 148 139 138 130 128 121 119 116 110 109 108 101 98 92 91 89 87 87 87 90 89 89 89 91 90 90 89 91 92 92 90 92 93 95 94 95 98 98 99 100 0 0 0 0 0 0 0 0 0 0 0 0 0 0 0 0 0 0 0 0 0 0 0 0 0 0 0 0 0 0 0 0 0 0 0 0 0 0 0 0 0 0 0 0 0 0 0 0 0 0 0 0 
0 0 0 0 0 0 0 0 0 0 0 0 0 0 0 0 0 0 0 0 0 0 0 0 0 0 0 0 0 0 0 0 0 0 0 0 0 0 0 0 0 0 0 0 0 0 0 0 0 0 0 0 0 0 0 0 0 0 0 0 0 0 0 0 0 0 0 0 0 0 0 0 163 161 158 157 158 158 159 159 160 159 160 161 164 163 163 161 160 158 158 159 160 159 156 157 155 155 154 153 152 151 151 149 149 148 147 144 145 145 144 144 142 143 142 143 140 142 141 142 142 141 141 141 139 134 134 133 131 132 133 132 131 130 130 125 133 165 148 176 135 172 168 175 149 164 130 117 122 116 171 144 120 134 126 130 131 123 125 127 124 123 126 118 136 147 145 127 150 116 148 142 98 96 159 138 160 142 160 148 157 161 138 119 148 144 122 106 135 104 97 88 84 79 67 57 88 82 99 85 94 100 92 95 127 123 137 134 132 126 131 130 127 129 138 131 97 104 125 106 148 131 132 132 127 127 137 133 135 135 126 120 117 108 106 93 70 37 30 33 39 61 63 60 64 56 43 56 42 49 56 55 53 56 72 61 68 83 79 86 81 83 93 96 90 108 101 97 80 88 103 107 107 108 104 120 106 124 118 103 105 112 131 137 141 158 165 165 155 163 162 158 149 159 147 133 132 122 101 109 104 101 97 85 93 89 77 89 89 63 71 72 77 72 62 84 95 101 97 99 96 109 124 113 107 119 114 108 103 111 89 89 91 100 90 82 73 73 88 91 91 102 100 111 109 102 108 107 111 115 109 113 111 104 100 96 82 84 90 94 96 101 100 103 112 107 101 92 93 91 90 93 97 101 104 105 103 103 106 102 101 102 101 103 104 106 105 108 108 110 112 114 114 115 115 116 120 121 121 125 125 126 132 132 137 138 144 148 150 151 149 149 155 155 161 161 161 167 167 177 178 178 181 182 186 186 186 187 187 187 187 187 184 184 183 181 180 176 175 174 170 168 156 155 154 146 145 138 139 136 129 127 125 115 113 106 104 98 96 94 89 88 89 85 85 86 89 89 88 88 90 89 89 88 89 90 88 93 92 93 92 94 94 98 100 0 0 0 0 0 0 0 0 0 0 0 0 0 0 0 0 0 0 0 0 0 0 0 0 0 0 0 0 0 0 0 0 0 0 0 0 0 0 0 0 0 0 0 0 0 0 0 0 0 0 0 0 
0 0 0 0 0 0 0 0 0 0 0 0 0 0 0 0 0 0 0 0 0 0 0 0 0 0 0 0 0 0 0 0 0 0 0 0 0 0 0 0 0 0 0 0 0 0 0 0 0 0 0 0 0 0 0 0 0 0 0 0 0 0 0 0 0 0 0 0 0 0 0 0 0 0 0 157 158 159 159 159 160 161 162 162 163 163 163 161 161 161 160 159 158 158 156 155 155 155 153 152 151 150 148 149 149 146 147 147 143 145 144 146 143 144 142 142 140 141 144 141 143 141 141 139 139 134 156 133 143 170 134 132 135 163 130 148 162 165 171 140 155 130 136 125 149 124 116 117 116 116 118 117 117 125 119 130 123 125 127 139 135 152 146 137 121 147 123 114 103 109 102 100 90 92 81 138 119 123 133 126 119 121 140 132 129 114 122 106 109 112 100 83 102 79 133 57 61 89 82 85 87 94 91 95 104 123 121 112 112 132 133 142 140 129 128 131 115 109 113 137 133 153 148 132 134 127 138 147 143 134 132 124 127 108 100 76 70 54 42 28 13 54 63 60 56 44 51 39 49 56 46 57 57 70 72 66 69 72 75 69 74 83 90 83 90 104 110 90 99 99 105 106 112 104 104 116 108 121 123 123 120 117 123 134 141 151 161 164 161 160 156 147 149 151 147 131 128 114 101 109 99 106 97 104 93 82 65 62 46 48 71 78 77 78 62 74 97 103 104 105 103 117 124 123 108 110 117 110 105 117 108 100 91 102 92 82 80 82 73 91 94 101 100 101 102 101 104 104 105 101 100 102 107 110 100 96 91 94 90 96 96 93 99 103 109 106 101 98 91 91 89 97 98 101 104 104 105 102 101 98 101 102 102 103 104 107 108 109 111 113 113 114 114 115 116 115 117 116 114 121 121 126 125 132 132 132 138 137 137 145 149 149 150 150 156 156 156 161 162 167 168 178 178 179 183 183 184 185 185 187 187 187 186 186 183 184 181 179 178 174 173 168 167 166 165 153 151 144 143 134 132 132 125 123 122 113 110 102 101 94 91 89 89 86 84 84 84 87 88 88 87 87 89 89 86 87 89 91 90 90 92 92 94 95 0 0 0 0 0 0 0 0 0 0 0 0 0 0 0 0 0 0 0 0 0 0 0 0 0 0 0 0 0 0 0 0 0 0 0 0 0 0 0 0 0 0 0 0 0 0 0 0 0 0 0 0 0 
0 0 0 0 0 0 0 0 0 0 0 0 0 0 0 0 0 0 0 0 0 0 0 0 0 0 0 0 0 0 0 0 0 0 0 0 0 0 0 0 0 0 0 0 0 0 0 0 0 0 0 0 0 0 0 0 0 0 0 0 0 0 0 0 0 0 0 0 0 0 0 0 0 0 0 0 0 159 159 160 160 161 161 161 161 160 163 162 161 160 160 159 158 158 155 155 155 152 153 150 151 150 150 148 148 147 146 146 147 145 143 146 143 146 143 143 142 144 143 141 144 141 141 152 142 168 172 175 158 170 147 146 135 163 176 155 134 133 124 140 127 123 123 121 120 119 120 118 117 116 116 117 120 127 144 124 145 144 149 139 150 135 133 128 126 122 125 117 114 109 103 94 93 87 94 83 84 123 91 126 126 120 112 136 128 124 115 114 109 112 100 112 123 131 132 133 121 89 111 105 87 86 82 87 103 123 142 148 112 121 133 122 126 135 132 124 115 118 113 119 133 136 144 149 153 137 153 156 143 144 155 125 119 125 112 87 60 41 42 28 15 25 48 64 56 44 39 45 49 46 53 67 58 55 60 67 66 70 75 75 75 86 91 86 95 107 98 100 99 105 101 93 111 108 110 110 108 116 123 124 124 115 119 137 148 167 161 157 157 160 158 157 145 154 132 123 128 118 116 107 99 106 93 85 92 75 65 60 59 48 67 77 75 76 70 86 97 103 110 105 108 111 119 118 103 115 115 110 101 102 114 103 96 97 104 95 111 82 90 107 109 113 100 105 111 108 109 104 98 99 95 99 101 107 103 108 91 94 99 101 93 92 96 110 110 106 103 98 97 90 84 87 91 99 99 104 101 102 99 100 101 102 103 104 107 107 109 109 111 113 112 112 112 114 114 115 115 114 114 113 113 120 120 125 126 132 132 133 137 138 138 144 150 150 150 149 156 157 162 163 164 169 170 179 181 181 184 184 184 186 187 187 187 187 186 183 181 182 181 178 177 172 171 169 164 162 151 150 149 141 141 139 131 127 120 117 110 108 106 99 95 93 89 87 84 82 84 82 82 84 87 87 86 86 86 85 89 88 90 88 90 90 93 95 0 0 0 0 0 0 0 0 0 0 0 0 0 0 0 0 0 0 0 0 0 0 0 0 0 0 0 0 0 0 0 0 0 0 0 0 0 0 0 0 0 0 0 0 0 0 0 0 0 0 0 0 0 
0 0 0 0 0 0 0 0 0 0 0 0 0 0 0 0 0 0 0 0 0 0 0 0 0 0 0 0 0 0 0 0 0 0 0 0 0 0 0 0 0 0 0 0 0 0 0 0 0 0 0 0 0 0 0 0 0 0 0 0 0 0 0 0 0 0 0 0 0 0 0 0 0 0 0 0 0 0 159 160 160 160 160 159 159 160 159 159 160 161 159 159 158 158 156 155 155 152 153 151 150 150 150 148 147 147 146 148 147 148 146 145 145 146 143 143 144 142 158 149 174 165 174 152 176 141 172 149 141 143 147 146 136 169 176 155 134 126 126 124 123 122 121 121 120 123 119 118 119 120 131 129 144 130 144 136 119 144 132 137 135 135 128 126 126 125 117 117 111 105 99 93 92 96 94 94 92 97 93 91 102 110 111 117 128 110 107 113 105 105 113 112 123 120 132 125 107 95 88 101 79 67 82 88 103 106 110 118 138 128 132 139 126 129 131 125 127 128 127 135 128 144 144 140 128 152 144 141 156 158 158 157 119 117 104 87 60 54 28 23 17 29 48 52 51 48 39 45 54 55 50 32 51 55 61 72 61 59 74 72 75 74 90 86 93 94 87 108 114 112 109 106 116 108 102 115 112 112 126 111 110 115 143 137 143 162 162 154 169 169 156 157 149 154 141 123 113 104 123 102 89 101 93 85 80 70 57 47 52 76 86 77 76 78 66 71 84 106 113 113 116 111 115 119 114 113 108 108 105 104 97 103 93 86 97 115 121 119 124 118 118 113 111 108 108 117 117 100 99 99 98 97 101 99 95 95 101 103 99 101 90 92 96 106 111 108 104 98 92 84 83 84 91 93 94 98 98 100 101 102 101 103 103 105 106 108 108 109 110 110 112 111 112 112 112 113 113 113 113 111 113 113 120 120 121 126 126 126 131 131 138 137 137 150 150 149 150 151 157 158 164 165 165 171 171 172 181 181 185 186 187 187 187 188 187 185 184 183 182 180 177 176 176 174 168 167 161 159 149 146 144 139 137 135 126 123 115 113 106 101 98 93 91 90 85 84 80 80 82 82 80 85 86 86 85 86 87 86 86 88 89 90 91 0 0 0 0 0 0 0 0 0 0 0 0 0 0 0 0 0 0 0 0 0 0 0 0 0 0 0 0 0 0 0 0 0 0 0 0 0 0 0 0 0 0 0 0 0 0 0 0 0 0 0 0 0 0 
0 0 0 0 0 0 0 0 0 0 0 0 0 0 0 0 0 0 0 0 0 0 0 0 0 0 0 0 0 0 0 0 0 0 0 0 0 0 0 0 0 0 0 0 0 0 0 0 0 0 0 0 0 0 0 0 0 0 0 0 0 0 0 0 0 0 0 0 0 0 0 0 0 0 0 0 0 0 0 0 160 160 160 159 158 159 159 159 158 160 159 158 157 157 156 155 153 152 151 151 150 151 151 151 150 151 148 150 147 156 146 149 173 146 154 147 168 172 158 156 174 167 146 150 141 143 140 149 141 150 141 140 133 130 131 131 130 126 126 127 125 120 122 121 123 122 121 129 119 129 140 143 127 119 121 119 121 134 132 131 130 131 129 122 124 115 117 111 111 100 101 113 105 109 99 96 92 83 93 79 92 90 111 94 106 88 107 111 99 105 116 120 108 120 116 113 107 106 91 101 89 87 72 83 106 115 104 118 140 128 132 139 141 142 134 140 144 128 130 135 134 135 149 146 126 142 156 141 144 143 151 143 143 124 114 97 85 54 46 35 20 13 37 43 44 54 40 52 54 55 49 45 49 60 63 59 55 59 66 77 68 73 91 89 101 94 110 108 108 105 98 114 121 112 117 115 110 112 116 113 118 116 136 140 157 162 151 167 169 171 155 165 152 154 135 123 119 102 123 110 95 92 88 61 80 70 46 64 52 82 82 84 81 77 79 81 84 95 107 118 115 113 117 122 117 104 108 106 112 101 100 96 94 95 109 113 121 122 114 122 120 113 111 113 110 111 117 111 109 97 93 94 99 100 94 104 101 105 102 90 90 92 101 107 111 104 104 100 92 88 81 84 88 92 94 96 98 98 100 102 103 102 104 105 106 107 107 108 109 108 109 111 111 112 112 112 111 113 113 111 111 109 112 110 121 121 119 126 123 123 132 131 136 136 138 144 150 151 150 151 159 159 166 167 168 172 173 174 183 183 186 186 187 187 185 185 185 185 184 183 180 178 177 173 171 167 167 166 158 156 156 142 140 134 130 123 120 118 111 108 105 98 95 90 85 84 82 80 80 80 78 81 80 82 85 86 85 84 84 88 87 89 91 0 0 0 0 0 0 0 0 0 0 0 0 0 0 0 0 0 0 0 0 0 0 0 0 0 0 0 0 0 0 0 0 0 0 0 0 0 0 0 0 0 0 0 0 0 0 0 0 0 0 0 0 0 0 
0 0 0 0 0 0 0 0 0 0 0 0 0 0 0 0 0 0 0 0 0 0 0 0 0 0 0 0 0 0 0 0 0 0 0 0 0 0 0 0 0 0 0 0 0 0 0 0 0 0 0 0 0 0 0 0 0 0 0 0 0 0 0 0 0 0 0 0 0 0 0 0 0 0 0 0 0 0 0 0 0 0 0 159 158 159 159 158 156 158 155 156 157 156 156 156 153 151 151 151 150 149 151 150 150 150 154 172 165 170 175 158 173 168 149 175 162 145 147 142 141 139 146 139 148 143 149 143 141 136 134 133 133 130 129 131 127 129 126 127 123 123 122 125 122 129 129 141 140 126 125 120 123 119 119 135 134 145 140 129 130 117 116 122 116 121 116 116 115 115 130 123 113 109 104 101 87 100 95 102 93 90 101 94 94 107 96 96 110 103 102 120 108 107 116 113 122 107 116 92 95 87 69 83 82 86 104 101 104 133 138 139 138 140 144 150 157 150 156 131 137 135 138 137 133 114 114 159 164 148 161 143 146 143 136 115 95 62 48 26 20 13 18 42 41 35 42 34 49 45 49 45 49 47 53 61 51 62 71 77 72 82 91 93 89 97 106 104 108 108 108 105 121 122 104 115 101 114 99 124 118 134 136 138 154 163 159 157 164 159 155 147 152 148 143 125 121 111 108 99 95 88 81 70 73 60 46 64 62 61 82 80 73 82 82 82 82 95 116 115 115 109 102 123 119 109 102 114 111 107 100 102 98 97 96 103 113 108 103 91 120 114 114 114 112 109 112 113 109 99 98 94 100 103 108 115 113 109 102 91 93 90 101 107 110 105 96 91 92 88 87 84 90 95 95 99 99 101 103 102 102 102 102 102 103 103 106 107 107 108 109 111 112 112 112 111 110 111 110 111 111 109 109 108 109 110 110 118 118 123 124 123 131 131 131 139 138 145 150 151 152 152 160 161 161 168 169 176 177 183 184 184 185 187 185 185 186 185 185 183 183 182 181 177 176 172 171 166 162 162 156 154 151 139 136 128 126 118 115 113 105 102 99 92 90 83 81 80 79 77 78 78 77 80 81 84 85 84 84 85 87 87 0 0 0 0 0 0 0 0 0 0 0 0 0 0 0 0 0 0 0 0 0 0 0 0 0 0 0 0 0 0 0 0 0 0 0 0 0 0 0 0 0 0 0 0 0 0 0 0 0 0 0 0 0 0 0 
0 0 0 0 0 0 0 0 0 0 0 0 0 0 0 0 0 0 0 0 0 0 0 0 0 0 0 0 0 0 0 0 0 0 0 0 0 0 0 0 0 0 0 0 0 0 0 0 0 0 0 0 0 0 0 0 0 0 0 0 0 0 0 0 0 0 0 0 0 0 0 0 0 0 0 0 0 0 0 0 0 0 0 0 0 159 159 156 157 158 155 156 156 153 155 153 153 154 150 151 151 153 154 166 161 174 157 172 149 170 151 145 146 144 145 145 143 145 142 141 140 141 139 148 149 146 139 143 139 136 134 133 132 133 134 131 126 129 126 125 123 123 122 129 141 141 127 141 126 120 119 122 146 142 157 149 133 145 131 121 120 122 132 126 134 121 135 116 124 135 129 118 119 107 116 101 105 100 104 92 96 85 92 99 106 107 132 133 110 125 136 122 131 125 125 121 122 107 116 109 90 86 76 71 97 122 104 107 104 116 118 142 145 149 156 157 157 156 149 160 160 148 156 138 146 159 114 131 142 164 156 153 146 149 126 122 95 72 63 36 29 17 20 37 50 55 42 31 45 40 49 34 43 47 47 45 51 63 61 85 75 75 85 81 89 96 106 93 118 103 101 103 111 89 104 97 101 109 108 119 122 117 134 137 154 158 159 157 160 153 160 144 155 138 143 125 105 111 106 98 92 79 77 79 73 69 68 70 62 61 68 77 76 81 91 82 76 97 100 100 110 100 108 117 114 109 100 103 115 114 105 98 100 100 106 103 104 103 101 87 82 86 95 108 103 109 110 114 114 110 101 97 95 103 111 115 115 107 99 95 97 94 94 94 110 105 99 97 99 93 97 94 100 95 102 99 100 102 103 102 102 102 103 102 103 102 103 105 104 107 106 109 109 112 109 108 110 110 111 110 108 108 107 108 107 104 105 106 106 118 117 124 124 124 131 132 130 138 138 146 152 152 156 157 161 163 164 171 172 176 178 179 185 185 185 185 186 187 186 184 184 184 180 180 176 175 175 169 167 167 160 158 151 149 136 133 132 123 120 118 109 106 99 95 90 88 86 79 79 77 78 77 77 79 81 81 81 81 84 85 85 87 0 0 0 0 0 0 0 0 0 0 0 0 0 0 0 0 0 0 0 0 0 0 0 0 0 0 0 0 0 0 0 0 0 0 0 0 0 0 0 0 0 0 0 0 0 0 0 0 0 0 0 0 0 0 0 
0 0 0 0 0 0 0 0 0 0 0 0 0 0 0 0 0 0 0 0 0 0 0 0 0 0 0 0 0 0 0 0 0 0 0 0 0 0 0 0 0 0 0 0 0 0 0 0 0 0 0 0 0 0 0 0 0 0 0 0 0 0 0 0 0 0 0 0 0 0 0 0 0 0 0 0 0 0 0 0 0 0 0 0 0 0 0 156 157 156 154 156 155 153 156 160 151 151 164 157 173 153 173 166 170 152 148 148 147 144 145 145 144 144 144 143 145 142 144 139 143 141 145 142 149 140 139 137 138 135 133 133 132 133 134 130 128 124 128 128 138 123 122 129 141 129 122 122 125 120 149 161 146 160 136 136 122 122 121 121 130 132 132 133 118 138 131 137 133 123 125 117 119 121 128 121 110 106 105 98 96 100 92 95 81 95 89 103 131 131 136 121 131 128 131 120 122 117 99 109 90 83 101 104 117 106 110 110 105 105 118 122 132 144 140 137 152 143 153 150 160 166 165 153 151 157 168 168 147 148 156 156 152 147 147 148 119 87 54 46 29 24 20 27 45 38 38 39 45 41 32 34 29 42 47 45 54 49 61 67 58 75 72 68 90 95 89 104 89 103 98 103 107 84 112 130 105 115 111 119 116 117 123 138 147 156 165 162 153 153 131 144 149 129 122 116 111 85 99 98 102 91 72 63 60 57 67 72 70 67 68 77 89 95 95 76 87 105 95 100 110 115 102 110 112 105 97 108 111 114 115 113 109 105 108 106 103 103 95 87 85 98 109 97 92 105 111 114 112 101 101 90 88 97 101 108 102 107 98 97 97 96 92 94 98 103 99 97 99 97 97 97 102 102 105 102 102 102 103 101 102 101 102 101 101 102 103 104 104 104 104 105 106 108 108 108 110 110 111 110 109 108 106 106 104 103 103 101 106 105 103 116 116 116 124 122 130 131 138 139 141 148 156 157 158 158 167 168 172 172 173 175 181 179 186 186 186 186 186 186 186 185 183 182 179 179 175 172 171 167 166 163 157 154 146 145 132 129 124 118 115 113 104 101 93 90 86 84 79 77 78 77 77 77 78 78 79 81 80 84 85 0 0 0 0 0 0 0 0 0 0 0 0 0 0 0 0 0 0 0 0 0 0 0 0 0 0 0 0 0 0 0 0 0 0 0 0 0 0 0 0 0 0 0 0 0 0 0 0 0 0 0 0 0 0 0 0 
0 0 0 0 0 0 0 0 0 0 0 0 0 0 0 0 0 0 0 0 0 0 0 0 0 0 0 0 0 0 0 0 0 0 0 0 0 0 0 0 0 0 0 0 0 0 0 0 0 0 0 0 0 0 0 0 0 0 0 0 0 0 0 0 0 0 0 0 0 0 0 0 0 0 0 0 0 0 0 0 0 0 0 0 0 0 0 0 0 156 154 155 165 164 170 160 172 152 164 171 153 158 150 151 147 148 148 148 147 145 146 145 144 145 143 145 145 144 148 149 143 148 141 140 139 138 139 136 138 136 133 135 134 134 129 129 128 126 132 135 141 137 126 129 124 129 122 127 154 153 164 139 140 123 136 124 122 124 135 132 130 122 120 122 118 116 131 123 113 115 112 118 121 111 128 105 110 94 99 101 93 91 84 82 81 86 98 103 113 113 118 121 125 124 131 127 102 117 92 97 93 83 111 114 113 106 101 94 109 94 116 132 141 148 152 137 131 126 136 128 146 144 158 155 160 157 160 161 161 169 154 150 145 152 147 148 137 116 69 56 36 29 26 32 35 38 46 35 30 34 29 40 49 42 45 34 54 49 56 51 46 51 59 68 85 95 104 79 89 104 108 90 97 84 121 130 118 114 119 118 118 130 132 138 138 158 165 165 164 142 134 142 139 129 129 102 111 101 90 85 83 71 62 63 58 51 64 68 65 73 73 83 89 95 95 85 80 103 107 98 106 115 114 110 112 112 105 98 100 111 107 104 105 104 108 103 99 96 98 100 112 117 109 101 92 93 101 114 105 94 90 88 88 94 101 102 102 100 101 102 94 91 92 96 98 104 105 104 103 97 102 106 102 103 106 104 102 102 100 101 102 102 102 101 101 100 100 101 102 102 105 105 106 107 108 108 109 109 109 109 109 105 106 105 104 103 102 100 101 100 102 101 101 116 115 114 124 124 132 134 141 142 144 151 158 158 159 161 167 169 171 176 176 179 180 182 187 186 186 187 187 185 185 182 182 182 177 177 176 171 169 163 160 154 152 151 143 141 139 121 118 113 108 101 99 95 88 86 84 78 78 77 76 76 76 76 76 79 79 80 83 0 0 0 0 0 0 0 0 0 0 0 0 0 0 0 0 0 0 0 0 0 0 0 0 0 0 0 0 0 0 0 0 0 0 0 0 0 0 0 0 0 0 0 0 0 0 0 0 0 0 0 0 0 0 0 0 
0 0 0 0 0 0 0 0 0 0 0 0 0 0 0 0 0 0 0 0 0 0 0 0 0 0 0 0 0 0 0 0 0 0 0 0 0 0 0 0 0 0 0 0 0 0 0 0 0 0 0 0 0 0 0 0 0 0 0 0 0 0 0 0 0 0 0 0 0 0 0 0 0 0 0 0 0 0 0 0 0 0 0 0 0 0 0 0 0 0 0 155 165 168 153 154 151 152 153 149 153 150 150 149 147 147 147 148 148 145 146 145 144 145 145 147 147 147 145 142 143 142 141 140 139 137 137 139 138 136 133 134 134 136 129 130 130 139 132 132 141 129 130 162 160 161 157 127 154 136 129 139 126 130 127 134 135 123 135 122 120 122 120 119 120 112 112 113 118 115 115 118 118 115 117 121 114 105 109 101 97 91 84 106 93 102 84 85 83 113 102 115 124 122 113 126 133 118 128 97 114 121 111 114 113 113 108 92 95 94 88 80 137 134 130 156 159 126 141 128 132 146 147 147 144 167 167 166 165 169 169 167 167 161 152 133 118 116 89 56 55 45 34 25 23 33 37 35 28 29 29 35 42 41 45 48 47 54 56 51 46 42 64 72 71 86 85 90 89 115 108 96 112 122 120 127 122 115 119 126 118 134 130 124 140 140 168 156 164 148 136 131 135 121 111 104 102 100 90 87 91 76 65 53 47 70 82 79 65 72 76 94 107 94 87 85 83 97 107 104 104 106 109 115 112 113 101 107 100 98 93 97 99 97 93 93 99 92 98 103 109 109 111 99 93 95 101 111 108 94 89 94 92 97 98 102 102 106 110 102 100 99 94 97 104 106 107 104 104 102 102 106 107 106 104 101 102 102 100 101 102 100 100 99 100 100 101 101 101 101 103 103 104 103 105 107 106 109 108 108 108 105 105 104 102 101 99 100 98 97 97 95 95 100 100 115 116 124 124 125 134 135 137 145 147 154 159 161 163 164 166 172 171 177 179 182 183 186 186 187 188 188 187 185 185 182 180 181 176 175 174 168 167 158 158 151 149 145 139 136 134 117 114 105 103 95 94 89 84 83 81 77 76 75 75 75 76 76 77 79 0 0 0 0 0 0 0 0 0 0 0 0 0 0 0 0 0 0 0 0 0 0 0 0 0 0 0 0 0 0 0 0 0 0 0 0 0 0 0 0 0 0 0 0 0 0 0 0 0 0 0 0 0 0 0 0 0 
0 0 0 0 0 0 0 0 0 0 0 0 0 0 0 0 0 0 0 0 0 0 0 0 0 0 0 0 0 0 0 0 0 0 0 0 0 0 0 0 0 0 0 0 0 0 0 0 0 0 0 0 0 0 0 0 0 0 0 0 0 0 0 0 0 0 0 0 0 0 0 0 0 0 0 0 0 0 0 0 0 0 0 0 0 0 0 0 0 0 0 0 0 168 153 151 152 152 151 151 152 149 148 147 149 147 147 148 146 147 145 145 145 148 149 147 148 145 143 142 141 139 141 139 137 137 138 139 138 133 135 133 132 132 137 130 139 138 135 136 132 164 158 158 136 161 135 132 135 136 129 132 130 130 119 134 120 121 121 123 120 118 116 119 115 112 117 117 116 110 102 109 108 115 105 108 112 120 135 125 139 123 117 106 110 83 84 85 93 100 114 134 138 122 141 138 133 126 122 124 123 117 120 122 119 113 108 112 120 94 105 85 95 100 130 136 138 153 147 159 162 146 151 155 144 139 138 159 154 167 165 163 161 157 152 150 156 109 108 63 57 49 34 22 23 41 50 35 38 46 42 58 42 60 45 56 59 47 53 47 45 42 64 69 71 67 88 87 93 105 107 101 112 119 117 117 116 122 111 122 137 138 130 123 139 140 153 154 140 141 123 124 135 116 99 104 89 100 92 95 76 64 65 55 48 58 87 81 82 79 79 92 93 94 88 90 83 97 114 123 104 106 110 115 116 111 107 103 105 96 97 104 104 97 95 96 94 91 98 106 103 109 97 99 95 100 105 111 108 106 106 94 105 97 103 107 110 112 115 108 109 99 104 97 101 105 108 107 107 106 108 108 107 106 102 100 101 101 101 100 99 100 99 98 100 100 100 100 100 102 102 103 102 102 103 104 102 106 106 107 105 105 104 103 101 100 98 97 94 97 93 92 95 95 93 99 101 115 117 125 127 129 137 137 138 149 150 157 163 164 167 168 171 172 175 180 181 184 185 186 188 187 187 187 187 185 184 184 180 177 174 172 167 166 164 155 154 152 143 141 134 131 129 112 110 100 99 97 88 86 81 81 79 75 77 75 75 75 77 79 0 0 0 0 0 0 0 0 0 0 0 0 0 0 0 0 0 0 0 0 0 0 0 0 0 0 0 0 0 0 0 0 0 0 0 0 0 0 0 0 0 0 0 0 0 0 0 0 0 0 0 0 0 0 0 0 0 
0 0 0 0 0 0 0 0 0 0 0 0 0 0 0 0 0 0 0 0 0 0 0 0 0 0 0 0 0 0 0 0 0 0 0 0 0 0 0 0 0 0 0 0 0 0 0 0 0 0 0 0 0 0 0 0 0 0 0 0 0 0 0 0 0 0 0 0 0 0 0 0 0 0 0 0 0 0 0 0 0 0 0 0 0 0 0 0 0 0 0 0 0 0 0 151 152 150 149 151 149 149 147 149 150 147 148 150 146 147 148 147 147 150 148 146 143 143 143 142 141 142 141 141 138 138 137 137 135 133 135 135 135 136 143 142 140 138 164 136 167 159 132 132 134 133 138 132 130 123 137 132 130 120 119 119 118 121 122 120 120 118 119 116 119 116 120 115 116 119 102 113 149 119 131 129 151 137 135 118 139 122 99 89 81 92 90 97 93 95 90 108 106 135 124 114 132 125 122 117 115 121 122 130 124 128 133 112 120 121 109 108 98 102 104 135 143 148 147 144 149 160 156 160 152 164 138 159 154 155 148 151 162 158 156 157 156 125 108 104 82 59 44 29 31 55 50 52 63 46 59 63 72 68 66 68 59 60 63 47 49 51 51 69 74 75 72 87 93 105 86 95 107 108 96 104 127 122 123 128 127 139 135 131 132 130 153 154 144 146 122 115 119 116 97 100 98 100 94 89 79 59 52 52 60 63 64 81 81 77 70 74 81 86 94 97 97 87 114 123 119 115 110 114 107 111 94 103 96 95 96 107 109 96 92 96 97 91 95 102 104 101 105 100 107 100 110 102 108 104 103 104 105 108 111 107 111 117 115 115 115 110 109 103 106 108 108 106 107 109 110 109 110 107 102 100 101 104 100 101 99 99 98 99 98 97 100 98 98 99 100 101 101 102 102 102 102 102 104 104 105 104 103 101 100 98 98 96 94 93 92 91 91 90 95 94 101 102 102 119 120 121 131 132 138 144 150 151 153 155 167 168 168 171 175 176 181 181 183 184 185 186 188 188 187 186 185 184 183 183 177 176 169 168 164 161 158 152 149 147 140 137 126 125 110 107 104 97 95 93 85 83 78 79 78 75 75 74 75 0 0 0 0 0 0 0 0 0 0 0 0 0 0 0 0 0 0 0 0 0 0 0 0 0 0 0 0 0 0 0 0 0 0 0 0 0 0 0 0 0 0 0 0 0 0 0 0 0 0 0 0 0 0 0 0 0 0 
0 0 0 0 0 0 0 0 0 0 0 0 0 0 0 0 0 0 0 0 0 0 0 0 0 0 0 0 0 0 0 0 0 0 0 0 0 0 0 0 0 0 0 0 0 0 0 0 0 0 0 0 0 0 0 0 0 0 0 0 0 0 0 0 0 0 0 0 0 0 0 0 0 0 0 0 0 0 0 0 0 0 0 0 0 0 0 0 0 0 0 0 0 0 0 0 0 150 149 149 150 148 149 150 150 151 151 148 149 147 148 150 148 145 148 145 144 144 143 142 140 142 139 139 138 138 138 139 136 136 133 141 144 149 143 146 167 166 155 156 133 135 132 133 134 136 129 129 126 125 122 124 122 120 119 121 121 122 123 123 121 121 119 132 119 126 127 147 134 146 152 123 149 134 102 151 124 106 109 106 112 106 99 96 102 92 99 102 91 96 86 85 106 102 109 120 124 136 121 129 126 134 138 130 143 144 131 119 123 121 109 107 124 102 129 129 115 107 151 157 149 158 166 160 165 160 167 163 159 162 166 160 167 158 160 159 156 151 106 78 75 59 39 29 26 42 63 61 64 62 71 63 67 68 63 69 64 65 66 60 64 51 48 66 74 75 72 81 94 91 74 95 98 95 84 117 123 125 128 124 132 139 125 127 132 137 127 142 136 122 114 115 120 114 94 106 97 108 96 73 61 59 50 59 70 57 74 71 77 77 79 87 81 87 93 97 99 105 109 118 119 115 110 106 100 95 96 85 89 93 96 97 109 101 97 96 99 103 109 109 104 108 105 114 114 109 105 97 99 102 103 111 105 109 107 109 108 104 116 110 115 114 111 108 107 106 106 106 109 111 110 111 111 110 109 108 104 104 101 99 99 99 98 99 98 97 97 97 97 97 100 99 99 100 101 100 102 103 102 102 105 104 102 101 101 99 97 96 94 92 91 91 89 88 91 90 95 95 102 105 105 121 123 124 135 138 145 146 147 155 156 162 168 171 172 173 177 179 180 184 184 186 187 187 188 188 187 185 184 183 180 176 174 173 166 166 164 156 154 147 147 144 133 132 122 120 118 102 100 93 92 89 82 82 79 77 77 74 75 0 0 0 0 0 0 0 0 0 0 0 0 0 0 0 0 0 0 0 0 0 0 0 0 0 0 0 0 0 0 0 0 0 0 0 0 0 0 0 0 0 0 0 0 0 0 0 0 0 0 0 0 0 0 0 0 0 0 
0 0 0 0 0 0 0 0 0 0 0 0 0 0 0 0 0 0 0 0 0 0 0 0 0 0 0 0 0 0 0 0 0 0 0 0 0 0 0 0 0 0 0 0 0 0 0 0 0 0 0 0 0 0 0 0 0 0 0 0 0 0 0 0 0 0 0 0 0 0 0 0 0 0 0 0 0 0 0 0 0 0 0 0 0 0 0 0 0 0 0 0 0 0 0 0 0 0 0 149 150 149 150 150 151 150 151 151 149 150 150 149 146 144 143 143 145 144 143 144 141 142 139 138 136 135 138 135 136 136 152 170 150 170 170 154 167 138 155 133 137 130 133 127 130 130 129 126 124 125 123 124 123 122 122 121 121 121 123 123 122 138 137 150 137 150 130 147 112 146 113 108 101 116 112 116 116 106 108 105 96 97 96 86 103 103 105 102 101 102 87 87 87 99 105 125 130 136 140 148 135 141 138 138 143 142 140 119 111 115 110 107 124 134 148 145 153 107 126 145 160 159 153 163 147 160 147 163 160 155 159 161 162 164 156 159 143 151 133 119 124 81 60 36 29 42 57 62 64 65 68 70 69 67 68 69 71 71 66 69 70 57 65 62 52 52 68 81 94 76 77 88 100 88 114 117 123 127 123 132 128 127 124 130 146 136 127 128 117 100 117 115 107 103 107 92 97 102 91 80 69 56 76 77 83 94 74 86 84 83 84 75 86 91 93 83 99 108 115 112 109 113 116 106 100 108 96 96 91 86 97 98 97 101 97 98 99 103 103 99 105 103 114 112 114 108 90 97 96 100 109 110 112 105 107 102 86 104 100 103 111 109 108 106 107 106 105 107 108 110 111 111 111 110 108 108 107 104 101 99 99 97 98 96 96 97 96 96 96 97 97 96 98 99 98 100 100 101 101 101 101 102 100 100 98 99 97 96 93 91 91 89 89 88 87 90 91 91 96 98 100 107 108 124 129 138 138 140 141 149 151 157 160 165 172 173 174 175 176 181 182 185 185 187 187 188 187 187 186 183 183 179 178 173 172 170 164 162 159 153 151 141 140 132 130 128 126 116 114 98 96 89 86 85 79 81 81 77 0 0 0 0 0 0 0 0 0 0 0 0 0 0 0 0 0 0 0 0 0 0 0 0 0 0 0 0 0 0 0 0 0 0 0 0 0 0 0 0 0 0 0 0 0 0 0 0 0 0 0 0 0 0 0 0 0 0 0 
0 0 0 0 0 0 0 0 0 0 0 0 0 0 0 0 0 0 0 0 0 0 0 0 0 0 0 0 0 0 0 0 0 0 0 0 0 0 0 0 0 0 0 0 0 0 0 0 0 0 0 0 0 0 0 0 0 0 0 0 0 0 0 0 0 0 0 0 0 0 0 0 0 0 0 0 0 0 0 0 0 0 0 0 0 0 0 0 0 0 0 0 0 0 0 0 0 0 0 0 0 149 150 150 152 151 151 151 150 149 150 146 147 144 143 143 143 144 143 143 143 140 137 138 136 137 137 148 147 170 152 148 138 170 152 137 136 136 136 131 130 130 131 127 131 131 127 126 126 126 124 124 125 122 122 126 126 121 123 135 155 138 157 139 147 125 119 113 115 110 112 108 115 107 117 115 109 107 105 107 105 97 93 115 103 113 118 107 121 116 114 87 95 97 92 102 93 124 118 146 137 135 138 145 143 140 130 138 135 115 123 121 127 134 148 151 150 158 155 145 152 156 153 151 160 154 167 154 166 164 159 161 162 168 164 139 133 138 140 124 124 83 60 47 43 48 61 58 61 64 68 67 69 70 71 71 68 75 79 76 70 68 71 66 67 56 61 53 79 76 77 80 90 95 117 115 123 121 117 122 128 127 111 103 142 123 131 118 110 113 117 131 116 110 101 89 94 88 91 88 69 67 69 75 79 92 103 96 84 89 85 75 78 86 80 80 95 110 115 118 111 113 119 118 108 108 99 90 87 86 90 98 93 95 98 93 97 94 95 99 98 103 108 107 106 99 89 89 92 100 103 99 110 103 99 90 87 87 89 103 105 107 107 106 108 108 109 109 109 110 110 110 109 111 108 107 105 103 102 100 99 97 98 96 98 96 96 95 95 97 96 96 98 97 97 98 98 101 100 101 100 100 99 100 99 97 96 96 92 91 91 90 89 87 87 88 88 91 92 94 100 101 102 111 114 130 133 136 141 145 151 152 155 162 162 170 174 175 176 178 182 183 183 185 185 186 188 187 186 186 185 182 182 177 175 173 168 166 159 159 157 148 147 138 136 133 124 123 114 112 110 95 93 91 85 85 80 77 0 0 0 0 0 0 0 0 0 0 0 0 0 0 0 0 0 0 0 0 0 0 0 0 0 0 0 0 0 0 0 0 0 0 0 0 0 0 0 0 0 0 0 0 0 0 0 0 0 0 0 0 0 0 0 0 0 0 0 
0 0 0 0 0 0 0 0 0 0 0 0 0 0 0 0 0 0 0 0 0 0 0 0 0 0 0 0 0 0 0 0 0 0 0 0 0 0 0 0 0 0 0 0 0 0 0 0 0 0 0 0 0 0 0 0 0 0 0 0 0 0 0 0 0 0 0 0 0 0 0 0 0 0 0 0 0 0 0 0 0 0 0 0 0 0 0 0 0 0 0 0 0 0 0 0 0 0 0 0 0 0 0 0 152 151 150 151 150 149 148 146 147 143 144 142 143 144 142 143 143 140 138 140 146 137 170 148 171 154 140 137 137 137 135 137 134 136 133 132 130 129 133 131 128 131 127 127 126 125 124 124 128 127 150 126 146 124 141 135 155 133 122 123 121 116 119 116 115 114 113 107 105 109 116 107 109 106 102 106 99 112 102 105 111 113 118 118 107 114 105 102 97 101 92 100 93 110 129 117 119 115 138 137 143 141 130 130 133 133 131 134 129 150 122 151 150 143 137 150 136 142 155 158 160 167 167 170 165 156 159 156 145 143 164 158 133 143 141 134 105 97 70 50 43 39 18 58 59 55 62 63 66 67 71 73 78 75 75 76 77 74 76 73 65 56 55 54 66 59 68 80 105 112 115 115 124 128 116 116 128 124 116 132 120 123 136 118 114 116 116 111 108 101 93 89 90 88 81 77 75 78 74 81 83 92 91 92 85 81 76 82 91 86 90 80 92 99 114 118 109 107 106 118 103 107 99 90 87 87 88 89 88 95 96 94 97 102 101 98 95 100 101 107 102 88 89 85 86 92 85 98 97 103 94 91 87 90 94 92 98 106 107 111 108 110 111 111 112 111 111 110 111 110 108 106 106 104 103 100 99 98 98 96 98 95 95 95 95 95 95 96 98 96 97 97 96 99 99 99 99 99 99 97 99 98 96 94 92 91 91 90 89 86 87 88 88 88 88 90 95 96 102 106 114 116 117 120 137 138 146 149 155 157 157 164 166 168 173 178 179 180 183 183 184 186 186 187 188 187 185 184 182 181 176 173 173 170 164 163 154 153 147 145 143 141 131 130 120 118 108 108 106 91 91 90 84 0 0 0 0 0 0 0 0 0 0 0 0 0 0 0 0 0 0 0 0 0 0 0 0 0 0 0 0 0 0 0 0 0 0 0 0 0 0 0 0 0 0 0 0 0 0 0 0 0 0 0 0 0 0 0 0 0 0 0 0 
0 0 0 0 0 0 0 0 0 0 0 0 0 0 0 0 0 0 0 0 0 0 0 0 0 0 0 0 0 0 0 0 0 0 0 0 0 0 0 0 0 0 0 0 0 0 0 0 0 0 0 0 0 0 0 0 0 0 0 0 0 0 0 0 0 0 0 0 0 0 0 0 0 0 0 0 0 0 0 0 0 0 0 0 0 0 0 0 0 0 0 0 0 0 0 0 0 0 0 0 0 0 0 0 0 151 150 150 149 149 147 146 147 146 146 143 144 144 142 143 143 148 138 147 171 170 155 154 143 137 140 134 137 136 137 136 135 132 130 130 130 133 133 131 129 128 127 126 125 130 124 148 128 149 149 149 133 127 126 127 129 133 122 121 121 119 117 121 117 119 113 113 129 126 113 97 100 93 99 102 99 110 109 111 114 111 113 114 106 105 105 101 98 92 97 82 103 105 129 110 111 115 117 117 137 140 139 141 133 131 137 134 144 148 154 151 156 143 137 154 149 142 151 155 160 162 163 153 143 156 143 156 153 155 148 147 150 140 121 134 100 97 76 63 42 43 30 16 21 55 51 55 61 64 70 69 73 75 76 76 75 78 72 72 69 66 59 71 55 59 54 81 105 112 115 106 124 113 102 116 121 118 118 131 132 116 111 124 115 116 111 102 110 112 94 90 96 88 77 77 72 67 80 77 82 86 95 92 89 83 76 93 93 88 97 99 88 99 104 101 109 102 98 103 95 103 99 89 91 87 88 93 100 96 98 99 98 92 101 88 95 95 97 97 92 90 86 84 86 82 79 83 89 92 93 96 97 102 94 96 101 102 107 111 111 113 113 113 112 113 112 112 110 110 107 107 104 103 103 101 99 97 96 94 95 95 95 93 95 95 94 95 96 96 96 96 96 98 99 99 98 99 97 96 96 95 96 94 93 91 90 89 87 86 87 87 88 87 88 90 91 92 99 100 108 109 112 120 123 138 140 142 150 151 159 161 163 168 167 168 179 180 180 181 183 184 184 187 187 187 186 185 183 182 181 177 175 170 169 168 161 159 151 149 148 139 137 130 128 126 116 116 114 105 104 90 84 0 0 0 0 0 0 0 0 0 0 0 0 0 0 0 0 0 0 0 0 0 0 0 0 0 0 0 0 0 0 0 0 0 0 0 0 0 0 0 0 0 0 0 0 0 0 0 0 0 0 0 0 0 0 0 0 0 0 0 0 
0 0 0 0 0 0 0 0 0 0 0 0 0 0 0 0 0 0 0 0 0 0 0 0 0 0 0 0 0 0 0 0 0 0 0 0 0 0 0 0 0 0 0 0 0 0 0 0 0 0 0 0 0 0 0 0 0 0 0 0 0 0 0 0 0 0 0 0 0 0 0 0 0 0 0 0 0 0 0 0 0 0 0 0 0 0 0 0 0 0 0 0 0 0 0 0 0 0 0 0 0 0 0 0 0 0 0 150 149 149 148 149 145 144 146 145 144 143 144 152 151 170 170 154 171 147 155 148 138 138 136 137 135 138 137 134 134 135 133 132 133 131 130 130 129 129 128 126 130 149 148 141 145 138 149 136 126 127 126 129 126 123 123 121 121 119 123 124 121 131 130 138 122 104 100 97 97 105 105 109 112 97 90 98 86 111 114 126 116 114 102 91 98 82 86 82 83 89 111 109 118 116 115 114 129 140 143 151 149 151 151 141 148 148 148 151 149 152 154 154 149 150 159 155 147 162 165 165 158 147 162 153 162 155 155 152 142 128 133 111 104 74 75 63 58 32 30 21 23 20 16 55 60 64 65 68 73 78 75 80 74 71 70 70 69 69 71 64 51 66 54 92 80 79 92 106 124 123 118 116 110 124 120 132 132 122 107 115 120 114 94 92 110 97 94 89 93 82 64 68 69 77 80 83 82 88 88 88 99 93 94 99 93 101 97 108 102 85 102 106 91 94 98 92 95 89 87 85 80 85 97 93 100 109 113 97 91 83 84 85 94 103 97 98 98 90 89 86 80 81 83 91 89 92 98 102 103 107 106 108 105 109 111 111 110 112 113 113 112 111 112 112 111 110 109 108 105 103 103 100 99 97 95 94 95 94 93 93 93 93 94 95 95 96 95 95 95 96 97 96 98 99 97 96 96 96 95 94 93 92 91 89 88 86 86 86 86 87 87 90 90 92 93 94 103 104 106 114 116 126 129 142 143 145 153 155 157 162 163 170 171 176 180 181 183 183 181 184 184 186 185 185 184 183 183 180 178 173 172 166 164 159 157 156 154 146 144 136 134 126 124 123 114 112 111 103 0 0 0 0 0 0 0 0 0 0 0 0 0 0 0 0 0 0 0 0 0 0 0 0 0 0 0 0 0 0 0 0 0 0 0 0 0 0 0 0 0 0 0 0 0 0 0 0 0 0 0 0 0 0 0 0 0 0 0 0 0 
0 0 0 0 0 0 0 0 0 0 0 0 0 0 0 0 0 0 0 0 0 0 0 0 0 0 0 0 0 0 0 0 0 0 0 0 0 0 0 0 0 0 0 0 0 0 0 0 0 0 0 0 0 0 0 0 0 0 0 0 0 0 0 0 0 0 0 0 0 0 0 0 0 0 0 0 0 0 0 0 0 0 0 0 0 0 0 0 0 0 0 0 0 0 0 0 0 0 0 0 0 0 0 0 0 0 0 0 0 149 148 149 146 148 146 154 152 171 151 152 149 170 150 145 145 143 141 136 138 138 135 137 136 138 135 136 135 132 133 132 131 131 130 129 128 130 148 147 139 149 139 140 139 129 128 128 130 132 127 129 126 121 123 122 123 123 123 129 153 131 149 120 112 108 108 104 106 109 96 109 91 89 94 85 94 91 116 126 121 114 100 119 123 109 106 91 95 89 106 130 118 135 138 123 136 135 141 151 154 152 151 150 156 140 133 143 136 152 148 150 147 150 159 152 139 145 151 156 158 165 162 168 166 160 144 141 143 146 133 137 104 111 104 74 61 46 29 29 23 19 18 14 14 65 62 59 69 74 75 73 73 73 69 72 69 71 68 60 51 64 71 68 92 98 92 88 125 123 118 130 99 110 119 136 129 110 107 112 120 119 106 113 90 78 83 95 93 90 64 55 57 64 73 81 85 91 88 93 91 93 94 100 95 100 108 107 102 87 116 106 105 102 101 101 79 76 91 85 97 85 98 103 106 109 103 88 80 83 83 83 90 94 105 103 100 95 91 86 86 90 90 98 98 103 109 110 114 107 113 113 110 113 113 111 113 110 111 113 113 113 111 112 111 109 108 105 103 103 104 100 98 98 96 95 93 94 92 93 93 93 94 95 93 94 95 95 95 96 96 96 96 97 97 97 98 96 96 94 93 92 92 90 89 86 87 86 86 87 87 87 88 91 91 96 97 101 106 109 116 120 121 131 131 147 148 149 157 157 158 165 166 171 173 174 179 183 181 182 182 184 184 185 183 182 182 181 178 177 175 170 169 162 160 160 151 150 144 143 141 133 132 131 120 119 111 110 0 0 0 0 0 0 0 0 0 0 0 0 0 0 0 0 0 0 0 0 0 0 0 0 0 0 0 0 0 0 0 0 0 0 0 0 0 0 0 0 0 0 0 0 0 0 0 0 0 0 0 0 0 0 0 0 0 0 0 0 0 
0 0 0 0 0 0 0 0 0 0 0 0 0 0 0 0 0 0 0 0 0 0 0 0 0 0 0 0 0 0 0 0 0 0 0 0 0 0 0 0 0 0 0 0 0 0 0 0 0 0 0 0 0 0 0 0 0 0 0 0 0 0 0 0 0 0 0 0 0 0 0 0 0 0 0 0 0 0 0 0 0 0 0 0 0 0 0 0 0 0 0 0 0 0 0 0 0 0 0 0 0 0 0 0 0 0 0 0 0 0 0 0 146 148 171 154 172 153 143 143 143 145 147 145 141 143 140 139 138 138 137 138 138 138 137 136 135 134 135 133 133 130 141 129 130 140 148 136 137 139 132 129 127 129 128 127 132 131 125 122 121 122 119 129 123 138 153 129 153 125 116 120 107 107 108 105 106 104 100 93 99 106 104 114 94 119 120 131 130 132 122 113 117 111 106 101 99 98 125 135 135 122 138 130 136 138 138 144 145 144 147 145 156 157 133 135 137 134 138 132 156 155 146 152 139 143 147 144 158 158 166 163 166 156 155 149 154 143 141 139 127 113 104 80 65 46 50 31 26 25 13 13 14 19 28 41 67 68 71 72 70 70 71 72 68 67 68 63 59 66 71 77 82 98 89 73 96 92 130 130 99 123 127 136 125 108 108 111 108 112 109 101 87 78 76 90 95 87 76 70 69 64 79 81 91 100 88 81 83 91 100 100 94 100 99 101 99 94 102 113 112 102 98 92 90 90 102 107 110 99 92 103 96 95 103 88 80 78 79 86 87 94 95 96 100 97 99 89 97 100 105 98 106 111 117 116 120 117 118 116 116 115 113 115 115 112 112 111 110 113 113 113 111 110 109 106 105 105 101 100 98 97 96 95 94 92 92 92 92 93 94 95 93 94 95 94 95 95 96 96 96 97 97 97 98 97 97 95 93 93 92 90 89 89 88 86 88 86 87 87 88 89 89 94 95 97 102 104 113 115 121 122 125 133 136 137 151 152 160 160 166 166 168 169 175 174 179 182 183 182 184 183 182 181 182 181 181 180 175 173 169 167 166 164 157 156 148 148 141 139 137 131 129 128 119 110 0 0 0 0 0 0 0 0 0 0 0 0 0 0 0 0 0 0 0 0 0 0 0 0 0 0 0 0 0 0 0 0 0 0 0 0 0 0 0 0 0 0 0 0 0 0 0 0 0 0 0 0 0 0 0 0 0 0 0 0 0 
0 0 0 0 0 0 0 0 0 0 0 0 0 0 0 0 0 0 0 0 0 0 0 0 0 0 0 0 0 0 0 0 0 0 0 0 0 0 0 0 0 0 0 0 0 0 0 0 0 0 0 0 0 0 0 0 0 0 0 0 0 0 0 0 0 0 0 0 0 0 0 0 0 0 0 0 0 0 0 0 0 0 0 0 0 0 0 0 0 0 0 0 0 0 0 0 0 0 0 0 0 0 0 0 0 0 0 0 0 0 0 0 0 0 171 154 145 144 143 144 143 147 146 144 139 138 137 141 138 137 137 139 138 136 137 135 134 135 135 133 135 140 147 146 129 140 134 139 137 137 126 126 127 127 131 131 132 126 125 123 122 121 124 152 155 132 125 123 137 125 116 112 111 109 108 111 107 104 100 101 107 121 115 95 106 101 120 108 130 118 113 104 109 109 111 114 99 120 117 135 122 121 116 118 131 126 138 141 147 144 144 144 147 150 156 150 137 138 139 132 138 148 150 150 146 143 147 144 149 158 160 160 161 163 159 153 157 143 141 144 134 125 100 79 73 47 35 31 26 26 17 11 12 10 11 55 57 68 69 67 78 69 70 72 67 68 71 63 69 68 65 83 68 85 79 95 73 92 96 110 89 123 127 130 107 108 111 111 103 107 111 101 101 74 89 90 73 87 73 63 64 68 72 84 96 100 97 82 83 84 100 101 96 85 89 101 95 86 102 111 112 108 101 91 92 99 102 111 110 101 90 87 83 95 86 78 76 78 79 79 78 86 89 94 98 106 99 107 116 108 112 112 118 123 123 125 120 121 123 119 119 119 117 115 112 112 112 111 111 110 111 111 111 110 109 106 105 104 102 99 98 97 95 94 94 94 92 92 92 92 93 91 92 94 95 93 95 95 97 95 97 96 96 97 98 97 96 95 94 93 92 91 90 89 88 88 86 86 87 87 88 88 91 91 93 97 98 99 107 108 116 118 126 129 130 137 139 138 154 155 160 162 163 171 170 174 175 175 183 182 182 182 181 181 180 181 181 180 178 178 171 169 168 162 161 156 154 154 146 145 144 136 135 128 127 0 0 0 0 0 0 0 0 0 0 0 0 0 0 0 0 0 0 0 0 0 0 0 0 0 0 0 0 0 0 0 0 0 0 0 0 0 0 0 0 0 0 0 0 0 0 0 0 0 0 0 0 0 0 0 0 0 0 0 0 0 0 
0 0 0 0 0 0 0 0 0 0 0 0 0 0 0 0 0 0 0 0 0 0 0 0 0 0 0 0 0 0 0 0 0 0 0 0 0 0 0 0 0 0 0 0 0 0 0 0 0 0 0 0 0 0 0 0 0 0 0 0 0 0 0 0 0 0 0 0 0 0 0 0 0 0 0 0 0 0 0 0 0 0 0 0 0 0 0 0 0 0 0 0 0 0 0 0 0 0 0 0 0 0 0 0 0 0 0 0 0 0 0 0 0 0 0 154 145 144 147 148 148 144 146 143 142 138 140 138 137 140 140 138 138 138 137 136 135 136 135 148 147 131 147 131 134 140 131 128 129 127 126 128 127 129 131 129 128 124 126 124 123 145 151 152 142 124 125 123 121 122 113 112 111 109 115 114 112 115 110 123 106 98 100 95 96 97 96 99 100 103 114 104 127 109 110 117 112 99 102 111 110 121 113 118 114 116 115 113 128 147 144 144 141 150 151 151 142 141 144 147 157 148 151 153 146 155 163 149 149 141 133 160 150 149 155 146 154 153 144 144 131 125 95 85 77 60 40 24 24 22 14 11 13 11 8 29 46 55 59 67 64 67 70 71 69 64 68 69 74 68 72 61 68 75 89 93 92 71 89 76 107 109 108 130 107 102 105 114 108 98 111 103 101 88 95 81 70 73 66 63 64 76 72 82 84 100 97 90 88 91 100 102 96 85 79 89 88 92 97 99 112 106 98 92 88 86 104 104 107 97 90 89 94 89 90 85 79 82 80 79 78 79 88 96 97 105 113 119 121 124 112 117 123 128 127 130 127 127 123 122 123 119 117 116 116 115 112 111 111 110 110 111 111 110 108 106 104 103 102 98 97 97 96 95 94 94 93 93 92 92 91 91 92 92 94 93 95 95 94 95 95 96 96 96 96 97 96 95 94 93 94 92 90 89 89 88 87 85 87 87 87 87 89 89 91 95 96 102 103 108 110 111 118 120 122 131 132 139 140 155 155 157 158 165 165 171 171 176 175 179 182 182 181 180 180 179 178 180 178 178 177 175 173 166 165 159 159 154 151 150 144 143 142 135 127 0 0 0 0 0 0 0 0 0 0 0 0 0 0 0 0 0 0 0 0 0 0 0 0 0 0 0 0 0 0 0 0 0 0 0 0 0 0 0 0 0 0 0 0 0 0 0 0 0 0 0 0 0 0 0 0 0 0 0 0 0 0 
0 0 0 0 0 0 0 0 0 0 0 0 0 0 0 0 0 0 0 0 0 0 0 0 0 0 0 0 0 0 0 0 0 0 0 0 0 0 0 0 0 0 0 0 0 0 0 0 0 0 0 0 0 0 0 0 0 0 0 0 0 0 0 0 0 0 0 0 0 0 0 0 0 0 0 0 0 0 0 0 0 0 0 0 0 0 0 0 0 0 0 0 0 0 0 0 0 0 0 0 0 0 0 0 0 0 0 0 0 0 0 0 0 0 0 0 0 0 147 148 147 145 142 141 141 142 142 138 140 140 139 138 138 135 134 139 142 136 146 139 137 132 136 138 128 128 129 128 128 125 126 127 129 132 129 128 126 124 126 131 138 159 128 125 125 125 125 123 123 122 117 116 121 118 115 114 131 115 130 115 112 110 101 100 95 97 107 99 116 117 113 116 114 127 122 117 121 124 102 113 120 113 113 123 126 116 125 134 128 141 145 141 141 137 135 151 154 147 144 156 151 151 140 167 169 163 163 161 167 141 133 144 156 155 161 156 154 158 154 131 129 112 96 80 68 55 40 31 24 23 18 11 14 13 8 14 46 52 55 61 59 60 67 68 69 67 68 68 68 74 68 58 60 70 89 95 92 82 94 80 94 96 103 91 113 102 105 103 102 92 97 94 99 100 95 90 85 68 65 66 71 73 76 83 84 95 115 90 93 87 97 100 90 78 79 79 107 92 103 102 98 97 87 84 90 86 93 97 97 91 96 96 99 98 97 85 89 89 82 80 79 79 88 102 108 105 111 118 122 126 127 133 135 130 132 130 130 130 127 126 125 121 120 116 116 115 113 112 111 111 109 110 109 110 108 106 105 104 102 100 99 97 96 95 94 94 93 92 92 92 91 93 92 92 93 94 95 95 94 94 94 96 95 96 96 96 96 96 95 95 93 91 90 89 89 88 87 86 87 87 87 87 88 90 91 93 94 97 98 104 107 112 113 115 122 123 124 133 134 142 143 143 160 158 165 165 165 172 171 175 176 176 178 180 180 179 178 177 177 177 176 174 173 171 165 164 163 157 156 155 148 147 142 141 0 0 0 0 0 0 0 0 0 0 0 0 0 0 0 0 0 0 0 0 0 0 0 0 0 0 0 0 0 0 0 0 0 0 0 0 0 0 0 0 0 0 0 0 0 0 0 0 0 0 0 0 0 0 0 0 0 0 0 0 0 0 0 
0 0 0 0 0 0 0 0 0 0 0 0 0 0 0 0 0 0 0 0 0 0 0 0 0 0 0 0 0 0 0 0 0 0 0 0 0 0 0 0 0 0 0 0 0 0 0 0 0 0 0 0 0 0 0 0 0 0 0 0 0 0 0 0 0 0 0 0 0 0 0 0 0 0 0 0 0 0 0 0 0 0 0 0 0 0 0 0 0 0 0 0 0 0 0 0 0 0 0 0 0 0 0 0 0 0 0 0 0 0 0 0 0 0 0 0 0 0 0 0 147 145 145 142 141 143 143 141 141 140 139 138 137 137 138 143 146 142 133 130 140 132 138 131 129 129 127 127 127 128 134 127 132 131 127 127 126 127 158 131 134 125 128 124 123 122 123 123 123 122 121 120 121 117 137 124 131 125 110 108 105 104 101 102 108 102 108 104 104 111 113 113 114 108 105 116 122 122 121 115 120 104 113 103 101 116 107 110 128 127 145 150 154 140 146 143 138 142 142 145 151 147 152 131 130 139 162 157 162 153 161 144 156 158 151 151 148 154 151 146 129 124 104 78 68 59 47 41 24 17 18 21 20 11 7 13 36 55 55 58 56 60 60 64 63 63 66 69 68 70 68 58 59 64 62 67 93 96 88 80 76 96 107 90 93 97 91 103 102 92 100 94 97 92 88 79 71 64 61 66 72 73 87 92 89 108 116 107 103 87 95 95 88 79 85 99 107 101 97 102 103 100 95 91 97 102 104 90 89 91 93 90 94 92 93 95 93 84 78 80 78 87 99 102 108 113 118 118 126 126 129 132 136 137 138 133 134 130 129 128 125 126 126 120 119 116 115 112 112 111 109 108 109 109 108 106 105 104 103 100 99 97 97 94 94 93 92 93 92 91 91 92 91 92 93 93 93 94 95 94 94 95 95 96 96 96 96 95 95 95 93 92 91 89 88 88 87 87 87 87 87 86 86 88 91 92 95 97 98 100 102 108 108 109 116 117 126 127 134 134 134 136 145 144 159 159 165 165 171 171 172 172 173 174 178 179 178 178 177 176 175 175 173 173 169 169 163 160 159 155 154 154 146 141 0 0 0 0 0 0 0 0 0 0 0 0 0 0 0 0 0 0 0 0 0 0 0 0 0 0 0 0 0 0 0 0 0 0 0 0 0 0 0 0 0 0 0 0 0 0 0 0 0 0 0 0 0 0 0 0 0 0 0 0 0 0 0 
0 0 0 0 0 0 0 0 0 0 0 0 0 0 0 0 0 0 0 0 0 0 0 0 0 0 0 0 0 0 0 0 0 0 0 0 0 0 0 0 0 0 0 0 0 0 0 0 0 0 0 0 0 0 0 0 0 0 0 0 0 0 0 0 0 0 0 0 0 0 0 0 0 0 0 0 0 0 0 0 0 0 0 0 0 0 0 0 0 0 0 0 0 0 0 0 0 0 0 0 0 0 0 0 0 0 0 0 0 0 0 0 0 0 0 0 0 0 0 0 0 0 145 143 144 143 143 143 141 140 139 137 137 137 147 136 146 134 135 138 136 133 129 129 127 128 127 128 128 132 132 131 129 129 127 138 126 149 153 145 126 123 124 124 125 126 123 124 123 121 123 126 130 133 137 113 131 125 110 108 107 113 112 107 108 109 108 106 111 100 95 88 107 99 105 112 105 122 111 117 119 122 104 110 101 101 111 110 116 125 135 139 155 147 146 146 136 142 146 143 144 146 149 148 146 139 145 141 152 148 151 154 155 158 151 151 156 152 154 145 142 137 132 76 77 59 53 33 25 25 21 21 14 11 12 13 16 37 54 55 57 60 61 64 62 63 68 63 71 73 71 67 77 64 52 67 81 96 70 85 69 73 78 90 86 97 80 83 70 89 100 103 93 92 81 79 75 68 65 65 71 83 90 92 100 115 116 105 99 102 100 91 86 79 85 88 100 108 100 103 110 102 104 101 97 103 101 93 91 94 91 90 85 82 93 96 92 86 81 78 91 102 108 112 111 113 118 122 125 129 133 134 136 139 138 139 139 134 132 133 129 130 126 122 119 118 117 113 112 113 111 109 109 109 108 108 105 104 102 100 98 97 97 95 95 92 93 92 94 92 91 91 91 90 91 93 93 93 94 95 95 95 95 96 96 96 95 96 95 93 92 91 91 89 88 87 87 87 87 87 86 86 87 88 90 88 92 94 97 98 102 103 103 109 109 110 118 118 127 128 129 137 136 144 144 144 160 159 165 166 166 170 171 174 174 173 176 178 176 175 175 175 174 173 171 171 168 167 167 157 156 154 153 0 0 0 0 0 0 0 0 0 0 0 0 0 0 0 0 0 0 0 0 0 0 0 0 0 0 0 0 0 0 0 0 0 0 0 0 0 0 0 0 0 0 0 0 0 0 0 0 0 0 0 0 0 0 0 0 0 0 0 0 0 0 0 0 
0 0 0 0 0 0 0 0 0 0 0 0 0 0 0 0 0 0 0 0 0 0 0 0 0 0 0 0 0 0 0 0 0 0 0 0 0 0 0 0 0 0 0 0 0 0 0 0 0 0 0 0 0 0 0 0 0 0 0 0 0 0 0 0 0 0 0 0 0 0 0 0 0 0 0 0 0 0 0 0 0 0 0 0 0 0 0 0 0 0 0 0 0 0 0 0 0 0 0 0 0 0 0 0 0 0 0 0 0 0 0 0 0 0 0 0 0 0 0 0 0 0 0 143 144 143 143 141 141 143 139 140 146 146 141 135 133 143 141 131 136 132 130 129 129 129 127 131 133 135 132 130 128 143 153 144 160 129 153 126 126 123 125 126 126 125 123 122 123 124 140 126 141 123 116 112 112 113 113 110 107 113 108 111 109 109 117 109 95 100 93 88 94 98 100 114 119 123 127 117 111 122 117 116 110 106 108 125 137 125 133 145 124 122 130 136 146 129 124 143 135 132 144 138 132 153 157 147 152 148 148 152 149 150 156 150 156 139 140 145 131 135 139 123 88 63 44 33 29 25 26 25 21 13 15 9 19 37 54 57 57 57 57 63 60 58 59 63 63 69 71 69 69 67 61 79 84 61 70 63 69 54 63 58 60 76 59 64 70 69 87 103 93 88 86 76 73 67 65 67 79 87 86 92 98 107 109 105 99 90 89 99 99 87 87 93 105 105 100 107 115 109 104 99 98 95 95 93 91 96 94 83 83 88 88 96 90 89 81 87 97 107 112 117 118 123 119 122 125 128 131 133 136 137 139 140 139 140 140 133 132 132 127 126 122 121 117 115 113 113 114 109 110 110 108 106 105 104 100 100 99 98 96 96 94 94 93 92 91 92 92 91 90 90 92 93 92 93 94 94 95 95 95 96 96 96 96 96 95 94 93 91 89 88 87 86 87 87 86 86 87 86 86 89 86 90 90 94 94 95 99 99 100 103 104 110 111 118 118 118 119 129 127 137 138 144 145 159 159 159 159 166 166 171 170 173 171 176 176 175 175 173 171 172 172 171 170 168 167 165 165 156 153 0 0 0 0 0 0 0 0 0 0 0 0 0 0 0 0 0 0 0 0 0 0 0 0 0 0 0 0 0 0 0 0 0 0 0 0 0 0 0 0 0 0 0 0 0 0 0 0 0 0 0 0 0 0 0 0 0 0 0 0 0 0 0 0 
0 0 0 0 0 0 0 0 0 0 0 0 0 0 0 0 0 0 0 0 0 0 0 0 0 0 0 0 0 0 0 0 0 0 0 0 0 0 0 0 0 0 0 0 0 0 0 0 0 0 0 0 0 0 0 0 0 0 0 0 0 0 0 0 0 0 0 0 0 0 0 0 0 0 0 0 0 0 0 0 0 0 0 0 0 0 0 0 0 0 0 0 0 0 0 0 0 0 0 0 0 0 0 0 0 0 0 0 0 0 0 0 0 0 0 0 0 0 0 0 0 0 0 0 0 0 143 141 141 146 145 137 136 138 143 135 142 134 132 132 132 130 132 130 130 129 129 133 135 128 128 137 157 154 129 144 126 124 126 125 126 125 124 126 125 125 122 125 123 132 136 129 120 123 118 112 115 114 113 109 108 111 108 111 106 109 109 94 94 94 99 95 105 98 109 111 119 123 120 117 116 111 109 116 111 93 108 104 102 130 127 147 147 122 147 149 138 140 146 132 141 137 146 157 132 148 161 150 151 148 153 152 153 138 156 155 153 139 140 138 146 141 122 106 88 71 62 29 22 27 30 28 12 17 15 17 16 45 52 55 55 56 57 59 60 58 58 64 61 63 68 64 69 72 61 80 78 70 68 72 64 58 63 49 51 62 50 59 61 68 67 63 95 88 86 77 73 72 75 88 82 86 86 87 110 107 109 114 99 89 99 105 99 93 85 96 101 98 112 120 112 103 103 99 101 100 92 95 96 97 94 92 101 88 98 108 104 110 99 108 114 115 120 117 121 126 126 131 130 128 131 133 140 137 140 143 141 142 142 140 140 132 131 126 126 125 118 117 116 113 111 109 109 110 109 106 104 102 101 100 99 98 96 95 94 94 93 93 92 91 92 91 92 92 92 93 93 94 95 95 96 95 95 96 96 96 96 97 96 94 92 91 90 89 88 86 87 86 85 86 85 85 86 87 87 88 88 92 91 95 96 96 100 100 100 104 103 110 110 111 120 119 127 127 128 138 136 145 145 146 159 159 166 166 165 169 168 172 171 172 174 173 171 171 169 170 169 168 167 167 165 164 0 0 0 0 0 0 0 0 0 0 0 0 0 0 0 0 0 0 0 0 0 0 0 0 0 0 0 0 0 0 0 0 0 0 0 0 0 0 0 0 0 0 0 0 0 0 0 0 0 0 0 0 0 0 0 0 0 0 0 0 0 0 0 0 0 
0 0 0 0 0 0 0 0 0 0 0 0 0 0 0 0 0 0 0 0 0 0 0 0 0 0 0 0 0 0 0 0 0 0 0 0 0 0 0 0 0 0 0 0 0 0 0 0 0 0 0 0 0 0 0 0 0 0 0 0 0 0 0 0 0 0 0 0 0 0 0 0 0 0 0 0 0 0 0 0 0 0 0 0 0 0 0 0 0 0 0 0 0 0 0 0 0 0 0 0 0 0 0 0 0 0 0 0 0 0 0 0 0 0 0 0 0 0 0 0 0 0 0 0 0 0 0 0 141 146 143 136 138 143 136 135 133 133 131 132 130 131 131 129 131 131 134 133 131 128 132 156 142 134 127 125 124 124 126 127 126 128 125 125 126 125 125 125 127 125 136 122 122 119 120 118 117 116 113 111 108 116 108 109 106 100 95 100 94 105 99 106 99 100 104 97 110 101 120 112 119 116 126 117 123 120 96 100 102 103 103 127 136 144 143 154 144 152 146 147 138 134 141 146 161 147 163 155 151 144 142 137 125 142 141 150 156 155 147 138 146 141 125 117 92 60 62 25 22 26 35 34 14 20 19 19 16 49 51 55 56 57 59 64 58 60 58 59 67 63 67 62 62 62 72 77 69 70 77 72 68 61 58 54 41 41 46 59 56 68 62 64 70 81 75 77 73 72 76 89 98 98 95 103 110 111 110 114 117 109 95 102 101 98 96 96 91 98 102 106 118 106 104 112 110 96 101 95 100 105 100 107 114 112 119 108 116 110 113 113 117 118 121 124 128 126 133 131 135 138 142 142 140 145 149 143 145 147 142 143 143 139 139 129 128 125 123 120 116 115 113 110 111 107 105 106 105 101 101 101 99 97 96 95 94 94 93 93 92 92 93 92 92 92 94 94 93 94 95 96 96 96 96 97 97 97 96 97 96 96 94 92 91 89 87 87 87 86 85 85 85 86 86 85 89 88 88 89 89 92 92 93 97 97 100 98 103 103 102 102 111 111 119 118 128 129 136 137 137 137 145 145 159 159 165 164 164 168 168 168 170 170 171 171 169 169 168 168 167 167 167 164 0 0 0 0 0 0 0 0 0 0 0 0 0 0 0 0 0 0 0 0 0 0 0 0 0 0 0 0 0 0 0 0 0 0 0 0 0 0 0 0 0 0 0 0 0 0 0 0 0 0 0 0 0 0 0 0 0 0 0 0 0 0 0 0 0 
0 0 0 0 0 0 0 0 0 0 0 0 0 0 0 0 0 0 0 0 0 0 0 0 0 0 0 0 0 0 0 0 0 0 0 0 0 0 0 0 0 0 0 0 0 0 0 0 0 0 0 0 0 0 0 0 0 0 0 0 0 0 0 0 0 0 0 0 0 0 0 0 0 0 0 0 0 0 0 0 0 0 0 0 0 0 0 0 0 0 0 0 0 0 0 0 0 0 0 0 0 0 0 0 0 0 0 0 0 0 0 0 0 0 0 0 0 0 0 0 0 0 0 0 0 0 0 0 0 0 143 136 141 135 136 134 138 135 133 131 130 131 131 130 131 132 131 130 135 146 151 131 142 127 127 126 124 124 127 126 126 126 125 126 126 125 129 136 133 122 123 121 122 120 120 119 117 118 112 119 114 112 108 109 109 100 95 100 103 101 101 93 99 100 105 97 108 108 113 117 128 128 126 135 120 110 108 111 101 103 115 118 136 138 129 118 144 133 153 153 140 145 131 146 144 146 146 150 154 154 142 155 155 142 150 146 149 149 155 150 142 136 125 117 92 75 51 35 30 45 46 34 21 20 20 16 22 47 52 55 60 57 67 64 62 63 66 72 71 65 61 62 62 62 61 65 64 69 67 68 63 61 67 60 43 47 47 41 43 45 47 64 74 77 81 73 75 76 76 94 99 98 100 105 111 118 117 113 112 95 99 102 102 102 90 93 87 93 101 106 100 105 104 112 114 105 108 106 112 105 120 125 114 122 124 122 122 117 117 121 119 122 121 124 128 131 133 137 141 145 142 150 145 145 149 151 152 153 147 147 143 142 139 137 135 126 124 124 118 116 113 112 112 110 107 105 103 101 101 99 99 98 96 95 94 94 93 93 92 93 93 93 93 92 93 94 94 95 96 97 96 97 97 97 97 98 97 97 97 96 94 92 92 91 88 87 86 86 85 86 86 86 86 86 86 86 89 90 89 89 89 93 90 93 94 93 96 97 96 102 101 111 110 109 119 119 129 128 128 137 137 145 145 145 159 159 164 164 163 168 167 170 169 168 169 169 168 168 168 167 167 0 0 0 0 0 0 0 0 0 0 0 0 0 0 0 0 0 0 0 0 0 0 0 0 0 0 0 0 0 0 0 0 0 0 0 0 0 0 0 0 0 0 0 0 0 0 0 0 0 0 0 0 0 0 0 0 0 0 0 0 0 0 0 0 0 0 
0 0 0 0 0 0 0 0 0 0 0 0 0 0 0 0 0 0 0 0 0 0 0 0 0 0 0 0 0 0 0 0 0 0 0 0 0 0 0 0 0 0 0 0 0 0 0 0 0 0 0 0 0 0 0 0 0 0 0 0 0 0 0 0 0 0 0 0 0 0 0 0 0 0 0 0 0 0 0 0 0 0 0 0 0 0 0 0 0 0 0 0 0 0 0 0 0 0 0 0 0 0 0 0 0 0 0 0 0 0 0 0 0 0 0 0 0 0 0 0 0 0 0 0 0 0 0 0 0 0 0 0 141 135 138 135 138 134 133 131 132 132 131 134 135 131 131 152 135 156 135 131 129 128 124 125 124 128 128 126 127 126 125 126 125 138 129 138 124 122 124 121 122 122 122 119 118 118 120 119 115 113 111 105 100 102 105 105 103 101 93 89 95 112 105 102 107 108 112 123 114 110 115 118 129 122 126 111 116 116 109 116 118 118 115 115 114 133 134 133 145 138 135 130 133 147 143 150 152 155 153 154 150 152 147 146 144 149 155 151 140 140 128 119 92 75 38 35 32 45 47 47 56 24 23 16 43 50 52 54 58 65 64 65 64 63 66 65 71 64 63 61 57 62 58 56 64 60 67 65 63 66 59 54 58 59 47 44 38 45 49 61 67 80 75 70 75 84 91 94 99 101 106 107 115 121 117 115 111 91 92 93 89 88 92 92 87 93 104 108 111 114 107 111 109 112 108 112 118 118 126 130 130 128 124 125 122 121 121 123 121 124 124 128 128 133 133 138 142 145 148 151 153 155 152 151 152 153 152 150 146 145 140 138 135 134 131 124 121 119 114 113 111 108 107 107 102 101 99 98 98 96 96 95 95 94 94 94 93 94 94 94 93 93 94 94 94 96 96 97 98 98 98 97 98 98 98 99 98 97 96 92 92 90 87 87 87 87 86 86 85 86 86 86 87 86 87 88 90 89 89 88 90 93 90 93 92 91 90 95 93 100 100 109 108 119 119 119 119 128 128 137 137 145 145 144 159 159 158 163 163 166 166 168 168 167 168 168 168 167 167 0 0 0 0 0 0 0 0 0 0 0 0 0 0 0 0 0 0 0 0 0 0 0 0 0 0 0 0 0 0 0 0 0 0 0 0 0 0 0 0 0 0 0 0 0 0 0 0 0 0 0 0 0 0 0 0 0 0 0 0 0 0 0 0 0 0 
0 0 0 0 0 0 0 0 0 0 0 0 0 0 0 0 0 0 0 0 0 0 0 0 0 0 0 0 0 0 0 0 0 0 0 0 0 0 0 0 0 0 0 0 0 0 0 0 0 0 0 0 0 0 0 0 0 0 0 0 0 0 0 0 0 0 0 0 0 0 0 0 0 0 0 0 0 0 0 0 0 0 0 0 0 0 0 0 0 0 0 0 0 0 0 0 0 0 0 0 0 0 0 0 0 0 0 0 0 0 0 0 0 0 0 0 0 0 0 0 0 0 0 0 0 0 0 0 0 0 0 0 0 0 138 135 136 135 133 131 132 128 138 134 134 136 143 150 141 131 131 131 128 128 127 125 125 129 129 127 128 126 130 126 136 131 130 123 122 123 124 121 123 124 121 120 120 120 122 115 112 113 111 108 105 106 102 98 100 87 93 89 110 107 105 103 101 108 101 111 116 110 113 123 128 131 132 126 115 116 110 116 114 114 114 116 119 110 118 133 121 125 135 133 134 135 131 149 139 155 148 149 150 157 160 147 145 148 142 146 140 132 128 98 75 64 38 32 48 51 47 58 56 57 57 31 52 55 53 55 58 62 64 64 59 63 63 62 63 60 63 58 56 57 57 55 60 57 61 59 63 62 61 60 60 60 55 51 41 46 49 51 62 69 70 71 81 89 93 94 103 101 106 107 101 108 119 109 101 94 92 87 89 95 91 87 100 107 104 115 114 114 115 115 112 118 117 125 118 129 131 130 132 131 129 129 125 123 124 123 124 124 124 127 130 132 138 142 146 145 152 151 154 157 155 157 158 155 152 150 149 145 144 143 136 136 134 129 125 119 117 116 112 109 108 105 102 101 99 98 97 96 96 95 94 94 93 94 95 94 94 95 94 95 95 96 97 97 97 97 98 98 98 99 99 99 100 99 98 97 97 96 94 90 87 89 87 87 86 85 85 86 85 86 86 87 88 88 88 87 89 88 88 89 87 86 86 84 90 87 93 92 90 99 98 108 108 108 119 118 128 129 130 137 137 145 145 145 158 159 159 162 162 166 166 166 167 167 168 167 0 0 0 0 0 0 0 0 0 0 0 0 0 0 0 0 0 0 0 0 0 0 0 0 0 0 0 0 0 0 0 0 0 0 0 0 0 0 0 0 0 0 0 0 0 0 0 0 0 0 0 0 0 0 0 0 0 0 0 0 0 0 0 0 0 0 0 
0 0 0 0 0 0 0 0 0 0 0 0 0 0 0 0 0 0 0 0 0 0 0 0 0 0 0 0 0 0 0 0 0 0 0 0 0 0 0 0 0 0 0 0 0 0 0 0 0 0 0 0 0 0 0 0 0 0 0 0 0 0 0 0 0 0 0 0 0 0 0 0 0 0 0 0 0 0 0 0 0 0 0 0 0 0 0 0 0 0 0 0 0 0 0 0 0 0 0 0 0 0 0 0 0 0 0 0 0 0 0 0 0 0 0 0 0 0 0 0 0 0 0 0 0 0 0 0 0 0 0 0 0 0 0 0 136 135 133 132 134 136 136 143 149 136 134 150 132 132 129 128 129 128 124 125 125 128 129 127 128 126 139 138 125 131 124 125 122 124 124 125 124 120 121 121 120 122 122 115 114 111 111 108 105 105 102 100 111 112 104 105 110 107 108 91 101 96 90 100 108 115 102 97 117 107 132 130 119 104 114 114 114 110 119 119 119 118 122 125 119 124 124 132 134 137 131 126 139 136 147 147 153 152 160 151 145 145 147 142 146 120 113 97 75 46 42 32 48 51 55 58 61 61 57 60 57 55 53 55 57 57 58 54 59 56 57 62 61 61 59 57 57 55 55 55 57 53 56 56 58 59 64 62 60 60 57 57 45 40 46 54 72 71 74 71 81 92 93 100 106 106 99 99 101 108 116 113 106 97 89 96 90 96 95 87 96 103 111 115 116 114 118 115 126 118 124 129 131 133 134 132 133 131 130 129 127 125 124 122 123 125 127 127 133 132 137 141 143 150 153 154 158 157 158 161 158 158 158 155 149 148 147 143 142 138 134 133 130 124 123 114 112 109 109 106 104 101 101 97 97 95 95 95 94 93 94 93 94 95 95 95 97 97 95 96 96 97 97 96 97 98 99 100 99 99 100 99 98 98 96 95 94 93 92 89 87 87 86 86 86 85 85 87 86 86 87 88 88 88 87 87 88 84 87 85 83 81 82 82 85 83 90 90 89 98 99 99 110 109 119 119 130 130 131 137 138 138 146 146 158 159 162 163 164 166 166 166 166 167 0 0 0 0 0 0 0 0 0 0 0 0 0 0 0 0 0 0 0 0 0 0 0 0 0 0 0 0 0 0 0 0 0 0 0 0 0 0 0 0 0 0 0 0 0 0 0 0 0 0 0 0 0 0 0 0 0 0 0 0 0 0 0 0 0 0 0 
0 0 0 0 0 0 0 0 0 0 0 0 0 0 0 0 0 0 0 0 0 0 0 0 0 0 0 0 0 0 0 0 0 0 0 0 0 0 0 0 0 0 0 0 0 0 0 0 0 0 0 0 0 0 0 0 0 0 0 0 0 0 0 0 0 0 0 0 0 0 0 0 0 0 0 0 0 0 0 0 0 0 0 0 0 0 0 0 0 0 0 0 0 0 0 0 0 0 0 0 0 0 0 0 0 0 0 0 0 0 0 0 0 0 0 0 0 0 0 0 0 0 0 0 0 0 0 0 0 0 0 0 0 0 0 0 0 0 133 132 134 150 136 156 137 134 130 130 129 130 129 128 129 126 125 124 128 128 128 129 128 140 139 132 123 124 123 123 123 124 124 124 124 123 122 121 124 121 117 115 114 112 115 110 107 105 107 110 104 100 104 94 96 95 108 91 92 102 105 107 108 102 108 115 97 109 107 112 119 110 114 114 109 110 103 107 119 120 122 127 134 124 136 135 132 141 140 142 139 151 137 147 130 130 136 139 147 148 152 142 127 120 126 106 66 58 33 40 50 50 55 58 59 60 58 61 61 56 55 55 53 54 56 52 52 50 54 57 59 61 57 56 55 55 55 57 55 57 56 56 58 57 59 56 59 61 61 61 60 40 47 56 59 65 74 90 100 95 92 100 106 107 98 98 97 105 116 113 98 97 88 88 85 90 100 99 104 103 122 123 116 117 123 122 126 129 132 129 132 133 134 135 133 130 130 128 126 124 124 123 123 125 126 129 132 137 140 143 143 152 153 156 159 159 161 162 160 161 158 158 157 148 147 146 144 142 137 135 130 128 128 121 118 112 109 107 103 101 101 99 98 96 96 96 94 95 94 95 94 95 95 96 97 97 98 98 97 98 97 98 98 99 99 99 100 100 100 99 98 99 97 96 94 94 91 90 90 87 86 86 87 84 85 86 86 87 87 87 86 88 86 86 84 82 83 80 80 81 77 82 79 76 83 82 89 90 91 99 98 109 109 109 120 122 130 130 130 138 139 139 146 148 159 159 160 164 164 166 166 0 0 0 0 0 0 0 0 0 0 0 0 0 0 0 0 0 0 0 0 0 0 0 0 0 0 0 0 0 0 0 0 0 0 0 0 0 0 0 0 0 0 0 0 0 0 0 0 0 0 0 0 0 0 0 0 0 0 0 0 0 0 0 0 0 0 0 0 
0 0 0 0 0 0 0 0 0 0 0 0 0 0 0 0 0 0 0 0 0 0 0 0 0 0 0 0 0 0 0 0 0 0 0 0 0 0 0 0 0 0 0 0 0 0 0 0 0 0 0 0 0 0 0 0 0 0 0 0 0 0 0 0 0 0 0 0 0 0 0 0 0 0 0 0 0 0 0 0 0 0 0 0 0 0 0 0 0 0 0 0 0 0 0 0 0 0 0 0 0 0 0 0 0 0 0 0 0 0 0 0 0 0 0 0 0 0 0 0 0 0 0 0 0 0 0 0 0 0 0 0 0 0 0 0 0 0 0 0 0 150 147 132 137 131 130 130 131 130 129 127 128 126 125 126 129 128 129 131 136 133 127 123 123 123 123 123 123 124 125 124 122 123 123 121 127 121 118 118 116 116 110 109 112 105 113 105 104 100 97 100 92 88 90 91 92 102 101 109 115 123 117 121 115 109 114 105 107 90 95 99 115 110 102 107 113 104 110 111 105 137 131 135 138 141 135 133 141 126 127 130 143 130 145 139 146 153 131 142 136 115 106 106 68 68 30 42 45 49 54 59 59 60 60 58 61 59 58 54 55 54 50 52 50 50 54 54 53 55 55 54 55 55 55 56 55 57 56 58 57 60 59 58 59 63 63 62 67 54 54 56 75 86 74 93 100 107 104 93 95 90 84 86 97 87 91 101 98 91 80 73 85 95 100 106 114 116 126 129 123 126 123 129 126 128 132 133 133 135 132 133 133 132 130 128 127 125 124 122 123 124 126 127 130 135 139 143 146 151 155 158 159 161 163 162 162 162 160 160 156 155 151 146 144 142 141 138 133 131 126 122 118 118 116 114 105 103 100 100 97 97 98 96 96 97 96 98 96 97 95 97 99 97 98 98 98 99 98 98 99 101 100 99 99 101 99 100 100 98 97 96 96 94 92 92 89 89 88 88 87 84 85 86 86 87 86 86 84 84 84 86 82 82 82 79 79 78 77 75 76 76 75 75 81 82 83 89 88 101 100 109 111 112 120 121 123 131 132 140 141 148 149 149 149 160 160 164 166 0 0 0 0 0 0 0 0 0 0 0 0 0 0 0 0 0 0 0 0 0 0 0 0 0 0 0 0 0 0 0 0 0 0 0 0 0 0 0 0 0 0 0 0 0 0 0 0 0 0 0 0 0 0 0 0 0 0 0 0 0 0 0 0 0 0 0 0 
0 0 0 0 0 0 0 0 0 0 0 0 0 0 0 0 0 0 0 0 0 0 0 0 0 0 0 0 0 0 0 0 0 0 0 0 0 0 0 0 0 0 0 0 0 0 0 0 0 0 0 0 0 0 0 0 0 0 0 0 0 0 0 0 0 0 0 0 0 0 0 0 0 0 0 0 0 0 0 0 0 0 0 0 0 0 0 0 0 0 0 0 0 0 0 0 0 0 0 0 0 0 0 0 0 0 0 0 0 0 0 0 0 0 0 0 0 0 0 0 0 0 0 0 0 0 0 0 0 0 0 0 0 0 0 0 0 0 0 0 0 0 147 132 131 132 131 130 130 130 129 127 129 126 126 129 129 131 136 131 140 127 126 124 124 124 123 124 124 124 124 125 124 123 122 128 122 118 122 118 119 119 114 112 116 111 107 109 103 100 99 97 94 90 93 94 99 109 101 109 120 109 108 108 101 100 97 105 107 90 94 113 117 123 125 114 105 104 86 101 105 109 110 125 126 138 128 133 128 136 127 140 142 143 148 142 117 127 131 141 136 135 131 89 71 27 35 42 45 53 54 56 58 59 60 58 56 54 58 53 52 52 44 47 48 47 50 50 53 54 54 54 54 52 54 53 57 53 56 56 54 58 56 56 60 63 65 68 67 58 56 68 81 101 98 100 100 105 104 102 99 98 79 73 78 57 91 93 98 91 80 73 73 85 104 114 114 133 136 129 129 131 128 132 130 134 132 133 135 135 134 132 133 130 131 128 126 125 123 122 122 123 126 129 133 137 142 143 146 149 155 157 160 164 165 164 164 162 163 162 159 158 153 151 149 145 141 138 136 135 128 127 122 120 118 113 112 103 103 104 99 100 101 99 101 99 100 98 99 98 98 101 103 99 100 98 100 99 100 100 100 101 100 100 101 101 100 100 101 99 98 97 97 95 94 92 90 89 88 88 88 86 85 85 83 87 86 83 84 83 84 83 83 81 79 79 79 77 77 76 75 76 75 75 75 75 83 83 82 90 90 102 102 112 113 116 123 124 125 133 134 141 142 143 150 150 160 160 0 0 0 0 0 0 0 0 0 0 0 0 0 0 0 0 0 0 0 0 0 0 0 0 0 0 0 0 0 0 0 0 0 0 0 0 0 0 0 0 0 0 0 0 0 0 0 0 0 0 0 0 0 0 0 0 0 0 0 0 0 0 0 0 0 0 0 0 0 
0 0 0 0 0 0 0 0 0 0 0 0 0 0 0 0 0 0 0 0 0 0 0 0 0 0 0 0 0 0 0 0 0 0 0 0 0 0 0 0 0 0 0 0 0 0 0 0 0 0 0 0 0 0 0 0 0 0 0 0 0 0 0 0 0 0 0 0 0 0 0 0 0 0 0 0 0 0 0 0 0 0 0 0 0 0 0 0 0 0 0 0 0 0 0 0 0 0 0 0 0 0 0 0 0 0 0 0 0 0 0 0 0 0 0 0 0 0 0 0 0 0 0 0 0 0 0 0 0 0 0 0 0 0 0 0 0 0 0 0 0 0 0 0 131 132 130 129 130 130 129 127 128 126 127 129 129 131 139 135 127 126 125 124 125 124 123 125 125 124 125 123 123 125 122 126 124 121 125 122 118 116 119 117 116 111 108 110 108 101 97 97 92 95 93 94 91 91 92 100 120 109 106 101 101 103 114 114 119 116 112 105 117 112 125 112 118 110 118 110 106 110 110 118 126 108 121 125 133 126 136 141 142 135 148 132 143 151 145 148 142 125 131 102 79 32 26 32 50 50 54 55 58 56 56 57 56 54 52 49 48 44 44 45 46 49 47 50 50 51 53 51 49 52 48 49 51 49 52 51 54 53 57 56 61 59 63 65 62 61 56 84 102 101 115 124 104 110 106 113 113 85 64 73 65 53 67 72 91 80 61 66 73 85 98 113 129 133 135 134 133 131 134 132 134 136 134 134 134 133 131 132 131 130 129 127 125 126 125 122 123 123 125 127 131 135 139 145 149 153 156 157 161 166 165 166 167 165 164 161 160 158 156 155 153 148 147 140 136 133 132 127 126 125 123 117 117 112 113 104 104 106 101 103 106 102 104 103 103 98 103 105 103 101 103 101 101 100 101 101 100 101 100 101 101 101 101 100 101 100 98 98 97 96 95 92 91 92 89 88 88 87 87 85 83 83 83 83 84 84 84 83 83 81 80 79 77 78 76 75 75 75 75 75 73 73 74 75 83 83 90 94 94 103 103 107 116 116 126 127 134 134 135 136 144 144 151 160 0 0 0 0 0 0 0 0 0 0 0 0 0 0 0 0 0 0 0 0 0 0 0 0 0 0 0 0 0 0 0 0 0 0 0 0 0 0 0 0 0 0 0 0 0 0 0 0 0 0 0 0 0 0 0 0 0 0 0 0 0 0 0 0 0 0 0 0 0 
0 0 0 0 0 0 0 0 0 0 0 0 0 0 0 0 0 0 0 0 0 0 0 0 0 0 0 0 0 0 0 0 0 0 0 0 0 0 0 0 0 0 0 0 0 0 0 0 0 0 0 0 0 0 0 0 0 0 0 0 0 0 0 0 0 0 0 0 0 0 0 0 0 0 0 0 0 0 0 0 0 0 0 0 0 0 0 0 0 0 0 0 0 0 0 0 0 0 0 0 0 0 0 0 0 0 0 0 0 0 0 0 0 0 0 0 0 0 0 0 0 0 0 0 0 0 0 0 0 0 0 0 0 0 0 0 0 0 0 0 0 0 0 0 0 0 130 129 130 130 129 128 128 129 129 130 132 141 139 132 129 127 126 126 124 124 124 124 125 125 125 124 124 126 128 124 124 123 125 121 121 120 122 115 111 113 113 107 108 102 103 106 100 96 96 94 91 93 92 101 99 97 106 101 111 114 114 118 119 118 104 107 108 117 117 121 118 110 114 110 110 119 125 124 136 136 121 138 126 126 136 131 135 137 148 150 148 151 134 148 134 127 110 104 60 19 22 32 41 44 52 51 54 52 52 50 48 49 52 49 43 46 45 49 47 52 52 50 52 50 51 49 50 50 48 51 52 49 50 55 56 62 64 62 61 62 73 65 74 92 80 95 105 111 118 124 117 110 115 116 117 100 84 53 60 53 75 72 80 71 52 62 79 95 98 113 126 131 135 135 133 134 135 135 136 136 135 134 134 132 132 130 128 129 126 124 125 124 125 123 125 125 126 130 133 137 139 143 147 152 154 160 161 164 166 167 167 167 167 165 164 159 158 157 153 151 147 145 143 133 132 131 130 129 122 122 117 117 118 114 115 117 108 110 106 108 104 107 108 105 107 109 106 105 103 105 101 102 103 103 101 101 101 101 101 101 101 101 101 100 99 99 96 95 95 94 94 92 91 89 88 88 86 86 85 83 83 83 84 83 82 82 82 81 82 79 79 80 78 77 75 76 75 73 74 73 75 75 75 76 84 87 96 96 98 107 107 108 117 118 128 128 130 138 138 144 144 0 0 0 0 0 0 0 0 0 0 0 0 0 0 0 0 0 0 0 0 0 0 0 0 0 0 0 0 0 0 0 0 0 0 0 0 0 0 0 0 0 0 0 0 0 0 0 0 0 0 0 0 0 0 0 0 0 0 0 0 0 0 0 0 0 0 0 0 0 0 
0 0 0 0 0 0 0 0 0 0 0 0 0 0 0 0 0 0 0 0 0 0 0 0 0 0 0 0 0 0 0 0 0 0 0 0 0 0 0 0 0 0 0 0 0 0 0 0 0 0 0 0 0 0 0 0 0 0 0 0 0 0 0 0 0 0 0 0 0 0 0 0 0 0 0 0 0 0 0 0 0 0 0 0 0 0 0 0 0 0 0 0 0 0 0 0 0 0 0 0 0 0 0 0 0 0 0 0 0 0 0 0 0 0 0 0 0 0 0 0 0 0 0 0 0 0 0 0 0 0 0 0 0 0 0 0 0 0 0 0 0 0 0 0 0 0 0 0 0 130 129 128 128 130 134 130 139 132 132 129 127 127 126 126 124 125 122 123 125 125 124 125 126 126 128 123 124 122 122 122 121 122 118 115 117 115 114 108 105 106 108 103 100 96 96 96 90 87 89 93 92 91 91 106 111 114 106 102 103 108 99 107 99 117 101 117 111 111 118 124 116 119 108 124 120 110 126 114 119 129 113 131 114 131 139 149 132 132 126 128 139 127 133 116 62 20 16 23 28 46 50 51 51 51 52 48 44 42 39 42 43 46 50 51 51 49 52 53 52 49 49 47 50 54 52 46 48 51 53 55 64 81 64 65 72 65 91 94 112 92 106 119 105 114 118 119 119 111 111 111 117 103 84 72 73 82 84 83 77 55 52 70 79 89 95 121 126 131 131 131 133 136 135 136 136 135 134 133 132 130 132 130 128 127 124 122 123 123 122 123 125 123 125 129 132 136 142 144 150 152 154 159 160 163 165 167 168 169 168 168 164 162 161 161 156 154 149 147 143 141 137 131 130 129 128 128 122 124 118 120 122 117 119 121 112 114 111 112 108 111 112 109 108 109 106 106 104 105 104 103 102 101 101 101 101 102 102 101 100 100 100 99 98 98 96 94 94 92 91 89 89 88 87 86 86 86 86 87 84 83 84 85 83 84 85 82 83 80 80 77 77 79 75 75 76 74 74 75 75 76 77 79 88 89 90 98 100 110 111 118 119 120 121 130 130 139 144 0 0 0 0 0 0 0 0 0 0 0 0 0 0 0 0 0 0 0 0 0 0 0 0 0 0 0 0 0 0 0 0 0 0 0 0 0 0 0 0 0 0 0 0 0 0 0 0 0 0 0 0 0 0 0 0 0 0 0 0 0 0 0 0 0 0 0 0 0 0 
0 0 0 0 0 0 0 0 0 0 0 0 0 0 0 0 0 0 0 0 0 0 0 0 0 0 0 0 0 0 0 0 0 0 0 0 0 0 0 0 0 0 0 0 0 0 0 0 0 0 0 0 0 0 0 0 0 0 0 0 0 0 0 0 0 0 0 0 0 0 0 0 0 0 0 0 0 0 0 0 0 0 0 0 0 0 0 0 0 0 0 0 0 0 0 0 0 0 0 0 0 0 0 0 0 0 0 0 0 0 0 0 0 0 0 0 0 0 0 0 0 0 0 0 0 0 0 0 0 0 0 0 0 0 0 0 0 0 0 0 0 0 0 0 0 0 0 0 0 0 129 128 131 128 138 139 130 132 132 131 128 128 127 125 125 122 123 123 124 126 124 126 126 128 124 122 121 122 121 122 124 120 116 119 117 115 114 108 110 108 106 102 104 103 101 96 92 87 89 93 86 89 89 90 102 100 106 102 109 100 103 93 121 117 114 117 112 105 118 113 102 110 106 108 114 110 116 96 119 106 111 125 120 137 118 127 132 138 126 138 136 136 114 78 25 14 16 19 26 37 47 50 53 52 45 39 44 39 43 45 49 50 50 51 54 54 52 53 47 49 44 52 46 57 50 48 48 53 66 66 73 85 92 106 72 111 91 115 124 117 117 115 125 129 118 115 119 113 111 112 105 103 87 87 73 82 84 86 82 60 52 68 82 91 95 104 119 135 131 131 133 135 134 136 136 135 133 133 132 130 128 126 126 124 122 122 122 122 120 120 123 125 128 130 132 136 139 142 148 150 155 158 161 164 167 167 169 170 169 169 167 167 166 160 157 154 153 152 147 146 140 139 139 133 128 128 129 130 125 126 127 124 126 121 125 114 117 118 114 115 116 113 114 109 110 106 106 106 106 104 105 102 102 101 101 102 102 102 101 100 100 98 99 98 96 94 94 92 91 90 90 88 86 86 86 88 86 87 87 88 84 86 87 89 85 86 88 83 84 81 82 79 77 77 76 75 75 74 75 76 78 79 81 81 90 91 93 102 103 112 113 114 122 124 130 131 0 0 0 0 0 0 0 0 0 0 0 0 0 0 0 0 0 0 0 0 0 0 0 0 0 0 0 0 0 0 0 0 0 0 0 0 0 0 0 0 0 0 0 0 0 0 0 0 0 0 0 0 0 0 0 0 0 0 0 0 0 0 0 0 0 0 0 0 0 0 0 
0 0 0 0 0 0 0 0 0 0 0 0 0 0 0 0 0 0 0 0 0 0 0 0 0 0 0 0 0 0 0 0 0 0 0 0 0 0 0 0 0 0 0 0 0 0 0 0 0 0 0 0 0 0 0 0 0 0 0 0 0 0 0 0 0 0 0 0 0 0 0 0 0 0 0 0 0 0 0 0 0 0 0 0 0 0 0 0 0 0 0 0 0 0 0 0 0 0 0 0 0 0 0 0 0 0 0 0 0 0 0 0 0 0 0 0 0 0 0 0 0 0 0 0 0 0 0 0 0 0 0 0 0 0 0 0 0 0 0 0 0 0 0 0 0 0 0 0 0 0 0 0 131 128 138 137 131 133 131 129 127 128 127 126 124 123 124 124 126 126 126 126 126 128 125 123 122 121 123 122 118 114 116 114 118 116 113 113 111 111 105 109 104 109 104 96 98 93 94 90 86 91 89 95 88 95 102 100 109 100 103 124 121 122 112 112 94 91 98 109 102 104 108 117 111 112 100 106 101 115 111 97 99 104 134 140 140 136 137 128 136 120 122 94 37 19 19 23 35 42 47 45 38 23 38 36 40 46 46 49 49 52 54 54 54 54 50 32 47 43 55 52 62 81 71 72 57 73 66 95 106 85 106 118 112 127 122 130 124 132 127 115 122 127 130 125 113 116 118 112 106 103 104 92 86 92 89 90 85 60 77 68 83 99 101 112 122 120 118 133 133 135 133 134 134 134 131 131 130 130 129 127 125 122 121 122 121 119 119 120 122 122 127 128 130 138 139 145 149 150 153 156 159 163 166 168 170 171 171 169 169 168 168 165 162 157 156 152 151 146 145 144 145 138 138 134 129 130 132 133 127 129 131 128 130 127 127 118 120 121 116 117 118 114 114 111 111 111 106 106 105 104 103 102 102 102 101 101 101 100 100 100 100 97 95 95 94 93 91 90 89 89 88 86 88 89 88 90 87 88 92 86 87 89 89 90 88 90 84 85 85 83 81 82 77 77 75 75 75 75 77 79 81 81 84 86 93 96 103 104 105 107 114 115 124 131 0 0 0 0 0 0 0 0 0 0 0 0 0 0 0 0 0 0 0 0 0 0 0 0 0 0 0 0 0 0 0 0 0 0 0 0 0 0 0 0 0 0 0 0 0 0 0 0 0 0 0 0 0 0 0 0 0 0 0 0 0 0 0 0 0 0 0 0 0 0 0 
0 0 0 0 0 0 0 0 0 0 0 0 0 0 0 0 0 0 0 0 0 0 0 0 0 0 0 0 0 0 0 0 0 0 0 0 0 0 0 0 0 0 0 0 0 0 0 0 0 0 0 0 0 0 0 0 0 0 0 0 0 0 0 0 0 0 0 0 0 0 0 0 0 0 0 0 0 0 0 0 0 0 0 0 0 0 0 0 0 0 0 0 0 0 0 0 0 0 0 0 0 0 0 0 0 0 0 0 0 0 0 0 0 0 0 0 0 0 0 0 0 0 0 0 0 0 0 0 0 0 0 0 0 0 0 0 0 0 0 0 0 0 0 0 0 0 0 0 0 0 0 0 0 0 0 137 131 132 131 129 128 127 125 125 124 124 124 125 126 125 125 125 128 126 124 124 122 122 124 120 117 116 116 116 118 118 113 115 118 119 113 112 110 105 104 101 98 97 99 99 94 94 88 91 88 95 99 102 95 100 119 124 100 82 112 86 119 91 111 106 107 108 105 109 111 105 109 106 108 111 119 105 127 126 130 140 139 122 119 116 121 117 110 46 20 19 16 19 32 37 39 23 16 23 40 36 45 48 52 53 55 55 55 55 50 56 50 32 39 53 57 68 81 90 93 72 70 84 92 103 114 116 128 118 129 127 134 142 136 135 131 118 121 127 118 125 119 111 107 116 103 104 106 92 87 98 100 96 92 84 88 88 103 99 109 121 122 126 123 118 119 134 133 134 133 131 131 130 128 128 126 125 123 121 121 120 119 119 118 120 121 123 125 127 130 134 137 144 145 152 154 157 162 164 166 168 169 171 172 170 170 170 167 167 162 164 163 155 155 150 149 150 145 144 138 139 140 137 132 133 134 136 131 135 130 132 131 129 129 130 123 122 118 117 114 114 115 114 110 110 106 105 103 102 102 102 102 101 102 102 99 99 100 99 97 95 94 93 90 89 89 88 88 88 90 91 90 93 92 94 95 97 99 96 89 90 92 95 91 91 85 88 88 82 81 82 77 77 76 77 77 81 81 81 83 84 86 87 97 98 99 108 110 115 116 0 0 0 0 0 0 0 0 0 0 0 0 0 0 0 0 0 0 0 0 0 0 0 0 0 0 0 0 0 0 0 0 0 0 0 0 0 0 0 0 0 0 0 0 0 0 0 0 0 0 0 0 0 0 0 0 0 0 0 0 0 0 0 0 0 0 0 0 0 0 0 0 
0 0 0 0 0 0 0 0 0 0 0 0 0 0 0 0 0 0 0 0 0 0 0 0 0 0 0 0 0 0 0 0 0 0 0 0 0 0 0 0 0 0 0 0 0 0 0 0 0 0 0 0 0 0 0 0 0 0 0 0 0 0 0 0 0 0 0 0 0 0 0 0 0 0 0 0 0 0 0 0 0 0 0 0 0 0 0 0 0 0 0 0 0 0 0 0 0 0 0 0 0 0 0 0 0 0 0 0 0 0 0 0 0 0 0 0 0 0 0 0 0 0 0 0 0 0 0 0 0 0 0 0 0 0 0 0 0 0 0 0 0 0 0 0 0 0 0 0 0 0 0 0 0 0 0 0 0 132 129 128 128 128 126 125 125 124 125 128 126 126 126 125 129 126 124 124 123 123 124 118 118 116 117 118 117 122 123 121 117 119 112 112 110 108 104 107 100 103 103 99 99 94 92 93 94 98 94 92 98 100 96 106 100 82 106 112 97 102 111 106 113 114 113 100 88 103 104 102 123 111 113 106 114 111 105 116 112 108 113 116 117 120 110 59 37 14 16 24 21 37 30 16 21 23 36 47 53 48 54 53 54 58 55 58 32 28 51 40 39 53 57 64 95 94 110 102 113 84 115 122 114 125 131 137 142 134 143 142 145 139 131 132 122 127 120 115 117 101 107 96 103 103 114 108 102 102 102 104 92 98 88 101 109 113 119 125 124 123 123 124 127 117 118 133 133 131 129 128 128 128 125 123 120 118 120 119 118 117 118 119 120 122 124 125 129 131 140 142 145 150 151 155 160 162 166 167 169 172 172 172 172 173 170 171 167 166 163 161 155 154 154 154 149 150 145 146 140 143 145 140 134 136 137 139 135 136 131 133 135 130 130 130 122 122 117 118 117 114 113 110 107 106 104 104 102 102 102 101 101 100 101 100 97 98 97 96 94 93 92 92 91 90 89 91 93 93 95 93 95 98 96 99 102 100 104 101 92 95 96 97 92 95 95 88 88 81 81 77 77 79 80 81 81 82 83 84 87 87 89 89 92 101 102 110 116 0 0 0 0 0 0 0 0 0 0 0 0 0 0 0 0 0 0 0 0 0 0 0 0 0 0 0 0 0 0 0 0 0 0 0 0 0 0 0 0 0 0 0 0 0 0 0 0 0 0 0 0 0 0 0 0 0 0 0 0 0 0 0 0 0 0 0 0 0 0 0 0 
0 0 0 0 0 0 0 0 0 0 0 0 0 0 0 0 0 0 0 0 0 0 0 0 0 0 0 0 0 0 0 0 0 0 0 0 0 0 0 0 0 0 0 0 0 0 0 0 0 0 0 0 0 0 0 0 0 0 0 0 0 0 0 0 0 0 0 0 0 0 0 0 0 0 0 0 0 0 0 0 0 0 0 0 0 0 0 0 0 0 0 0 0 0 0 0 0 0 0 0 0 0 0 0 0 0 0 0 0 0 0 0 0 0 0 0 0 0 0 0 0 0 0 0 0 0 0 0 0 0 0 0 0 0 0 0 0 0 0 0 0 0 0 0 0 0 0 0 0 0 0 0 0 0 0 0 0 0 129 128 128 126 125 125 125 124 126 128 127 127 127 130 128 126 123 124 124 122 119 120 119 118 119 118 119 122 121 116 114 113 116 112 113 108 110 107 105 106 105 98 101 97 97 93 96 93 91 92 107 102 101 102 99 103 106 112 97 102 99 110 108 106 101 100 100 114 124 116 101 104 117 121 109 98 105 97 114 115 123 117 115 120 58 48 37 18 12 15 10 15 21 25 23 25 36 43 48 50 49 56 51 47 48 25 32 33 52 73 85 98 89 64 95 115 110 116 123 120 127 135 128 138 131 145 142 147 146 147 145 138 134 129 122 120 119 113 111 92 88 82 104 108 114 118 109 99 101 102 103 102 103 107 109 116 129 125 127 129 127 131 126 128 118 117 117 114 129 128 127 125 123 120 120 118 118 118 117 116 119 119 120 122 123 125 127 129 133 136 146 147 152 156 160 162 164 166 170 172 173 173 174 173 172 171 170 169 165 165 162 163 163 154 155 150 150 151 147 149 150 146 148 142 137 139 141 143 138 140 140 135 135 130 131 131 122 121 121 116 115 110 109 106 107 105 103 102 103 100 99 101 99 100 98 98 97 96 96 93 94 93 93 90 91 95 97 96 100 98 102 100 104 108 102 107 108 106 107 104 96 97 98 101 95 94 94 89 88 81 81 79 82 82 81 84 85 84 87 88 89 91 92 92 102 102 0 0 0 0 0 0 0 0 0 0 0 0 0 0 0 0 0 0 0 0 0 0 0 0 0 0 0 0 0 0 0 0 0 0 0 0 0 0 0 0 0 0 0 0 0 0 0 0 0 0 0 0 0 0 0 0 0 0 0 0 0 0 0 0 0 0 0 0 0 0 0 0 0 
0 0 0 0 0 0 0 0 0 0 0 0 0 0 0 0 0 0 0 0 0 0 0 0 0 0 0 0 0 0 0 0 0 0 0 0 0 0 0 0 0 0 0 0 0 0 0 0 0 0 0 0 0 0 0 0 0 0 0 0 0 0 0 0 0 0 0 0 0 0 0 0 0 0 0 0 0 0 0 0 0 0 0 0 0 0 0 0 0 0 0 0 0 0 0 0 0 0 0 0 0 0 0 0 0 0 0 0 0 0 0 0 0 0 0 0 0 0 0 0 0 0 0 0 0 0 0 0 0 0 0 0 0 0 0 0 0 0 0 0 0 0 0 0 0 0 0 0 0 0 0 0 0 0 0 0 0 0 0 0 128 126 125 125 125 127 128 128 128 129 127 131 129 124 123 125 122 122 121 120 119 119 118 121 116 117 116 115 114 113 116 114 114 114 111 107 105 101 105 104 101 99 102 99 92 86 91 104 107 94 86 93 83 90 87 82 90 102 99 99 96 99 107 110 109 105 110 104 101 106 106 112 105 116 105 109 102 111 123 128 108 88 60 53 33 18 10 7 10 7 15 23 24 26 36 33 48 31 49 34 31 27 33 26 41 78 52 105 110 98 111 120 116 115 124 128 123 131 138 135 143 145 144 144 152 150 146 146 136 138 129 124 127 124 112 99 87 92 75 82 90 100 104 102 108 106 96 102 101 105 102 104 113 121 127 130 131 129 128 130 130 131 126 126 124 112 113 126 127 125 123 121 119 118 118 117 116 116 118 119 119 120 122 124 126 129 133 136 138 141 144 154 156 162 164 166 170 172 173 173 174 174 174 171 171 169 169 165 165 166 167 162 162 155 155 151 152 154 150 151 152 148 150 147 141 143 144 144 140 141 140 136 135 131 130 129 121 117 115 114 112 110 107 104 104 103 103 101 101 100 99 97 97 98 98 97 96 98 99 96 97 95 99 101 100 104 100 103 107 106 110 112 111 112 112 113 107 110 112 109 98 101 99 100 94 94 88 88 87 82 82 83 85 86 85 87 87 88 88 90 90 91 92 102 0 0 0 0 0 0 0 0 0 0 0 0 0 0 0 0 0 0 0 0 0 0 0 0 0 0 0 0 0 0 0 0 0 0 0 0 0 0 0 0 0 0 0 0 0 0 0 0 0 0 0 0 0 0 0 0 0 0 0 0 0 0 0 0 0 0 0 0 0 0 0 0 0 
0 0 0 0 0 0 0 0 0 0 0 0 0 0 0 0 0 0 0 0 0 0 0 0 0 0 0 0 0 0 0 0 0 0 0 0 0 0 0 0 0 0 0 0 0 0 0 0 0 0 0 0 0 0 0 0 0 0 0 0 0 0 0 0 0 0 0 0 0 0 0 0 0 0 0 0 0 0 0 0 0 0 0 0 0 0 0 0 0 0 0 0 0 0 0 0 0 0 0 0 0 0 0 0 0 0 0 0 0 0 0 0 0 0 0 0 0 0 0 0 0 0 0 0 0 0 0 0 0 0 0 0 0 0 0 0 0 0 0 0 0 0 0 0 0 0 0 0 0 0 0 0 0 0 0 0 0 0 0 0 0 0 0 125 125 127 128 129 129 130 128 129 129 124 123 125 123 123 122 120 121 119 118 117 116 117 117 114 117 118 115 115 114 112 108 107 102 101 101 105 101 101 102 95 90 89 93 99 84 86 87 86 83 83 84 82 86 90 96 99 102 104 107 104 99 102 107 109 99 102 105 115 103 116 90 104 116 95 82 99 108 65 69 53 34 19 8 11 12 13 14 20 18 26 24 19 24 18 19 24 44 27 80 26 53 95 101 107 121 115 121 120 128 127 124 128 137 144 147 142 147 145 149 144 146 145 150 147 139 132 124 124 108 112 115 90 64 69 68 83 97 100 103 94 99 89 76 96 98 102 100 104 109 115 122 129 128 129 130 131 130 131 129 128 126 123 121 111 108 122 123 121 119 117 116 117 119 118 118 119 119 120 122 121 122 128 129 135 138 141 148 149 156 159 162 167 169 172 173 174 174 175 174 173 174 172 172 168 169 170 167 166 162 163 165 156 157 158 155 157 152 152 153 151 152 149 144 144 145 145 140 140 139 135 134 132 127 124 117 115 112 111 111 105 105 104 102 101 102 101 99 98 99 98 98 98 100 102 102 103 97 99 103 105 104 107 109 113 107 113 116 112 114 117 116 118 115 116 112 114 115 111 99 100 99 99 93 93 87 85 85 83 86 86 86 87 88 89 90 90 90 91 91 0 0 0 0 0 0 0 0 0 0 0 0 0 0 0 0 0 0 0 0 0 0 0 0 0 0 0 0 0 0 0 0 0 0 0 0 0 0 0 0 0 0 0 0 0 0 0 0 0 0 0 0 0 0 0 0 0 0 0 0 0 0 0 0 0 0 0 0 0 0 0 0 0 0 
0 0 0 0 0 0 0 0 0 0 0 0 0 0 0 0 0 0 0 0 0 0 0 0 0 0 0 0 0 0 0 0 0 0 0 0 0 0 0 0 0 0 0 0 0 0 0 0 0 0 0 0 0 0 0 0 0 0 0 0 0 0 0 0 0 0 0 0 0 0 0 0 0 0 0 0 0 0 0 0 0 0 0 0 0 0 0 0 0 0 0 0 0 0 0 0 0 0 0 0 0 0 0 0 0 0 0 0 0 0 0 0 0 0 0 0 0 0 0 0 0 0 0 0 0 0 0 0 0 0 0 0 0 0 0 0 0 0 0 0 0 0 0 0 0 0 0 0 0 0 0 0 0 0 0 0 0 0 0 0 0 0 0 0 0 127 128 130 131 130 129 129 127 129 125 125 123 123 120 120 121 119 118 116 116 115 117 114 120 118 115 115 110 105 103 105 113 101 109 105 101 99 94 93 89 96 97 99 85 86 82 87 83 88 89 89 81 90 87 87 102 104 98 102 106 115 109 109 104 101 111 95 91 90 101 116 84 95 75 96 95 71 61 46 15 19 13 11 12 15 15 14 15 16 17 19 26 18 22 43 80 73 103 104 122 95 126 125 121 132 132 130 133 131 130 130 137 144 147 145 143 145 143 150 147 145 143 142 139 130 120 112 101 114 103 79 64 60 66 81 99 95 91 85 72 60 76 76 92 97 96 102 109 119 126 126 128 128 131 130 130 130 129 127 124 122 121 118 115 109 109 109 116 117 116 116 119 118 118 117 118 119 120 119 122 124 129 132 133 136 144 146 153 155 162 165 169 171 173 174 174 176 176 176 174 174 174 171 171 172 169 170 167 168 165 164 166 158 159 161 157 159 155 157 152 153 154 150 145 145 144 143 138 137 136 132 130 128 123 122 113 112 108 106 106 104 103 101 101 101 99 98 99 99 101 98 101 103 104 105 106 110 113 108 111 107 113 117 116 118 123 119 122 122 123 118 120 121 118 119 120 115 114 110 99 99 98 97 91 90 91 88 89 86 88 87 89 90 90 89 89 90 91 0 0 0 0 0 0 0 0 0 0 0 0 0 0 0 0 0 0 0 0 0 0 0 0 0 0 0 0 0 0 0 0 0 0 0 0 0 0 0 0 0 0 0 0 0 0 0 0 0 0 0 0 0 0 0 0 0 0 0 0 0 0 0 0 0 0 0 0 0 0 0 0 0 0 
0 0 0 0 0 0 0 0 0 0 0 0 0 0 0 0 0 0 0 0 0 0 0 0 0 0 0 0 0 0 0 0 0 0 0 0 0 0 0 0 0 0 0 0 0 0 0 0 0 0 0 0 0 0 0 0 0 0 0 0 0 0 0 0 0 0 0 0 0 0 0 0 0 0 0 0 0 0 0 0 0 0 0 0 0 0 0 0 0 0 0 0 0 0 0 0 0 0 0 0 0 0 0 0 0 0 0 0 0 0 0 0 0 0 0 0 0 0 0 0 0 0 0 0 0 0 0 0 0 0 0 0 0 0 0 0 0 0 0 0 0 0 0 0 0 0 0 0 0 0 0 0 0 0 0 0 0 0 0 0 0 0 0 0 0 0 0 130 131 130 130 129 131 129 125 125 122 124 122 120 119 119 115 116 116 116 118 117 114 115 110 115 110 109 105 113 117 112 110 105 98 99 95 103 97 101 102 91 91 90 91 87 86 86 87 89 85 85 75 78 104 91 98 102 106 107 97 109 107 101 88 95 91 93 101 92 91 92 87 96 57 59 61 53 32 11 17 13 14 23 23 26 15 18 39 30 56 55 97 103 80 115 103 113 117 128 127 136 130 135 132 134 133 135 138 134 139 148 138 145 143 143 141 146 150 141 136 135 142 131 120 120 119 102 95 80 69 84 78 95 99 98 95 84 65 65 59 76 106 113 96 101 112 124 124 129 131 135 131 130 130 129 128 126 124 123 120 116 115 114 114 109 112 114 116 116 116 117 118 117 117 119 118 117 121 122 128 128 132 136 142 146 148 151 158 161 167 171 173 174 176 176 177 177 176 176 174 174 174 172 172 170 171 172 168 168 170 168 168 161 162 163 160 161 157 157 158 153 153 149 144 143 142 141 140 134 133 126 123 122 120 117 111 109 109 104 102 100 99 101 100 100 101 100 102 103 104 103 109 105 108 113 117 117 120 116 120 117 123 127 123 127 128 127 128 126 127 121 124 124 120 119 119 114 114 108 98 97 96 96 91 92 92 89 90 91 90 89 90 90 89 89 0 0 0 0 0 0 0 0 0 0 0 0 0 0 0 0 0 0 0 0 0 0 0 0 0 0 0 0 0 0 0 0 0 0 0 0 0 0 0 0 0 0 0 0 0 0 0 0 0 0 0 0 0 0 0 0 0 0 0 0 0 0 0 0 0 0 0 0 0 0 0 0 0 0 0 
0 0 0 0 0 0 0 0 0 0 0 0 0 0 0 0 0 0 0 0 0 0 0 0 0 0 0 0 0 0 0 0 0 0 0 0 0 0 0 0 0 0 0 0 0 0 0 0 0 0 0 0 0 0 0 0 0 0 0 0 0 0 0 0 0 0 0 0 0 0 0 0 0 0 0 0 0 0 0 0 0 0 0 0 0 0 0 0 0 0 0 0 0 0 0 0 0 0 0 0 0 0 0 0 0 0 0 0 0 0 0 0 0 0 0 0 0 0 0 0 0 0 0 0 0 0 0 0 0 0 0 0 0 0 0 0 0 0 0 0 0 0 0 0 0 0 0 0 0 0 0 0 0 0 0 0 0 0 0 0 0 0 0 0 0 0 0 0 0 130 130 129 131 126 126 125 124 123 122 121 119 117 118 117 119 115 118 112 114 112 109 109 112 113 116 113 117 110 110 103 107 99 101 102 106 98 102 96 98 93 92 90 91 85 91 84 85 78 79 88 106 101 99 96 105 107 97 109 105 101 99 92 90 98 91 99 91 97 84 77 59 51 47 35 32 30 17 22 29 34 32 52 31 59 39 84 56 92 112 118 114 121 126 127 117 131 133 136 139 142 136 135 135 142 138 138 134 148 147 145 146 143 132 130 150 145 134 135 131 124 117 114 110 92 76 80 82 95 91 93 99 98 86 76 85 65 79 96 84 92 111 111 120 129 133 129 134 140 135 132 130 129 127 124 121 123 120 117 115 115 115 115 116 114 115 116 116 117 118 117 116 116 116 117 119 122 124 125 128 134 137 144 147 151 156 161 163 165 168 174 175 178 178 177 177 177 176 177 177 175 175 173 174 172 171 173 170 171 171 169 170 164 164 161 161 161 161 157 156 152 151 146 142 141 140 137 136 131 129 121 122 117 114 111 109 105 105 103 101 100 101 100 102 103 102 105 108 108 112 112 117 121 121 125 120 124 129 125 129 132 132 133 128 134 128 132 132 129 130 130 124 125 119 120 114 114 114 108 96 96 96 97 92 91 92 92 91 90 91 90 89 89 0 0 0 0 0 0 0 0 0 0 0 0 0 0 0 0 0 0 0 0 0 0 0 0 0 0 0 0 0 0 0 0 0 0 0 0 0 0 0 0 0 0 0 0 0 0 0 0 0 0 0 0 0 0 0 0 0 0 0 0 0 0 0 0 0 0 0 0 0 0 0 0 0 0 0 
0 0 0 0 0 0 0 0 0 0 0 0 0 0 0 0 0 0 0 0 0 0 0 0 0 0 0 0 0 0 0 0 0 0 0 0 0 0 0 0 0 0 0 0 0 0 0 0 0 0 0 0 0 0 0 0 0 0 0 0 0 0 0 0 0 0 0 0 0 0 0 0 0 0 0 0 0 0 0 0 0 0 0 0 0 0 0 0 0 0 0 0 0 0 0 0 0 0 0 0 0 0 0 0 0 0 0 0 0 0 0 0 0 0 0 0 0 0 0 0 0 0 0 0 0 0 0 0 0 0 0 0 0 0 0 0 0 0 0 0 0 0 0 0 0 0 0 0 0 0 0 0 0 0 0 0 0 0 0 0 0 0 0 0 0 0 0 0 0 0 0 129 131 128 127 126 125 125 123 123 119 119 120 118 118 116 113 113 112 113 109 111 115 117 112 113 110 111 107 108 107 107 106 102 103 99 98 100 94 95 92 96 88 92 91 89 77 79 94 97 106 94 91 93 101 97 104 109 105 88 95 92 97 94 100 100 85 76 84 62 54 51 46 40 27 34 35 51 66 34 54 52 57 73 92 107 100 121 125 118 125 121 126 130 125 123 130 136 137 142 133 135 138 140 144 141 136 140 144 145 144 144 132 130 138 141 135 128 122 124 119 122 111 108 97 88 103 97 99 93 93 100 93 90 101 100 110 99 94 92 98 101 109 131 136 137 144 140 140 132 132 131 128 125 122 119 118 117 115 115 115 116 116 114 115 116 116 117 118 117 116 115 114 116 116 120 121 122 128 132 137 139 141 149 152 158 162 165 168 171 175 177 178 178 178 178 179 179 177 177 177 175 176 173 173 175 174 174 171 172 173 171 170 165 165 164 161 160 156 156 155 149 148 148 141 137 134 132 129 126 124 119 115 115 110 108 104 103 101 100 101 101 103 104 106 110 108 113 112 116 120 125 125 129 128 133 129 136 139 132 136 138 136 139 137 137 132 134 134 130 129 130 125 125 121 121 114 114 113 108 96 97 97 97 92 92 94 90 90 90 90 0 0 0 0 0 0 0 0 0 0 0 0 0 0 0 0 0 0 0 0 0 0 0 0 0 0 0 0 0 0 0 0 0 0 0 0 0 0 0 0 0 0 0 0 0 0 0 0 0 0 0 0 0 0 0 0 0 0 0 0 0 0 0 0 0 0 0 0 0 0 0 0 0 0 0 0 
0 0 0 0 0 0 0 0 0 0 0 0 0 0 0 0 0 0 0 0 0 0 0 0 0 0 0 0 0 0 0 0 0 0 0 0 0 0 0 0 0 0 0 0 0 0 0 0 0 0 0 0 0 0 0 0 0 0 0 0 0 0 0 0 0 0 0 0 0 0 0 0 0 0 0 0 0 0 0 0 0 0 0 0 0 0 0 0 0 0 0 0 0 0 0 0 0 0 0 0 0 0 0 0 0 0 0 0 0 0 0 0 0 0 0 0 0 0 0 0 0 0 0 0 0 0 0 0 0 0 0 0 0 0 0 0 0 0 0 0 0 0 0 0 0 0 0 0 0 0 0 0 0 0 0 0 0 0 0 0 0 0 0 0 0 0 0 0 0 0 0 0 0 128 127 126 126 125 125 125 124 124 121 117 115 116 115 114 113 115 116 114 112 113 113 113 112 116 115 112 107 108 106 108 108 99 102 103 98 99 96 88 98 94 89 89 83 88 91 89 88 84 86 94 96 97 99 86 91 88 95 97 90 94 97 100 75 74 75 61 51 41 40 40 49 34 52 72 78 69 76 80 94 73 112 107 116 119 118 119 123 128 130 130 127 130 130 135 139 132 132 136 142 140 140 142 136 134 138 142 143 140 141 140 138 141 135 131 128 122 124 126 124 120 97 104 115 106 104 103 104 100 100 106 101 109 120 119 119 91 94 102 124 132 136 135 135 147 146 139 136 133 126 123 122 120 119 116 115 116 116 117 116 117 115 116 115 116 115 114 116 115 114 112 116 116 116 118 124 126 132 134 141 144 148 154 157 160 166 169 174 175 178 179 180 179 180 179 179 179 177 177 176 175 178 175 177 176 175 176 174 173 170 171 173 172 164 163 160 158 154 153 152 148 145 143 134 132 129 127 124 117 115 115 112 111 107 106 102 103 104 105 106 104 108 112 115 116 119 123 127 125 132 129 132 137 135 140 144 144 147 138 145 139 141 142 139 139 138 134 135 130 130 125 125 125 120 120 119 114 115 108 97 97 96 95 95 93 92 90 90 0 0 0 0 0 0 0 0 0 0 0 0 0 0 0 0 0 0 0 0 0 0 0 0 0 0 0 0 0 0 0 0 0 0 0 0 0 0 0 0 0 0 0 0 0 0 0 0 0 0 0 0 0 0 0 0 0 0 0 0 0 0 0 0 0 0 0 0 0 0 0 0 0 0 0 0 
0 0 0 0 0 0 0 0 0 0 0 0 0 0 0 0 0 0 0 0 0 0 0 0 0 0 0 0 0 0 0 0 0 0 0 0 0 0 0 0 0 0 0 0 0 0 0 0 0 0 0 0 0 0 0 0 0 0 0 0 0 0 0 0 0 0 0 0 0 0 0 0 0 0 0 0 0 0 0 0 0 0 0 0 0 0 0 0 0 0 0 0 0 0 0 0 0 0 0 0 0 0 0 0 0 0 0 0 0 0 0 0 0 0 0 0 0 0 0 0 0 0 0 0 0 0 0 0 0 0 0 0 0 0 0 0 0 0 0 0 0 0 0 0 0 0 0 0 0 0 0 0 0 0 0 0 0 0 0 0 0 0 0 0 0 0 0 0 0 0 0 0 0 0 0 126 126 126 126 125 126 123 118 117 119 117 115 113 118 115 115 112 111 113 116 116 116 117 113 112 112 112 111 115 106 106 107 101 98 99 92 95 98 94 90 89 87 88 87 89 77 82 85 94 87 90 82 86 77 88 96 97 90 104 89 71 76 74 66 50 51 52 46 41 54 63 77 91 78 99 76 84 114 99 119 116 129 122 118 122 123 126 131 133 133 132 129 141 139 140 138 132 138 138 122 118 137 135 138 135 131 139 136 140 134 125 128 131 128 125 121 124 121 119 118 122 117 118 104 109 111 103 103 110 115 126 127 125 119 116 115 122 108 113 135 133 135 133 146 146 145 143 132 130 121 119 119 116 116 116 118 119 117 118 116 115 115 116 116 114 112 110 113 112 112 111 113 118 120 126 127 130 137 141 151 152 155 160 165 169 171 173 177 179 180 180 181 179 180 180 179 179 178 178 179 179 178 176 177 178 177 176 174 174 174 172 170 163 164 163 157 156 154 149 146 140 138 134 129 127 123 121 119 114 113 111 108 106 106 108 109 108 110 111 115 112 120 116 122 126 130 131 135 135 141 137 144 148 144 148 150 149 152 146 147 142 143 143 138 139 138 135 134 129 129 125 125 125 119 120 120 116 115 110 96 95 95 94 94 91 0 0 0 0 0 0 0 0 0 0 0 0 0 0 0 0 0 0 0 0 0 0 0 0 0 0 0 0 0 0 0 0 0 0 0 0 0 0 0 0 0 0 0 0 0 0 0 0 0 0 0 0 0 0 0 0 0 0 0 0 0 0 0 0 0 0 0 0 0 0 0 0 0 0 0 0 0 
0 0 0 0 0 0 0 0 0 0 0 0 0 0 0 0 0 0 0 0 0 0 0 0 0 0 0 0 0 0 0 0 0 0 0 0 0 0 0 0 0 0 0 0 0 0 0 0 0 0 0 0 0 0 0 0 0 0 0 0 0 0 0 0 0 0 0 0 0 0 0 0 0 0 0 0 0 0 0 0 0 0 0 0 0 0 0 0 0 0 0 0 0 0 0 0 0 0 0 0 0 0 0 0 0 0 0 0 0 0 0 0 0 0 0 0 0 0 0 0 0 0 0 0 0 0 0 0 0 0 0 0 0 0 0 0 0 0 0 0 0 0 0 0 0 0 0 0 0 0 0 0 0 0 0 0 0 0 0 0 0 0 0 0 0 0 0 0 0 0 0 0 0 0 0 0 0 126 126 126 121 120 121 121 119 118 117 115 117 114 112 111 116 115 116 113 114 112 113 113 114 112 116 107 106 108 108 107 109 97 98 99 95 97 90 91 88 95 89 83 84 84 85 82 87 88 79 84 81 81 88 83 82 104 89 67 78 67 59 59 52 53 46 63 54 65 75 86 84 105 101 108 114 95 89 123 120 128 123 123 125 125 131 129 127 132 138 135 139 136 137 136 138 141 140 128 126 127 136 135 134 135 136 136 136 127 121 119 124 125 119 123 122 119 122 125 127 130 122 122 111 110 112 110 123 135 129 127 122 122 130 126 129 113 114 114 132 131 132 132 131 143 140 130 129 126 118 118 118 118 118 119 118 118 119 119 116 116 115 113 111 110 107 112 112 111 113 113 114 121 124 130 132 135 145 147 150 158 161 168 170 173 175 176 180 180 181 181 181 180 181 179 180 180 181 180 179 179 180 178 177 176 176 176 175 174 173 170 168 163 159 157 154 152 150 143 141 135 134 130 123 121 119 117 116 111 109 108 109 111 111 113 110 113 118 119 123 125 130 134 130 138 135 140 144 144 149 151 151 153 150 155 152 154 154 148 148 148 143 142 138 140 138 134 134 129 129 129 124 124 120 120 120 115 114 113 103 94 92 91 0 0 0 0 0 0 0 0 0 0 0 0 0 0 0 0 0 0 0 0 0 0 0 0 0 0 0 0 0 0 0 0 0 0 0 0 0 0 0 0 0 0 0 0 0 0 0 0 0 0 0 0 0 0 0 0 0 0 0 0 0 0 0 0 0 0 0 0 0 0 0 0 0 0 0 0 0 
0 0 0 0 0 0 0 0 0 0 0 0 0 0 0 0 0 0 0 0 0 0 0 0 0 0 0 0 0 0 0 0 0 0 0 0 0 0 0 0 0 0 0 0 0 0 0 0 0 0 0 0 0 0 0 0 0 0 0 0 0 0 0 0 0 0 0 0 0 0 0 0 0 0 0 0 0 0 0 0 0 0 0 0 0 0 0 0 0 0 0 0 0 0 0 0 0 0 0 0 0 0 0 0 0 0 0 0 0 0 0 0 0 0 0 0 0 0 0 0 0 0 0 0 0 0 0 0 0 0 0 0 0 0 0 0 0 0 0 0 0 0 0 0 0 0 0 0 0 0 0 0 0 0 0 0 0 0 0 0 0 0 0 0 0 0 0 0 0 0 0 0 0 0 0 0 0 0 0 126 121 123 126 124 121 122 121 121 117 114 116 116 115 117 118 115 111 116 113 118 118 119 109 113 110 108 108 106 109 102 101 103 99 101 93 94 88 91 89 81 87 85 83 87 90 82 79 80 75 81 85 77 75 77 71 67 78 70 65 59 57 62 62 68 71 74 83 86 106 105 112 103 108 94 118 117 105 128 121 125 126 128 133 134 137 132 136 135 142 139 136 135 139 144 141 121 121 127 134 133 136 134 132 130 124 116 106 119 113 105 119 123 122 122 122 128 128 130 135 136 117 114 115 121 137 135 134 127 129 130 137 136 139 129 126 114 116 131 130 128 128 132 130 139 137 126 125 123 118 118 118 118 119 119 119 119 118 116 115 113 111 109 105 104 101 98 112 113 114 117 119 127 129 139 142 146 150 153 156 164 167 172 173 178 179 180 181 181 182 180 181 181 182 182 181 180 179 179 181 180 179 178 177 177 174 174 173 172 170 167 164 163 154 152 147 145 141 137 135 130 129 127 121 117 116 112 109 110 111 113 114 115 117 122 118 125 123 127 132 136 136 141 143 146 144 147 153 151 154 156 155 157 156 157 154 155 156 148 147 147 143 143 138 139 134 134 134 129 129 129 125 126 120 120 120 113 110 109 92 0 0 0 0 0 0 0 0 0 0 0 0 0 0 0 0 0 0 0 0 0 0 0 0 0 0 0 0 0 0 0 0 0 0 0 0 0 0 0 0 0 0 0 0 0 0 0 0 0 0 0 0 0 0 0 0 0 0 0 0 0 0 0 0 0 0 0 0 0 0 0 0 0 0 0 0 0 0 
0 0 0 0 0 0 0 0 0 0 0 0 0 0 0 0 0 0 0 0 0 0 0 0 0 0 0 0 0 0 0 0 0 0 0 0 0 0 0 0 0 0 0 0 0 0 0 0 0 0 0 0 0 0 0 0 0 0 0 0 0 0 0 0 0 0 0 0 0 0 0 0 0 0 0 0 0 0 0 0 0 0 0 0 0 0 0 0 0 0 0 0 0 0 0 0 0 0 0 0 0 0 0 0 0 0 0 0 0 0 0 0 0 0 0 0 0 0 0 0 0 0 0 0 0 0 0 0 0 0 0 0 0 0 0 0 0 0 0 0 0 0 0 0 0 0 0 0 0 0 0 0 0 0 0 0 0 0 0 0 0 0 0 0 0 0 0 0 0 0 0 0 0 0 0 0 0 0 0 0 0 123 126 124 122 125 124 122 118 121 116 119 119 117 118 119 115 117 117 120 118 109 120 113 113 109 109 106 106 102 100 102 104 101 98 99 100 95 91 87 88 85 90 87 92 85 88 83 74 84 76 77 81 77 76 72 72 70 65 67 72 62 67 72 79 74 96 88 102 109 104 103 101 108 102 119 108 111 115 120 125 128 123 138 137 129 132 133 139 131 128 135 135 140 141 137 136 120 124 131 126 134 129 119 112 108 99 105 98 105 101 109 122 122 122 119 122 131 127 136 125 126 115 120 127 140 140 136 139 144 137 146 139 137 135 123 118 119 122 124 128 125 130 131 131 136 136 134 123 123 118 121 119 121 121 119 118 117 115 112 111 109 105 102 98 95 96 94 114 117 119 123 126 132 135 141 148 152 160 163 167 170 171 176 177 178 181 182 182 182 181 181 182 182 181 181 180 181 181 180 179 178 178 178 176 176 172 170 170 167 166 163 159 159 149 147 142 140 135 131 129 127 124 123 116 112 113 114 116 113 118 115 119 126 126 130 129 135 139 136 144 141 146 149 149 153 156 156 157 156 159 157 158 159 158 159 159 156 156 147 148 148 142 143 138 138 138 134 134 129 130 131 126 125 125 116 114 107 101 0 0 0 0 0 0 0 0 0 0 0 0 0 0 0 0 0 0 0 0 0 0 0 0 0 0 0 0 0 0 0 0 0 0 0 0 0 0 0 0 0 0 0 0 0 0 0 0 0 0 0 0 0 0 0 0 0 0 0 0 0 0 0 0 0 0 0 0 0 0 0 0 0 0 0 0 0 0 
0 0 0 0 0 0 0 0 0 0 0 0 0 0 0 0 0 0 0 0 0 0 0 0 0 0 0 0 0 0 0 0 0 0 0 0 0 0 0 0 0 0 0 0 0 0 0 0 0 0 0 0 0 0 0 0 0 0 0 0 0 0 0 0 0 0 0 0 0 0 0 0 0 0 0 0 0 0 0 0 0 0 0 0 0 0 0 0 0 0 0 0 0 0 0 0 0 0 0 0 0 0 0 0 0 0 0 0 0 0 0 0 0 0 0 0 0 0 0 0 0 0 0 0 0 0 0 0 0 0 0 0 0 0 0 0 0 0 0 0 0 0 0 0 0 0 0 0 0 0 0 0 0 0 0 0 0 0 0 0 0 0 0 0 0 0 0 0 0 0 0 0 0 0 0 0 0 0 0 0 0 0 0 0 122 125 120 122 121 122 118 115 115 115 119 115 120 117 120 116 111 114 122 114 115 109 107 106 104 103 102 104 103 106 102 99 101 95 98 90 94 94 91 96 88 85 88 78 74 86 81 73 80 72 74 72 74 80 70 67 72 73 81 91 72 103 96 91 102 114 109 102 106 106 120 116 108 106 109 116 121 121 121 132 128 121 132 132 127 137 130 128 125 125 138 137 136 127 119 128 122 116 107 94 101 86 99 95 86 93 90 92 113 105 115 119 122 128 124 125 128 127 133 138 127 142 140 140 142 147 148 150 142 139 135 131 118 117 119 120 126 125 126 125 131 132 136 134 133 133 124 125 121 122 121 119 118 117 115 112 109 106 101 97 93 95 93 91 96 97 117 123 129 132 136 141 144 148 157 159 165 168 171 175 176 178 180 180 182 182 182 181 182 182 182 181 181 182 181 180 179 178 178 177 176 176 174 172 171 169 166 163 161 159 153 147 145 144 137 135 134 127 126 123 120 116 113 114 116 118 121 122 126 126 133 130 134 140 144 143 147 149 151 149 152 159 156 158 160 159 160 161 162 159 160 161 159 159 159 156 156 146 148 143 143 143 142 138 139 135 135 131 130 129 125 124 122 112 0 0 0 0 0 0 0 0 0 0 0 0 0 0 0 0 0 0 0 0 0 0 0 0 0 0 0 0 0 0 0 0 0 0 0 0 0 0 0 0 0 0 0 0 0 0 0 0 0 0 0 0 0 0 0 0 0 0 0 0 0 0 0 0 0 0 0 0 0 0 0 0 0 0 0 0 0 0 0 
0 0 0 0 0 0 0 0 0 0 0 0 0 0 0 0 0 0 0 0 0 0 0 0 0 0 0 0 0 0 0 0 0 0 0 0 0 0 0 0 0 0 0 0 0 0 0 0 0 0 0 0 0 0 0 0 0 0 0 0 0 0 0 0 0 0 0 0 0 0 0 0 0 0 0 0 0 0 0 0 0 0 0 0 0 0 0 0 0 0 0 0 0 0 0 0 0 0 0 0 0 0 0 0 0 0 0 0 0 0 0 0 0 0 0 0 0 0 0 0 0 0 0 0 0 0 0 0 0 0 0 0 0 0 0 0 0 0 0 0 0 0 0 0 0 0 0 0 0 0 0 0 0 0 0 0 0 0 0 0 0 0 0 0 0 0 0 0 0 0 0 0 0 0 0 0 0 0 0 0 0 0 0 0 0 125 120 123 121 122 116 116 115 114 114 114 119 121 116 116 122 121 122 119 114 112 109 104 104 105 102 106 103 103 100 105 102 94 95 99 94 93 91 92 90 87 90 87 88 91 81 78 80 76 79 72 84 81 87 81 77 73 81 90 74 102 98 84 114 107 109 106 102 112 116 120 102 111 110 123 121 115 117 114 134 122 133 124 136 135 130 129 128 121 130 133 133 127 119 120 122 113 113 105 96 92 86 85 86 82 86 92 94 94 98 95 114 128 124 128 124 127 131 130 138 140 144 145 148 147 151 150 148 143 135 132 131 132 132 120 127 125 125 125 125 128 128 136 138 133 132 133 124 124 120 120 118 116 113 112 110 107 102 99 94 90 88 90 90 97 98 102 129 132 136 140 143 152 154 159 161 163 171 172 174 178 178 181 181 182 182 181 182 182 181 182 181 182 180 180 179 179 178 177 176 174 173 172 169 168 166 164 163 158 156 152 149 144 140 136 134 130 128 122 122 119 121 120 118 118 121 124 127 129 134 137 141 146 144 151 147 151 154 155 158 160 160 162 160 161 162 162 163 163 164 164 162 162 159 161 161 157 156 148 148 147 142 143 139 140 140 135 135 135 128 127 120 112 0 0 0 0 0 0 0 0 0 0 0 0 0 0 0 0 0 0 0 0 0 0 0 0 0 0 0 0 0 0 0 0 0 0 0 0 0 0 0 0 0 0 0 0 0 0 0 0 0 0 0 0 0 0 0 0 0 0 0 0 0 0 0 0 0 0 0 0 0 0 0 0 0 0 0 0 0 0 0 
0 0 0 0 0 0 0 0 0 0 0 0 0 0 0 0 0 0 0 0 0 0 0 0 0 0 0 0 0 0 0 0 0 0 0 0 0 0 0 0 0 0 0 0 0 0 0 0 0 0 0 0 0 0 0 0 0 0 0 0 0 0 0 0 0 0 0 0 0 0 0 0 0 0 0 0 0 0 0 0 0 0 0 0 0 0 0 0 0 0 0 0 0 0 0 0 0 0 0 0 0 0 0 0 0 0 0 0 0 0 0 0 0 0 0 0 0 0 0 0 0 0 0 0 0 0 0 0 0 0 0 0 0 0 0 0 0 0 0 0 0 0 0 0 0 0 0 0 0 0 0 0 0 0 0 0 0 0 0 0 0 0 0 0 0 0 0 0 0 0 0 0 0 0 0 0 0 0 0 0 0 0 0 0 0 0 0 123 121 120 120 118 116 116 114 118 119 119 120 120 123 121 117 113 114 108 109 106 105 106 107 108 103 106 100 100 102 101 102 104 97 94 92 96 90 88 94 87 89 95 86 82 77 79 79 76 85 81 85 83 87 90 95 90 74 102 105 100 98 104 108 106 110 109 122 120 111 109 116 111 118 117 112 111 118 122 118 124 125 132 131 129 129 113 117 133 135 131 120 115 112 111 110 98 92 92 83 75 72 70 83 86 87 94 97 95 95 103 118 128 124 123 119 130 132 140 139 139 142 147 148 150 148 143 138 133 132 131 130 135 136 128 128 125 125 126 128 129 132 141 142 132 130 124 122 120 118 117 113 110 107 103 97 94 94 89 86 86 87 93 96 106 110 117 123 140 143 145 146 156 160 163 169 171 174 176 176 179 180 181 181 181 182 181 181 182 181 180 179 179 179 178 178 177 176 174 174 173 171 170 167 165 163 159 156 155 152 146 143 141 133 131 128 125 122 122 123 123 123 126 127 124 127 131 136 138 142 147 149 153 155 157 154 157 162 160 162 163 163 164 164 165 163 164 165 165 164 165 163 164 161 160 156 157 158 157 147 148 144 144 140 141 141 135 135 133 124 0 0 0 0 0 0 0 0 0 0 0 0 0 0 0 0 0 0 0 0 0 0 0 0 0 0 0 0 0 0 0 0 0 0 0 0 0 0 0 0 0 0 0 0 0 0 0 0 0 0 0 0 0 0 0 0 0 0 0 0 0 0 0 0 0 0 0 0 0 0 0 0 0 0 0 0 0 0 0 0 
0 0 0 0 0 0 0 0 0 0 0 0 0 0 0 0 0 0 0 0 0 0 0 0 0 0 0 0 0 0 0 0 0 0 0 0 0 0 0 0 0 0 0 0 0 0 0 0 0 0 0 0 0 0 0 0 0 0 0 0 0 0 0 0 0 0 0 0 0 0 0 0 0 0 0 0 0 0 0 0 0 0 0 0 0 0 0 0 0 0 0 0 0 0 0 0 0 0 0 0 0 0 0 0 0 0 0 0 0 0 0 0 0 0 0 0 0 0 0 0 0 0 0 0 0 0 0 0 0 0 0 0 0 0 0 0 0 0 0 0 0 0 0 0 0 0 0 0 0 0 0 0 0 0 0 0 0 0 0 0 0 0 0 0 0 0 0 0 0 0 0 0 0 0 0 0 0 0 0 0 0 0 0 0 0 0 0 0 0 120 120 118 119 120 118 118 121 121 120 122 119 121 118 110 110 108 107 105 105 106 107 108 101 108 103 101 99 105 104 104 100 94 98 100 93 96 96 92 96 95 91 91 79 83 82 83 89 84 85 83 88 89 97 97 102 107 105 86 99 104 106 111 105 107 108 113 113 116 116 111 114 111 115 110 111 122 112 121 123 132 129 127 131 119 118 121 122 131 117 115 111 111 113 108 98 85 84 75 85 79 83 95 95 85 96 89 87 103 108 108 122 123 119 120 124 133 134 138 142 143 148 149 148 144 138 131 130 128 130 133 136 136 137 129 129 129 126 127 132 133 134 142 142 129 127 125 118 115 113 109 106 102 98 96 91 88 85 85 87 88 91 99 104 111 122 127 136 145 146 148 152 162 163 164 173 173 176 179 180 181 181 180 182 180 181 180 181 180 179 180 179 179 178 177 176 176 174 172 170 170 169 167 163 162 158 155 152 149 144 141 137 135 129 128 125 125 125 123 128 126 129 132 133 131 140 145 149 147 151 154 156 158 159 162 164 164 164 163 164 166 166 167 166 167 167 167 167 165 165 167 164 163 162 162 161 156 157 148 148 149 145 146 145 138 137 130 124 0 0 0 0 0 0 0 0 0 0 0 0 0 0 0 0 0 0 0 0 0 0 0 0 0 0 0 0 0 0 0 0 0 0 0 0 0 0 0 0 0 0 0 0 0 0 0 0 0 0 0 0 0 0 0 0 0 0 0 0 0 0 0 0 0 0 0 0 0 0 0 0 0 0 0 0 0 0 0 0 
0 0 0 0 0 0 0 0 0 0 0 0 0 0 0 0 0 0 0 0 0 0 0 0 0 0 0 0 0 0 0 0 0 0 0 0 0 0 0 0 0 0 0 0 0 0 0 0 0 0 0 0 0 0 0 0 0 0 0 0 0 0 0 0 0 0 0 0 0 0 0 0 0 0 0 0 0 0 0 0 0 0 0 0 0 0 0 0 0 0 0 0 0 0 0 0 0 0 0 0 0 0 0 0 0 0 0 0 0 0 0 0 0 0 0 0 0 0 0 0 0 0 0 0 0 0 0 0 0 0 0 0 0 0 0 0 0 0 0 0 0 0 0 0 0 0 0 0 0 0 0 0 0 0 0 0 0 0 0 0 0 0 0 0 0 0 0 0 0 0 0 0 0 0 0 0 0 0 0 0 0 0 0 0 0 0 0 0 0 0 0 0 119 120 121 118 124 124 122 119 118 117 109 110 110 108 107 103 104 112 105 101 109 108 103 103 102 108 104 99 102 101 106 100 95 99 96 95 97 94 96 88 87 83 87 89 89 85 91 88 89 96 97 102 102 103 103 86 99 106 111 99 109 104 108 118 111 114 118 113 114 109 117 108 111 114 114 107 106 126 121 123 123 121 118 119 119 123 124 112 114 116 113 110 98 92 98 94 101 93 84 87 95 91 96 98 90 95 100 96 111 111 121 120 124 128 132 136 138 136 143 145 148 144 138 134 131 128 129 128 134 137 137 138 138 129 130 131 129 130 135 136 142 142 141 140 122 118 111 109 103 99 97 96 92 88 85 84 85 87 91 101 107 111 115 119 131 136 146 148 152 158 161 164 164 165 173 175 179 179 177 180 181 180 180 180 180 180 180 179 178 179 178 177 175 176 174 173 172 170 169 167 164 162 160 157 152 149 146 141 138 135 134 134 128 127 127 127 130 131 133 132 136 140 140 145 149 152 154 157 160 158 159 165 164 165 167 166 168 168 169 167 168 169 169 168 168 167 167 166 166 163 164 164 164 160 161 158 158 149 150 149 145 142 141 134 0 0 0 0 0 0 0 0 0 0 0 0 0 0 0 0 0 0 0 0 0 0 0 0 0 0 0 0 0 0 0 0 0 0 0 0 0 0 0 0 0 0 0 0 0 0 0 0 0 0 0 0 0 0 0 0 0 0 0 0 0 0 0 0 0 0 0 0 0 0 0 0 0 0 0 0 0 0 0 0 0 
0 0 0 0 0 0 0 0 0 0 0 0 0 0 0 0 0 0 0 0 0 0 0 0 0 0 0 0 0 0 0 0 0 0 0 0 0 0 0 0 0 0 0 0 0 0 0 0 0 0 0 0 0 0 0 0 0 0 0 0 0 0 0 0 0 0 0 0 0 0 0 0 0 0 0 0 0 0 0 0 0 0 0 0 0 0 0 0 0 0 0 0 0 0 0 0 0 0 0 0 0 0 0 0 0 0 0 0 0 0 0 0 0 0 0 0 0 0 0 0 0 0 0 0 0 0 0 0 0 0 0 0 0 0 0 0 0 0 0 0 0 0 0 0 0 0 0 0 0 0 0 0 0 0 0 0 0 0 0 0 0 0 0 0 0 0 0 0 0 0 0 0 0 0 0 0 0 0 0 0 0 0 0 0 0 0 0 0 0 0 0 0 0 0 121 125 124 124 122 118 118 116 112 111 113 106 103 107 104 104 105 106 111 109 107 107 107 103 104 104 101 106 107 106 104 107 96 94 97 99 99 97 95 90 88 91 87 90 91 87 88 97 97 96 107 104 109 103 90 106 111 108 100 103 110 117 113 116 118 108 113 113 110 108 106 107 114 102 106 113 115 115 117 115 119 117 119 123 124 122 121 119 111 114 104 105 98 105 105 93 88 86 89 92 97 88 90 96 97 96 95 105 116 121 126 128 132 136 133 136 138 140 143 141 135 134 132 128 128 128 129 130 139 140 141 138 138 131 130 130 131 132 136 137 136 138 137 118 116 112 107 102 99 94 91 86 86 84 84 87 92 96 101 112 118 125 131 136 139 143 152 158 161 163 165 165 168 175 175 174 173 178 177 180 179 180 180 180 179 178 178 179 178 177 177 176 174 173 172 171 170 167 166 162 159 157 154 148 146 143 141 136 136 133 132 131 127 131 130 132 134 136 141 144 147 151 150 152 154 158 160 162 164 165 166 168 167 168 170 170 170 170 170 171 170 170 168 168 169 168 168 166 167 167 164 165 161 162 162 158 158 158 147 146 141 139 0 0 0 0 0 0 0 0 0 0 0 0 0 0 0 0 0 0 0 0 0 0 0 0 0 0 0 0 0 0 0 0 0 0 0 0 0 0 0 0 0 0 0 0 0 0 0 0 0 0 0 0 0 0 0 0 0 0 0 0 0 0 0 0 0 0 0 0 0 0 0 0 0 0 0 0 0 0 0 0 0 
0 0 0 0 0 0 0 0 0 0 0 0 0 0 0 0 0 0 0 0 0 0 0 0 0 0 0 0 0 0 0 0 0 0 0 0 0 0 0 0 0 0 0 0 0 0 0 0 0 0 0 0 0 0 0 0 0 0 0 0 0 0 0 0 0 0 0 0 0 0 0 0 0 0 0 0 0 0 0 0 0 0 0 0 0 0 0 0 0 0 0 0 0 0 0 0 0 0 0 0 0 0 0 0 0 0 0 0 0 0 0 0 0 0 0 0 0 0 0 0 0 0 0 0 0 0 0 0 0 0 0 0 0 0 0 0 0 0 0 0 0 0 0 0 0 0 0 0 0 0 0 0 0 0 0 0 0 0 0 0 0 0 0 0 0 0 0 0 0 0 0 0 0 0 0 0 0 0 0 0 0 0 0 0 0 0 0 0 0 0 0 0 0 0 0 125 124 121 120 121 116 113 112 109 110 104 104 112 113 104 112 112 111 110 107 111 108 105 106 100 108 110 107 108 104 107 103 98 102 102 100 101 95 92 93 96 90 89 91 91 94 96 98 96 105 103 102 106 94 95 111 108 100 103 106 113 114 109 113 109 107 109 108 108 109 105 112 108 95 104 108 112 106 115 115 116 113 114 124 120 114 119 117 114 113 113 107 105 105 97 91 86 90 92 95 103 93 104 106 91 95 105 111 118 127 130 132 134 133 132 133 140 140 139 137 137 138 132 128 128 128 130 131 135 141 141 142 136 136 129 128 132 131 130 129 136 135 134 131 110 105 101 99 96 95 90 90 86 89 87 94 100 101 108 114 122 127 135 140 143 151 154 160 163 165 168 171 169 170 173 173 174 177 176 176 179 178 179 178 178 178 178 178 178 177 175 175 173 172 170 170 166 166 164 160 156 153 151 145 143 141 138 137 135 134 133 132 134 134 136 134 137 142 145 148 151 153 156 159 158 160 162 164 164 168 168 169 172 172 172 170 171 172 173 172 172 171 172 169 170 168 169 169 169 167 168 165 166 162 162 162 158 156 155 143 139 0 0 0 0 0 0 0 0 0 0 0 0 0 0 0 0 0 0 0 0 0 0 0 0 0 0 0 0 0 0 0 0 0 0 0 0 0 0 0 0 0 0 0 0 0 0 0 0 0 0 0 0 0 0 0 0 0 0 0 0 0 0 0 0 0 0 0 0 0 0 0 0 0 0 0 0 0 0 0 0 0 
0 0 0 0 0 0 0 0 0 0 0 0 0 0 0 0 0 0 0 0 0 0 0 0 0 0 0 0 0 0 0 0 0 0 0 0 0 0 0 0 0 0 0 0 0 0 0 0 0 0 0 0 0 0 0 0 0 0 0 0 0 0 0 0 0 0 0 0 0 0 0 0 0 0 0 0 0 0 0 0 0 0 0 0 0 0 0 0 0 0 0 0 0 0 0 0 0 0 0 0 0 0 0 0 0 0 0 0 0 0 0 0 0 0 0 0 0 0 0 0 0 0 0 0 0 0 0 0 0 0 0 0 0 0 0 0 0 0 0 0 0 0 0 0 0 0 0 0 0 0 0 0 0 0 0 0 0 0 0 0 0 0 0 0 0 0 0 0 0 0 0 0 0 0 0 0 0 0 0 0 0 0 0 0 0 0 0 0 0 0 0 0 0 0 0 0 0 121 120 121 117 113 111 112 105 107 108 112 106 104 113 107 108 110 111 109 107 105 109 103 106 110 109 110 108 103 106 98 97 104 99 101 97 97 101 93 92 89 93 93 92 97 99 105 105 101 103 106 102 97 107 102 104 97 106 113 108 109 107 111 108 109 104 110 108 105 107 108 96 94 95 105 107 103 101 116 110 114 117 112 115 120 120 117 120 113 115 104 105 108 99 90 94 86 92 103 113 116 106 103 101 102 112 126 130 131 132 133 131 132 133 135 136 135 134 134 138 139 138 128 128 129 129 130 136 137 142 140 139 136 135 128 127 127 128 128 135 134 133 128 124 122 100 99 94 93 90 89 92 91 95 99 105 111 114 122 127 131 135 144 147 150 156 159 164 168 171 172 172 173 174 175 174 174 176 175 178 177 176 176 177 178 178 177 177 177 175 173 173 172 169 168 164 161 160 157 152 151 147 145 140 139 136 135 135 133 134 135 136 138 139 143 146 149 152 151 155 156 159 160 162 162 164 167 169 168 170 171 173 172 172 173 175 173 173 172 172 172 171 171 170 171 171 170 171 168 168 168 166 166 165 159 158 155 152 0 0 0 0 0 0 0 0 0 0 0 0 0 0 0 0 0 0 0 0 0 0 0 0 0 0 0 0 0 0 0 0 0 0 0 0 0 0 0 0 0 0 0 0 0 0 0 0 0 0 0 0 0 0 0 0 0 0 0 0 0 0 0 0 0 0 0 0 0 0 0 0 0 0 0 0 0 0 0 0 0 0 
0 0 0 0 0 0 0 0 0 0 0 0 0 0 0 0 0 0 0 0 0 0 0 0 0 0 0 0 0 0 0 0 0 0 0 0 0 0 0 0 0 0 0 0 0 0 0 0 0 0 0 0 0 0 0 0 0 0 0 0 0 0 0 0 0 0 0 0 0 0 0 0 0 0 0 0 0 0 0 0 0 0 0 0 0 0 0 0 0 0 0 0 0 0 0 0 0 0 0 0 0 0 0 0 0 0 0 0 0 0 0 0 0 0 0 0 0 0 0 0 0 0 0 0 0 0 0 0 0 0 0 0 0 0 0 0 0 0 0 0 0 0 0 0 0 0 0 0 0 0 0 0 0 0 0 0 0 0 0 0 0 0 0 0 0 0 0 0 0 0 0 0 0 0 0 0 0 0 0 0 0 0 0 0 0 0 0 0 0 0 0 0 0 0 0 0 0 0 0 0 117 113 114 114 110 110 107 111 109 113 105 107 106 113 113 110 106 110 106 106 112 110 107 109 109 106 109 101 103 107 106 101 101 98 104 97 97 93 96 93 98 102 99 103 104 101 102 104 99 97 99 102 104 103 97 109 108 102 107 106 109 104 104 105 107 105 103 103 90 94 95 104 107 108 102 102 99 112 108 107 115 116 120 117 113 119 116 110 107 103 99 92 93 96 103 111 124 129 120 124 101 105 110 121 129 131 134 133 133 131 131 135 136 133 132 130 134 136 137 134 128 129 130 130 130 132 139 138 139 140 135 133 130 127 125 122 126 126 133 130 129 122 119 116 97 97 93 95 92 98 101 99 104 110 116 121 128 133 135 143 147 150 152 155 162 163 170 172 172 173 175 175 176 176 175 175 174 174 174 176 176 178 178 178 177 176 176 174 173 172 170 169 166 163 158 155 153 149 147 145 143 141 137 136 136 135 135 137 139 138 141 143 146 149 152 155 157 159 160 160 162 164 165 167 169 170 171 171 172 172 173 175 175 176 176 173 173 172 172 171 171 173 172 171 172 170 170 168 167 166 165 162 161 155 152 0 0 0 0 0 0 0 0 0 0 0 0 0 0 0 0 0 0 0 0 0 0 0 0 0 0 0 0 0 0 0 0 0 0 0 0 0 0 0 0 0 0 0 0 0 0 0 0 0 0 0 0 0 0 0 0 0 0 0 0 0 0 0 0 0 0 0 0 0 0 0 0 0 0 0 0 0 0 0 0 0 0 
0 0 0 0 0 0 0 0 0 0 0 0 0 0 0 0 0 0 0 0 0 0 0 0 0 0 0 0 0 0 0 0 0 0 0 0 0 0 0 0 0 0 0 0 0 0 0 0 0 0 0 0 0 0 0 0 0 0 0 0 0 0 0 0 0 0 0 0 0 0 0 0 0 0 0 0 0 0 0 0 0 0 0 0 0 0 0 0 0 0 0 0 0 0 0 0 0 0 0 0 0 0 0 0 0 0 0 0 0 0 0 0 0 0 0 0 0 0 0 0 0 0 0 0 0 0 0 0 0 0 0 0 0 0 0 0 0 0 0 0 0 0 0 0 0 0 0 0 0 0 0 0 0 0 0 0 0 0 0 0 0 0 0 0 0 0 0 0 0 0 0 0 0 0 0 0 0 0 0 0 0 0 0 0 0 0 0 0 0 0 0 0 0 0 0 0 0 0 0 0 0 0 114 111 112 109 107 112 112 110 106 109 115 114 108 102 106 113 111 109 115 109 109 111 107 109 109 106 106 103 106 107 102 107 102 100 97 96 98 95 98 104 104 106 101 100 102 106 103 99 98 101 98 99 97 103 108 102 107 106 109 107 103 101 107 104 103 101 97 98 99 102 107 106 102 98 99 95 95 105 106 103 110 106 113 114 115 110 105 104 98 98 101 109 103 108 125 129 130 132 123 120 118 124 130 131 135 135 132 131 132 132 132 133 132 130 131 132 137 136 132 130 130 130 130 132 132 133 138 140 141 139 134 125 122 122 121 119 126 126 126 128 126 116 114 97 98 100 98 101 104 105 110 110 120 121 126 130 136 140 144 149 153 155 159 163 165 167 167 172 175 175 175 176 176 176 175 176 177 174 175 176 177 178 175 175 176 174 173 172 171 167 164 163 160 154 153 150 148 144 142 138 137 136 136 136 136 137 139 142 144 147 151 153 152 155 156 159 160 163 164 165 168 169 169 170 171 172 172 173 173 175 176 176 176 175 175 173 173 172 173 173 172 173 172 172 172 170 170 169 165 164 161 159 0 0 0 0 0 0 0 0 0 0 0 0 0 0 0 0 0 0 0 0 0 0 0 0 0 0 0 0 0 0 0 0 0 0 0 0 0 0 0 0 0 0 0 0 0 0 0 0 0 0 0 0 0 0 0 0 0 0 0 0 0 0 0 0 0 0 0 0 0 0 0 0 0 0 0 0 0 0 0 0 0 0 0 
0 0 0 0 0 0 0 0 0 0 0 0 0 0 0 0 0 0 0 0 0 0 0 0 0 0 0 0 0 0 0 0 0 0 0 0 0 0 0 0 0 0 0 0 0 0 0 0 0 0 0 0 0 0 0 0 0 0 0 0 0 0 0 0 0 0 0 0 0 0 0 0 0 0 0 0 0 0 0 0 0 0 0 0 0 0 0 0 0 0 0 0 0 0 0 0 0 0 0 0 0 0 0 0 0 0 0 0 0 0 0 0 0 0 0 0 0 0 0 0 0 0 0 0 0 0 0 0 0 0 0 0 0 0 0 0 0 0 0 0 0 0 0 0 0 0 0 0 0 0 0 0 0 0 0 0 0 0 0 0 0 0 0 0 0 0 0 0 0 0 0 0 0 0 0 0 0 0 0 0 0 0 0 0 0 0 0 0 0 0 0 0 0 0 0 0 0 0 0 0 0 0 0 111 112 109 114 114 112 111 106 113 119 116 109 105 111 114 109 114 115 113 111 113 110 108 108 108 105 109 106 108 108 107 108 107 99 99 98 101 106 104 106 107 104 102 104 104 103 98 100 101 103 100 101 103 101 97 100 103 109 107 106 100 106 104 104 99 100 98 104 102 104 103 99 97 93 89 101 105 96 103 105 106 106 110 113 111 110 104 105 108 105 111 112 116 121 135 139 132 135 132 121 127 132 135 137 133 132 131 130 130 132 130 129 129 131 133 134 136 137 135 134 129 128 131 130 133 133 140 143 144 143 129 124 120 118 119 118 119 126 126 129 125 124 114 113 100 105 108 104 107 112 114 120 124 129 130 134 141 144 146 150 155 156 162 163 165 167 169 173 175 175 176 176 176 177 177 177 177 177 175 175 174 174 174 175 172 173 171 170 167 163 161 158 154 151 149 148 145 142 139 137 136 136 135 138 138 139 143 145 148 151 153 156 157 159 160 160 163 164 165 167 168 169 171 171 172 172 173 174 174 175 176 176 177 175 175 173 173 175 174 173 173 173 173 172 171 170 169 167 166 162 159 0 0 0 0 0 0 0 0 0 0 0 0 0 0 0 0 0 0 0 0 0 0 0 0 0 0 0 0 0 0 0 0 0 0 0 0 0 0 0 0 0 0 0 0 0 0 0 0 0 0 0 0 0 0 0 0 0 0 0 0 0 0 0 0 0 0 0 0 0 0 0 0 0 0 0 0 0 0 0 0 0 0 0 
0 0 0 0 0 0 0 0 0 0 0 0 0 0 0 0 0 0 0 0 0 0 0 0 0 0 0 0 0 0 0 0 0 0 0 0 0 0 0 0 0 0 0 0 0 0 0 0 0 0 0 0 0 0 0 0 0 0 0 0 0 0 0 0 0 0 0 0 0 0 0 0 0 0 0 0 0 0 0 0 0 0 0 0 0 0 0 0 0 0 0 0 0 0 0 0 0 0 0 0 0 0 0 0 0 0 0 0 0 0 0 0 0 0 0 0 0 0 0 0 0 0 0 0 0 0 0 0 0 0 0 0 0 0 0 0 0 0 0 0 0 0 0 0 0 0 0 0 0 0 0 0 0 0 0 0 0 0 0 0 0 0 0 0 0 0 0 0 0 0 0 0 0 0 0 0 0 0 0 0 0 0 0 0 0 0 0 0 0 0 0 0 0 0 0 0 0 0 0 0 0 0 0 0 0 0 114 114 113 115 116 121 118 115 113 105 110 116 111 115 115 112 112 114 111 108 108 108 107 109 112 112 112 109 110 107 105 106 103 104 108 107 107 107 104 102 105 107 104 103 103 103 101 100 104 103 103 100 102 99 99 108 106 100 99 104 101 102 104 104 107 103 99 103 97 96 94 91 100 105 101 91 89 106 104 105 113 108 111 113 114 109 109 111 114 118 119 124 133 143 143 130 132 133 132 134 134 135 133 130 128 130 129 129 129 128 128 133 134 136 136 136 131 129 128 129 127 129 129 134 136 139 142 137 124 121 120 116 114 114 119 120 129 130 124 124 123 115 116 120 110 116 112 119 120 124 127 132 135 139 144 146 150 152 153 159 160 161 166 167 170 172 175 176 176 176 176 177 177 176 177 176 175 175 175 174 174 172 170 169 167 164 163 160 159 156 150 148 145 142 139 137 136 136 136 135 136 137 141 144 145 151 154 153 156 157 159 161 163 164 165 167 167 168 170 170 172 172 173 173 174 175 176 176 175 174 176 176 175 175 175 174 174 173 174 175 173 172 171 169 168 166 165 0 0 0 0 0 0 0 0 0 0 0 0 0 0 0 0 0 0 0 0 0 0 0 0 0 0 0 0 0 0 0 0 0 0 0 0 0 0 0 0 0 0 0 0 0 0 0 0 0 0 0 0 0 0 0 0 0 0 0 0 0 0 0 0 0 0 0 0 0 0 0 0 0 0 0 0 0 0 0 0 0 0 0 0 
0 0 0 0 0 0 0 0 0 0 0 0 0 0 0 0 0 0 0 0 0 0 0 0 0 0 0 0 0 0 0 0 0 0 0 0 0 0 0 0 0 0 0 0 0 0 0 0 0 0 0 0 0 0 0 0 0 0 0 0 0 0 0 0 0 0 0 0 0 0 0 0 0 0 0 0 0 0 0 0 0 0 0 0 0 0 0 0 0 0 0 0 0 0 0 0 0 0 0 0 0 0 0 0 0 0 0 0 0 0 0 0 0 0 0 0 0 0 0 0 0 0 0 0 0 0 0 0 0 0 0 0 0 0 0 0 0 0 0 0 0 0 0 0 0 0 0 0 0 0 0 0 0 0 0 0 0 0 0 0 0 0 0 0 0 0 0 0 0 0 0 0 0 0 0 0 0 0 0 0 0 0 0 0 0 0 0 0 0 0 0 0 0 0 0 0 0 0 0 0 0 0 0 0 0 0 0 0 113 115 117 122 120 118 117 112 116 114 118 115 118 116 114 116 113 112 111 108 107 109 113 116 116 109 112 107 107 106 110 111 108 109 109 107 106 106 111 107 105 104 103 104 104 102 102 101 99 102 102 98 99 95 99 98 99 99 99 101 104 103 107 104 102 98 100 94 97 98 100 110 102 100 91 92 88 84 102 105 111 111 112 112 109 113 117 119 122 126 133 140 147 142 141 138 132 131 138 140 133 132 128 129 129 129 128 128 128 128 131 136 136 136 134 133 128 127 127 127 129 129 130 131 141 144 132 127 120 117 116 114 115 117 124 126 130 129 123 125 127 120 121 123 118 121 123 127 127 130 137 139 141 143 149 151 156 157 158 161 165 167 168 170 173 173 175 176 176 177 177 176 176 176 176 175 174 174 173 172 170 170 167 164 161 158 154 151 148 148 145 142 139 138 136 135 134 136 137 137 140 144 148 151 154 156 157 157 161 161 162 162 164 167 169 169 170 170 172 172 173 175 175 175 176 176 175 174 176 176 175 175 175 175 175 175 175 175 174 173 171 171 170 167 165 0 0 0 0 0 0 0 0 0 0 0 0 0 0 0 0 0 0 0 0 0 0 0 0 0 0 0 0 0 0 0 0 0 0 0 0 0 0 0 0 0 0 0 0 0 0 0 0 0 0 0 0 0 0 0 0 0 0 0 0 0 0 0 0 0 0 0 0 0 0 0 0 0 0 0 0 0 0 0 0 0 0 0 0 
0 0 0 0 0 0 0 0 0 0 0 0 0 0 0 0 0 0 0 0 0 0 0 0 0 0 0 0 0 0 0 0 0 0 0 0 0 0 0 0 0 0 0 0 0 0 0 0 0 0 0 0 0 0 0 0 0 0 0 0 0 0 0 0 0 0 0 0 0 0 0 0 0 0 0 0 0 0 0 0 0 0 0 0 0 0 0 0 0 0 0 0 0 0 0 0 0 0 0 0 0 0 0 0 0 0 0 0 0 0 0 0 0 0 0 0 0 0 0 0 0 0 0 0 0 0 0 0 0 0 0 0 0 0 0 0 0 0 0 0 0 0 0 0 0 0 0 0 0 0 0 0 0 0 0 0 0 0 0 0 0 0 0 0 0 0 0 0 0 0 0 0 0 0 0 0 0 0 0 0 0 0 0 0 0 0 0 0 0 0 0 0 0 0 0 0 0 0 0 0 0 0 0 0 0 0 0 0 0 0 117 122 119 120 117 116 120 113 117 121 120 115 118 116 113 114 114 114 112 111 117 117 111 115 112 110 110 109 113 115 117 116 109 114 106 107 114 110 112 112 107 111 104 103 102 101 100 104 100 99 94 93 99 100 95 99 99 101 108 105 103 106 102 97 98 95 100 100 104 107 103 96 91 87 85 84 88 91 108 110 115 112 109 109 113 116 122 125 130 136 151 149 145 138 132 128 131 135 142 140 128 128 129 129 128 129 127 128 128 128 128 134 134 133 130 127 127 126 126 125 124 131 134 144 143 141 123 121 120 115 117 117 120 126 128 129 131 132 133 127 129 123 127 121 123 126 129 133 135 138 140 143 146 148 152 154 156 160 163 166 167 170 171 171 173 174 174 175 177 176 176 176 175 175 174 173 173 170 169 167 163 164 161 157 153 151 147 143 140 142 137 135 136 134 133 135 136 140 144 144 151 153 154 156 157 159 161 162 163 164 166 167 169 169 170 170 173 173 174 175 175 174 175 176 175 176 176 177 177 176 175 175 175 175 175 174 174 174 172 171 170 169 0 0 0 0 0 0 0 0 0 0 0 0 0 0 0 0 0 0 0 0 0 0 0 0 0 0 0 0 0 0 0 0 0 0 0 0 0 0 0 0 0 0 0 0 0 0 0 0 0 0 0 0 0 0 0 0 0 0 0 0 0 0 0 0 0 0 0 0 0 0 0 0 0 0 0 0 0 0 0 0 0 0 0 0 0 
0 0 0 0 0 0 0 0 0 0 0 0 0 0 0 0 0 0 0 0 0 0 0 0 0 0 0 0 0 0 0 0 0 0 0 0 0 0 0 0 0 0 0 0 0 0 0 0 0 0 0 0 0 0 0 0 0 0 0 0 0 0 0 0 0 0 0 0 0 0 0 0 0 0 0 0 0 0 0 0 0 0 0 0 0 0 0 0 0 0 0 0 0 0 0 0 0 0 0 0 0 0 0 0 0 0 0 0 0 0 0 0 0 0 0 0 0 0 0 0 0 0 0 0 0 0 0 0 0 0 0 0 0 0 0 0 0 0 0 0 0 0 0 0 0 0 0 0 0 0 0 0 0 0 0 0 0 0 0 0 0 0 0 0 0 0 0 0 0 0 0 0 0 0 0 0 0 0 0 0 0 0 0 0 0 0 0 0 0 0 0 0 0 0 0 0 0 0 0 0 0 0 0 0 0 0 0 0 0 0 0 0 119 120 120 123 117 120 117 121 124 120 117 118 117 118 114 117 112 111 117 118 116 117 113 114 110 116 118 115 117 118 116 119 114 116 114 116 117 112 114 119 106 106 103 102 105 104 101 99 98 94 95 97 89 87 92 95 108 105 103 102 103 101 97 98 102 100 103 103 105 102 89 87 86 86 90 91 95 100 112 109 107 109 116 118 121 125 130 132 143 149 154 140 133 130 132 135 138 140 135 130 127 128 128 129 128 128 126 126 124 130 130 134 130 127 123 126 124 123 121 124 121 138 143 141 131 130 120 118 118 116 119 123 125 129 131 136 133 134 135 130 131 128 128 126 129 133 135 137 138 143 146 150 152 154 156 158 161 164 165 169 170 172 172 173 174 175 175 176 176 174 174 173 173 171 173 170 168 166 163 160 157 153 149 146 147 143 140 137 135 132 134 133 134 136 136 141 144 148 150 153 155 156 157 160 161 162 163 165 166 167 168 169 170 172 173 173 173 174 174 174 174 174 175 176 176 175 175 176 176 176 175 175 175 174 173 174 171 171 171 169 0 0 0 0 0 0 0 0 0 0 0 0 0 0 0 0 0 0 0 0 0 0 0 0 0 0 0 0 0 0 0 0 0 0 0 0 0 0 0 0 0 0 0 0 0 0 0 0 0 0 0 0 0 0 0 0 0 0 0 0 0 0 0 0 0 0 0 0 0 0 0 0 0 0 0 0 0 0 0 0 0 0 0 0 0 
0 0 0 0 0 0 0 0 0 0 0 0 0 0 0 0 0 0 0 0 0 0 0 0 0 0 0 0 0 0 0 0 0 0 0 0 0 0 0 0 0 0 0 0 0 0 0 0 0 0 0 0 0 0 0 0 0 0 0 0 0 0 0 0 0 0 0 0 0 0 0 0 0 0 0 0 0 0 0 0 0 0 0 0 0 0 0 0 0 0 0 0 0 0 0 0 0 0 0 0 0 0 0 0 0 0 0 0 0 0 0 0 0 0 0 0 0 0 0 0 0 0 0 0 0 0 0 0 0 0 0 0 0 0 0 0 0 0 0 0 0 0 0 0 0 0 0 0 0 0 0 0 0 0 0 0 0 0 0 0 0 0 0 0 0 0 0 0 0 0 0 0 0 0 0 0 0 0 0 0 0 0 0 0 0 0 0 0 0 0 0 0 0 0 0 0 0 0 0 0 0 0 0 0 0 0 0 0 0 0 0 0 0 0 120 123 121 123 123 127 123 120 123 118 118 121 117 120 114 119 122 118 119 117 115 116 115 118 121 119 121 118 120 119 123 123 119 118 121 118 121 119 113 106 109 108 109 106 105 99 97 94 95 97 95 88 91 98 103 98 103 102 103 103 100 103 106 103 101 105 106 102 98 92 92 88 93 94 97 107 109 109 109 111 115 117 119 128 132 132 139 145 154 152 144 130 130 132 134 140 138 132 127 128 127 127 126 126 125 123 126 126 130 130 132 128 123 121 121 119 121 119 121 120 120 142 140 138 127 126 118 121 119 122 124 129 131 133 137 139 135 136 135 132 130 129 131 131 134 136 138 140 143 146 149 151 155 158 162 163 165 167 169 170 172 172 174 174 174 174 175 174 174 173 172 171 169 167 165 161 163 158 156 152 149 145 142 138 140 133 131 132 131 129 134 137 140 143 144 150 153 153 155 156 158 160 162 163 164 165 166 167 167 168 169 170 172 172 172 174 173 174 173 173 174 174 175 175 175 176 176 176 175 176 175 173 173 173 173 171 171 0 0 0 0 0 0 0 0 0 0 0 0 0 0 0 0 0 0 0 0 0 0 0 0 0 0 0 0 0 0 0 0 0 0 0 0 0 0 0 0 0 0 0 0 0 0 0 0 0 0 0 0 0 0 0 0 0 0 0 0 0 0 0 0 0 0 0 0 0 0 0 0 0 0 0 0 0 0 0 0 0 0 0 0 0 0 
0 0 0 0 0 0 0 0 0 0 0 0 0 0 0 0 0 0 0 0 0 0 0 0 0 0 0 0 0 0 0 0 0 0 0 0 0 0 0 0 0 0 0 0 0 0 0 0 0 0 0 0 0 0 0 0 0 0 0 0 0 0 0 0 0 0 0 0 0 0 0 0 0 0 0 0 0 0 0 0 0 0 0 0 0 0 0 0 0 0 0 0 0 0 0 0 0 0 0 0 0 0 0 0 0 0 0 0 0 0 0 0 0 0 0 0 0 0 0 0 0 0 0 0 0 0 0 0 0 0 0 0 0 0 0 0 0 0 0 0 0 0 0 0 0 0 0 0 0 0 0 0 0 0 0 0 0 0 0 0 0 0 0 0 0 0 0 0 0 0 0 0 0 0 0 0 0 0 0 0 0 0 0 0 0 0 0 0 0 0 0 0 0 0 0 0 0 0 0 0 0 0 0 0 0 0 0 0 0 0 0 0 0 0 0 0 121 123 124 127 125 123 124 123 122 121 120 120 119 120 122 120 119 116 118 116 118 123 121 121 122 122 124 123 125 123 123 125 121 123 125 119 118 115 116 116 109 110 105 105 104 99 99 97 94 95 91 97 101 102 98 98 103 102 101 101 106 106 102 102 104 106 105 104 96 99 93 96 102 103 109 109 113 119 117 118 119 123 128 134 135 133 150 152 135 131 130 131 132 139 141 138 129 128 127 125 126 125 124 121 125 124 126 127 132 128 124 121 121 119 119 119 119 119 120 123 130 138 137 135 124 124 123 125 124 128 131 133 135 137 140 139 135 134 130 130 131 131 132 133 138 140 145 146 148 151 152 155 160 161 164 166 170 170 171 172 172 172 173 173 173 172 171 171 172 171 169 167 164 160 158 154 151 148 143 145 140 136 135 131 129 129 128 129 135 137 140 143 146 149 152 156 157 156 160 160 161 162 164 166 166 167 168 168 169 170 170 171 171 172 171 173 173 173 173 173 174 175 174 175 176 176 175 176 175 175 173 172 172 173 171 0 0 0 0 0 0 0 0 0 0 0 0 0 0 0 0 0 0 0 0 0 0 0 0 0 0 0 0 0 0 0 0 0 0 0 0 0 0 0 0 0 0 0 0 0 0 0 0 0 0 0 0 0 0 0 0 0 0 0 0 0 0 0 0 0 0 0 0 0 0 0 0 0 0 0 0 0 0 0 0 0 0 0 0 0 0 
0 0 0 0 0 0 0 0 0 0 0 0 0 0 0 0 0 0 0 0 0 0 0 0 0 0 0 0 0 0 0 0 0 0 0 0 0 0 0 0 0 0 0 0 0 0 0 0 0 0 0 0 0 0 0 0 0 0 0 0 0 0 0 0 0 0 0 0 0 0 0 0 0 0 0 0 0 0 0 0 0 0 0 0 0 0 0 0 0 0 0 0 0 0 0 0 0 0 0 0 0 0 0 0 0 0 0 0 0 0 0 0 0 0 0 0 0 0 0 0 0 0 0 0 0 0 0 0 0 0 0 0 0 0 0 0 0 0 0 0 0 0 0 0 0 0 0 0 0 0 0 0 0 0 0 0 0 0 0 0 0 0 0 0 0 0 0 0 0 0 0 0 0 0 0 0 0 0 0 0 0 0 0 0 0 0 0 0 0 0 0 0 0 0 0 0 0 0 0 0 0 0 0 0 0 0 0 0 0 0 0 0 0 0 0 0 0 0 124 127 125 124 124 126 123 121 123 123 122 122 122 122 119 119 120 120 123 124 122 123 122 126 124 125 126 125 126 127 125 127 125 122 122 121 123 122 115 114 111 111 104 103 103 100 100 101 98 103 100 101 98 95 95 102 101 101 107 104 101 101 104 107 110 117 104 106 98 104 104 108 109 111 114 116 119 120 122 126 128 131 132 133 136 142 147 140 129 130 132 136 139 138 135 130 126 124 124 122 120 121 121 124 121 121 128 127 123 121 118 119 119 119 118 116 119 119 120 133 135 135 131 124 125 126 129 131 133 133 136 137 139 139 140 140 133 134 134 132 132 133 134 135 143 144 146 150 152 156 158 161 163 165 166 168 170 171 171 173 173 173 172 171 170 169 168 168 169 167 160 160 157 154 149 147 142 138 133 136 128 127 129 128 127 131 134 139 143 143 149 152 152 155 157 159 160 161 162 164 164 166 166 167 168 169 169 169 170 170 171 170 171 172 172 172 172 173 173 173 174 174 173 176 175 175 175 175 173 173 172 172 0 0 0 0 0 0 0 0 0 0 0 0 0 0 0 0 0 0 0 0 0 0 0 0 0 0 0 0 0 0 0 0 0 0 0 0 0 0 0 0 0 0 0 0 0 0 0 0 0 0 0 0 0 0 0 0 0 0 0 0 0 0 0 0 0 0 0 0 0 0 0 0 0 0 0 0 0 0 0 0 0 0 0 0 0 0 0 
0 0 0 0 0 0 0 0 0 0 0 0 0 0 0 0 0 0 0 0 0 0 0 0 0 0 0 0 0 0 0 0 0 0 0 0 0 0 0 0 0 0 0 0 0 0 0 0 0 0 0 0 0 0 0 0 0 0 0 0 0 0 0 0 0 0 0 0 0 0 0 0 0 0 0 0 0 0 0 0 0 0 0 0 0 0 0 0 0 0 0 0 0 0 0 0 0 0 0 0 0 0 0 0 0 0 0 0 0 0 0 0 0 0 0 0 0 0 0 0 0 0 0 0 0 0 0 0 0 0 0 0 0 0 0 0 0 0 0 0 0 0 0 0 0 0 0 0 0 0 0 0 0 0 0 0 0 0 0 0 0 0 0 0 0 0 0 0 0 0 0 0 0 0 0 0 0 0 0 0 0 0 0 0 0 0 0 0 0 0 0 0 0 0 0 0 0 0 0 0 0 0 0 0 0 0 0 0 0 0 0 0 0 0 0 0 0 0 0 0 0 124 125 124 123 125 123 123 124 124 124 124 121 122 120 122 124 124 123 124 125 126 125 126 126 126 128 127 127 127 128 127 124 127 126 122 121 119 114 116 108 109 104 104 105 101 101 103 103 103 98 94 95 98 96 98 107 104 102 100 106 111 119 117 113 106 108 107 106 110 111 115 116 118 119 120 124 127 130 129 131 131 132 142 147 140 132 128 129 131 134 140 137 130 126 124 123 120 118 119 117 118 118 121 122 122 125 124 120 118 116 118 118 116 118 119 120 124 129 135 137 131 131 126 129 132 133 135 135 137 138 141 141 140 138 139 137 133 132 132 134 136 137 140 146 147 149 154 155 160 162 165 166 167 170 168 170 171 172 171 170 170 169 167 168 166 163 162 160 156 152 148 145 139 142 136 131 129 126 126 127 126 127 134 134 138 142 146 149 152 154 156 157 160 160 162 163 165 165 165 167 167 168 168 168 169 170 169 170 170 170 170 172 171 172 173 173 173 173 173 174 174 174 175 175 175 173 173 172 172 0 0 0 0 0 0 0 0 0 0 0 0 0 0 0 0 0 0 0 0 0 0 0 0 0 0 0 0 0 0 0 0 0 0 0 0 0 0 0 0 0 0 0 0 0 0 0 0 0 0 0 0 0 0 0 0 0 0 0 0 0 0 0 0 0 0 0 0 0 0 0 0 0 0 0 0 0 0 0 0 0 0 0 0 0 0 0 
0 0 0 0 0 0 0 0 0 0 0 0 0 0 0 0 0 0 0 0 0 0 0 0 0 0 0 0 0 0 0 0 0 0 0 0 0 0 0 0 0 0 0 0 0 0 0 0 0 0 0 0 0 0 0 0 0 0 0 0 0 0 0 0 0 0 0 0 0 0 0 0 0 0 0 0 0 0 0 0 0 0 0 0 0 0 0 0 0 0 0 0 0 0 0 0 0 0 0 0 0 0 0 0 0 0 0 0 0 0 0 0 0 0 0 0 0 0 0 0 0 0 0 0 0 0 0 0 0 0 0 0 0 0 0 0 0 0 0 0 0 0 0 0 0 0 0 0 0 0 0 0 0 0 0 0 0 0 0 0 0 0 0 0 0 0 0 0 0 0 0 0 0 0 0 0 0 0 0 0 0 0 0 0 0 0 0 0 0 0 0 0 0 0 0 0 0 0 0 0 0 0 0 0 0 0 0 0 0 0 0 0 0 0 0 0 0 0 0 0 0 0 125 124 124 126 124 124 124 124 125 124 123 124 123 123 123 124 125 124 127 127 125 126 127 128 128 128 128 127 126 128 126 128 129 125 123 118 121 116 114 115 110 111 112 107 107 103 105 103 103 102 93 100 101 99 101 104 102 100 106 110 117 121 123 113 115 107 117 110 114 117 117 117 119 122 125 127 126 128 131 130 131 134 140 141 133 128 127 127 134 136 138 133 129 124 120 118 118 115 117 116 114 118 117 124 125 123 120 118 116 117 118 118 118 119 121 122 129 132 134 138 139 133 133 134 134 135 135 137 137 139 139 140 140 139 135 134 132 132 132 135 135 138 141 143 151 153 155 157 159 163 164 165 167 168 169 169 172 170 169 169 168 166 165 162 163 157 159 156 152 148 142 136 134 129 131 125 123 126 126 126 130 135 138 141 142 146 151 152 154 156 157 159 161 163 164 165 165 165 166 166 167 167 168 168 168 169 169 170 170 169 171 171 173 172 173 173 173 173 173 174 174 174 174 173 173 173 173 0 0 0 0 0 0 0 0 0 0 0 0 0 0 0 0 0 0 0 0 0 0 0 0 0 0 0 0 0 0 0 0 0 0 0 0 0 0 0 0 0 0 0 0 0 0 0 0 0 0 0 0 0 0 0 0 0 0 0 0 0 0 0 0 0 0 0 0 0 0 0 0 0 0 0 0 0 0 0 0 0 0 0 0 0 0 0 0 
0 0 0 0 0 0 0 0 0 0 0 0 0 0 0 0 0 0 0 0 0 0 0 0 0 0 0 0 0 0 0 0 0 0 0 0 0 0 0 0 0 0 0 0 0 0 0 0 0 0 0 0 0 0 0 0 0 0 0 0 0 0 0 0 0 0 0 0 0 0 0 0 0 0 0 0 0 0 0 0 0 0 0 0 0 0 0 0 0 0 0 0 0 0 0 0 0 0 0 0 0 0 0 0 0 0 0 0 0 0 0 0 0 0 0 0 0 0 0 0 0 0 0 0 0 0 0 0 0 0 0 0 0 0 0 0 0 0 0 0 0 0 0 0 0 0 0 0 0 0 0 0 0 0 0 0 0 0 0 0 0 0 0 0 0 0 0 0 0 0 0 0 0 0 0 0 0 0 0 0 0 0 0 0 0 0 0 0 0 0 0 0 0 0 0 0 0 0 0 0 0 0 0 0 0 0 0 0 0 0 0 0 0 0 0 0 0 0 0 0 0 0 0 0 124 126 125 125 125 126 126 125 126 124 125 125 123 125 126 127 126 126 126 126 127 127 128 127 127 128 129 129 129 130 129 130 127 123 124 119 119 116 117 119 112 113 111 107 109 110 111 102 103 105 101 102 104 104 105 105 106 110 123 127 123 119 119 115 118 119 120 117 117 120 119 120 122 128 125 126 129 130 131 132 140 142 139 129 126 125 129 129 138 136 129 124 120 118 115 113 114 112 114 111 111 117 120 121 121 118 117 116 118 119 120 120 121 122 124 130 135 135 139 140 141 141 135 135 136 136 137 136 139 138 139 137 138 136 132 132 132 133 134 138 139 141 144 146 154 157 159 161 163 165 166 167 168 169 169 169 168 167 165 166 163 160 158 155 153 147 141 145 142 136 131 127 124 122 121 123 127 126 134 135 138 140 145 148 151 153 156 156 160 159 161 162 164 165 165 166 166 166 166 166 167 168 167 168 168 169 169 169 170 170 172 173 171 173 173 173 174 174 174 174 174 175 175 173 173 0 0 0 0 0 0 0 0 0 0 0 0 0 0 0 0 0 0 0 0 0 0 0 0 0 0 0 0 0 0 0 0 0 0 0 0 0 0 0 0 0 0 0 0 0 0 0 0 0 0 0 0 0 0 0 0 0 0 0 0 0 0 0 0 0 0 0 0 0 0 0 0 0 0 0 0 0 0 0 0 0 0 0 0 0 0 0 0 
0 0 0 0 0 0 0 0 0 0 0 0 0 0 0 0 0 0 0 0 0 0 0 0 0 0 0 0 0 0 0 0 0 0 0 0 0 0 0 0 0 0 0 0 0 0 0 0 0 0 0 0 0 0 0 0 0 0 0 0 0 0 0 0 0 0 0 0 0 0 0 0 0 0 0 0 0 0 0 0 0 0 0 0 0 0 0 0 0 0 0 0 0 0 0 0 0 0 0 0 0 0 0 0 0 0 0 0 0 0 0 0 0 0 0 0 0 0 0 0 0 0 0 0 0 0 0 0 0 0 0 0 0 0 0 0 0 0 0 0 0 0 0 0 0 0 0 0 0 0 0 0 0 0 0 0 0 0 0 0 0 0 0 0 0 0 0 0 0 0 0 0 0 0 0 0 0 0 0 0 0 0 0 0 0 0 0 0 0 0 0 0 0 0 0 0 0 0 0 0 0 0 0 0 0 0 0 0 0 0 0 0 0 0 0 0 0 0 0 0 0 0 0 0 0 0 125 125 125 126 126 125 126 124 124 126 126 127 126 125 125 126 127 127 126 125 126 126 127 129 129 129 129 131 131 129 126 126 124 124 123 120 119 121 119 115 111 114 109 114 117 110 107 110 108 107 104 110 105 108 110 112 123 127 127 125 119 121 118 125 126 120 118 119 120 121 122 123 125 126 126 126 130 129 137 141 139 134 124 125 125 124 132 137 131 123 118 118 112 113 111 110 111 110 111 112 113 121 122 121 117 118 117 118 120 121 123 122 124 130 134 135 136 138 141 140 139 135 136 135 136 134 135 134 132 136 136 136 134 133 131 132 132 135 136 142 142 146 148 152 158 159 161 165 166 167 169 169 169 168 167 166 164 162 159 160 152 155 151 145 139 135 129 129 131 127 122 121 121 122 125 129 133 138 141 140 144 152 151 154 156 159 160 161 162 163 164 164 165 166 165 165 165 166 167 167 167 167 168 169 169 170 170 172 172 171 171 172 173 173 173 173 174 173 175 175 175 175 0 0 0 0 0 0 0 0 0 0 0 0 0 0 0 0 0 0 0 0 0 0 0 0 0 0 0 0 0 0 0 0 0 0 0 0 0 0 0 0 0 0 0 0 0 0 0 0 0 0 0 0 0 0 0 0 0 0 0 0 0 0 0 0 0 0 0 0 0 0 0 0 0 0 0 0 0 0 0 0 0 0 0 0 0 0 0 0 0 
0 0 0 0 0 0 0 0 0 0 0 0 0 0 0 0 0 0 0 0 0 0 0 0 0 0 0 0 0 0 0 0 0 0 0 0 0 0 0 0 0 0 0 0 0 0 0 0 0 0 0 0 0 0 0 0 0 0 0 0 0 0 0 0 0 0 0 0 0 0 0 0 0 0 0 0 0 0 0 0 0 0 0 0 0 0 0 0 0 0 0 0 0 0 0 0 0 0 0 0 0 0 0 0 0 0 0 0 0 0 0 0 0 0 0 0 0 0 0 0 0 0 0 0 0 0 0 0 0 0 0 0 0 0 0 0 0 0 0 0 0 0 0 0 0 0 0 0 0 0 0 0 0 0 0 0 0 0 0 0 0 0 0 0 0 0 0 0 0 0 0 0 0 0 0 0 0 0 0 0 0 0 0 0 0 0 0 0 0 0 0 0 0 0 0 0 0 0 0 0 0 0 0 0 0 0 0 0 0 0 0 0 0 0 0 0 0 0 0 0 0 0 0 0 0 0 0 0 0 126 125 126 126 125 126 126 126 127 125 127 126 127 127 127 126 125 125 127 129 129 129 129 130 131 131 130 128 127 126 125 123 121 123 121 122 120 115 117 115 117 117 112 115 110 112 111 111 113 112 113 114 114 117 124 127 125 123 122 125 128 125 120 119 119 120 122 122 121 124 125 125 126 129 129 128 127 141 136 129 123 119 124 125 129 137 132 125 115 112 110 108 110 110 109 109 109 109 114 117 119 119 118 118 118 120 120 122 123 123 129 134 135 134 133 134 142 141 137 135 135 134 134 132 131 129 132 131 135 133 133 132 131 132 133 133 139 140 145 149 152 155 157 161 163 165 166 167 169 167 166 167 163 164 161 158 155 150 148 143 137 139 127 129 125 121 120 122 121 123 125 125 134 133 138 141 144 148 152 154 156 156 158 160 161 162 163 163 163 164 164 165 165 165 166 166 166 167 168 169 170 169 170 170 172 172 172 171 172 174 173 173 173 173 173 174 175 175 175 0 0 0 0 0 0 0 0 0 0 0 0 0 0 0 0 0 0 0 0 0 0 0 0 0 0 0 0 0 0 0 0 0 0 0 0 0 0 0 0 0 0 0 0 0 0 0 0 0 0 0 0 0 0 0 0 0 0 0 0 0 0 0 0 0 0 0 0 0 0 0 0 0 0 0 0 0 0 0 0 0 0 0 0 0 0 0 0 0 
0 0 0 0 0 0 0 0 0 0 0 0 0 0 0 0 0 0 0 0 0 0 0 0 0 0 0 0 0 0 0 0 0 0 0 0 0 0 0 0 0 0 0 0 0 0 0 0 0 0 0 0 0 0 0 0 0 0 0 0 0 0 0 0 0 0 0 0 0 0 0 0 0 0 0 0 0 0 0 0 0 0 0 0 0 0 0 0 0 0 0 0 0 0 0 0 0 0 0 0 0 0 0 0 0 0 0 0 0 0 0 0 0 0 0 0 0 0 0 0 0 0 0 0 0 0 0 0 0 0 0 0 0 0 0 0 0 0 0 0 0 0 0 0 0 0 0 0 0 0 0 0 0 0 0 0 0 0 0 0 0 0 0 0 0 0 0 0 0 0 0 0 0 0 0 0 0 0 0 0 0 0 0 0 0 0 0 0 0 0 0 0 0 0 0 0 0 0 0 0 0 0 0 0 0 0 0 0 0 0 0 0 0 0 0 0 0 0 0 0 0 0 0 0 0 0 0 0 0 0 125 126 124 125 126 127 128 127 127 127 127 127 127 126 125 125 126 127 128 128 129 128 128 130 129 128 127 127 127 126 124 125 124 123 123 118 119 117 116 120 117 113 119 118 117 111 117 113 113 114 116 114 117 120 128 128 123 122 123 127 129 123 121 120 121 122 123 123 124 125 124 126 128 129 127 127 130 143 129 123 124 121 120 132 134 132 125 113 112 108 106 106 106 108 107 107 109 111 112 119 121 119 117 117 119 120 122 121 122 124 126 134 134 133 135 137 141 141 138 133 132 132 131 128 128 127 131 130 130 133 133 132 131 132 133 137 140 143 144 151 153 155 159 161 165 166 167 167 166 164 164 161 159 156 158 148 150 145 140 134 133 125 122 118 121 117 118 120 123 125 130 134 138 141 141 145 151 152 154 156 158 159 161 161 162 163 163 163 164 162 164 165 165 165 165 166 166 167 169 170 169 170 170 171 171 172 172 173 173 172 173 175 176 174 174 175 175 0 0 0 0 0 0 0 0 0 0 0 0 0 0 0 0 0 0 0 0 0 0 0 0 0 0 0 0 0 0 0 0 0 0 0 0 0 0 0 0 0 0 0 0 0 0 0 0 0 0 0 0 0 0 0 0 0 0 0 0 0 0 0 0 0 0 0 0 0 0 0 0 0 0 0 0 0 0 0 0 0 0 0 0 0 0 0 0 0 0 
0 0 0 0 0 0 0 0 0 0 0 0 0 0 0 0 0 0 0 0 0 0 0 0 0 0 0 0 0 0 0 0 0 0 0 0 0 0 0 0 0 0 0 0 0 0 0 0 0 0 0 0 0 0 0 0 0 0 0 0 0 0 0 0 0 0 0 0 0 0 0 0 0 0 0 0 0 0 0 0 0 0 0 0 0 0 0 0 0 0 0 0 0 0 0 0 0 0 0 0 0 0 0 0 0 0 0 0 0 0 0 0 0 0 0 0 0 0 0 0 0 0 0 0 0 0 0 0 0 0 0 0 0 0 0 0 0 0 0 0 0 0 0 0 0 0 0 0 0 0 0 0 0 0 0 0 0 0 0 0 0 0 0 0 0 0 0 0 0 0 0 0 0 0 0 0 0 0 0 0 0 0 0 0 0 0 0 0 0 0 0 0 0 0 0 0 0 0 0 0 0 0 0 0 0 0 0 0 0 0 0 0 0 0 0 0 0 0 0 0 0 0 0 0 0 0 0 0 0 0 0 0 124 125 126 127 127 127 128 126 128 127 126 125 125 125 126 127 127 128 128 127 128 128 129 127 128 127 126 126 124 125 124 124 123 120 119 119 120 120 118 120 119 123 123 117 121 117 117 117 116 119 117 118 123 132 132 120 123 127 129 123 121 121 121 121 122 122 123 123 124 126 128 128 128 127 127 134 145 135 124 118 115 123 126 131 126 119 109 107 106 105 105 107 107 107 109 109 115 118 121 121 121 121 119 120 121 121 124 125 126 129 132 134 135 137 139 139 138 133 132 129 127 125 126 124 125 124 130 131 131 132 131 133 134 135 140 142 144 151 153 155 158 159 162 163 166 165 163 164 159 161 157 154 151 146 143 139 133 134 124 125 121 117 115 116 118 121 125 125 130 134 138 142 144 148 152 155 156 156 158 159 160 161 162 162 162 163 161 162 164 163 164 165 164 164 165 167 168 170 169 169 170 170 170 171 172 173 172 172 172 173 174 174 174 175 175 0 0 0 0 0 0 0 0 0 0 0 0 0 0 0 0 0 0 0 0 0 0 0 0 0 0 0 0 0 0 0 0 0 0 0 0 0 0 0 0 0 0 0 0 0 0 0 0 0 0 0 0 0 0 0 0 0 0 0 0 0 0 0 0 0 0 0 0 0 0 0 0 0 0 0 0 0 0 0 0 0 0 0 0 0 0 0 0 0 0 
0 0 0 0 0 0 0 0 0 0 0 0 0 0 0 0 0 0 0 0 0 0 0 0 0 0 0 0 0 0 0 0 0 0 0 0 0 0 0 0 0 0 0 0 0 0 0 0 0 0 0 0 0 0 0 0 0 0 0 0 0 0 0 0 0 0 0 0 0 0 0 0 0 0 0 0 0 0 0 0 0 0 0 0 0 0 0 0 0 0 0 0 0 0 0 0 0 0 0 0 0 0 0 0 0 0 0 0 0 0 0 0 0 0 0 0 0 0 0 0 0 0 0 0 0 0 0 0 0 0 0 0 0 0 0 0 0 0 0 0 0 0 0 0 0 0 0 0 0 0 0 0 0 0 0 0 0 0 0 0 0 0 0 0 0 0 0 0 0 0 0 0 0 0 0 0 0 0 0 0 0 0 0 0 0 0 0 0 0 0 0 0 0 0 0 0 0 0 0 0 0 0 0 0 0 0 0 0 0 0 0 0 0 0 0 0 0 0 0 0 0 0 0 0 0 0 0 0 0 0 0 0 0 0 0 127 127 128 128 127 128 127 127 126 126 128 126 129 128 126 126 125 127 127 129 128 128 127 126 125 125 125 123 122 123 121 119 120 120 123 124 121 123 125 123 124 121 122 120 119 119 120 121 123 123 132 132 128 123 124 131 123 122 120 121 122 122 122 122 122 123 122 127 127 128 128 125 134 142 146 125 119 117 120 122 131 132 128 112 108 105 105 105 105 106 107 108 107 111 114 119 121 122 119 119 120 121 121 122 123 125 126 128 134 130 132 139 139 139 137 130 128 125 123 121 124 121 120 124 124 124 131 132 133 134 135 137 139 146 149 151 156 157 159 161 163 163 162 160 160 158 156 152 154 149 144 141 137 132 127 122 119 116 117 114 118 118 121 126 129 134 138 138 142 145 152 152 154 157 158 159 160 161 161 162 162 161 162 161 162 162 163 163 162 164 164 163 166 167 167 168 169 170 170 170 170 171 172 171 172 173 173 173 173 174 174 0 0 0 0 0 0 0 0 0 0 0 0 0 0 0 0 0 0 0 0 0 0 0 0 0 0 0 0 0 0 0 0 0 0 0 0 0 0 0 0 0 0 0 0 0 0 0 0 0 0 0 0 0 0 0 0 0 0 0 0 0 0 0 0 0 0 0 0 0 0 0 0 0 0 0 0 0 0 0 0 0 0 0 0 0 0 0 0 0 0 0 
0 0 0 0 0 0 0 0 0 0 0 0 0 0 0 0 0 0 0 0 0 0 0 0 0 0 0 0 0 0 0 0 0 0 0 0 0 0 0 0 0 0 0 0 0 0 0 0 0 0 0 0 0 0 0 0 0 0 0 0 0 0 0 0 0 0 0 0 0 0 0 0 0 0 0 0 0 0 0 0 0 0 0 0 0 0 0 0 0 0 0 0 0 0 0 0 0 0 0 0 0 0 0 0 0 0 0 0 0 0 0 0 0 0 0 0 0 0 0 0 0 0 0 0 0 0 0 0 0 0 0 0 0 0 0 0 0 0 0 0 0 0 0 0 0 0 0 0 0 0 0 0 0 0 0 0 0 0 0 0 0 0 0 0 0 0 0 0 0 0 0 0 0 0 0 0 0 0 0 0 0 0 0 0 0 0 0 0 0 0 0 0 0 0 0 0 0 0 0 0 0 0 0 0 0 0 0 0 0 0 0 0 0 0 0 0 0 0 0 0 0 0 0 0 0 0 0 0 0 0 0 0 0 0 0 0 0 128 127 127 128 127 128 127 127 127 129 127 128 127 125 125 125 124 127 127 126 126 126 125 125 125 123 122 121 121 121 121 120 126 123 121 122 123 125 123 125 121 121 119 121 120 123 129 128 131 130 125 122 124 134 126 122 120 120 119 119 121 120 122 122 122 124 127 126 125 124 129 138 146 138 125 114 112 109 126 130 121 113 108 103 103 104 103 104 107 107 108 110 114 116 119 121 120 118 118 118 121 123 123 125 125 126 131 130 130 129 134 139 137 134 130 125 122 120 118 115 120 117 116 124 126 128 132 134 136 137 139 142 148 151 153 154 159 160 162 160 158 160 155 158 154 151 147 143 140 135 129 132 120 122 117 114 114 116 119 123 126 126 130 135 138 143 146 145 152 154 157 157 158 160 160 160 160 161 160 161 161 161 161 161 162 162 162 163 163 166 166 167 166 168 168 170 169 171 171 171 171 171 172 173 173 173 173 173 174 0 0 0 0 0 0 0 0 0 0 0 0 0 0 0 0 0 0 0 0 0 0 0 0 0 0 0 0 0 0 0 0 0 0 0 0 0 0 0 0 0 0 0 0 0 0 0 0 0 0 0 0 0 0 0 0 0 0 0 0 0 0 0 0 0 0 0 0 0 0 0 0 0 0 0 0 0 0 0 0 0 0 0 0 0 0 0 0 0 0 0 
0 0 0 0 0 0 0 0 0 0 0 0 0 0 0 0 0 0 0 0 0 0 0 0 0 0 0 0 0 0 0 0 0 0 0 0 0 0 0 0 0 0 0 0 0 0 0 0 0 0 0 0 0 0 0 0 0 0 0 0 0 0 0 0 0 0 0 0 0 0 0 0 0 0 0 0 0 0 0 0 0 0 0 0 0 0 0 0 0 0 0 0 0 0 0 0 0 0 0 0 0 0 0 0 0 0 0 0 0 0 0 0 0 0 0 0 0 0 0 0 0 0 0 0 0 0 0 0 0 0 0 0 0 0 0 0 0 0 0 0 0 0 0 0 0 0 0 0 0 0 0 0 0 0 0 0 0 0 0 0 0 0 0 0 0 0 0 0 0 0 0 0 0 0 0 0 0 0 0 0 0 0 0 0 0 0 0 0 0 0 0 0 0 0 0 0 0 0 0 0 0 0 0 0 0 0 0 0 0 0 0 0 0 0 0 0 0 0 0 0 0 0 0 0 0 0 0 0 0 0 0 0 0 0 0 0 0 0 127 127 127 128 127 127 127 127 126 126 125 124 123 124 122 124 124 127 125 125 125 124 125 123 121 122 121 121 122 120 118 122 126 122 122 123 125 123 125 122 120 122 121 124 128 129 127 128 133 129 124 126 132 130 123 121 120 119 119 119 119 121 122 122 122 127 127 126 124 123 125 143 139 116 110 107 109 108 109 127 122 106 104 104 104 103 104 105 106 107 108 112 115 116 121 121 118 117 117 119 119 123 123 123 127 129 130 129 128 131 132 136 134 130 125 120 120 117 114 112 110 107 117 119 128 131 134 135 137 139 142 145 150 151 154 158 160 159 159 157 156 153 151 146 151 146 141 138 133 127 123 118 115 113 114 114 119 119 124 126 132 136 139 143 143 147 150 153 154 157 158 159 158 159 160 160 160 160 160 160 160 161 161 162 162 162 163 163 165 166 166 167 168 169 169 169 170 170 172 172 172 173 174 173 173 173 173 0 0 0 0 0 0 0 0 0 0 0 0 0 0 0 0 0 0 0 0 0 0 0 0 0 0 0 0 0 0 0 0 0 0 0 0 0 0 0 0 0 0 0 0 0 0 0 0 0 0 0 0 0 0 0 0 0 0 0 0 0 0 0 0 0 0 0 0 0 0 0 0 0 0 0 0 0 0 0 0 0 0 0 0 0 0 0 0 0 0 0 0 
0 0 0 0 0 0 0 0 0 0 0 0 0 0 0 0 0 0 0 0 0 0 0 0 0 0 0 0 0 0 0 0 0 0 0 0 0 0 0 0 0 0 0 0 0 0 0 0 0 0 0 0 0 0 0 0 0 0 0 0 0 0 0 0 0 0 0 0 0 0 0 0 0 0 0 0 0 0 0 0 0 0 0 0 0 0 0 0 0 0 0 0 0 0 0 0 0 0 0 0 0 0 0 0 0 0 0 0 0 0 0 0 0 0 0 0 0 0 0 0 0 0 0 0 0 0 0 0 0 0 0 0 0 0 0 0 0 0 0 0 0 0 0 0 0 0 0 0 0 0 0 0 0 0 0 0 0 0 0 0 0 0 0 0 0 0 0 0 0 0 0 0 0 0 0 0 0 0 0 0 0 0 0 0 0 0 0 0 0 0 0 0 0 0 0 0 0 0 0 0 0 0 0 0 0 0 0 0 0 0 0 0 0 0 0 0 0 0 0 0 0 0 0 0 0 0 0 0 0 0 0 0 0 0 0 0 0 0 0 0 127 128 127 126 125 125 125 126 125 124 123 122 121 122 122 122 123 125 123 124 125 123 121 121 119 121 120 120 118 125 126 122 120 127 127 127 125 122 120 120 121 123 126 129 128 129 131 127 124 123 126 133 128 119 118 117 118 119 119 119 119 122 121 123 125 123 121 119 125 132 140 128 112 106 106 104 113 120 122 115 108 102 102 103 104 104 107 106 108 109 111 111 117 119 117 116 117 116 119 119 119 118 123 122 128 126 128 127 132 132 133 132 126 120 115 112 114 109 106 107 106 107 121 124 134 136 137 138 143 145 146 148 154 155 157 157 155 157 151 153 149 144 141 137 136 131 126 127 122 116 114 113 114 115 119 124 128 126 132 137 141 144 147 150 153 155 156 157 158 159 158 159 160 160 161 160 159 160 160 160 160 162 162 163 164 164 164 166 165 166 168 169 169 170 170 170 172 172 172 173 173 173 173 173 173 0 0 0 0 0 0 0 0 0 0 0 0 0 0 0 0 0 0 0 0 0 0 0 0 0 0 0 0 0 0 0 0 0 0 0 0 0 0 0 0 0 0 0 0 0 0 0 0 0 0 0 0 0 0 0 0 0 0 0 0 0 0 0 0 0 0 0 0 0 0 0 0 0 0 0 0 0 0 0 0 0 0 0 0 0 0 0 0 0 0 0 0 
0 0 0 0 0 0 0 0 0 0 0 0 0 0 0 0 0 0 0 0 0 0 0 0 0 0 0 0 0 0 0 0 0 0 0 0 0 0 0 0 0 0 0 0 0 0 0 0 0 0 0 0 0 0 0 0 0 0 0 0 0 0 0 0 0 0 0 0 0 0 0 0 0 0 0 0 0 0 0 0 0 0 0 0 0 0 0 0 0 0 0 0 0 0 0 0 0 0 0 0 0 0 0 0 0 0 0 0 0 0 0 0 0 0 0 0 0 0 0 0 0 0 0 0 0 0 0 0 0 0 0 0 0 0 0 0 0 0 0 0 0 0 0 0 0 0 0 0 0 0 0 0 0 0 0 0 0 0 0 0 0 0 0 0 0 0 0 0 0 0 0 0 0 0 0 0 0 0 0 0 0 0 0 0 0 0 0 0 0 0 0 0 0 0 0 0 0 0 0 0 0 0 0 0 0 0 0 0 0 0 0 0 0 0 0 0 0 0 0 0 0 0 0 0 0 0 0 0 0 0 0 0 0 0 0 0 0 0 0 0 0 0 0 126 125 125 125 126 126 124 124 122 121 119 122 119 120 122 121 122 122 120 121 119 119 120 119 118 121 125 123 118 120 122 127 127 127 124 119 119 120 124 126 131 129 128 130 131 123 123 134 133 128 120 115 117 115 115 117 119 120 120 121 121 121 121 121 117 119 129 140 127 112 106 104 100 104 107 124 124 108 101 101 103 102 102 105 104 106 108 109 113 115 119 118 118 115 114 116 116 116 118 119 122 125 126 126 124 126 126 127 132 126 122 115 112 110 107 105 105 105 107 110 124 127 130 137 140 141 143 144 148 151 153 154 154 153 152 148 146 143 144 139 135 132 128 123 120 115 113 113 113 113 119 119 124 128 132 137 141 144 144 147 151 153 155 155 156 156 158 158 159 160 160 160 160 160 160 159 160 162 162 162 162 163 164 165 165 166 166 169 168 169 169 171 171 172 172 173 173 173 173 173 173 0 0 0 0 0 0 0 0 0 0 0 0 0 0 0 0 0 0 0 0 0 0 0 0 0 0 0 0 0 0 0 0 0 0 0 0 0 0 0 0 0 0 0 0 0 0 0 0 0 0 0 0 0 0 0 0 0 0 0 0 0 0 0 0 0 0 0 0 0 0 0 0 0 0 0 0 0 0 0 0 0 0 0 0 0 0 0 0 0 0 0 0 0 
0 0 0 0 0 0 0 0 0 0 0 0 0 0 0 0 0 0 0 0 0 0 0 0 0 0 0 0 0 0 0 0 0 0 0 0 0 0 0 0 0 0 0 0 0 0 0 0 0 0 0 0 0 0 0 0 0 0 0 0 0 0 0 0 0 0 0 0 0 0 0 0 0 0 0 0 0 0 0 0 0 0 0 0 0 0 0 0 0 0 0 0 0 0 0 0 0 0 0 0 0 0 0 0 0 0 0 0 0 0 0 0 0 0 0 0 0 0 0 0 0 0 0 0 0 0 0 0 0 0 0 0 0 0 0 0 0 0 0 0 0 0 0 0 0 0 0 0 0 0 0 0 0 0 0 0 0 0 0 0 0 0 0 0 0 0 0 0 0 0 0 0 0 0 0 0 0 0 0 0 0 0 0 0 0 0 0 0 0 0 0 0 0 0 0 0 0 0 0 0 0 0 0 0 0 0 0 0 0 0 0 0 0 0 0 0 0 0 0 0 0 0 0 0 0 0 0 0 0 0 0 0 0 0 0 0 0 0 0 0 0 0 0 0 0 125 125 126 125 124 123 123 122 119 117 117 120 120 119 122 120 117 118 116 119 118 119 117 122 125 123 118 118 123 127 126 125 124 119 119 119 121 129 130 127 128 132 131 127 121 128 132 124 118 114 113 113 115 114 113 120 120 119 117 119 121 118 117 112 115 136 138 128 104 101 99 98 107 113 119 121 116 109 101 102 102 103 104 104 105 107 111 113 117 118 118 115 114 115 115 116 116 118 119 120 126 125 124 122 122 123 130 129 121 117 114 110 107 105 105 103 107 108 112 115 130 133 138 141 143 144 148 150 152 152 151 153 151 146 144 141 138 134 131 125 120 123 117 113 112 111 114 117 119 125 129 128 133 137 141 145 147 150 152 153 153 155 156 155 156 156 156 160 160 160 160 160 160 160 160 161 162 161 163 163 165 165 165 166 168 169 168 169 171 171 171 172 172 174 174 173 173 173 173 0 0 0 0 0 0 0 0 0 0 0 0 0 0 0 0 0 0 0 0 0 0 0 0 0 0 0 0 0 0 0 0 0 0 0 0 0 0 0 0 0 0 0 0 0 0 0 0 0 0 0 0 0 0 0 0 0 0 0 0 0 0 0 0 0 0 0 0 0 0 0 0 0 0 0 0 0 0 0 0 0 0 0 0 0 0 0 0 0 0 0 0 0 
0 0 0 0 0 0 0 0 0 0 0 0 0 0 0 0 0 0 0 0 0 0 0 0 0 0 0 0 0 0 0 0 0 0 0 0 0 0 0 0 0 0 0 0 0 0 0 0 0 0 0 0 0 0 0 0 0 0 0 0 0 0 0 0 0 0 0 0 0 0 0 0 0 0 0 0 0 0 0 0 0 0 0 0 0 0 0 0 0 0 0 0 0 0 0 0 0 0 0 0 0 0 0 0 0 0 0 0 0 0 0 0 0 0 0 0 0 0 0 0 0 0 0 0 0 0 0 0 0 0 0 0 0 0 0 0 0 0 0 0 0 0 0 0 0 0 0 0 0 0 0 0 0 0 0 0 0 0 0 0 0 0 0 0 0 0 0 0 0 0 0 0 0 0 0 0 0 0 0 0 0 0 0 0 0 0 0 0 0 0 0 0 0 0 0 0 0 0 0 0 0 0 0 0 0 0 0 0 0 0 0 0 0 0 0 0 0 0 0 0 0 0 0 0 0 0 0 0 0 0 0 0 0 0 0 0 0 0 0 0 0 0 0 0 0 0 0 126 125 124 125 123 121 119 119 118 117 116 116 116 113 117 112 116 116 115 116 116 119 123 115 118 114 120 126 125 126 121 116 118 117 121 124 129 127 125 128 130 125 122 127 132 129 122 115 112 112 111 109 113 111 117 119 117 119 120 119 114 112 115 133 138 128 111 101 98 98 101 109 119 124 121 109 105 103 102 102 105 106 106 109 110 113 114 116 118 118 115 115 117 116 119 118 120 121 122 125 122 121 120 123 125 129 127 123 113 109 106 103 105 103 104 105 109 111 118 121 124 141 141 144 146 147 149 148 148 149 144 143 139 141 137 132 128 124 119 115 112 110 109 111 113 116 119 126 129 133 138 141 143 145 147 149 151 152 152 155 154 155 155 156 156 157 157 160 160 160 160 160 161 162 162 163 164 164 165 166 165 166 169 169 168 169 171 171 171 171 171 172 174 172 173 173 0 0 0 0 0 0 0 0 0 0 0 0 0 0 0 0 0 0 0 0 0 0 0 0 0 0 0 0 0 0 0 0 0 0 0 0 0 0 0 0 0 0 0 0 0 0 0 0 0 0 0 0 0 0 0 0 0 0 0 0 0 0 0 0 0 0 0 0 0 0 0 0 0 0 0 0 0 0 0 0 0 0 0 0 0 0 0 0 0 0 0 0 0 0 
0 0 0 0 0 0 0 0 0 0 0 0 0 0 0 0 0 0 0 0 0 0 0 0 0 0 0 0 0 0 0 0 0 0 0 0 0 0 0 0 0 0 0 0 0 0 0 0 0 0 0 0 0 0 0 0 0 0 0 0 0 0 0 0 0 0 0 0 0 0 0 0 0 0 0 0 0 0 0 0 0 0 0 0 0 0 0 0 0 0 0 0 0 0 0 0 0 0 0 0 0 0 0 0 0 0 0 0 0 0 0 0 0 0 0 0 0 0 0 0 0 0 0 0 0 0 0 0 0 0 0 0 0 0 0 0 0 0 0 0 0 0 0 0 0 0 0 0 0 0 0 0 0 0 0 0 0 0 0 0 0 0 0 0 0 0 0 0 0 0 0 0 0 0 0 0 0 0 0 0 0 0 0 0 0 0 0 0 0 0 0 0 0 0 0 0 0 0 0 0 0 0 0 0 0 0 0 0 0 0 0 0 0 0 0 0 0 0 0 0 0 0 0 0 0 0 0 0 0 0 0 0 0 0 0 0 0 0 0 0 0 0 0 0 0 0 0 0 0 124 125 125 122 119 118 118 117 116 116 114 111 111 109 111 110 115 114 115 119 122 114 111 114 124 123 123 126 121 116 115 114 118 125 127 126 125 128 130 129 120 121 132 127 117 112 111 112 110 107 110 109 112 113 114 116 120 119 116 113 111 118 130 132 113 101 102 98 99 102 116 122 125 114 109 103 106 102 104 106 109 108 112 113 115 116 119 118 117 117 118 118 120 120 122 121 121 124 127 126 123 120 120 127 127 123 119 110 106 107 103 103 104 107 108 111 113 118 124 127 132 143 143 145 144 144 148 145 141 142 138 135 130 128 123 119 119 114 110 110 109 112 117 120 126 129 129 133 136 141 143 145 147 150 152 151 152 153 153 155 155 156 156 158 157 159 160 160 160 161 162 163 163 164 164 166 165 166 165 167 168 169 170 171 171 171 171 171 172 172 175 175 172 173 0 0 0 0 0 0 0 0 0 0 0 0 0 0 0 0 0 0 0 0 0 0 0 0 0 0 0 0 0 0 0 0 0 0 0 0 0 0 0 0 0 0 0 0 0 0 0 0 0 0 0 0 0 0 0 0 0 0 0 0 0 0 0 0 0 0 0 0 0 0 0 0 0 0 0 0 0 0 0 0 0 0 0 0 0 0 0 0 0 0 0 0 0 0 
0 0 0 0 0 0 0 0 0 0 0 0 0 0 0 0 0 0 0 0 0 0 0 0 0 0 0 0 0 0 0 0 0 0 0 0 0 0 0 0 0 0 0 0 0 0 0 0 0 0 0 0 0 0 0 0 0 0 0 0 0 0 0 0 0 0 0 0 0 0 0 0 0 0 0 0 0 0 0 0 0 0 0 0 0 0 0 0 0 0 0 0 0 0 0 0 0 0 0 0 0 0 0 0 0 0 0 0 0 0 0 0 0 0 0 0 0 0 0 0 0 0 0 0 0 0 0 0 0 0 0 0 0 0 0 0 0 0 0 0 0 0 0 0 0 0 0 0 0 0 0 0 0 0 0 0 0 0 0 0 0 0 0 0 0 0 0 0 0 0 0 0 0 0 0 0 0 0 0 0 0 0 0 0 0 0 0 0 0 0 0 0 0 0 0 0 0 0 0 0 0 0 0 0 0 0 0 0 0 0 0 0 0 0 0 0 0 0 0 0 0 0 0 0 0 0 0 0 0 0 0 0 0 0 0 0 0 0 0 0 0 0 0 0 0 0 0 0 0 0 0 125 122 120 119 117 116 117 116 113 111 110 108 108 106 110 110 109 120 113 114 108 105 119 122 120 123 116 113 112 114 116 115 129 129 123 128 129 123 118 121 129 132 124 111 110 107 109 109 108 109 111 111 114 113 113 117 116 113 110 116 130 138 134 103 101 100 100 102 114 121 125 125 120 108 108 108 111 113 109 113 112 113 115 119 120 118 118 120 118 122 120 120 122 123 124 127 129 128 123 123 120 120 122 126 122 117 108 105 103 104 104 107 108 111 113 114 122 125 132 135 137 142 141 140 142 138 139 136 138 133 128 126 121 117 115 111 109 110 109 112 117 120 125 128 132 135 136 142 143 145 147 149 151 151 152 155 153 154 156 156 157 158 158 159 160 160 160 161 162 163 162 163 165 165 166 166 165 167 169 169 170 171 171 171 171 172 173 172 172 175 175 0 0 0 0 0 0 0 0 0 0 0 0 0 0 0 0 0 0 0 0 0 0 0 0 0 0 0 0 0 0 0 0 0 0 0 0 0 0 0 0 0 0 0 0 0 0 0 0 0 0 0 0 0 0 0 0 0 0 0 0 0 0 0 0 0 0 0 0 0 0 0 0 0 0 0 0 0 0 0 0 0 0 0 0 0 0 0 0 0 0 0 0 0 0 0 
0 0 0 0 0 0 0 0 0 0 0 0 0 0 0 0 0 0 0 0 0 0 0 0 0 0 0 0 0 0 0 0 0 0 0 0 0 0 0 0 0 0 0 0 0 0 0 0 0 0 0 0 0 0 0 0 0 0 0 0 0 0 0 0 0 0 0 0 0 0 0 0 0 0 0 0 0 0 0 0 0 0 0 0 0 0 0 0 0 0 0 0 0 0 0 0 0 0 0 0 0 0 0 0 0 0 0 0 0 0 0 0 0 0 0 0 0 0 0 0 0 0 0 0 0 0 0 0 0 0 0 0 0 0 0 0 0 0 0 0 0 0 0 0 0 0 0 0 0 0 0 0 0 0 0 0 0 0 0 0 0 0 0 0 0 0 0 0 0 0 0 0 0 0 0 0 0 0 0 0 0 0 0 0 0 0 0 0 0 0 0 0 0 0 0 0 0 0 0 0 0 0 0 0 0 0 0 0 0 0 0 0 0 0 0 0 0 0 0 0 0 0 0 0 0 0 0 0 0 0 0 0 0 0 0 0 0 0 0 0 0 0 0 0 0 0 0 0 0 0 0 0 0 120 119 118 118 117 118 116 112 111 105 104 106 107 105 109 116 114 106 103 109 119 120 120 124 120 113 111 113 113 122 128 128 123 124 126 126 119 121 127 129 115 110 110 108 109 109 108 111 110 113 114 114 113 116 118 113 110 116 128 136 134 108 101 103 103 105 110 115 126 127 120 113 108 110 114 116 115 117 115 117 115 121 120 120 121 123 121 123 123 125 122 125 127 125 128 131 126 127 123 125 122 126 126 117 113 110 105 104 105 104 107 111 113 114 119 121 128 130 137 136 135 140 139 135 135 133 132 127 128 120 116 117 114 110 109 110 111 116 120 124 128 128 131 133 137 140 144 145 147 149 151 151 152 153 153 154 156 157 157 158 160 159 160 161 161 162 163 164 162 163 165 165 165 165 168 169 169 170 171 171 171 171 171 172 172 173 173 172 175 0 0 0 0 0 0 0 0 0 0 0 0 0 0 0 0 0 0 0 0 0 0 0 0 0 0 0 0 0 0 0 0 0 0 0 0 0 0 0 0 0 0 0 0 0 0 0 0 0 0 0 0 0 0 0 0 0 0 0 0 0 0 0 0 0 0 0 0 0 0 0 0 0 0 0 0 0 0 0 0 0 0 0 0 0 0 0 0 0 0 0 0 0 0 0 
0 0 0 0 0 0 0 0 0 0 0 0 0 0 0 0 0 0 0 0 0 0 0 0 0 0 0 0 0 0 0 0 0 0 0 0 0 0 0 0 0 0 0 0 0 0 0 0 0 0 0 0 0 0 0 0 0 0 0 0 0 0 0 0 0 0 0 0 0 0 0 0 0 0 0 0 0 0 0 0 0 0 0 0 0 0 0 0 0 0 0 0 0 0 0 0 0 0 0 0 0 0 0 0 0 0 0 0 0 0 0 0 0 0 0 0 0 0 0 0 0 0 0 0 0 0 0 0 0 0 0 0 0 0 0 0 0 0 0 0 0 0 0 0 0 0 0 0 0 0 0 0 0 0 0 0 0 0 0 0 0 0 0 0 0 0 0 0 0 0 0 0 0 0 0 0 0 0 0 0 0 0 0 0 0 0 0 0 0 0 0 0 0 0 0 0 0 0 0 0 0 0 0 0 0 0 0 0 0 0 0 0 0 0 0 0 0 0 0 0 0 0 0 0 0 0 0 0 0 0 0 0 0 0 0 0 0 0 0 0 0 0 0 0 0 0 0 0 0 0 0 0 0 0 0 118 118 118 116 116 114 113 110 109 106 106 105 112 116 114 103 101 104 113 118 121 120 113 109 111 112 112 116 123 128 123 121 127 123 119 116 121 129 123 114 109 109 109 109 108 109 110 113 114 114 115 118 118 118 117 110 128 136 131 119 107 109 103 110 115 115 122 128 125 122 113 116 118 116 120 117 120 122 119 122 123 125 127 123 127 123 126 128 127 129 128 130 133 131 132 132 129 130 126 127 128 122 117 110 109 107 105 104 106 108 110 116 119 121 122 124 130 131 131 132 130 132 129 133 129 124 123 119 114 112 110 109 110 110 111 116 120 123 127 130 132 133 136 140 143 145 146 148 150 151 152 153 154 156 156 157 158 158 160 161 162 161 162 164 163 164 165 166 165 166 167 165 168 171 169 170 171 171 171 172 172 172 172 173 173 173 0 0 0 0 0 0 0 0 0 0 0 0 0 0 0 0 0 0 0 0 0 0 0 0 0 0 0 0 0 0 0 0 0 0 0 0 0 0 0 0 0 0 0 0 0 0 0 0 0 0 0 0 0 0 0 0 0 0 0 0 0 0 0 0 0 0 0 0 0 0 0 0 0 0 0 0 0 0 0 0 0 0 0 0 0 0 0 0 0 0 0 0 0 0 0 0 
0 0 0 0 0 0 0 0 0 0 0 0 0 0 0 0 0 0 0 0 0 0 0 0 0 0 0 0 0 0 0 0 0 0 0 0 0 0 0 0 0 0 0 0 0 0 0 0 0 0 0 0 0 0 0 0 0 0 0 0 0 0 0 0 0 0 0 0 0 0 0 0 0 0 0 0 0 0 0 0 0 0 0 0 0 0 0 0 0 0 0 0 0 0 0 0 0 0 0 0 0 0 0 0 0 0 0 0 0 0 0 0 0 0 0 0 0 0 0 0 0 0 0 0 0 0 0 0 0 0 0 0 0 0 0 0 0 0 0 0 0 0 0 0 0 0 0 0 0 0 0 0 0 0 0 0 0 0 0 0 0 0 0 0 0 0 0 0 0 0 0 0 0 0 0 0 0 0 0 0 0 0 0 0 0 0 0 0 0 0 0 0 0 0 0 0 0 0 0 0 0 0 0 0 0 0 0 0 0 0 0 0 0 0 0 0 0 0 0 0 0 0 0 0 0 0 0 0 0 0 0 0 0 0 0 0 0 0 0 0 0 0 0 0 0 0 0 0 0 0 0 0 0 0 0 0 0 118 116 115 115 114 114 109 109 108 109 111 116 103 98 101 105 115 118 119 121 115 111 111 111 112 118 125 128 127 122 125 127 118 117 124 129 122 114 109 110 109 112 110 110 114 114 118 114 116 120 120 121 122 116 118 127 131 119 113 114 112 113 116 119 124 128 132 122 121 121 124 121 125 123 126 122 125 128 125 128 131 128 129 128 130 128 130 132 132 135 136 137 137 134 134 130 130 130 128 130 128 115 112 106 108 104 106 108 109 112 114 119 122 124 124 126 131 130 128 127 124 126 121 124 118 114 114 111 110 109 110 112 117 120 124 126 127 127 131 133 136 139 142 144 146 149 150 150 151 152 154 155 156 157 158 160 160 161 163 163 164 165 166 167 165 167 167 166 167 169 171 170 171 170 171 170 170 172 172 172 172 172 173 173 0 0 0 0 0 0 0 0 0 0 0 0 0 0 0 0 0 0 0 0 0 0 0 0 0 0 0 0 0 0 0 0 0 0 0 0 0 0 0 0 0 0 0 0 0 0 0 0 0 0 0 0 0 0 0 0 0 0 0 0 0 0 0 0 0 0 0 0 0 0 0 0 0 0 0 0 0 0 0 0 0 0 0 0 0 0 0 0 0 0 0 0 0 0 0 0 
0 0 0 0 0 0 0 0 0 0 0 0 0 0 0 0 0 0 0 0 0 0 0 0 0 0 0 0 0 0 0 0 0 0 0 0 0 0 0 0 0 0 0 0 0 0 0 0 0 0 0 0 0 0 0 0 0 0 0 0 0 0 0 0 0 0 0 0 0 0 0 0 0 0 0 0 0 0 0 0 0 0 0 0 0 0 0 0 0 0 0 0 0 0 0 0 0 0 0 0 0 0 0 0 0 0 0 0 0 0 0 0 0 0 0 0 0 0 0 0 0 0 0 0 0 0 0 0 0 0 0 0 0 0 0 0 0 0 0 0 0 0 0 0 0 0 0 0 0 0 0 0 0 0 0 0 0 0 0 0 0 0 0 0 0 0 0 0 0 0 0 0 0 0 0 0 0 0 0 0 0 0 0 0 0 0 0 0 0 0 0 0 0 0 0 0 0 0 0 0 0 0 0 0 0 0 0 0 0 0 0 0 0 0 0 0 0 0 0 0 0 0 0 0 0 0 0 0 0 0 0 0 0 0 0 0 0 0 0 0 0 0 0 0 0 0 0 0 0 0 0 0 0 0 0 0 0 0 0 115 115 116 116 112 112 112 112 117 116 107 101 98 101 111 118 120 115 111 111 111 112 110 113 121 128 124 123 125 127 126 122 120 130 129 113 113 110 115 112 114 115 118 116 119 121 121 120 124 126 122 122 125 120 128 124 113 114 116 121 116 122 125 130 136 130 128 129 124 130 125 127 130 129 132 131 134 138 131 134 129 133 136 133 137 135 138 139 136 138 140 139 139 134 135 135 130 130 128 130 130 110 110 108 109 109 109 111 114 115 116 124 124 126 125 123 125 123 124 121 117 118 116 114 111 110 110 110 110 113 118 121 124 126 127 130 131 136 136 139 142 144 148 148 150 151 151 155 156 155 156 158 159 160 162 163 163 164 165 165 166 167 167 168 168 169 167 169 171 170 170 171 171 171 171 173 173 172 173 173 173 0 0 0 0 0 0 0 0 0 0 0 0 0 0 0 0 0 0 0 0 0 0 0 0 0 0 0 0 0 0 0 0 0 0 0 0 0 0 0 0 0 0 0 0 0 0 0 0 0 0 0 0 0 0 0 0 0 0 0 0 0 0 0 0 0 0 0 0 0 0 0 0 0 0 0 0 0 0 0 0 0 0 0 0 0 0 0 0 0 0 0 0 0 0 0 0 0 
0 0 0 0 0 0 0 0 0 0 0 0 0 0 0 0 0 0 0 0 0 0 0 0 0 0 0 0 0 0 0 0 0 0 0 0 0 0 0 0 0 0 0 0 0 0 0 0 0 0 0 0 0 0 0 0 0 0 0 0 0 0 0 0 0 0 0 0 0 0 0 0 0 0 0 0 0 0 0 0 0 0 0 0 0 0 0 0 0 0 0 0 0 0 0 0 0 0 0 0 0 0 0 0 0 0 0 0 0 0 0 0 0 0 0 0 0 0 0 0 0 0 0 0 0 0 0 0 0 0 0 0 0 0 0 0 0 0 0 0 0 0 0 0 0 0 0 0 0 0 0 0 0 0 0 0 0 0 0 0 0 0 0 0 0 0 0 0 0 0 0 0 0 0 0 0 0 0 0 0 0 0 0 0 0 0 0 0 0 0 0 0 0 0 0 0 0 0 0 0 0 0 0 0 0 0 0 0 0 0 0 0 0 0 0 0 0 0 0 0 0 0 0 0 0 0 0 0 0 0 0 0 0 0 0 0 0 0 0 0 0 0 0 0 0 0 0 0 0 0 0 0 0 0 0 0 0 0 0 0 0 116 116 114 115 114 113 117 110 104 101 100 106 111 116 116 118 114 110 112 112 112 119 121 126 127 123 124 128 129 125 126 131 129 123 118 115 118 116 119 122 118 121 119 123 126 124 127 129 127 128 125 128 128 133 139 121 116 121 125 127 125 131 136 138 137 136 132 135 133 135 130 133 136 135 138 142 140 143 137 139 136 139 141 140 143 144 143 145 143 143 139 138 140 140 132 132 130 130 128 122 110 109 108 107 108 108 111 112 116 116 117 121 125 123 122 120 120 116 117 113 113 114 111 110 111 111 114 118 121 124 126 126 127 130 132 135 138 141 143 144 148 148 150 151 154 155 156 157 159 158 161 160 163 164 165 166 167 167 168 167 168 169 168 169 170 170 172 170 170 171 171 172 172 172 173 174 174 174 173 0 0 0 0 0 0 0 0 0 0 0 0 0 0 0 0 0 0 0 0 0 0 0 0 0 0 0 0 0 0 0 0 0 0 0 0 0 0 0 0 0 0 0 0 0 0 0 0 0 0 0 0 0 0 0 0 0 0 0 0 0 0 0 0 0 0 0 0 0 0 0 0 0 0 0 0 0 0 0 0 0 0 0 0 0 0 0 0 0 0 0 0 0 0 0 0 0 
0 0 0 0 0 0 0 0 0 0 0 0 0 0 0 0 0 0 0 0 0 0 0 0 0 0 0 0 0 0 0 0 0 0 0 0 0 0 0 0 0 0 0 0 0 0 0 0 0 0 0 0 0 0 0 0 0 0 0 0 0 0 0 0 0 0 0 0 0 0 0 0 0 0 0 0 0 0 0 0 0 0 0 0 0 0 0 0 0 0 0 0 0 0 0 0 0 0 0 0 0 0 0 0 0 0 0 0 0 0 0 0 0 0 0 0 0 0 0 0 0 0 0 0 0 0 0 0 0 0 0 0 0 0 0 0 0 0 0 0 0 0 0 0 0 0 0 0 0 0 0 0 0 0 0 0 0 0 0 0 0 0 0 0 0 0 0 0 0 0 0 0 0 0 0 0 0 0 0 0 0 0 0 0 0 0 0 0 0 0 0 0 0 0 0 0 0 0 0 0 0 0 0 0 0 0 0 0 0 0 0 0 0 0 0 0 0 0 0 0 0 0 0 0 0 0 0 0 0 0 0 0 0 0 0 0 0 0 0 0 0 0 0 0 0 0 0 0 0 0 0 0 0 0 0 0 0 0 0 0 0 0 0 114 115 114 117 117 114 106 102 102 103 114 118 120 116 114 109 111 112 113 118 125 128 127 124 124 128 131 129 126 130 136 131 118 122 118 120 124 127 124 127 125 128 126 128 132 129 132 132 129 133 132 139 139 140 138 126 125 127 132 136 140 142 143 136 142 135 138 140 139 142 139 142 147 142 145 147 145 147 142 145 144 146 148 144 147 149 148 148 142 142 143 137 136 132 131 129 131 130 118 114 111 107 106 108 108 109 112 112 111 116 114 117 122 120 118 117 114 112 111 110 111 110 111 111 115 118 121 123 126 127 130 130 135 135 138 141 144 146 149 151 151 151 153 156 156 158 159 160 163 163 165 164 166 168 167 167 168 169 170 169 170 169 170 171 172 172 172 172 171 173 173 173 173 172 174 174 0 0 0 0 0 0 0 0 0 0 0 0 0 0 0 0 0 0 0 0 0 0 0 0 0 0 0 0 0 0 0 0 0 0 0 0 0 0 0 0 0 0 0 0 0 0 0 0 0 0 0 0 0 0 0 0 0 0 0 0 0 0 0 0 0 0 0 0 0 0 0 0 0 0 0 0 0 0 0 0 0 0 0 0 0 0 0 0 0 0 0 0 0 0 0 0 0 0 
0 0 0 0 0 0 0 0 0 0 0 0 0 0 0 0 0 0 0 0 0 0 0 0 0 0 0 0 0 0 0 0 0 0 0 0 0 0 0 0 0 0 0 0 0 0 0 0 0 0 0 0 0 0 0 0 0 0 0 0 0 0 0 0 0 0 0 0 0 0 0 0 0 0 0 0 0 0 0 0 0 0 0 0 0 0 0 0 0 0 0 0 0 0 0 0 0 0 0 0 0 0 0 0 0 0 0 0 0 0 0 0 0 0 0 0 0 0 0 0 0 0 0 0 0 0 0 0 0 0 0 0 0 0 0 0 0 0 0 0 0 0 0 0 0 0 0 0 0 0 0 0 0 0 0 0 0 0 0 0 0 0 0 0 0 0 0 0 0 0 0 0 0 0 0 0 0 0 0 0 0 0 0 0 0 0 0 0 0 0 0 0 0 0 0 0 0 0 0 0 0 0 0 0 0 0 0 0 0 0 0 0 0 0 0 0 0 0 0 0 0 0 0 0 0 0 0 0 0 0 0 0 0 0 0 0 0 0 0 0 0 0 0 0 0 0 0 0 0 0 0 0 0 0 0 0 0 0 0 0 0 0 0 0 0 114 117 116 108 106 103 106 103 112 119 121 117 112 114 111 115 118 118 122 127 128 127 128 132 134 129 132 130 135 137 131 133 125 127 130 127 132 127 130 132 131 135 137 136 137 132 136 133 136 140 144 146 146 141 143 132 132 136 142 146 148 144 147 141 145 140 144 147 144 147 152 149 151 149 150 147 149 153 147 149 152 151 151 150 151 148 147 146 146 143 141 135 134 129 129 130 128 122 116 108 106 106 107 109 106 107 111 110 110 113 113 117 118 117 112 110 111 110 111 111 113 115 118 121 121 126 126 128 130 132 135 138 141 144 144 148 149 151 153 152 154 158 158 158 159 164 163 163 165 166 168 168 168 168 168 170 170 170 171 172 172 171 172 172 172 172 172 173 173 173 173 174 175 174 0 0 0 0 0 0 0 0 0 0 0 0 0 0 0 0 0 0 0 0 0 0 0 0 0 0 0 0 0 0 0 0 0 0 0 0 0 0 0 0 0 0 0 0 0 0 0 0 0 0 0 0 0 0 0 0 0 0 0 0 0 0 0 0 0 0 0 0 0 0 0 0 0 0 0 0 0 0 0 0 0 0 0 0 0 0 0 0 0 0 0 0 0 0 0 0 0 0 
0 0 0 0 0 0 0 0 0 0 0 0 0 0 0 0 0 0 0 0 0 0 0 0 0 0 0 0 0 0 0 0 0 0 0 0 0 0 0 0 0 0 0 0 0 0 0 0 0 0 0 0 0 0 0 0 0 0 0 0 0 0 0 0 0 0 0 0 0 0 0 0 0 0 0 0 0 0 0 0 0 0 0 0 0 0 0 0 0 0 0 0 0 0 0 0 0 0 0 0 0 0 0 0 0 0 0 0 0 0 0 0 0 0 0 0 0 0 0 0 0 0 0 0 0 0 0 0 0 0 0 0 0 0 0 0 0 0 0 0 0 0 0 0 0 0 0 0 0 0 0 0 0 0 0 0 0 0 0 0 0 0 0 0 0 0 0 0 0 0 0 0 0 0 0 0 0 0 0 0 0 0 0 0 0 0 0 0 0 0 0 0 0 0 0 0 0 0 0 0 0 0 0 0 0 0 0 0 0 0 0 0 0 0 0 0 0 0 0 0 0 0 0 0 0 0 0 0 0 0 0 0 0 0 0 0 0 0 0 0 0 0 0 0 0 0 0 0 0 0 0 0 0 0 0 0 0 0 0 0 0 0 0 0 0 0 0 116 108 107 104 107 112 119 119 122 117 114 115 114 118 121 121 126 127 133 127 129 131 136 133 134 135 139 137 136 133 133 137 141 134 136 135 139 132 135 142 137 142 143 139 141 140 144 140 144 151 146 147 149 147 149 144 142 146 148 149 151 147 150 148 151 151 153 156 152 154 156 153 154 151 155 153 156 159 152 153 154 153 154 152 151 150 147 144 141 139 137 132 128 129 128 124 111 108 106 105 102 104 103 103 106 104 110 109 113 113 113 114 112 110 111 110 111 115 113 117 121 123 124 127 128 130 130 133 135 138 141 143 145 147 151 152 153 153 156 158 158 159 162 164 164 166 165 166 169 168 169 169 170 170 170 171 171 171 171 171 171 172 173 172 172 173 173 173 173 174 175 0 0 0 0 0 0 0 0 0 0 0 0 0 0 0 0 0 0 0 0 0 0 0 0 0 0 0 0 0 0 0 0 0 0 0 0 0 0 0 0 0 0 0 0 0 0 0 0 0 0 0 0 0 0 0 0 0 0 0 0 0 0 0 0 0 0 0 0 0 0 0 0 0 0 0 0 0 0 0 0 0 0 0 0 0 0 0 0 0 0 0 0 0 0 0 0 0 0 0 
0 0 0 0 0 0 0 0 0 0 0 0 0 0 0 0 0 0 0 0 0 0 0 0 0 0 0 0 0 0 0 0 0 0 0 0 0 0 0 0 0 0 0 0 0 0 0 0 0 0 0 0 0 0 0 0 0 0 0 0 0 0 0 0 0 0 0 0 0 0 0 0 0 0 0 0 0 0 0 0 0 0 0 0 0 0 0 0 0 0 0 0 0 0 0 0 0 0 0 0 0 0 0 0 0 0 0 0 0 0 0 0 0 0 0 0 0 0 0 0 0 0 0 0 0 0 0 0 0 0 0 0 0 0 0 0 0 0 0 0 0 0 0 0 0 0 0 0 0 0 0 0 0 0 0 0 0 0 0 0 0 0 0 0 0 0 0 0 0 0 0 0 0 0 0 0 0 0 0 0 0 0 0 0 0 0 0 0 0 0 0 0 0 0 0 0 0 0 0 0 0 0 0 0 0 0 0 0 0 0 0 0 0 0 0 0 0 0 0 0 0 0 0 0 0 0 0 0 0 0 0 0 0 0 0 0 0 0 0 0 0 0 0 0 0 0 0 0 0 0 0 0 0 0 0 0 0 0 0 0 0 0 0 0 0 0 0 0 0 107 104 107 110 118 122 124 121 119 115 119 123 121 124 127 132 137 132 133 137 136 138 134 137 141 141 141 138 142 146 141 147 136 139 144 141 144 147 145 147 143 144 146 145 148 148 151 153 151 154 149 152 155 154 155 159 153 149 153 156 150 153 156 153 157 159 158 160 158 159 154 155 159 158 160 161 160 161 156 157 154 154 154 151 150 148 143 141 137 131 128 127 127 125 120 114 105 102 102 98 98 103 103 101 104 105 110 110 113 113 112 111 111 110 113 117 118 122 124 123 128 127 129 131 134 136 139 141 143 143 148 147 150 152 153 155 157 158 160 159 162 164 166 167 166 168 169 169 169 169 171 170 170 171 171 172 171 172 172 172 172 172 172 173 173 174 174 174 175 0 0 0 0 0 0 0 0 0 0 0 0 0 0 0 0 0 0 0 0 0 0 0 0 0 0 0 0 0 0 0 0 0 0 0 0 0 0 0 0 0 0 0 0 0 0 0 0 0 0 0 0 0 0 0 0 0 0 0 0 0 0 0 0 0 0 0 0 0 0 0 0 0 0 0 0 0 0 0 0 0 0 0 0 0 0 0 0 0 0 0 0 0 0 0 0 0 0 0 
0 0 0 0 0 0 0 0 0 0 0 0 0 0 0 0 0 0 0 0 0 0 0 0 0 0 0 0 0 0 0 0 0 0 0 0 0 0 0 0 0 0 0 0 0 0 0 0 0 0 0 0 0 0 0 0 0 0 0 0 0 0 0 0 0 0 0 0 0 0 0 0 0 0 0 0 0 0 0 0 0 0 0 0 0 0 0 0 0 0 0 0 0 0 0 0 0 0 0 0 0 0 0 0 0 0 0 0 0 0 0 0 0 0 0 0 0 0 0 0 0 0 0 0 0 0 0 0 0 0 0 0 0 0 0 0 0 0 0 0 0 0 0 0 0 0 0 0 0 0 0 0 0 0 0 0 0 0 0 0 0 0 0 0 0 0 0 0 0 0 0 0 0 0 0 0 0 0 0 0 0 0 0 0 0 0 0 0 0 0 0 0 0 0 0 0 0 0 0 0 0 0 0 0 0 0 0 0 0 0 0 0 0 0 0 0 0 0 0 0 0 0 0 0 0 0 0 0 0 0 0 0 0 0 0 0 0 0 0 0 0 0 0 0 0 0 0 0 0 0 0 0 0 0 0 0 0 0 0 0 0 0 0 0 0 0 0 0 0 0 0 0 110 118 125 124 124 123 120 124 128 127 129 127 139 137 136 136 138 140 141 140 144 141 145 147 143 146 150 148 151 149 152 144 146 151 147 150 151 148 150 149 153 148 151 156 153 155 156 156 160 158 159 162 159 161 163 153 156 158 160 158 161 161 159 161 163 161 162 160 162 159 163 164 161 163 163 161 161 157 157 155 151 150 148 147 145 138 134 129 125 121 125 119 114 108 103 98 97 95 98 95 101 100 105 106 106 111 112 113 113 113 111 113 117 119 122 125 128 127 129 131 131 134 135 139 141 143 146 148 149 151 152 154 157 157 159 160 162 164 166 166 167 168 168 168 169 169 171 171 171 171 171 171 171 171 171 172 172 172 172 172 173 173 174 174 174 0 0 0 0 0 0 0 0 0 0 0 0 0 0 0 0 0 0 0 0 0 0 0 0 0 0 0 0 0 0 0 0 0 0 0 0 0 0 0 0 0 0 0 0 0 0 0 0 0 0 0 0 0 0 0 0 0 0 0 0 0 0 0 0 0 0 0 0 0 0 0 0 0 0 0 0 0 0 0 0 0 0 0 0 0 0 0 0 0 0 0 0 0 0 0 0 0 0 0 0 
0 0 0 0 0 0 0 0 0 0 0 0 0 0 0 0 0 0 0 0 0 0 0 0 0 0 0 0 0 0 0 0 0 0 0 0 0 0 0 0 0 0 0 0 0 0 0 0 0 0 0 0 0 0 0 0 0 0 0 0 0 0 0 0 0 0 0 0 0 0 0 0 0 0 0 0 0 0 0 0 0 0 0 0 0 0 0 0 0 0 0 0 0 0 0 0 0 0 0 0 0 0 0 0 0 0 0 0 0 0 0 0 0 0 0 0 0 0 0 0 0 0 0 0 0 0 0 0 0 0 0 0 0 0 0 0 0 0 0 0 0 0 0 0 0 0 0 0 0 0 0 0 0 0 0 0 0 0 0 0 0 0 0 0 0 0 0 0 0 0 0 0 0 0 0 0 0 0 0 0 0 0 0 0 0 0 0 0 0 0 0 0 0 0 0 0 0 0 0 0 0 0 0 0 0 0 0 0 0 0 0 0 0 0 0 0 0 0 0 0 0 0 0 0 0 0 0 0 0 0 0 0 0 0 0 0 0 0 0 0 0 0 0 0 0 0 0 0 0 0 0 0 0 0 0 0 0 0 0 0 0 0 0 0 0 0 0 0 0 0 0 0 0 0 125 127 127 123 125 132 128 132 136 134 140 140 140 141 138 144 141 144 147 146 149 148 151 154 150 156 151 154 155 154 157 160 153 155 151 153 154 152 156 155 157 160 157 158 156 159 161 162 162 165 165 165 163 163 158 158 160 162 165 166 163 166 165 165 162 163 164 163 164 166 165 166 163 164 161 162 162 161 155 153 148 147 145 137 134 131 127 123 121 118 114 108 103 96 93 95 94 92 93 94 102 102 106 107 113 113 114 115 116 120 120 119 122 125 128 127 130 132 133 136 139 141 142 143 145 147 149 151 154 156 158 160 161 160 162 164 165 167 168 169 169 170 170 169 171 170 171 172 171 172 171 172 172 172 172 172 172 173 174 174 173 174 174 0 0 0 0 0 0 0 0 0 0 0 0 0 0 0 0 0 0 0 0 0 0 0 0 0 0 0 0 0 0 0 0 0 0 0 0 0 0 0 0 0 0 0 0 0 0 0 0 0 0 0 0 0 0 0 0 0 0 0 0 0 0 0 0 0 0 0 0 0 0 0 0 0 0 0 0 0 0 0 0 0 0 0 0 0 0 0 0 0 0 0 0 0 0 0 0 0 0 0 0 
0 0 0 0 0 0 0 0 0 0 0 0 0 0 0 0 0 0 0 0 0 0 0 0 0 0 0 0 0 0 0 0 0 0 0 0 0 0 0 0 0 0 0 0 0 0 0 0 0 0 0 0 0 0 0 0 0 0 0 0 0 0 0 0 0 0 0 0 0 0 0 0 0 0 0 0 0 0 0 0 0 0 0 0 0 0 0 0 0 0 0 0 0 0 0 0 0 0 0 0 0 0 0 0 0 0 0 0 0 0 0 0 0 0 0 0 0 0 0 0 0 0 0 0 0 0 0 0 0 0 0 0 0 0 0 0 0 0 0 0 0 0 0 0 0 0 0 0 0 0 0 0 0 0 0 0 0 0 0 0 0 0 0 0 0 0 0 0 0 0 0 0 0 0 0 0 0 0 0 0 0 0 0 0 0 0 0 0 0 0 0 0 0 0 0 0 0 0 0 0 0 0 0 0 0 0 0 0 0 0 0 0 0 0 0 0 0 0 0 0 0 0 0 0 0 0 0 0 0 0 0 0 0 0 0 0 0 0 0 0 0 0 0 0 0 0 0 0 0 0 0 0 0 0 0 0 0 0 0 0 0 0 0 0 0 0 0 0 0 0 0 0 0 0 0 127 127 128 131 135 136 139 136 142 140 144 143 144 144 147 147 150 147 149 151 151 155 157 157 159 158 160 155 158 162 160 161 162 157 157 154 157 156 158 160 162 161 159 161 164 163 165 166 165 167 168 167 167 164 164 163 162 165 166 167 168 168 168 166 166 164 166 168 166 167 167 165 165 165 164 163 161 156 153 151 149 143 140 134 130 126 123 116 118 117 114 102 97 95 93 90 92 93 94 95 97 103 106 110 115 118 115 118 121 121 123 127 129 128 131 133 132 134 137 139 142 145 145 148 150 152 151 154 159 158 161 161 163 165 165 167 167 168 168 170 169 169 171 171 171 172 172 172 172 171 172 172 172 172 172 172 172 174 173 173 173 0 0 0 0 0 0 0 0 0 0 0 0 0 0 0 0 0 0 0 0 0 0 0 0 0 0 0 0 0 0 0 0 0 0 0 0 0 0 0 0 0 0 0 0 0 0 0 0 0 0 0 0 0 0 0 0 0 0 0 0 0 0 0 0 0 0 0 0 0 0 0 0 0 0 0 0 0 0 0 0 0 0 0 0 0 0 0 0 0 0 0 0 0 0 0 0 0 0 0 0 0 
0 0 0 0 0 0 0 0 0 0 0 0 0 0 0 0 0 0 0 0 0 0 0 0 0 0 0 0 0 0 0 0 0 0 0 0 0 0 0 0 0 0 0 0 0 0 0 0 0 0 0 0 0 0 0 0 0 0 0 0 0 0 0 0 0 0 0 0 0 0 0 0 0 0 0 0 0 0 0 0 0 0 0 0 0 0 0 0 0 0 0 0 0 0 0 0 0 0 0 0 0 0 0 0 0 0 0 0 0 0 0 0 0 0 0 0 0 0 0 0 0 0 0 0 0 0 0 0 0 0 0 0 0 0 0 0 0 0 0 0 0 0 0 0 0 0 0 0 0 0 0 0 0 0 0 0 0 0 0 0 0 0 0 0 0 0 0 0 0 0 0 0 0 0 0 0 0 0 0 0 0 0 0 0 0 0 0 0 0 0 0 0 0 0 0 0 0 0 0 0 0 0 0 0 0 0 0 0 0 0 0 0 0 0 0 0 0 0 0 0 0 0 0 0 0 0 0 0 0 0 0 0 0 0 0 0 0 0 0 0 0 0 0 0 0 0 0 0 0 0 0 0 0 0 0 0 0 0 0 0 0 0 0 0 0 0 0 0 0 0 0 0 0 0 0 0 0 128 131 135 138 142 142 145 146 149 150 144 150 147 149 153 153 154 153 156 159 157 159 162 161 162 161 163 165 163 164 162 162 162 158 160 159 162 164 164 162 159 162 164 166 166 168 168 169 167 168 167 166 165 166 167 170 169 167 169 170 168 169 169 166 167 167 167 168 167 166 165 166 165 164 161 158 153 151 149 142 140 135 132 128 119 115 113 111 114 109 99 95 94 91 91 92 94 96 97 100 107 110 115 119 120 123 123 124 127 127 130 129 131 133 135 138 139 142 146 145 146 149 150 152 155 157 158 161 161 161 164 164 166 167 168 168 169 169 170 169 170 170 171 172 172 172 172 172 172 172 172 173 173 173 173 172 173 173 173 0 0 0 0 0 0 0 0 0 0 0 0 0 0 0 0 0 0 0 0 0 0 0 0 0 0 0 0 0 0 0 0 0 0 0 0 0 0 0 0 0 0 0 0 0 0 0 0 0 0 0 0 0 0 0 0 0 0 0 0 0 0 0 0 0 0 0 0 0 0 0 0 0 0 0 0 0 0 0 0 0 0 0 0 0 0 0 0 0 0 0 0 0 0 0 0 0 0 0 0 0 
0 0 0 0 0 0 0 0 0 0 0 0 0 0 0 0 0 0 0 0 0 0 0 0 0 0 0 0 0 0 0 0 0 0 0 0 0 0 0 0 0 0 0 0 0 0 0 0 0 0 0 0 0 0 0 0 0 0 0 0 0 0 0 0 0 0 0 0 0 0 0 0 0 0 0 0 0 0 0 0 0 0 0 0 0 0 0 0 0 0 0 0 0 0 0 0 0 0 0 0 0 0 0 0 0 0 0 0 0 0 0 0 0 0 0 0 0 0 0 0 0 0 0 0 0 0 0 0 0 0 0 0 0 0 0 0 0 0 0 0 0 0 0 0 0 0 0 0 0 0 0 0 0 0 0 0 0 0 0 0 0 0 0 0 0 0 0 0 0 0 0 0 0 0 0 0 0 0 0 0 0 0 0 0 0 0 0 0 0 0 0 0 0 0 0 0 0 0 0 0 0 0 0 0 0 0 0 0 0 0 0 0 0 0 0 0 0 0 0 0 0 0 0 0 0 0 0 0 0 0 0 0 0 0 0 0 0 0 0 0 0 0 0 0 0 0 0 0 0 0 0 0 0 0 0 0 0 0 0 0 0 0 0 0 0 0 0 0 0 0 0 0 0 0 0 0 0 0 0 0 138 142 145 147 148 151 152 152 154 150 154 153 156 157 155 157 161 162 164 163 164 162 163 165 166 165 166 164 164 163 163 160 160 162 165 166 165 163 164 166 167 168 168 169 170 169 169 169 167 165 167 169 170 172 172 169 170 171 171 169 168 167 167 169 169 167 167 166 165 165 164 160 158 155 154 147 145 138 134 129 128 117 115 112 107 108 107 105 96 93 91 92 92 94 97 100 105 108 113 117 119 122 124 124 125 128 130 132 132 135 133 135 138 140 143 147 148 150 151 154 152 156 158 159 160 160 163 164 165 167 167 168 168 169 170 170 171 171 170 172 172 172 172 172 172 173 173 173 173 174 174 173 176 176 174 173 0 0 0 0 0 0 0 0 0 0 0 0 0 0 0 0 0 0 0 0 0 0 0 0 0 0 0 0 0 0 0 0 0 0 0 0 0 0 0 0 0 0 0 0 0 0 0 0 0 0 0 0 0 0 0 0 0 0 0 0 0 0 0 0 0 0 0 0 0 0 0 0 0 0 0 0 0 0 0 0 0 0 0 0 0 0 0 0 0 0 0 0 0 0 0 0 0 0 0 0 0 
0 0 0 0 0 0 0 0 0 0 0 0 0 0 0 0 0 0 0 0 0 0 0 0 0 0 0 0 0 0 0 0 0 0 0 0 0 0 0 0 0 0 0 0 0 0 0 0 0 0 0 0 0 0 0 0 0 0 0 0 0 0 0 0 0 0 0 0 0 0 0 0 0 0 0 0 0 0 0 0 0 0 0 0 0 0 0 0 0 0 0 0 0 0 0 0 0 0 0 0 0 0 0 0 0 0 0 0 0 0 0 0 0 0 0 0 0 0 0 0 0 0 0 0 0 0 0 0 0 0 0 0 0 0 0 0 0 0 0 0 0 0 0 0 0 0 0 0 0 0 0 0 0 0 0 0 0 0 0 0 0 0 0 0 0 0 0 0 0 0 0 0 0 0 0 0 0 0 0 0 0 0 0 0 0 0 0 0 0 0 0 0 0 0 0 0 0 0 0 0 0 0 0 0 0 0 0 0 0 0 0 0 0 0 0 0 0 0 0 0 0 0 0 0 0 0 0 0 0 0 0 0 0 0 0 0 0 0 0 0 0 0 0 0 0 0 0 0 0 0 0 0 0 0 0 0 0 0 0 0 0 0 0 0 0 0 0 0 0 0 0 0 0 0 0 0 0 0 0 0 0 0 145 150 152 154 152 154 157 155 153 158 160 157 158 161 161 164 165 165 166 165 166 167 166 167 166 167 167 163 162 162 162 165 167 168 165 166 165 166 167 168 169 170 170 170 169 171 170 168 167 168 172 171 172 172 171 171 171 171 170 168 168 168 169 168 167 167 166 165 163 160 158 155 154 146 145 141 138 133 124 118 111 106 107 104 105 105 101 96 89 90 95 97 97 101 111 108 113 118 121 125 126 128 130 128 131 134 135 137 137 141 142 140 143 147 149 151 153 155 156 158 158 160 161 160 163 165 165 166 167 168 169 170 170 170 171 171 171 172 172 172 172 173 173 173 173 173 173 174 174 173 173 176 176 0 0 0 0 0 0 0 0 0 0 0 0 0 0 0 0 0 0 0 0 0 0 0 0 0 0 0 0 0 0 0 0 0 0 0 0 0 0 0 0 0 0 0 0 0 0 0 0 0 0 0 0 0 0 0 0 0 0 0 0 0 0 0 0 0 0 0 0 0 0 0 0 0 0 0 0 0 0 0 0 0 0 0 0 0 0 0 0 0 0 0 0 0 0 0 0 0 0 0 0 0 0 
0 0 0 0 0 0 0 0 0 0 0 0 0 0 0 0 0 0 0 0 0 0 0 0 0 0 0 0 0 0 0 0 0 0 0 0 0 0 0 0 0 0 0 0 0 0 0 0 0 0 0 0 0 0 0 0 0 0 0 0 0 0 0 0 0 0 0 0 0 0 0 0 0 0 0 0 0 0 0 0 0 0 0 0 0 0 0 0 0 0 0 0 0 0 0 0 0 0 0 0 0 0 0 0 0 0 0 0 0 0 0 0 0 0 0 0 0 0 0 0 0 0 0 0 0 0 0 0 0 0 0 0 0 0 0 0 0 0 0 0 0 0 0 0 0 0 0 0 0 0 0 0 0 0 0 0 0 0 0 0 0 0 0 0 0 0 0 0 0 0 0 0 0 0 0 0 0 0 0 0 0 0 0 0 0 0 0 0 0 0 0 0 0 0 0 0 0 0 0 0 0 0 0 0 0 0 0 0 0 0 0 0 0 0 0 0 0 0 0 0 0 0 0 0 0 0 0 0 0 0 0 0 0 0 0 0 0 0 0 0 0 0 0 0 0 0 0 0 0 0 0 0 0 0 0 0 0 0 0 0 0 0 0 0 0 0 0 0 0 0 0 0 0 0 0 0 0 0 0 0 0 0 0 150 152 154 155 158 158 155 153 157 162 159 159 160 164 167 166 166 166 166 168 169 168 170 168 168 166 165 162 162 162 164 167 169 167 166 165 167 168 168 169 171 171 171 171 171 170 168 167 168 170 171 172 173 172 172 171 171 170 168 167 167 169 169 168 167 165 165 161 160 158 157 151 148 142 139 135 133 121 118 112 106 102 101 100 104 102 96 93 94 94 99 102 107 112 114 118 118 123 126 128 131 134 134 135 137 140 137 140 143 144 147 149 150 149 154 155 155 158 159 159 159 162 164 165 166 167 166 167 168 170 170 170 170 171 171 172 172 172 172 172 172 173 174 174 173 174 174 174 174 175 173 176 0 0 0 0 0 0 0 0 0 0 0 0 0 0 0 0 0 0 0 0 0 0 0 0 0 0 0 0 0 0 0 0 0 0 0 0 0 0 0 0 0 0 0 0 0 0 0 0 0 0 0 0 0 0 0 0 0 0 0 0 0 0 0 0 0 0 0 0 0 0 0 0 0 0 0 0 0 0 0 0 0 0 0 0 0 0 0 0 0 0 0 0 0 0 0 0 0 0 0 0 0 0 
0 0 0 0 0 0 0 0 0 0 0 0 0 0 0 0 0 0 0 0 0 0 0 0 0 0 0 0 0 0 0 0 0 0 0 0 0 0 0 0 0 0 0 0 0 0 0 0 0 0 0 0 0 0 0 0 0 0 0 0 0 0 0 0 0 0 0 0 0 0 0 0 0 0 0 0 0 0 0 0 0 0 0 0 0 0 0 0 0 0 0 0 0 0 0 0 0 0 0 0 0 0 0 0 0 0 0 0 0 0 0 0 0 0 0 0 0 0 0 0 0 0 0 0 0 0 0 0 0 0 0 0 0 0 0 0 0 0 0 0 0 0 0 0 0 0 0 0 0 0 0 0 0 0 0 0 0 0 0 0 0 0 0 0 0 0 0 0 0 0 0 0 0 0 0 0 0 0 0 0 0 0 0 0 0 0 0 0 0 0 0 0 0 0 0 0 0 0 0 0 0 0 0 0 0 0 0 0 0 0 0 0 0 0 0 0 0 0 0 0 0 0 0 0 0 0 0 0 0 0 0 0 0 0 0 0 0 0 0 0 0 0 0 0 0 0 0 0 0 0 0 0 0 0 0 0 0 0 0 0 0 0 0 0 0 0 0 0 0 0 0 0 0 0 0 0 0 0 0 0 0 0 0 0 0 0 155 158 160 156 155 160 163 163 161 160 163 166 168 168 167 168 169 169 171 170 168 169 169 168 164 163 164 166 168 169 171 171 166 166 167 169 171 171 171 171 171 173 170 170 168 167 169 171 173 173 172 172 172 171 171 168 167 167 168 169 169 168 166 163 161 159 157 157 153 150 143 140 136 129 123 115 110 106 102 97 100 102 105 101 102 97 101 99 104 109 114 115 120 124 127 129 132 136 134 137 138 138 140 142 145 145 149 152 149 151 154 154 155 159 159 160 160 162 162 163 164 166 167 167 168 170 170 171 170 171 171 171 173 172 172 172 172 173 173 173 174 174 175 175 175 175 175 175 0 0 0 0 0 0 0 0 0 0 0 0 0 0 0 0 0 0 0 0 0 0 0 0 0 0 0 0 0 0 0 0 0 0 0 0 0 0 0 0 0 0 0 0 0 0 0 0 0 0 0 0 0 0 0 0 0 0 0 0 0 0 0 0 0 0 0 0 0 0 0 0 0 0 0 0 0 0 0 0 0 0 0 0 0 0 0 0 0 0 0 0 0 0 0 0 0 0 0 0 0 0 0 
0 0 0 0 0 0 0 0 0 0 0 0 0 0 0 0 0 0 0 0 0 0 0 0 0 0 0 0 0 0 0 0 0 0 0 0 0 0 0 0 0 0 0 0 0 0 0 0 0 0 0 0 0 0 0 0 0 0 0 0 0 0 0 0 0 0 0 0 0 0 0 0 0 0 0 0 0 0 0 0 0 0 0 0 0 0 0 0 0 0 0 0 0 0 0 0 0 0 0 0 0 0 0 0 0 0 0 0 0 0 0 0 0 0 0 0 0 0 0 0 0 0 0 0 0 0 0 0 0 0 0 0 0 0 0 0 0 0 0 0 0 0 0 0 0 0 0 0 0 0 0 0 0 0 0 0 0 0 0 0 0 0 0 0 0 0 0 0 0 0 0 0 0 0 0 0 0 0 0 0 0 0 0 0 0 0 0 0 0 0 0 0 0 0 0 0 0 0 0 0 0 0 0 0 0 0 0 0 0 0 0 0 0 0 0 0 0 0 0 0 0 0 0 0 0 0 0 0 0 0 0 0 0 0 0 0 0 0 0 0 0 0 0 0 0 0 0 0 0 0 0 0 0 0 0 0 0 0 0 0 0 0 0 0 0 0 0 0 0 0 0 0 0 0 0 0 0 0 0 0 0 0 0 0 0 0 0 0 160 156 155 158 163 165 163 161 164 168 169 168 168 169 170 169 169 170 170 169 170 168 166 165 164 165 167 170 172 171 168 169 167 169 171 170 171 172 173 173 173 170 168 167 167 170 172 173 172 172 172 171 171 169 168 167 168 168 167 166 166 161 161 158 156 154 151 145 141 136 136 131 125 117 112 106 102 100 99 101 105 106 105 102 103 106 111 116 118 123 120 125 129 130 133 137 141 141 142 144 140 143 147 147 151 153 152 155 155 157 155 159 159 160 161 162 163 164 164 168 167 168 168 170 170 171 172 172 171 173 173 173 172 173 173 173 173 173 174 174 174 175 175 175 175 175 0 0 0 0 0 0 0 0 0 0 0 0 0 0 0 0 0 0 0 0 0 0 0 0 0 0 0 0 0 0 0 0 0 0 0 0 0 0 0 0 0 0 0 0 0 0 0 0 0 0 0 0 0 0 0 0 0 0 0 0 0 0 0 0 0 0 0 0 0 0 0 0 0 0 0 0 0 0 0 0 0 0 0 0 0 0 0 0 0 0 0 0 0 0 0 0 0 0 0 0 0 0 0 
0 0 0 0 0 0 0 0 0 0 0 0 0 0 0 0 0 0 0 0 0 0 0 0 0 0 0 0 0 0 0 0 0 0 0 0 0 0 0 0 0 0 0 0 0 0 0 0 0 0 0 0 0 0 0 0 0 0 0 0 0 0 0 0 0 0 0 0 0 0 0 0 0 0 0 0 0 0 0 0 0 0 0 0 0 0 0 0 0 0 0 0 0 0 0 0 0 0 0 0 0 0 0 0 0 0 0 0 0 0 0 0 0 0 0 0 0 0 0 0 0 0 0 0 0 0 0 0 0 0 0 0 0 0 0 0 0 0 0 0 0 0 0 0 0 0 0 0 0 0 0 0 0 0 0 0 0 0 0 0 0 0 0 0 0 0 0 0 0 0 0 0 0 0 0 0 0 0 0 0 0 0 0 0 0 0 0 0 0 0 0 0 0 0 0 0 0 0 0 0 0 0 0 0 0 0 0 0 0 0 0 0 0 0 0 0 0 0 0 0 0 0 0 0 0 0 0 0 0 0 0 0 0 0 0 0 0 0 0 0 0 0 0 0 0 0 0 0 0 0 0 0 0 0 0 0 0 0 0 0 0 0 0 0 0 0 0 0 0 0 0 0 0 0 0 0 0 0 0 0 0 0 0 0 0 0 0 0 0 0 155 158 165 165 163 161 162 167 169 169 170 170 170 170 169 171 171 171 171 169 167 166 164 166 167 169 171 171 169 168 169 169 171 171 171 173 172 173 173 172 169 167 167 171 172 173 172 173 171 171 170 169 168 166 165 168 167 166 164 162 159 156 156 153 150 147 143 138 131 125 120 114 112 108 101 100 100 101 104 107 106 108 103 108 113 118 120 125 128 131 131 135 139 137 141 142 144 147 147 150 147 153 154 153 154 156 157 159 159 160 161 162 161 162 164 165 166 169 169 170 171 170 171 171 172 172 172 172 173 173 173 173 173 173 174 174 174 175 175 173 174 175 175 0 0 0 0 0 0 0 0 0 0 0 0 0 0 0 0 0 0 0 0 0 0 0 0 0 0 0 0 0 0 0 0 0 0 0 0 0 0 0 0 0 0 0 0 0 0 0 0 0 0 0 0 0 0 0 0 0 0 0 0 0 0 0 0 0 0 0 0 0 0 0 0 0 0 0 0 0 0 0 0 0 0 0 0 0 0 0 0 0 0 0 0 0 0 0 0 0 0 0 0 0 0 0 0 
0 0 0 0 0 0 0 0 0 0 0 0 0 0 0 0 0 0 0 0 0 0 0 0 0 0 0 0 0 0 0 0 0 0 0 0 0 0 0 0 0 0 0 0 0 0 0 0 0 0 0 0 0 0 0 0 0 0 0 0 0 0 0 0 0 0 0 0 0 0 0 0 0 0 0 0 0 0 0 0 0 0 0 0 0 0 0 0 0 0 0 0 0 0 0 0 0 0 0 0 0 0 0 0 0 0 0 0 0 0 0 0 0 0 0 0 0 0 0 0 0 0 0 0 0 0 0 0 0 0 0 0 0 0 0 0 0 0 0 0 0 0 0 0 0 0 0 0 0 0 0 0 0 0 0 0 0 0 0 0 0 0 0 0 0 0 0 0 0 0 0 0 0 0 0 0 0 0 0 0 0 0 0 0 0 0 0 0 0 0 0 0 0 0 0 0 0 0 0 0 0 0 0 0 0 0 0 0 0 0 0 0 0 0 0 0 0 0 0 0 0 0 0 0 0 0 0 0 0 0 0 0 0 0 0 0 0 0 0 0 0 0 0 0 0 0 0 0 0 0 0 0 0 0 0 0 0 0 0 0 0 0 0 0 0 0 0 0 0 0 0 0 0 0 0 0 0 0 0 0 0 0 0 0 0 0 0 0 0 0 0 0 165 165 161 161 165 169 169 170 170 169 170 171 171 171 171 172 171 171 170 168 164 166 168 171 171 171 169 168 169 170 168 170 173 172 172 171 173 172 171 168 168 168 172 172 172 172 172 171 170 169 167 165 166 166 165 165 164 162 160 158 154 151 147 143 139 138 133 128 121 116 110 107 103 102 102 101 103 106 110 114 112 117 122 124 129 125 130 133 134 138 141 142 145 146 148 147 149 152 152 154 156 155 156 156 159 159 160 162 162 163 164 165 164 165 169 169 170 170 171 171 171 172 172 172 172 172 173 173 173 173 173 174 174 174 174 175 175 174 174 175 175 0 0 0 0 0 0 0 0 0 0 0 0 0 0 0 0 0 0 0 0 0 0 0 0 0 0 0 0 0 0 0 0 0 0 0 0 0 0 0 0 0 0 0 0 0 0 0 0 0 0 0 0 0 0 0 0 0 0 0 0 0 0 0 0 0 0 0 0 0 0 0 0 0 0 0 0 0 0 0 0 0 0 0 0 0 0 0 0 0 0 0 0 0 0 0 0 0 0 0 0 0 0 0 0 
0 0 0 0 0 0 0 0 0 0 0 0 0 0 0 0 0 0 0 0 0 0 0 0 0 0 0 0 0 0 0 0 0 0 0 0 0 0 0 0 0 0 0 0 0 0 0 0 0 0 0 0 0 0 0 0 0 0 0 0 0 0 0 0 0 0 0 0 0 0 0 0 0 0 0 0 0 0 0 0 0 0 0 0 0 0 0 0 0 0 0 0 0 0 0 0 0 0 0 0 0 0 0 0 0 0 0 0 0 0 0 0 0 0 0 0 0 0 0 0 0 0 0 0 0 0 0 0 0 0 0 0 0 0 0 0 0 0 0 0 0 0 0 0 0 0 0 0 0 0 0 0 0 0 0 0 0 0 0 0 0 0 0 0 0 0 0 0 0 0 0 0 0 0 0 0 0 0 0 0 0 0 0 0 0 0 0 0 0 0 0 0 0 0 0 0 0 0 0 0 0 0 0 0 0 0 0 0 0 0 0 0 0 0 0 0 0 0 0 0 0 0 0 0 0 0 0 0 0 0 0 0 0 0 0 0 0 0 0 0 0 0 0 0 0 0 0 0 0 0 0 0 0 0 0 0 0 0 0 0 0 0 0 0 0 0 0 0 0 0 0 0 0 0 0 0 0 0 0 0 0 0 0 0 0 0 0 0 0 0 0 0 0 0 161 161 164 169 170 170 169 170 173 171 171 172 171 172 172 172 171 168 167 166 168 170 173 173 172 170 170 170 169 170 172 173 172 172 173 172 170 168 168 168 170 171 172 171 170 169 169 169 169 168 165 164 164 164 162 160 160 158 156 152 148 145 142 134 127 124 120 116 111 108 107 104 104 105 108 111 117 114 117 121 126 125 131 133 136 133 140 143 141 144 147 148 151 151 153 152 156 158 156 158 159 159 159 161 163 164 164 165 164 167 168 167 169 170 171 171 171 172 171 172 173 172 172 173 173 173 173 173 173 173 173 174 174 174 174 174 174 175 0 0 0 0 0 0 0 0 0 0 0 0 0 0 0 0 0 0 0 0 0 0 0 0 0 0 0 0 0 0 0 0 0 0 0 0 0 0 0 0 0 0 0 0 0 0 0 0 0 0 0 0 0 0 0 0 0 0 0 0 0 0 0 0 0 0 0 0 0 0 0 0 0 0 0 0 0 0 0 0 0 0 0 0 0 0 0 0 0 0 0 0 0 0 0 0 0 0 0 0 0 0 0 0 0 
0 0 0 0 0 0 0 0 0 0 0 0 0 0 0 0 0 0 0 0 0 0 0 0 0 0 0 0 0 0 0 0 0 0 0 0 0 0 0 0 0 0 0 0 0 0 0 0 0 0 0 0 0 0 0 0 0 0 0 0 0 0 0 0 0 0 0 0 0 0 0 0 0 0 0 0 0 0 0 0 0 0 0 0 0 0 0 0 0 0 0 0 0 0 0 0 0 0 0 0 0 0 0 0 0 0 0 0 0 0 0 0 0 0 0 0 0 0 0 0 0 0 0 0 0 0 0 0 0 0 0 0 0 0 0 0 0 0 0 0 0 0 0 0 0 0 0 0 0 0 0 0 0 0 0 0 0 0 0 0 0 0 0 0 0 0 0 0 0 0 0 0 0 0 0 0 0 0 0 0 0 0 0 0 0 0 0 0 0 0 0 0 0 0 0 0 0 0 0 0 0 0 0 0 0 0 0 0 0 0 0 0 0 0 0 0 0 0 0 0 0 0 0 0 0 0 0 0 0 0 0 0 0 0 0 0 0 0 0 0 0 0 0 0 0 0 0 0 0 0 0 0 0 0 0 0 0 0 0 0 0 0 0 0 0 0 0 0 0 0 0 0 0 0 0 0 0 0 0 0 0 0 0 0 0 0 0 0 0 0 0 0 0 0 0 0 164 169 170 170 170 171 173 172 172 172 172 172 172 173 173 169 167 167 168 170 173 173 172 171 170 170 170 169 172 173 171 172 173 172 171 170 169 168 169 171 172 171 170 169 169 168 166 166 164 163 164 164 162 160 158 156 156 149 146 143 142 136 131 123 121 115 114 111 107 108 104 108 112 113 119 122 127 132 128 133 131 134 137 140 143 147 146 148 151 153 151 152 154 155 158 160 160 161 159 164 159 162 163 165 165 167 168 169 168 170 169 170 171 171 172 172 172 173 173 174 173 173 173 173 173 173 173 173 173 174 174 174 174 174 174 175 0 0 0 0 0 0 0 0 0 0 0 0 0 0 0 0 0 0 0 0 0 0 0 0 0 0 0 0 0 0 0 0 0 0 0 0 0 0 0 0 0 0 0 0 0 0 0 0 0 0 0 0 0 0 0 0 0 0 0 0 0 0 0 0 0 0 0 0 0 0 0 0 0 0 0 0 0 0 0 0 0 0 0 0 0 0 0 0 0 0 0 0 0 0 0 0 0 0 0 0 0 0 0 0 0 
0 0 0 0 0 0 0 0 0 0 0 0 0 0 0 0 0 0 0 0 0 0 0 0 0 0 0 0 0 0 0 0 0 0 0 0 0 0 0 0 0 0 0 0 0 0 0 0 0 0 0 0 0 0 0 0 0 0 0 0 0 0 0 0 0 0 0 0 0 0 0 0 0 0 0 0 0 0 0 0 0 0 0 0 0 0 0 0 0 0 0 0 0 0 0 0 0 0 0 0 0 0 0 0 0 0 0 0 0 0 0 0 0 0 0 0 0 0 0 0 0 0 0 0 0 0 0 0 0 0 0 0 0 0 0 0 0 0 0 0 0 0 0 0 0 0 0 0 0 0 0 0 0 0 0 0 0 0 0 0 0 0 0 0 0 0 0 0 0 0 0 0 0 0 0 0 0 0 0 0 0 0 0 0 0 0 0 0 0 0 0 0 0 0 0 0 0 0 0 0 0 0 0 0 0 0 0 0 0 0 0 0 0 0 0 0 0 0 0 0 0 0 0 0 0 0 0 0 0 0 0 0 0 0 0 0 0 0 0 0 0 0 0 0 0 0 0 0 0 0 0 0 0 0 0 0 0 0 0 0 0 0 0 0 0 0 0 0 0 0 0 0 0 0 0 0 0 0 0 0 0 0 0 0 0 0 0 0 0 0 0 0 0 0 0 0 0 0 170 170 172 173 173 172 174 174 174 173 173 174 173 168 167 166 167 171 173 173 171 169 170 171 170 168 170 172 171 171 172 171 171 172 171 168 167 170 171 171 169 169 169 168 167 164 163 163 163 161 160 159 158 156 154 149 146 143 138 134 127 123 121 118 115 113 112 113 112 115 116 121 119 124 129 134 136 140 138 141 137 146 149 147 150 151 153 155 154 156 154 159 162 160 162 163 163 165 165 167 169 165 169 167 169 170 170 171 171 172 172 172 172 172 172 172 173 173 172 173 174 173 173 173 173 173 173 174 174 174 174 174 174 0 0 0 0 0 0 0 0 0 0 0 0 0 0 0 0 0 0 0 0 0 0 0 0 0 0 0 0 0 0 0 0 0 0 0 0 0 0 0 0 0 0 0 0 0 0 0 0 0 0 0 0 0 0 0 0 0 0 0 0 0 0 0 0 0 0 0 0 0 0 0 0 0 0 0 0 0 0 0 0 0 0 0 0 0 0 0 0 0 0 0 0 0 0 0 0 0 0 0 0 0 0 0 0 0 0 
0 0 0 0 0 0 0 0 0 0 0 0 0 0 0 0 0 0 0 0 0 0 0 0 0 0 0 0 0 0 0 0 0 0 0 0 0 0 0 0 0 0 0 0 0 0 0 0 0 0 0 0 0 0 0 0 0 0 0 0 0 0 0 0 0 0 0 0 0 0 0 0 0 0 0 0 0 0 0 0 0 0 0 0 0 0 0 0 0 0 0 0 0 0 0 0 0 0 0 0 0 0 0 0 0 0 0 0 0 0 0 0 0 0 0 0 0 0 0 0 0 0 0 0 0 0 0 0 0 0 0 0 0 0 0 0 0 0 0 0 0 0 0 0 0 0 0 0 0 0 0 0 0 0 0 0 0 0 0 0 0 0 0 0 0 0 0 0 0 0 0 0 0 0 0 0 0 0 0 0 0 0 0 0 0 0 0 0 0 0 0 0 0 0 0 0 0 0 0 0 0 0 0 0 0 0 0 0 0 0 0 0 0 0 0 0 0 0 0 0 0 0 0 0 0 0 0 0 0 0 0 0 0 0 0 0 0 0 0 0 0 0 0 0 0 0 0 0 0 0 0 0 0 0 0 0 0 0 0 0 0 0 0 0 0 0 0 0 0 0 0 0 0 0 0 0 0 0 0 0 0 0 0 0 0 0 0 0 0 0 0 0 0 0 0 0 0 0 0 0 172 173 172 174 174 174 174 174 174 175 173 171 167 166 167 169 173 173 171 170 170 172 169 168 170 171 172 171 171 171 170 171 169 167 167 168 170 171 169 169 169 167 165 163 162 163 161 160 159 159 157 154 151 148 144 143 138 134 130 124 119 117 117 114 114 113 115 118 118 123 125 131 136 138 142 140 144 147 145 148 150 152 154 151 157 155 157 158 158 161 163 164 165 163 167 165 167 168 169 170 169 170 170 170 172 171 172 172 172 172 172 172 172 172 173 173 172 172 172 173 173 174 173 173 173 173 174 174 174 175 174 0 0 0 0 0 0 0 0 0 0 0 0 0 0 0 0 0 0 0 0 0 0 0 0 0 0 0 0 0 0 0 0 0 0 0 0 0 0 0 0 0 0 0 0 0 0 0 0 0 0 0 0 0 0 0 0 0 0 0 0 0 0 0 0 0 0 0 0 0 0 0 0 0 0 0 0 0 0 0 0 0 0 0 0 0 0 0 0 0 0 0 0 0 0 0 0 0 0 0 0 0 0 0 0 0 0 
0 0 0 0 0 0 0 0 0 0 0 0 0 0 0 0 0 0 0 0 0 0 0 0 0 0 0 0 0 0 0 0 0 0 0 0 0 0 0 0 0 0 0 0 0 0 0 0 0 0 0 0 0 0 0 0 0 0 0 0 0 0 0 0 0 0 0 0 0 0 0 0 0 0 0 0 0 0 0 0 0 0 0 0 0 0 0 0 0 0 0 0 0 0 0 0 0 0 0 0 0 0 0 0 0 0 0 0 0 0 0 0 0 0 0 0 0 0 0 0 0 0 0 0 0 0 0 0 0 0 0 0 0 0 0 0 0 0 0 0 0 0 0 0 0 0 0 0 0 0 0 0 0 0 0 0 0 0 0 0 0 0 0 0 0 0 0 0 0 0 0 0 0 0 0 0 0 0 0 0 0 0 0 0 0 0 0 0 0 0 0 0 0 0 0 0 0 0 0 0 0 0 0 0 0 0 0 0 0 0 0 0 0 0 0 0 0 0 0 0 0 0 0 0 0 0 0 0 0 0 0 0 0 0 0 0 0 0 0 0 0 0 0 0 0 0 0 0 0 0 0 0 0 0 0 0 0 0 0 0 0 0 0 0 0 0 0 0 0 0 0 0 0 0 0 0 0 0 0 0 0 0 0 0 0 0 0 0 0 0 0 0 0 0 0 0 0 0 0 0 0 0 172 174 174 175 174 175 176 175 175 171 169 167 167 170 172 172 172 170 168 170 171 168 169 171 171 171 171 171 172 171 170 169 166 166 167 169 169 169 168 166 165 163 162 160 159 159 159 159 157 154 151 147 144 139 135 131 130 124 122 121 120 117 117 117 119 118 126 123 128 133 139 141 145 146 148 147 153 157 150 154 157 156 159 159 160 158 162 164 163 165 166 167 168 168 169 170 169 170 169 171 171 172 173 172 172 172 172 173 172 173 173 173 173 173 172 172 172 172 172 173 173 173 173 174 174 174 174 174 0 0 0 0 0 0 0 0 0 0 0 0 0 0 0 0 0 0 0 0 0 0 0 0 0 0 0 0 0 0 0 0 0 0 0 0 0 0 0 0 0 0 0 0 0 0 0 0 0 0 0 0 0 0 0 0 0 0 0 0 0 0 0 0 0 0 0 0 0 0 0 0 0 0 0 0 0 0 0 0 0 0 0 0 0 0 0 0 0 0 0 0 0 0 0 0 0 0 0 0 0 0 0 0 0 0 0 
0 0 0 0 0 0 0 0 0 0 0 0 0 0 0 0 0 0 0 0 0 0 0 0 0 0 0 0 0 0 0 0 0 0 0 0 0 0 0 0 0 0 0 0 0 0 0 0 0 0 0 0 0 0 0 0 0 0 0 0 0 0 0 0 0 0 0 0 0 0 0 0 0 0 0 0 0 0 0 0 0 0 0 0 0 0 0 0 0 0 0 0 0 0 0 0 0 0 0 0 0 0 0 0 0 0 0 0 0 0 0 0 0 0 0 0 0 0 0 0 0 0 0 0 0 0 0 0 0 0 0 0 0 0 0 0 0 0 0 0 0 0 0 0 0 0 0 0 0 0 0 0 0 0 0 0 0 0 0 0 0 0 0 0 0 0 0 0 0 0 0 0 0 0 0 0 0 0 0 0 0 0 0 0 0 0 0 0 0 0 0 0 0 0 0 0 0 0 0 0 0 0 0 0 0 0 0 0 0 0 0 0 0 0 0 0 0 0 0 0 0 0 0 0 0 0 0 0 0 0 0 0 0 0 0 0 0 0 0 0 0 0 0 0 0 0 0 0 0 0 0 0 0 0 0 0 0 0 0 0 0 0 0 0 0 0 0 0 0 0 0 0 0 0 0 0 0 0 0 0 0 0 0 0 0 0 0 0 0 0 0 0 0 0 0 0 0 0 0 0 0 0 0 0 174 175 175 175 176 176 175 174 173 167 167 170 172 172 172 168 168 171 170 168 168 169 171 171 171 172 170 170 170 169 168 166 165 168 168 167 165 164 163 162 162 160 158 158 158 158 153 154 148 144 144 140 136 134 131 124 122 121 119 119 117 119 122 124 128 132 136 141 144 147 145 148 150 152 155 159 159 160 157 161 159 161 163 162 164 165 166 167 166 169 168 169 170 170 170 171 171 172 171 172 172 172 172 173 172 173 173 173 173 173 173 173 172 172 172 173 173 173 173 173 173 174 173 174 174 174 0 0 0 0 0 0 0 0 0 0 0 0 0 0 0 0 0 0 0 0 0 0 0 0 0 0 0 0 0 0 0 0 0 0 0 0 0 0 0 0 0 0 0 0 0 0 0 0 0 0 0 0 0 0 0 0 0 0 0 0 0 0 0 0 0 0 0 0 0 0 0 0 0 0 0 0 0 0 0 0 0 0 0 0 0 0 0 0 0 0 0 0 0 0 0 0 0 0 0 0 0 0 0 0 0 0 0 
0 0 0 0 0 0 0 0 0 0 0 0 0 0 0 0 0 0 0 0 0 0 0 0 0 0 0 0 0 0 0 0 0 0 0 0 0 0 0 0 0 0 0 0 0 0 0 0 0 0 0 0 0 0 0 0 0 0 0 0 0 0 0 0 0 0 0 0 0 0 0 0 0 0 0 0 0 0 0 0 0 0 0 0 0 0 0 0 0 0 0 0 0 0 0 0 0 0 0 0 0 0 0 0 0 0 0 0 0 0 0 0 0 0 0 0 0 0 0 0 0 0 0 0 0 0 0 0 0 0 0 0 0 0 0 0 0 0 0 0 0 0 0 0 0 0 0 0 0 0 0 0 0 0 0 0 0 0 0 0 0 0 0 0 0 0 0 0 0 0 0 0 0 0 0 0 0 0 0 0 0 0 0 0 0 0 0 0 0 0 0 0 0 0 0 0 0 0 0 0 0 0 0 0 0 0 0 0 0 0 0 0 0 0 0 0 0 0 0 0 0 0 0 0 0 0 0 0 0 0 0 0 0 0 0 0 0 0 0 0 0 0 0 0 0 0 0 0 0 0 0 0 0 0 0 0 0 0 0 0 0 0 0 0 0 0 0 0 0 0 0 0 0 0 0 0 0 0 0 0 0 0 0 0 0 0 0 0 0 0 0 0 0 0 0 0 0 0 0 0 0 0 0 0 0 0 175 175 176 176 175 174 174 171 170 170 171 171 172 170 168 170 171 168 167 167 171 171 171 171 170 170 170 169 168 166 163 165 168 167 166 164 163 162 160 158 156 157 158 156 154 151 148 145 141 137 136 131 131 128 125 122 119 119 121 124 122 131 128 133 138 143 145 148 150 153 150 157 160 159 160 162 161 163 163 164 163 164 166 165 166 167 168 169 169 170 170 170 171 171 171 172 173 172 172 172 173 173 172 173 173 172 173 172 173 172 172 173 172 173 173 173 173 173 173 173 174 174 174 0 0 0 0 0 0 0 0 0 0 0 0 0 0 0 0 0 0 0 0 0 0 0 0 0 0 0 0 0 0 0 0 0 0 0 0 0 0 0 0 0 0 0 0 0 0 0 0 0 0 0 0 0 0 0 0 0 0 0 0 0 0 0 0 0 0 0 0 0 0 0 0 0 0 0 0 0 0 0 0 0 0 0 0 0 0 0 0 0 0 0 0 0 0 0 0 0 0 0 0 0 0 0 0 0 0 0 0 
0 0 0 0 0 0 0 0 0 0 0 0 0 0 0 0 0 0 0 0 0 0 0 0 0 0 0 0 0 0 0 0 0 0 0 0 0 0 0 0 0 0 0 0 0 0 0 0 0 0 0 0 0 0 0 0 0 0 0 0 0 0 0 0 0 0 0 0 0 0 0 0 0 0 0 0 0 0 0 0 0 0 0 0 0 0 0 0 0 0 0 0 0 0 0 0 0 0 0 0 0 0 0 0 0 0 0 0 0 0 0 0 0 0 0 0 0 0 0 0 0 0 0 0 0 0 0 0 0 0 0 0 0 0 0 0 0 0 0 0 0 0 0 0 0 0 0 0 0 0 0 0 0 0 0 0 0 0 0 0 0 0 0 0 0 0 0 0 0 0 0 0 0 0 0 0 0 0 0 0 0 0 0 0 0 0 0 0 0 0 0 0 0 0 0 0 0 0 0 0 0 0 0 0 0 0 0 0 0 0 0 0 0 0 0 0 0 0 0 0 0 0 0 0 0 0 0 0 0 0 0 0 0 0 0 0 0 0 0 0 0 0 0 0 0 0 0 0 0 0 0 0 0 0 0 0 0 0 0 0 0 0 0 0 0 0 0 0 0 0 0 0 0 0 0 0 0 0 0 0 0 0 0 0 0 0 0 0 0 0 0 0 0 0 0 0 0 0 0 0 0 0 0 0 0 0 0 0 0 176 175 175 174 171 169 170 170 172 172 168 170 172 171 170 168 166 169 169 171 170 170 170 170 169 168 166 165 163 165 165 166 163 162 162 160 157 156 156 155 153 154 148 144 145 141 136 135 131 128 125 122 121 123 121 121 124 127 133 135 139 144 143 149 148 152 154 154 157 160 160 163 162 165 163 165 166 165 166 167 167 167 167 168 169 170 170 171 171 172 171 172 172 172 173 172 172 173 173 172 172 172 172 172 172 172 172 172 173 173 173 173 173 173 173 173 173 173 174 174 0 0 0 0 0 0 0 0 0 0 0 0 0 0 0 0 0 0 0 0 0 0 0 0 0 0 0 0 0 0 0 0 0 0 0 0 0 0 0 0 0 0 0 0 0 0 0 0 0 0 0 0 0 0 0 0 0 0 0 0 0 0 0 0 0 0 0 0 0 0 0 0 0 0 0 0 0 0 0 0 0 0 0 0 0 0 0 0 0 0 0 0 0 0 0 0 0 0 0 0 0 0 0 0 0 0 0 0 
0 0 0 0 0 0 0 0 0 0 0 0 0 0 0 0 0 0 0 0 0 0 0 0 0 0 0 0 0 0 0 0 0 0 0 0 0 0 0 0 0 0 0 0 0 0 0 0 0 0 0 0 0 0 0 0 0 0 0 0 0 0 0 0 0 0 0 0 0 0 0 0 0 0 0 0 0 0 0 0 0 0 0 0 0 0 0 0 0 0 0 0 0 0 0 0 0 0 0 0 0 0 0 0 0 0 0 0 0 0 0 0 0 0 0 0 0 0 0 0 0 0 0 0 0 0 0 0 0 0 0 0 0 0 0 0 0 0 0 0 0 0 0 0 0 0 0 0 0 0 0 0 0 0 0 0 0 0 0 0 0 0 0 0 0 0 0 0 0 0 0 0 0 0 0 0 0 0 0 0 0 0 0 0 0 0 0 0 0 0 0 0 0 0 0 0 0 0 0 0 0 0 0 0 0 0 0 0 0 0 0 0 0 0 0 0 0 0 0 0 0 0 0 0 0 0 0 0 0 0 0 0 0 0 0 0 0 0 0 0 0 0 0 0 0 0 0 0 0 0 0 0 0 0 0 0 0 0 0 0 0 0 0 0 0 0 0 0 0 0 0 0 0 0 0 0 0 0 0 0 0 0 0 0 0 0 0 0 0 0 0 0 0 0 0 0 0 0 0 0 0 0 0 0 0 0 0 0 0 0 175 175 173 171 170 168 170 172 172 172 170 171 171 170 168 167 167 169 171 170 170 169 169 168 166 165 163 163 163 163 165 164 162 160 157 155 154 156 154 151 150 148 144 139 134 136 129 131 126 123 121 121 121 123 126 125 127 133 136 141 145 147 151 153 156 154 155 160 160 161 163 164 165 166 167 166 167 169 167 168 168 168 169 169 170 171 171 172 172 172 172 172 173 173 173 173 173 172 172 172 173 172 172 172 172 172 172 172 173 173 173 173 173 173 173 173 173 173 0 0 0 0 0 0 0 0 0 0 0 0 0 0 0 0 0 0 0 0 0 0 0 0 0 0 0 0 0 0 0 0 0 0 0 0 0 0 0 0 0 0 0 0 0 0 0 0 0 0 0 0 0 0 0 0 0 0 0 0 0 0 0 0 0 0 0 0 0 0 0 0 0 0 0 0 0 0 0 0 0 0 0 0 0 0 0 0 0 0 0 0 0 0 0 0 0 0 0 0 0 0 0 0 0 0 0 0 0 
0 0 0 0 0 0 0 0 0 0 0 0 0 0 0 0 0 0 0 0 0 0 0 0 0 0 0 0 0 0 0 0 0 0 0 0 0 0 0 0 0 0 0 0 0 0 0 0 0 0 0 0 0 0 0 0 0 0 0 0 0 0 0 0 0 0 0 0 0 0 0 0 0 0 0 0 0 0 0 0 0 0 0 0 0 0 0 0 0 0 0 0 0 0 0 0 0 0 0 0 0 0 0 0 0 0 0 0 0 0 0 0 0 0 0 0 0 0 0 0 0 0 0 0 0 0 0 0 0 0 0 0 0 0 0 0 0 0 0 0 0 0 0 0 0 0 0 0 0 0 0 0 0 0 0 0 0 0 0 0 0 0 0 0 0 0 0 0 0 0 0 0 0 0 0 0 0 0 0 0 0 0 0 0 0 0 0 0 0 0 0 0 0 0 0 0 0 0 0 0 0 0 0 0 0 0 0 0 0 0 0 0 0 0 0 0 0 0 0 0 0 0 0 0 0 0 0 0 0 0 0 0 0 0 0 0 0 0 0 0 0 0 0 0 0 0 0 0 0 0 0 0 0 0 0 0 0 0 0 0 0 0 0 0 0 0 0 0 0 0 0 0 0 0 0 0 0 0 0 0 0 0 0 0 0 0 0 0 0 0 0 0 0 0 0 0 0 0 0 0 0 0 0 0 0 0 0 0 0 0 0 0 173 171 170 168 169 171 173 170 169 171 171 171 169 166 166 170 170 170 169 169 169 169 167 166 164 163 163 163 162 160 162 160 157 155 153 153 148 151 146 142 144 139 134 133 128 126 122 119 121 120 121 122 125 128 134 137 136 141 145 152 151 154 157 157 158 160 161 163 163 165 165 166 167 168 169 169 169 169 168 168 169 170 171 171 172 171 172 172 172 172 173 173 173 172 172 172 172 172 173 172 172 172 172 173 172 172 172 173 173 173 173 173 173 173 173 173 0 0 0 0 0 0 0 0 0 0 0 0 0 0 0 0 0 0 0 0 0 0 0 0 0 0 0 0 0 0 0 0 0 0 0 0 0 0 0 0 0 0 0 0 0 0 0 0 0 0 0 0 0 0 0 0 0 0 0 0 0 0 0 0 0 0 0 0 0 0 0 0 0 0 0 0 0 0 0 0 0 0 0 0 0 0 0 0 0 0 0 0 0 0 0 0 0 0 0 0 0 0 0 0 0 0 0 0 0 
0 0 0 0 0 0 0 0 0 0 0 0 0 0 0 0 0 0 0 0 0 0 0 0 0 0 0 0 0 0 0 0 0 0 0 0 0 0 0 0 0 0 0 0 0 0 0 0 0 0 0 0 0 0 0 0 0 0 0 0 0 0 0 0 0 0 0 0 0 0 0 0 0 0 0 0 0 0 0 0 0 0 0 0 0 0 0 0 0 0 0 0 0 0 0 0 0 0 0 0 0 0 0 0 0 0 0 0 0 0 0 0 0 0 0 0 0 0 0 0 0 0 0 0 0 0 0 0 0 0 0 0 0 0 0 0 0 0 0 0 0 0 0 0 0 0 0 0 0 0 0 0 0 0 0 0 0 0 0 0 0 0 0 0 0 0 0 0 0 0 0 0 0 0 0 0 0 0 0 0 0 0 0 0 0 0 0 0 0 0 0 0 0 0 0 0 0 0 0 0 0 0 0 0 0 0 0 0 0 0 0 0 0 0 0 0 0 0 0 0 0 0 0 0 0 0 0 0 0 0 0 0 0 0 0 0 0 0 0 0 0 0 0 0 0 0 0 0 0 0 0 0 0 0 0 0 0 0 0 0 0 0 0 0 0 0 0 0 0 0 0 0 0 0 0 0 0 0 0 0 0 0 0 0 0 0 0 0 0 0 0 0 0 0 0 0 0 0 0 0 0 0 0 0 0 0 0 0 0 0 0 0 0 0 0 168 169 169 172 171 169 169 170 169 167 166 166 168 168 170 169 168 168 167 166 165 164 162 161 162 162 159 159 156 157 153 153 152 147 146 143 139 138 133 134 126 128 124 120 116 118 116 121 124 125 132 134 138 141 145 150 152 155 157 157 157 161 160 162 161 164 166 166 167 167 168 169 169 170 170 170 170 170 170 170 171 171 171 171 172 172 172 172 172 172 172 172 172 172 172 172 171 172 172 173 173 173 173 172 172 173 174 173 173 173 173 173 0 0 0 0 0 0 0 0 0 0 0 0 0 0 0 0 0 0 0 0 0 0 0 0 0 0 0 0 0 0 0 0 0 0 0 0 0 0 0 0 0 0 0 0 0 0 0 0 0 0 0 0 0 0 0 0 0 0 0 0 0 0 0 0 0 0 0 0 0 0 0 0 0 0 0 0 0 0 0 0 0 0 0 0 0 0 0 0 0 0 0 0 0 0 0 0 0 0 0 0 0 0 0 0 0 0 0 0 0 0 
0 0 0 0 0 0 0 0 0 0 0 0 0 0 0 0 0 0 0 0 0 0 0 0 0 0 0 0 0 0 0 0 0 0 0 0 0 0 0 0 0 0 0 0 0 0 0 0 0 0 0 0 0 0 0 0 0 0 0 0 0 0 0 0 0 0 0 0 0 0 0 0 0 0 0 0 0 0 0 0 0 0 0 0 0 0 0 0 0 0 0 0 0 0 0 0 0 0 0 0 0 0 0 0 0 0 0 0 0 0 0 0 0 0 0 0 0 0 0 0 0 0 0 0 0 0 0 0 0 0 0 0 0 0 0 0 0 0 0 0 0 0 0 0 0 0 0 0 0 0 0 0 0 0 0 0 0 0 0 0 0 0 0 0 0 0 0 0 0 0 0 0 0 0 0 0 0 0 0 0 0 0 0 0 0 0 0 0 0 0 0 0 0 0 0 0 0 0 0 0 0 0 0 0 0 0 0 0 0 0 0 0 0 0 0 0 0 0 0 0 0 0 0 0 0 0 0 0 0 0 0 0 0 0 0 0 0 0 0 0 0 0 0 0 0 0 0 0 0 0 0 0 0 0 0 0 0 0 0 0 0 0 0 0 0 0 0 0 0 0 0 0 0 0 0 0 0 0 0 0 0 0 0 0 0 0 0 0 0 0 0 0 0 0 0 0 0 0 0 0 0 0 0 0 0 0 0 0 0 0 0 0 0 0 0 0 0 169 172 170 169 168 170 170 170 169 167 167 168 168 169 167 167 167 166 165 163 161 161 160 159 159 158 155 153 150 149 145 147 141 138 139 135 130 130 124 121 116 113 116 113 116 119 122 127 130 137 139 144 145 152 152 155 157 158 159 162 162 162 161 163 166 167 168 168 169 169 170 170 170 170 170 170 170 170 171 171 171 172 172 171 172 171 172 171 172 172 172 172 172 172 172 172 172 173 173 172 172 172 172 173 173 173 173 173 172 173 0 0 0 0 0 0 0 0 0 0 0 0 0 0 0 0 0 0 0 0 0 0 0 0 0 0 0 0 0 0 0 0 0 0 0 0 0 0 0 0 0 0 0 0 0 0 0 0 0 0 0 0 0 0 0 0 0 0 0 0 0 0 0 0 0 0 0 0 0 0 0 0 0 0 0 0 0 0 0 0 0 0 0 0 0 0 0 0 0 0 0 0 0 0 0 0 0 0 0 0 0 0 0 0 0 0 0 0 0 0 
0 0 0 0 0 0 0 0 0 0 0 0 0 0 0 0 0 0 0 0 0 0 0 0 0 0 0 0 0 0 0 0 0 0 0 0 0 0 0 0 0 0 0 0 0 0 0 0 0 0 0 0 0 0 0 0 0 0 0 0 0 0 0 0 0 0 0 0 0 0 0 0 0 0 0 0 0 0 0 0 0 0 0 0 0 0 0 0 0 0 0 0 0 0 0 0 0 0 0 0 0 0 0 0 0 0 0 0 0 0 0 0 0 0 0 0 0 0 0 0 0 0 0 0 0 0 0 0 0 0 0 0 0 0 0 0 0 0 0 0 0 0 0 0 0 0 0 0 0 0 0 0 0 0 0 0 0 0 0 0 0 0 0 0 0 0 0 0 0 0 0 0 0 0 0 0 0 0 0 0 0 0 0 0 0 0 0 0 0 0 0 0 0 0 0 0 0 0 0 0 0 0 0 0 0 0 0 0 0 0 0 0 0 0 0 0 0 0 0 0 0 0 0 0 0 0 0 0 0 0 0 0 0 0 0 0 0 0 0 0 0 0 0 0 0 0 0 0 0 0 0 0 0 0 0 0 0 0 0 0 0 0 0 0 0 0 0 0 0 0 0 0 0 0 0 0 0 0 0 0 0 0 0 0 0 0 0 0 0 0 0 0 0 0 0 0 0 0 0 0 0 0 0 0 0 0 0 0 0 0 0 0 0 0 0 0 0 0 172 170 168 169 170 171 171 169 168 165 169 168 167 167 166 166 166 165 163 161 158 158 158 158 156 155 150 150 147 143 140 138 133 133 128 130 121 124 118 113 109 112 110 114 117 122 125 128 137 138 144 149 152 155 157 157 158 159 162 163 163 164 165 167 168 168 169 169 169 170 170 170 169 170 170 170 170 170 170 171 172 172 171 171 172 171 171 172 172 172 172 172 172 172 173 172 173 173 173 173 173 173 173 172 173 174 173 173 0 0 0 0 0 0 0 0 0 0 0 0 0 0 0 0 0 0 0 0 0 0 0 0 0 0 0 0 0 0 0 0 0 0 0 0 0 0 0 0 0 0 0 0 0 0 0 0 0 0 0 0 0 0 0 0 0 0 0 0 0 0 0 0 0 0 0 0 0 0 0 0 0 0 0 0 0 0 0 0 0 0 0 0 0 0 0 0 0 0 0 0 0 0 0 0 0 0 0 0 0 0 0 0 0 0 0 0 0 0 0 
0 0 0 0 0 0 0 0 0 0 0 0 0 0 0 0 0 0 0 0 0 0 0 0 0 0 0 0 0 0 0 0 0 0 0 0 0 0 0 0 0 0 0 0 0 0 0 0 0 0 0 0 0 0 0 0 0 0 0 0 0 0 0 0 0 0 0 0 0 0 0 0 0 0 0 0 0 0 0 0 0 0 0 0 0 0 0 0 0 0 0 0 0 0 0 0 0 0 0 0 0 0 0 0 0 0 0 0 0 0 0 0 0 0 0 0 0 0 0 0 0 0 0 0 0 0 0 0 0 0 0 0 0 0 0 0 0 0 0 0 0 0 0 0 0 0 0 0 0 0 0 0 0 0 0 0 0 0 0 0 0 0 0 0 0 0 0 0 0 0 0 0 0 0 0 0 0 0 0 0 0 0 0 0 0 0 0 0 0 0 0 0 0 0 0 0 0 0 0 0 0 0 0 0 0 0 0 0 0 0 0 0 0 0 0 0 0 0 0 0 0 0 0 0 0 0 0 0 0 0 0 0 0 0 0 0 0 0 0 0 0 0 0 0 0 0 0 0 0 0 0 0 0 0 0 0 0 0 0 0 0 0 0 0 0 0 0 0 0 0 0 0 0 0 0 0 0 0 0 0 0 0 0 0 0 0 0 0 0 0 0 0 0 0 0 0 0 0 0 0 0 0 0 0 0 0 0 0 0 0 0 0 0 0 0 0 0 0 0 0 168 169 170 171 172 170 166 165 166 168 167 168 168 167 166 163 162 161 157 157 158 158 156 153 150 148 142 143 139 129 133 129 123 124 117 114 109 105 109 106 110 109 112 122 126 133 136 138 144 150 152 155 157 159 161 163 164 163 163 164 165 166 167 169 170 170 170 170 170 170 170 170 170 170 170 170 170 171 172 171 171 171 171 171 171 172 172 172 172 172 173 172 173 172 173 172 173 173 173 173 173 174 172 173 174 173 0 0 0 0 0 0 0 0 0 0 0 0 0 0 0 0 0 0 0 0 0 0 0 0 0 0 0 0 0 0 0 0 0 0 0 0 0 0 0 0 0 0 0 0 0 0 0 0 0 0 0 0 0 0 0 0 0 0 0 0 0 0 0 0 0 0 0 0 0 0 0 0 0 0 0 0 0 0 0 0 0 0 0 0 0 0 0 0 0 0 0 0 0 0 0 0 0 0 0 0 0 0 0 0 0 0 0 0 0 0 0 
0 0 0 0 0 0 0 0 0 0 0 0 0 0 0 0 0 0 0 0 0 0 0 0 0 0 0 0 0 0 0 0 0 0 0 0 0 0 0 0 0 0 0 0 0 0 0 0 0 0 0 0 0 0 0 0 0 0 0 0 0 0 0 0 0 0 0 0 0 0 0 0 0 0 0 0 0 0 0 0 0 0 0 0 0 0 0 0 0 0 0 0 0 0 0 0 0 0 0 0 0 0 0 0 0 0 0 0 0 0 0 0 0 0 0 0 0 0 0 0 0 0 0 0 0 0 0 0 0 0 0 0 0 0 0 0 0 0 0 0 0 0 0 0 0 0 0 0 0 0 0 0 0 0 0 0 0 0 0 0 0 0 0 0 0 0 0 0 0 0 0 0 0 0 0 0 0 0 0 0 0 0 0 0 0 0 0 0 0 0 0 0 0 0 0 0 0 0 0 0 0 0 0 0 0 0 0 0 0 0 0 0 0 0 0 0 0 0 0 0 0 0 0 0 0 0 0 0 0 0 0 0 0 0 0 0 0 0 0 0 0 0 0 0 0 0 0 0 0 0 0 0 0 0 0 0 0 0 0 0 0 0 0 0 0 0 0 0 0 0 0 0 0 0 0 0 0 0 0 0 0 0 0 0 0 0 0 0 0 0 0 0 0 0 0 0 0 0 0 0 0 0 0 0 0 0 0 0 0 0 0 0 0 0 0 0 0 0 0 0 0 0 0 171 172 171 168 164 166 166 167 165 168 166 166 164 162 162 159 156 155 155 156 149 150 146 140 138 133 128 127 121 123 109 117 110 105 101 103 101 106 109 112 118 122 129 132 135 143 146 154 156 157 158 162 163 164 164 165 164 165 166 167 168 169 169 170 171 171 171 170 170 170 170 170 170 170 170 171 171 171 171 171 171 173 172 172 172 172 172 173 173 173 172 173 173 172 173 173 174 174 174 174 173 173 0 0 0 0 0 0 0 0 0 0 0 0 0 0 0 0 0 0 0 0 0 0 0 0 0 0 0 0 0 0 0 0 0 0 0 0 0 0 0 0 0 0 0 0 0 0 0 0 0 0 0 0 0 0 0 0 0 0 0 0 0 0 0 0 0 0 0 0 0 0 0 0 0 0 0 0 0 0 0 0 0 0 0 0 0 0 0 0 0 0 0 0 0 0 0 0 0 0 0 0 0 0 0 0 0 0 0 0 0 0 0 0 
0 0 0 0 0 0 0 0 0 0 0 0 0 0 0 0 0 0 0 0 0 0 0 0 0 0 0 0 0 0 0 0 0 0 0 0 0 0 0 0 0 0 0 0 0 0 0 0 0 0 0 0 0 0 0 0 0 0 0 0 0 0 0 0 0 0 0 0 0 0 0 0 0 0 0 0 0 0 0 0 0 0 0 0 0 0 0 0 0 0 0 0 0 0 0 0 0 0 0 0 0 0 0 0 0 0 0 0 0 0 0 0 0 0 0 0 0 0 0 0 0 0 0 0 0 0 0 0 0 0 0 0 0 0 0 0 0 0 0 0 0 0 0 0 0 0 0 0 0 0 0 0 0 0 0 0 0 0 0 0 0 0 0 0 0 0 0 0 0 0 0 0 0 0 0 0 0 0 0 0 0 0 0 0 0 0 0 0 0 0 0 0 0 0 0 0 0 0 0 0 0 0 0 0 0 0 0 0 0 0 0 0 0 0 0 0 0 0 0 0 0 0 0 0 0 0 0 0 0 0 0 0 0 0 0 0 0 0 0 0 0 0 0 0 0 0 0 0 0 0 0 0 0 0 0 0 0 0 0 0 0 0 0 0 0 0 0 0 0 0 0 0 0 0 0 0 0 0 0 0 0 0 0 0 0 0 0 0 0 0 0 0 0 0 0 0 0 0 0 0 0 0 0 0 0 0 0 0 0 0 0 0 0 0 0 0 0 0 0 0 0 0 0 0 0 171 168 165 166 165 167 166 166 165 164 162 162 161 157 156 153 152 152 149 145 139 140 136 126 128 124 118 113 105 102 95 91 101 96 101 102 104 111 115 124 127 131 135 139 143 149 152 157 159 160 163 164 164 165 166 165 166 168 169 169 170 171 171 171 170 171 171 170 170 170 169 169 170 170 170 171 171 171 172 171 172 172 172 172 172 172 172 174 173 173 173 173 173 174 174 174 174 174 174 173 0 0 0 0 0 0 0 0 0 0 0 0 0 0 0 0 0 0 0 0 0 0 0 0 0 0 0 0 0 0 0 0 0 0 0 0 0 0 0 0 0 0 0 0 0 0 0 0 0 0 0 0 0 0 0 0 0 0 0 0 0 0 0 0 0 0 0 0 0 0 0 0 0 0 0 0 0 0 0 0 0 0 0 0 0 0 0 0 0 0 0 0 0 0 0 0 0 0 0 0 0 0 0 0 0 0 0 0 0 0 0 0 
0 0 0 0 0 0 0 0 0 0 0 0 0 0 0 0 0 0 0 0 0 0 0 0 0 0 0 0 0 0 0 0 0 0 0 0 0 0 0 0 0 0 0 0 0 0 0 0 0 0 0 0 0 0 0 0 0 0 0 0 0 0 0 0 0 0 0 0 0 0 0 0 0 0 0 0 0 0 0 0 0 0 0 0 0 0 0 0 0 0 0 0 0 0 0 0 0 0 0 0 0 0 0 0 0 0 0 0 0 0 0 0 0 0 0 0 0 0 0 0 0 0 0 0 0 0 0 0 0 0 0 0 0 0 0 0 0 0 0 0 0 0 0 0 0 0 0 0 0 0 0 0 0 0 0 0 0 0 0 0 0 0 0 0 0 0 0 0 0 0 0 0 0 0 0 0 0 0 0 0 0 0 0 0 0 0 0 0 0 0 0 0 0 0 0 0 0 0 0 0 0 0 0 0 0 0 0 0 0 0 0 0 0 0 0 0 0 0 0 0 0 0 0 0 0 0 0 0 0 0 0 0 0 0 0 0 0 0 0 0 0 0 0 0 0 0 0 0 0 0 0 0 0 0 0 0 0 0 0 0 0 0 0 0 0 0 0 0 0 0 0 0 0 0 0 0 0 0 0 0 0 0 0 0 0 0 0 0 0 0 0 0 0 0 0 0 0 0 0 0 0 0 0 0 0 0 0 0 0 0 0 0 0 0 0 0 0 0 0 0 0 0 0 0 0 0 0 165 165 166 165 166 164 165 164 163 161 159 157 153 151 152 147 149 145 139 135 130 125 121 114 118 110 103 97 92 87 88 87 96 99 104 106 107 120 123 126 135 140 147 149 152 154 156 156 161 163 165 165 167 166 165 168 169 169 169 169 170 170 170 170 169 170 169 170 169 169 169 170 170 170 170 171 172 172 171 172 172 171 172 172 173 174 173 173 173 174 174 175 174 174 175 174 174 0 0 0 0 0 0 0 0 0 0 0 0 0 0 0 0 0 0 0 0 0 0 0 0 0 0 0 0 0 0 0 0 0 0 0 0 0 0 0 0 0 0 0 0 0 0 0 0 0 0 0 0 0 0 0 0 0 0 0 0 0 0 0 0 0 0 0 0 0 0 0 0 0 0 0 0 0 0 0 0 0 0 0 0 0 0 0 0 0 0 0 0 0 0 0 0 0 0 0 0 0 0 0 0 0 0 0 0 0 0 0 0 0 
0 0 0 0 0 0 0 0 0 0 0 0 0 0 0 0 0 0 0 0 0 0 0 0 0 0 0 0 0 0 0 0 0 0 0 0 0 0 0 0 0 0 0 0 0 0 0 0 0 0 0 0 0 0 0 0 0 0 0 0 0 0 0 0 0 0 0 0 0 0 0 0 0 0 0 0 0 0 0 0 0 0 0 0 0 0 0 0 0 0 0 0 0 0 0 0 0 0 0 0 0 0 0 0 0 0 0 0 0 0 0 0 0 0 0 0 0 0 0 0 0 0 0 0 0 0 0 0 0 0 0 0 0 0 0 0 0 0 0 0 0 0 0 0 0 0 0 0 0 0 0 0 0 0 0 0 0 0 0 0 0 0 0 0 0 0 0 0 0 0 0 0 0 0 0 0 0 0 0 0 0 0 0 0 0 0 0 0 0 0 0 0 0 0 0 0 0 0 0 0 0 0 0 0 0 0 0 0 0 0 0 0 0 0 0 0 0 0 0 0 0 0 0 0 0 0 0 0 0 0 0 0 0 0 0 0 0 0 0 0 0 0 0 0 0 0 0 0 0 0 0 0 0 0 0 0 0 0 0 0 0 0 0 0 0 0 0 0 0 0 0 0 0 0 0 0 0 0 0 0 0 0 0 0 0 0 0 0 0 0 0 0 0 0 0 0 0 0 0 0 0 0 0 0 0 0 0 0 0 0 0 0 0 0 0 0 0 0 0 0 0 0 0 0 0 0 0 0 165 166 165 165 164 164 162 163 161 157 157 153 151 148 145 144 137 139 134 124 125 120 112 107 99 95 90 83 87 84 82 86 87 102 101 111 117 121 126 130 134 143 144 151 152 152 159 159 163 163 163 165 166 166 166 166 169 169 169 169 169 170 171 171 169 169 169 169 169 169 170 170 170 171 171 171 172 172 172 172 172 172 172 173 173 172 173 174 174 175 174 174 175 175 174 174 0 0 0 0 0 0 0 0 0 0 0 0 0 0 0 0 0 0 0 0 0 0 0 0 0 0 0 0 0 0 0 0 0 0 0 0 0 0 0 0 0 0 0 0 0 0 0 0 0 0 0 0 0 0 0 0 0 0 0 0 0 0 0 0 0 0 0 0 0 0 0 0 0 0 0 0 0 0 0 0 0 0 0 0 0 0 0 0 0 0 0 0 0 0 0 0 0 0 0 0 0 0 0 0 0 0 0 0 0 0 0 0 0 
0 0 0 0 0 0 0 0 0 0 0 0 0 0 0 0 0 0 0 0 0 0 0 0 0 0 0 0 0 0 0 0 0 0 0 0 0 0 0 0 0 0 0 0 0 0 0 0 0 0 0 0 0 0 0 0 0 0 0 0 0 0 0 0 0 0 0 0 0 0 0 0 0 0 0 0 0 0 0 0 0 0 0 0 0 0 0 0 0 0 0 0 0 0 0 0 0 0 0 0 0 0 0 0 0 0 0 0 0 0 0 0 0 0 0 0 0 0 0 0 0 0 0 0 0 0 0 0 0 0 0 0 0 0 0 0 0 0 0 0 0 0 0 0 0 0 0 0 0 0 0 0 0 0 0 0 0 0 0 0 0 0 0 0 0 0 0 0 0 0 0 0 0 0 0 0 0 0 0 0 0 0 0 0 0 0 0 0 0 0 0 0 0 0 0 0 0 0 0 0 0 0 0 0 0 0 0 0 0 0 0 0 0 0 0 0 0 0 0 0 0 0 0 0 0 0 0 0 0 0 0 0 0 0 0 0 0 0 0 0 0 0 0 0 0 0 0 0 0 0 0 0 0 0 0 0 0 0 0 0 0 0 0 0 0 0 0 0 0 0 0 0 0 0 0 0 0 0 0 0 0 0 0 0 0 0 0 0 0 0 0 0 0 0 0 0 0 0 0 0 0 0 0 0 0 0 0 0 0 0 0 0 0 0 0 0 0 0 0 0 0 0 0 0 0 0 0 0 0 0 0 165 164 163 162 160 158 156 154 151 151 148 144 141 136 133 127 123 118 110 112 104 97 92 86 79 79 76 80 81 87 88 90 102 109 115 124 127 138 139 144 146 148 149 154 154 159 160 163 163 166 166 165 164 165 166 169 169 169 170 170 171 170 169 169 169 170 170 170 170 171 171 171 171 171 171 172 173 172 172 173 173 173 173 173 174 174 174 174 174 174 175 174 0 0 0 0 0 0 0 0 0 0 0 0 0 0 0 0 0 0 0 0 0 0 0 0 0 0 0 0 0 0 0 0 0 0 0 0 0 0 0 0 0 0 0 0 0 0 0 0 0 0 0 0 0 0 0 0 0 0 0 0 0 0 0 0 0 0 0 0 0 0 0 0 0 0 0 0 0 0 0 0 0 0 0 0 0 0 0 0 0 0 0 0 0 0 0 0 0 0 0 0 0 0 0 0 0 0 0 0 0 0 0 0 0 0 
0 0 0 0 0 0 0 0 0 0 0 0 0 0 0 0 0 0 0 0 0 0 0 0 0 0 0 0 0 0 0 0 0 0 0 0 0 0 0 0 0 0 0 0 0 0 0 0 0 0 0 0 0 0 0 0 0 0 0 0 0 0 0 0 0 0 0 0 0 0 0 0 0 0 0 0 0 0 0 0 0 0 0 0 0 0 0 0 0 0 0 0 0 0 0 0 0 0 0 0 0 0 0 0 0 0 0 0 0 0 0 0 0 0 0 0 0 0 0 0 0 0 0 0 0 0 0 0 0 0 0 0 0 0 0 0 0 0 0 0 0 0 0 0 0 0 0 0 0 0 0 0 0 0 0 0 0 0 0 0 0 0 0 0 0 0 0 0 0 0 0 0 0 0 0 0 0 0 0 0 0 0 0 0 0 0 0 0 0 0 0 0 0 0 0 0 0 0 0 0 0 0 0 0 0 0 0 0 0 0 0 0 0 0 0 0 0 0 0 0 0 0 0 0 0 0 0 0 0 0 0 0 0 0 0 0 0 0 0 0 0 0 0 0 0 0 0 0 0 0 0 0 0 0 0 0 0 0 0 0 0 0 0 0 0 0 0 0 0 0 0 0 0 0 0 0 0 0 0 0 0 0 0 0 0 0 0 0 0 0 0 0 0 0 0 0 0 0 0 0 0 0 0 0 0 0 0 0 0 0 0 0 0 0 0 0 0 0 0 0 0 0 0 0 0 0 0 0 0 0 0 0 0 163 162 160 156 156 153 151 147 143 140 134 136 131 121 123 116 109 103 96 90 83 76 79 75 72 75 77 81 86 93 97 100 115 120 122 131 134 141 142 144 149 150 154 154 155 160 158 163 162 161 163 163 166 167 167 169 170 170 169 169 169 169 169 169 169 170 169 169 171 171 171 171 171 172 172 173 173 173 173 174 173 173 174 174 174 174 174 174 175 174 0 0 0 0 0 0 0 0 0 0 0 0 0 0 0 0 0 0 0 0 0 0 0 0 0 0 0 0 0 0 0 0 0 0 0 0 0 0 0 0 0 0 0 0 0 0 0 0 0 0 0 0 0 0 0 0 0 0 0 0 0 0 0 0 0 0 0 0 0 0 0 0 0 0 0 0 0 0 0 0 0 0 0 0 0 0 0 0 0 0 0 0 0 0 0 0 0 0 0 0 0 0 0 0 0 0 0 0 0 0 0 0 0 0 
0 0 0 0 0 0 0 0 0 0 0 0 0 0 0 0 0 0 0 0 0 0 0 0 0 0 0 0 0 0 0 0 0 0 0 0 0 0 0 0 0 0 0 0 0 0 0 0 0 0 0 0 0 0 0 0 0 0 0 0 0 0 0 0 0 0 0 0 0 0 0 0 0 0 0 0 0 0 0 0 0 0 0 0 0 0 0 0 0 0 0 0 0 0 0 0 0 0 0 0 0 0 0 0 0 0 0 0 0 0 0 0 0 0 0 0 0 0 0 0 0 0 0 0 0 0 0 0 0 0 0 0 0 0 0 0 0 0 0 0 0 0 0 0 0 0 0 0 0 0 0 0 0 0 0 0 0 0 0 0 0 0 0 0 0 0 0 0 0 0 0 0 0 0 0 0 0 0 0 0 0 0 0 0 0 0 0 0 0 0 0 0 0 0 0 0 0 0 0 0 0 0 0 0 0 0 0 0 0 0 0 0 0 0 0 0 0 0 0 0 0 0 0 0 0 0 0 0 0 0 0 0 0 0 0 0 0 0 0 0 0 0 0 0 0 0 0 0 0 0 0 0 0 0 0 0 0 0 0 0 0 0 0 0 0 0 0 0 0 0 0 0 0 0 0 0 0 0 0 0 0 0 0 0 0 0 0 0 0 0 0 0 0 0 0 0 0 0 0 0 0 0 0 0 0 0 0 0 0 0 0 0 0 0 0 0 0 0 0 0 0 0 0 0 0 0 0 0 0 0 0 0 0 0 0 160 156 154 150 151 147 142 137 132 130 125 120 115 109 109 101 94 87 80 75 73 72 73 73 77 77 80 87 89 93 103 108 125 127 134 135 135 137 144 143 150 151 155 153 158 159 159 157 159 158 163 163 167 166 166 169 169 169 169 168 169 169 169 169 170 169 170 171 172 172 172 172 172 173 174 173 173 173 174 174 174 174 174 174 175 174 175 0 0 0 0 0 0 0 0 0 0 0 0 0 0 0 0 0 0 0 0 0 0 0 0 0 0 0 0 0 0 0 0 0 0 0 0 0 0 0 0 0 0 0 0 0 0 0 0 0 0 0 0 0 0 0 0 0 0 0 0 0 0 0 0 0 0 0 0 0 0 0 0 0 0 0 0 0 0 0 0 0 0 0 0 0 0 0 0 0 0 0 0 0 0 0 0 0 0 0 0 0 0 0 0 0 0 0 0 0 0 0 0 0 0 0 
0 0 0 0 0 0 0 0 0 0 0 0 0 0 0 0 0 0 0 0 0 0 0 0 0 0 0 0 0 0 0 0 0 0 0 0 0 0 0 0 0 0 0 0 0 0 0 0 0 0 0 0 0 0 0 0 0 0 0 0 0 0 0 0 0 0 0 0 0 0 0 0 0 0 0 0 0 0 0 0 0 0 0 0 0 0 0 0 0 0 0 0 0 0 0 0 0 0 0 0 0 0 0 0 0 0 0 0 0 0 0 0 0 0 0 0 0 0 0 0 0 0 0 0 0 0 0 0 0 0 0 0 0 0 0 0 0 0 0 0 0 0 0 0 0 0 0 0 0 0 0 0 0 0 0 0 0 0 0 0 0 0 0 0 0 0 0 0 0 0 0 0 0 0 0 0 0 0 0 0 0 0 0 0 0 0 0 0 0 0 0 0 0 0 0 0 0 0 0 0 0 0 0 0 0 0 0 0 0 0 0 0 0 0 0 0 0 0 0 0 0 0 0 0 0 0 0 0 0 0 0 0 0 0 0 0 0 0 0 0 0 0 0 0 0 0 0 0 0 0 0 0 0 0 0 0 0 0 0 0 0 0 0 0 0 0 0 0 0 0 0 0 0 0 0 0 0 0 0 0 0 0 0 0 0 0 0 0 0 0 0 0 0 0 0 0 0 0 0 0 0 0 0 0 0 0 0 0 0 0 0 0 0 0 0 0 0 0 0 0 0 0 0 0 0 0 0 0 0 0 0 0 0 0 0 0 0 154 150 146 143 138 132 132 126 122 116 113 107 101 93 86 79 74 75 72 70 71 70 73 74 80 83 86 93 93 97 109 111 128 128 130 136 137 143 143 144 151 149 153 153 151 155 154 158 158 158 164 163 162 165 164 169 169 168 168 168 169 169 169 169 169 171 172 172 172 173 173 173 173 174 174 173 173 174 174 174 174 175 175 175 175 0 0 0 0 0 0 0 0 0 0 0 0 0 0 0 0 0 0 0 0 0 0 0 0 0 0 0 0 0 0 0 0 0 0 0 0 0 0 0 0 0 0 0 0 0 0 0 0 0 0 0 0 0 0 0 0 0 0 0 0 0 0 0 0 0 0 0 0 0 0 0 0 0 0 0 0 0 0 0 0 0 0 0 0 0 0 0 0 0 0 0 0 0 0 0 0 0 0 0 0 0 0 0 0 0 0 0 0 0 0 0 0 0 0 0 
0 0 0 0 0 0 0 0 0 0 0 0 0 0 0 0 0 0 0 0 0 0 0 0 0 0 0 0 0 0 0 0 0 0 0 0 0 0 0 0 0 0 0 0 0 0 0 0 0 0 0 0 0 0 0 0 0 0 0 0 0 0 0 0 0 0 0 0 0 0 0 0 0 0 0 0 0 0 0 0 0 0 0 0 0 0 0 0 0 0 0 0 0 0 0 0 0 0 0 0 0 0 0 0 0 0 0 0 0 0 0 0 0 0 0 0 0 0 0 0 0 0 0 0 0 0 0 0 0 0 0 0 0 0 0 0 0 0 0 0 0 0 0 0 0 0 0 0 0 0 0 0 0 0 0 0 0 0 0 0 0 0 0 0 0 0 0 0 0 0 0 0 0 0 0 0 0 0 0 0 0 0 0 0 0 0 0 0 0 0 0 0 0 0 0 0 0 0 0 0 0 0 0 0 0 0 0 0 0 0 0 0 0 0 0 0 0 0 0 0 0 0 0 0 0 0 0 0 0 0 0 0 0 0 0 0 0 0 0 0 0 0 0 0 0 0 0 0 0 0 0 0 0 0 0 0 0 0 0 0 0 0 0 0 0 0 0 0 0 0 0 0 0 0 0 0 0 0 0 0 0 0 0 0 0 0 0 0 0 0 0 0 0 0 0 0 0 0 0 0 0 0 0 0 0 0 0 0 0 0 0 0 0 0 0 0 0 0 0 0 0 0 0 0 0 0 0 0 0 0 0 0 0 0 0 0 0 0 0 146 143 138 133 127 121 115 109 103 107 100 93 85 79 75 72 69 69 68 70 70 69 75 76 78 86 88 101 105 111 113 116 118 131 131 138 139 144 142 149 149 148 146 150 149 153 152 158 159 157 162 161 160 164 162 168 168 168 168 166 169 168 169 170 171 172 173 173 173 173 173 174 174 173 173 174 175 175 174 174 175 175 0 0 0 0 0 0 0 0 0 0 0 0 0 0 0 0 0 0 0 0 0 0 0 0 0 0 0 0 0 0 0 0 0 0 0 0 0 0 0 0 0 0 0 0 0 0 0 0 0 0 0 0 0 0 0 0 0 0 0 0 0 0 0 0 0 0 0 0 0 0 0 0 0 0 0 0 0 0 0 0 0 0 0 0 0 0 0 0 0 0 0 0 0 0 0 0 0 0 0 0 0 0 0 0 0 0 0 0 0 0 0 0 0 0 0 0 
0 0 0 0 0 0 0 0 0 0 0 0 0 0 0 0 0 0 0 0 0 0 0 0 0 0 0 0 0 0 0 0 0 0 0 0 0 0 0 0 0 0 0 0 0 0 0 0 0 0 0 0 0 0 0 0 0 0 0 0 0 0 0 0 0 0 0 0 0 0 0 0 0 0 0 0 0 0 0 0 0 0 0 0 0 0 0 0 0 0 0 0 0 0 0 0 0 0 0 0 0 0 0 0 0 0 0 0 0 0 0 0 0 0 0 0 0 0 0 0 0 0 0 0 0 0 0 0 0 0 0 0 0 0 0 0 0 0 0 0 0 0 0 0 0 0 0 0 0 0 0 0 0 0 0 0 0 0 0 0 0 0 0 0 0 0 0 0 0 0 0 0 0 0 0 0 0 0 0 0 0 0 0 0 0 0 0 0 0 0 0 0 0 0 0 0 0 0 0 0 0 0 0 0 0 0 0 0 0 0 0 0 0 0 0 0 0 0 0 0 0 0 0 0 0 0 0 0 0 0 0 0 0 0 0 0 0 0 0 0 0 0 0 0 0 0 0 0 0 0 0 0 0 0 0 0 0 0 0 0 0 0 0 0 0 0 0 0 0 0 0 0 0 0 0 0 0 0 0 0 0 0 0 0 0 0 0 0 0 0 0 0 0 0 0 0 0 0 0 0 0 0 0 0 0 0 0 0 0 0 0 0 0 0 0 0 0 0 0 0 0 0 0 0 0 0 0 0 0 0 0 0 0 0 0 0 0 0 0 0 0 138 133 126 120 114 107 101 97 92 85 80 75 75 73 70 68 67 68 66 69 70 72 78 78 80 93 96 106 109 112 120 123 131 133 134 138 138 142 141 139 146 145 149 148 147 153 153 153 156 155 160 158 162 161 160 167 168 166 166 167 169 171 171 171 172 173 173 173 173 173 174 174 174 174 174 174 175 174 175 175 0 0 0 0 0 0 0 0 0 0 0 0 0 0 0 0 0 0 0 0 0 0 0 0 0 0 0 0 0 0 0 0 0 0 0 0 0 0 0 0 0 0 0 0 0 0 0 0 0 0 0 0 0 0 0 0 0 0 0 0 0 0 0 0 0 0 0 0 0 0 0 0 0 0 0 0 0 0 0 0 0 0 0 0 0 0 0 0 0 0 0 0 0 0 0 0 0 0 0 0 0 0 0 0 0 0 0 0 0 0 0 0 0 0 0 0 
0 0 0 0 0 0 0 0 0 0 0 0 0 0 0 0 0 0 0 0 0 0 0 0 0 0 0 0 0 0 0 0 0 0 0 0 0 0 0 0 0 0 0 0 0 0 0 0 0 0 0 0 0 0 0 0 0 0 0 0 0 0 0 0 0 0 0 0 0 0 0 0 0 0 0 0 0 0 0 0 0 0 0 0 0 0 0 0 0 0 0 0 0 0 0 0 0 0 0 0 0 0 0 0 0 0 0 0 0 0 0 0 0 0 0 0 0 0 0 0 0 0 0 0 0 0 0 0 0 0 0 0 0 0 0 0 0 0 0 0 0 0 0 0 0 0 0 0 0 0 0 0 0 0 0 0 0 0 0 0 0 0 0 0 0 0 0 0 0 0 0 0 0 0 0 0 0 0 0 0 0 0 0 0 0 0 0 0 0 0 0 0 0 0 0 0 0 0 0 0 0 0 0 0 0 0 0 0 0 0 0 0 0 0 0 0 0 0 0 0 0 0 0 0 0 0 0 0 0 0 0 0 0 0 0 0 0 0 0 0 0 0 0 0 0 0 0 0 0 0 0 0 0 0 0 0 0 0 0 0 0 0 0 0 0 0 0 0 0 0 0 0 0 0 0 0 0 0 0 0 0 0 0 0 0 0 0 0 0 0 0 0 0 0 0 0 0 0 0 0 0 0 0 0 0 0 0 0 0 0 0 0 0 0 0 0 0 0 0 0 0 0 0 0 0 0 0 0 0 0 0 0 0 0 0 0 0 0 0 0 0 0 0 126 120 106 100 101 95 91 85 80 76 72 70 68 68 67 67 66 68 66 66 71 74 80 89 96 98 101 107 115 119 126 127 134 134 138 138 137 137 140 140 143 142 147 146 147 153 152 150 154 152 156 155 160 159 159 164 166 167 169 169 171 172 172 172 173 173 173 173 173 173 174 174 173 174 175 174 174 0 0 0 0 0 0 0 0 0 0 0 0 0 0 0 0 0 0 0 0 0 0 0 0 0 0 0 0 0 0 0 0 0 0 0 0 0 0 0 0 0 0 0 0 0 0 0 0 0 0 0 0 0 0 0 0 0 0 0 0 0 0 0 0 0 0 0 0 0 0 0 0 0 0 0 0 0 0 0 0 0 0 0 0 0 0 0 0 0 0 0 0 0 0 0 0 0 0 0 0 0 0 0 0 0 0 0 0 0 0 0 0 0 0 0 0 0 
0 0 0 0 0 0 0 0 0 0 0 0 0 0 0 0 0 0 0 0 0 0 0 0 0 0 0 0 0 0 0 0 0 0 0 0 0 0 0 0 0 0 0 0 0 0 0 0 0 0 0 0 0 0 0 0 0 0 0 0 0 0 0 0 0 0 0 0 0 0 0 0 0 0 0 0 0 0 0 0 0 0 0 0 0 0 0 0 0 0 0 0 0 0 0 0 0 0 0 0 0 0 0 0 0 0 0 0 0 0 0 0 0 0 0 0 0 0 0 0 0 0 0 0 0 0 0 0 0 0 0 0 0 0 0 0 0 0 0 0 0 0 0 0 0 0 0 0 0 0 0 0 0 0 0 0 0 0 0 0 0 0 0 0 0 0 0 0 0 0 0 0 0 0 0 0 0 0 0 0 0 0 0 0 0 0 0 0 0 0 0 0 0 0 0 0 0 0 0 0 0 0 0 0 0 0 0 0 0 0 0 0 0 0 0 0 0 0 0 0 0 0 0 0 0 0 0 0 0 0 0 0 0 0 0 0 0 0 0 0 0 0 0 0 0 0 0 0 0 0 0 0 0 0 0 0 0 0 0 0 0 0 0 0 0 0 0 0 0 0 0 0 0 0 0 0 0 0 0 0 0 0 0 0 0 0 0 0 0 0 0 0 0 0 0 0 0 0 0 0 0 0 0 0 0 0 0 0 0 0 0 0 0 0 0 0 0 0 0 0 0 0 0 0 0 0 0 0 0 0 0 0 0 0 0 0 0 0 0 0 0 0 0 0 0 106 100 93 89 91 81 78 76 72 71 67 68 68 66 66 64 63 66 66 70 77 82 92 97 103 112 115 119 122 124 127 127 135 134 133 137 135 140 138 138 140 140 140 147 145 150 146 152 151 150 155 154 153 158 157 164 169 169 169 169 173 173 173 172 173 173 173 173 174 174 173 174 174 174 174 0 0 0 0 0 0 0 0 0 0 0 0 0 0 0 0 0 0 0 0 0 0 0 0 0 0 0 0 0 0 0 0 0 0 0 0 0 0 0 0 0 0 0 0 0 0 0 0 0 0 0 0 0 0 0 0 0 0 0 0 0 0 0 0 0 0 0 0 0 0 0 0 0 0 0 0 0 0 0 0 0 0 0 0 0 0 0 0 0 0 0 0 0 0 0 0 0 0 0 0 0 0 0 0 0 0 0 0 0 0 0 0 0 0 0 0 0 
0 0 0 0 0 0 0 0 0 0 0 0 0 0 0 0 0 0 0 0 0 0 0 0 0 0 0 0 0 0 0 0 0 0 0 0 0 0 0 0 0 0 0 0 0 0 0 0 0 0 0 0 0 0 0 0 0 0 0 0 0 0 0 0 0 0 0 0 0 0 0 0 0 0 0 0 0 0 0 0 0 0 0 0 0 0 0 0 0 0 0 0 0 0 0 0 0 0 0 0 0 0 0 0 0 0 0 0 0 0 0 0 0 0 0 0 0 0 0 0 0 0 0 0 0 0 0 0 0 0 0 0 0 0 0 0 0 0 0 0 0 0 0 0 0 0 0 0 0 0 0 0 0 0 0 0 0 0 0 0 0 0 0 0 0 0 0 0 0 0 0 0 0 0 0 0 0 0 0 0 0 0 0 0 0 0 0 0 0 0 0 0 0 0 0 0 0 0 0 0 0 0 0 0 0 0 0 0 0 0 0 0 0 0 0 0 0 0 0 0 0 0 0 0 0 0 0 0 0 0 0 0 0 0 0 0 0 0 0 0 0 0 0 0 0 0 0 0 0 0 0 0 0 0 0 0 0 0 0 0 0 0 0 0 0 0 0 0 0 0 0 0 0 0 0 0 0 0 0 0 0 0 0 0 0 0 0 0 0 0 0 0 0 0 0 0 0 0 0 0 0 0 0 0 0 0 0 0 0 0 0 0 0 0 0 0 0 0 0 0 0 0 0 0 0 0 0 0 0 0 0 0 0 0 0 0 0 0 0 0 0 0 0 0 0 0 0 93 89 83 82 79 75 73 71 71 68 68 67 65 64 64 64 68 70 78 82 88 93 102 111 114 119 123 124 126 127 129 129 129 133 132 135 134 138 137 135 140 141 141 142 141 145 143 150 149 146 153 152 152 157 157 166 169 169 170 171 173 172 173 173 174 173 174 173 173 173 173 174 0 0 0 0 0 0 0 0 0 0 0 0 0 0 0 0 0 0 0 0 0 0 0 0 0 0 0 0 0 0 0 0 0 0 0 0 0 0 0 0 0 0 0 0 0 0 0 0 0 0 0 0 0 0 0 0 0 0 0 0 0 0 0 0 0 0 0 0 0 0 0 0 0 0 0 0 0 0 0 0 0 0 0 0 0 0 0 0 0 0 0 0 0 0 0 0 0 0 0 0 0 0 0 0 0 0 0 0 0 0 0 0 0 0 0 0 0 0 
0 0 0 0 0 0 0 0 0 0 0 0 0 0 0 0 0 0 0 0 0 0 0 0 0 0 0 0 0 0 0 0 0 0 0 0 0 0 0 0 0 0 0 0 0 0 0 0 0 0 0 0 0 0 0 0 0 0 0 0 0 0 0 0 0 0 0 0 0 0 0 0 0 0 0 0 0 0 0 0 0 0 0 0 0 0 0 0 0 0 0 0 0 0 0 0 0 0 0 0 0 0 0 0 0 0 0 0 0 0 0 0 0 0 0 0 0 0 0 0 0 0 0 0 0 0 0 0 0 0 0 0 0 0 0 0 0 0 0 0 0 0 0 0 0 0 0 0 0 0 0 0 0 0 0 0 0 0 0 0 0 0 0 0 0 0 0 0 0 0 0 0 0 0 0 0 0 0 0 0 0 0 0 0 0 0 0 0 0 0 0 0 0 0 0 0 0 0 0 0 0 0 0 0 0 0 0 0 0 0 0 0 0 0 0 0 0 0 0 0 0 0 0 0 0 0 0 0 0 0 0 0 0 0 0 0 0 0 0 0 0 0 0 0 0 0 0 0 0 0 0 0 0 0 0 0 0 0 0 0 0 0 0 0 0 0 0 0 0 0 0 0 0 0 0 0 0 0 0 0 0 0 0 0 0 0 0 0 0 0 0 0 0 0 0 0 0 0 0 0 0 0 0 0 0 0 0 0 0 0 0 0 0 0 0 0 0 0 0 0 0 0 0 0 0 0 0 0 0 0 0 0 0 0 0 0 0 0 0 0 0 0 0 0 0 0 0 0 0 83 82 79 78 78 71 73 72 72 67 67 67 64 64 68 72 78 85 92 100 102 114 114 119 124 126 127 127 128 130 129 130 132 133 132 135 133 133 135 137 141 139 137 139 138 142 141 141 145 145 152 151 151 157 158 167 170 171 172 172 173 173 173 173 173 174 173 173 174 174 0 0 0 0 0 0 0 0 0 0 0 0 0 0 0 0 0 0 0 0 0 0 0 0 0 0 0 0 0 0 0 0 0 0 0 0 0 0 0 0 0 0 0 0 0 0 0 0 0 0 0 0 0 0 0 0 0 0 0 0 0 0 0 0 0 0 0 0 0 0 0 0 0 0 0 0 0 0 0 0 0 0 0 0 0 0 0 0 0 0 0 0 0 0 0 0 0 0 0 0 0 0 0 0 0 0 0 0 0 0 0 0 0 0 0 0 0 0 
0 0 0 0 0 0 0 0 0 0 0 0 0 0 0 0 0 0 0 0 0 0 0 0 0 0 0 0 0 0 0 0 0 0 0 0 0 0 0 0 0 0 0 0 0 0 0 0 0 0 0 0 0 0 0 0 0 0 0 0 0 0 0 0 0 0 0 0 0 0 0 0 0 0 0 0 0 0 0 0 0 0 0 0 0 0 0 0 0 0 0 0 0 0 0 0 0 0 0 0 0 0 0 0 0 0 0 0 0 0 0 0 0 0 0 0 0 0 0 0 0 0 0 0 0 0 0 0 0 0 0 0 0 0 0 0 0 0 0 0 0 0 0 0 0 0 0 0 0 0 0 0 0 0 0 0 0 0 0 0 0 0 0 0 0 0 0 0 0 0 0 0 0 0 0 0 0 0 0 0 0 0 0 0 0 0 0 0 0 0 0 0 0 0 0 0 0 0 0 0 0 0 0 0 0 0 0 0 0 0 0 0 0 0 0 0 0 0 0 0 0 0 0 0 0 0 0 0 0 0 0 0 0 0 0 0 0 0 0 0 0 0 0 0 0 0 0 0 0 0 0 0 0 0 0 0 0 0 0 0 0 0 0 0 0 0 0 0 0 0 0 0 0 0 0 0 0 0 0 0 0 0 0 0 0 0 0 0 0 0 0 0 0 0 0 0 0 0 0 0 0 0 0 0 0 0 0 0 0 0 0 0 0 0 0 0 0 0 0 0 0 0 0 0 0 0 0 0 0 0 0 0 0 0 0 0 0 0 0 0 0 0 0 0 0 0 0 0 0 0 0 0 78 78 77 73 74 74 72 73 73 68 71 68 79 78 86 94 104 109 118 121 126 124 128 130 128 130 132 130 131 129 132 132 132 131 133 132 132 136 134 135 134 138 137 136 141 139 139 144 144 151 152 158 158 159 159 172 172 171 172 172 172 172 174 173 172 174 0 0 0 0 0 0 0 0 0 0 0 0 0 0 0 0 0 0 0 0 0 0 0 0 0 0 0 0 0 0 0 0 0 0 0 0 0 0 0 0 0 0 0 0 0 0 0 0 0 0 0 0 0 0 0 0 0 0 0 0 0 0 0 0 0 0 0 0 0 0 0 0 0 0 0 0 0 0 0 0 0 0 0 0 0 0 0 0 0 0 0 0 0 0 0 0 0 0 0 0 0 0 0 0 0 0 0 0 0 0 0 0 0 0 0 0 0 0 0 
0 0 0 0 0 0 0 0 0 0 0 0 0 0 0 0 0 0 0 0 0 0 0 0 0 0 0 0 0 0 0 0 0 0 0 0 0 0 0 0 0 0 0 0 0 0 0 0 0 0 0 0 0 0 0 0 0 0 0 0 0 0 0 0 0 0 0 0 0 0 0 0 0 0 0 0 0 0 0 0 0 0 0 0 0 0 0 0 0 0 0 0 0 0 0 0 0 0 0 0 0 0 0 0 0 0 0 0 0 0 0 0 0 0 0 0 0 0 0 0 0 0 0 0 0 0 0 0 0 0 0 0 0 0 0 0 0 0 0 0 0 0 0 0 0 0 0 0 0 0 0 0 0 0 0 0 0 0 0 0 0 0 0 0 0 0 0 0 0 0 0 0 0 0 0 0 0 0 0 0 0 0 0 0 0 0 0 0 0 0 0 0 0 0 0 0 0 0 0 0 0 0 0 0 0 0 0 0 0 0 0 0 0 0 0 0 0 0 0 0 0 0 0 0 0 0 0 0 0 0 0 0 0 0 0 0 0 0 0 0 0 0 0 0 0 0 0 0 0 0 0 0 0 0 0 0 0 0 0 0 0 0 0 0 0 0 0 0 0 0 0 0 0 0 0 0 0 0 0 0 0 0 0 0 0 0 0 0 0 0 0 0 0 0 0 0 0 0 0 0 0 0 0 0 0 0 0 0 0 0 0 0 0 0 0 0 0 0 0 0 0 0 0 0 0 0 0 0 0 0 0 0 0 0 0 0 0 0 0 0 0 0 0 0 0 0 0 0 0 0 0 0 0 0 77 79 79 74 74 76 73 74 76 75 81 88 98 108 104 123 118 125 130 132 135 132 136 138 132 135 131 131 133 132 133 133 131 130 132 132 132 132 132 133 131 132 135 135 139 139 140 145 146 153 153 153 158 159 170 171 172 171 171 170 172 171 173 174 0 0 0 0 0 0 0 0 0 0 0 0 0 0 0 0 0 0 0 0 0 0 0 0 0 0 0 0 0 0 0 0 0 0 0 0 0 0 0 0 0 0 0 0 0 0 0 0 0 0 0 0 0 0 0 0 0 0 0 0 0 0 0 0 0 0 0 0 0 0 0 0 0 0 0 0 0 0 0 0 0 0 0 0 0 0 0 0 0 0 0 0 0 0 0 0 0 0 0 0 0 0 0 0 0 0 0 0 0 0 0 0 0 0 0 0 0 0 0 
0 0 0 0 0 0 0 0 0 0 0 0 0 0 0 0 0 0 0 0 0 0 0 0 0 0 0 0 0 0 0 0 0 0 0 0 0 0 0 0 0 0 0 0 0 0 0 0 0 0 0 0 0 0 0 0 0 0 0 0 0 0 0 0 0 0 0 0 0 0 0 0 0 0 0 0 0 0 0 0 0 0 0 0 0 0 0 0 0 0 0 0 0 0 0 0 0 0 0 0 0 0 0 0 0 0 0 0 0 0 0 0 0 0 0 0 0 0 0 0 0 0 0 0 0 0 0 0 0 0 0 0 0 0 0 0 0 0 0 0 0 0 0 0 0 0 0 0 0 0 0 0 0 0 0 0 0 0 0 0 0 0 0 0 0 0 0 0 0 0 0 0 0 0 0 0 0 0 0 0 0 0 0 0 0 0 0 0 0 0 0 0 0 0 0 0 0 0 0 0 0 0 0 0 0 0 0 0 0 0 0 0 0 0 0 0 0 0 0 0 0 0 0 0 0 0 0 0 0 0 0 0 0 0 0 0 0 0 0 0 0 0 0 0 0 0 0 0 0 0 0 0 0 0 0 0 0 0 0 0 0 0 0 0 0 0 0 0 0 0 0 0 0 0 0 0 0 0 0 0 0 0 0 0 0 0 0 0 0 0 0 0 0 0 0 0 0 0 0 0 0 0 0 0 0 0 0 0 0 0 0 0 0 0 0 0 0 0 0 0 0 0 0 0 0 0 0 0 0 0 0 0 0 0 0 0 0 0 0 0 0 0 0 0 0 0 0 0 0 0 0 0 0 0 0 79 79 80 80 80 78 79 76 83 81 91 100 110 117 126 130 137 130 137 143 138 142 144 139 141 135 136 133 135 137 133 134 135 131 132 131 130 132 130 129 130 131 131 135 137 141 143 146 148 148 149 152 154 160 160 169 171 171 170 170 169 171 0 0 0 0 0 0 0 0 0 0 0 0 0 0 0 0 0 0 0 0 0 0 0 0 0 0 0 0 0 0 0 0 0 0 0 0 0 0 0 0 0 0 0 0 0 0 0 0 0 0 0 0 0 0 0 0 0 0 0 0 0 0 0 0 0 0 0 0 0 0 0 0 0 0 0 0 0 0 0 0 0 0 0 0 0 0 0 0 0 0 0 0 0 0 0 0 0 0 0 0 0 0 0 0 0 0 0 0 0 0 0 0 0 0 0 0 0 0 0 0 
0 0 0 0 0 0 0 0 0 0 0 0 0 0 0 0 0 0 0 0 0 0 0 0 0 0 0 0 0 0 0 0 0 0 0 0 0 0 0 0 0 0 0 0 0 0 0 0 0 0 0 0 0 0 0 0 0 0 0 0 0 0 0 0 0 0 0 0 0 0 0 0 0 0 0 0 0 0 0 0 0 0 0 0 0 0 0 0 0 0 0 0 0 0 0 0 0 0 0 0 0 0 0 0 0 0 0 0 0 0 0 0 0 0 0 0 0 0 0 0 0 0 0 0 0 0 0 0 0 0 0 0 0 0 0 0 0 0 0 0 0 0 0 0 0 0 0 0 0 0 0 0 0 0 0 0 0 0 0 0 0 0 0 0 0 0 0 0 0 0 0 0 0 0 0 0 0 0 0 0 0 0 0 0 0 0 0 0 0 0 0 0 0 0 0 0 0 0 0 0 0 0 0 0 0 0 0 0 0 0 0 0 0 0 0 0 0 0 0 0 0 0 0 0 0 0 0 0 0 0 0 0 0 0 0 0 0 0 0 0 0 0 0 0 0 0 0 0 0 0 0 0 0 0 0 0 0 0 0 0 0 0 0 0 0 0 0 0 0 0 0 0 0 0 0 0 0 0 0 0 0 0 0 0 0 0 0 0 0 0 0 0 0 0 0 0 0 0 0 0 0 0 0 0 0 0 0 0 0 0 0 0 0 0 0 0 0 0 0 0 0 0 0 0 0 0 0 0 0 0 0 0 0 0 0 0 0 0 0 0 0 0 0 0 0 0 0 0 0 0 0 0 0 0 0 0 0 80 80 80 80 81 80 84 91 102 112 110 128 126 133 141 143 149 146 149 150 144 146 148 142 143 138 140 141 138 140 135 135 137 131 130 129 128 129 129 130 131 133 134 139 140 144 145 146 149 150 154 154 155 159 159 157 166 170 168 171 0 0 0 0 0 0 0 0 0 0 0 0 0 0 0 0 0 0 0 0 0 0 0 0 0 0 0 0 0 0 0 0 0 0 0 0 0 0 0 0 0 0 0 0 0 0 0 0 0 0 0 0 0 0 0 0 0 0 0 0 0 0 0 0 0 0 0 0 0 0 0 0 0 0 0 0 0 0 0 0 0 0 0 0 0 0 0 0 0 0 0 0 0 0 0 0 0 0 0 0 0 0 0 0 0 0 0 0 0 0 0 0 0 0 0 0 0 0 0 0 
0 0 0 0 0 0 0 0 0 0 0 0 0 0 0 0 0 0 0 0 0 0 0 0 0 0 0 0 0 0 0 0 0 0 0 0 0 0 0 0 0 0 0 0 0 0 0 0 0 0 0 0 0 0 0 0 0 0 0 0 0 0 0 0 0 0 0 0 0 0 0 0 0 0 0 0 0 0 0 0 0 0 0 0 0 0 0 0 0 0 0 0 0 0 0 0 0 0 0 0 0 0 0 0 0 0 0 0 0 0 0 0 0 0 0 0 0 0 0 0 0 0 0 0 0 0 0 0 0 0 0 0 0 0 0 0 0 0 0 0 0 0 0 0 0 0 0 0 0 0 0 0 0 0 0 0 0 0 0 0 0 0 0 0 0 0 0 0 0 0 0 0 0 0 0 0 0 0 0 0 0 0 0 0 0 0 0 0 0 0 0 0 0 0 0 0 0 0 0 0 0 0 0 0 0 0 0 0 0 0 0 0 0 0 0 0 0 0 0 0 0 0 0 0 0 0 0 0 0 0 0 0 0 0 0 0 0 0 0 0 0 0 0 0 0 0 0 0 0 0 0 0 0 0 0 0 0 0 0 0 0 0 0 0 0 0 0 0 0 0 0 0 0 0 0 0 0 0 0 0 0 0 0 0 0 0 0 0 0 0 0 0 0 0 0 0 0 0 0 0 0 0 0 0 0 0 0 0 0 0 0 0 0 0 0 0 0 0 0 0 0 0 0 0 0 0 0 0 0 0 0 0 0 0 0 0 0 0 0 0 0 0 0 0 0 0 0 0 0 0 0 0 0 0 0 0 0 0 0 0 80 81 83 85 91 100 110 123 132 138 145 141 148 153 153 155 156 154 155 150 151 143 145 148 141 143 146 141 142 137 137 130 130 128 129 129 131 132 134 138 139 140 142 143 143 146 146 151 152 155 154 154 157 156 155 168 0 0 0 0 0 0 0 0 0 0 0 0 0 0 0 0 0 0 0 0 0 0 0 0 0 0 0 0 0 0 0 0 0 0 0 0 0 0 0 0 0 0 0 0 0 0 0 0 0 0 0 0 0 0 0 0 0 0 0 0 0 0 0 0 0 0 0 0 0 0 0 0 0 0 0 0 0 0 0 0 0 0 0 0 0 0 0 0 0 0 0 0 0 0 0 0 0 0 0 0 0 0 0 0 0 0 0 0 0 0 0 0 0 0 0 0 0 0 0 0 0 
0 0 0 0 0 0 0 0 0 0 0 0 0 0 0 0 0 0 0 0 0 0 0 0 0 0 0 0 0 0 0 0 0 0 0 0 0 0 0 0 0 0 0 0 0 0 0 0 0 0 0 0 0 0 0 0 0 0 0 0 0 0 0 0 0 0 0 0 0 0 0 0 0 0 0 0 0 0 0 0 0 0 0 0 0 0 0 0 0 0 0 0 0 0 0 0 0 0 0 0 0 0 0 0 0 0 0 0 0 0 0 0 0 0 0 0 0 0 0 0 0 0 0 0 0 0 0 0 0 0 0 0 0 0 0 0 0 0 0 0 0 0 0 0 0 0 0 0 0 0 0 0 0 0 0 0 0 0 0 0 0 0 0 0 0 0 0 0 0 0 0 0 0 0 0 0 0 0 0 0 0 0 0 0 0 0 0 0 0 0 0 0 0 0 0 0 0 0 0 0 0 0 0 0 0 0 0 0 0 0 0 0 0 0 0 0 0 0 0 0 0 0 0 0 0 0 0 0 0 0 0 0 0 0 0 0 0 0 0 0 0 0 0 0 0 0 0 0 0 0 0 0 0 0 0 0 0 0 0 0 0 0 0 0 0 0 0 0 0 0 0 0 0 0 0 0 0 0 0 0 0 0 0 0 0 0 0 0 0 0 0 0 0 0 0 0 0 0 0 0 0 0 0 0 0 0 0 0 0 0 0 0 0 0 0 0 0 0 0 0 0 0 0 0 0 0 0 0 0 0 0 0 0 0 0 0 0 0 0 0 0 0 0 0 0 0 0 0 0 0 0 0 0 0 0 0 0 0 0 0 0 0 83 91 98 106 110 128 132 138 144 151 155 156 159 160 156 159 160 156 157 153 154 155 150 152 146 147 149 143 145 139 139 139 131 133 131 133 135 136 138 140 141 141 143 144 146 147 148 150 151 152 152 152 155 155 0 0 0 0 0 0 0 0 0 0 0 0 0 0 0 0 0 0 0 0 0 0 0 0 0 0 0 0 0 0 0 0 0 0 0 0 0 0 0 0 0 0 0 0 0 0 0 0 0 0 0 0 0 0 0 0 0 0 0 0 0 0 0 0 0 0 0 0 0 0 0 0 0 0 0 0 0 0 0 0 0 0 0 0 0 0 0 0 0 0 0 0 0 0 0 0 0 0 0 0 0 0 0 0 0 0 0 0 0 0 0 0 0 0 0 0 0 0 0 0 0 
0 0 0 0 0 0 0 0 0 0 0 0 0 0 0 0 0 0 0 0 0 0 0 0 0 0 0 0 0 0 0 0 0 0 0 0 0 0 0 0 0 0 0 0 0 0 0 0 0 0 0 0 0 0 0 0 0 0 0 0 0 0 0 0 0 0 0 0 0 0 0 0 0 0 0 0 0 0 0 0 0 0 0 0 0 0 0 0 0 0 0 0 0 0 0 0 0 0 0 0 0 0 0 0 0 0 0 0 0 0 0 0 0 0 0 0 0 0 0 0 0 0 0 0 0 0 0 0 0 0 0 0 0 0 0 0 0 0 0 0 0 0 0 0 0 0 0 0 0 0 0 0 0 0 0 0 0 0 0 0 0 0 0 0 0 0 0 0 0 0 0 0 0 0 0 0 0 0 0 0 0 0 0 0 0 0 0 0 0 0 0 0 0 0 0 0 0 0 0 0 0 0 0 0 0 0 0 0 0 0 0 0 0 0 0 0 0 0 0 0 0 0 0 0 0 0 0 0 0 0 0 0 0 0 0 0 0 0 0 0 0 0 0 0 0 0 0 0 0 0 0 0 0 0 0 0 0 0 0 0 0 0 0 0 0 0 0 0 0 0 0 0 0 0 0 0 0 0 0 0 0 0 0 0 0 0 0 0 0 0 0 0 0 0 0 0 0 0 0 0 0 0 0 0 0 0 0 0 0 0 0 0 0 0 0 0 0 0 0 0 0 0 0 0 0 0 0 0 0 0 0 0 0 0 0 0 0 0 0 0 0 0 0 0 0 0 0 0 0 0 0 0 0 0 0 0 0 0 0 0 0 0 0 91 98 106 116 124 134 141 144 149 154 158 162 164 162 163 161 162 157 158 159 161 157 158 153 155 150 152 145 146 148 148 140 142 136 137 135 138 138 140 142 141 142 144 145 146 148 149 150 152 151 150 152 155 0 0 0 0 0 0 0 0 0 0 0 0 0 0 0 0 0 0 0 0 0 0 0 0 0 0 0 0 0 0 0 0 0 0 0 0 0 0 0 0 0 0 0 0 0 0 0 0 0 0 0 0 0 0 0 0 0 0 0 0 0 0 0 0 0 0 0 0 0 0 0 0 0 0 0 0 0 0 0 0 0 0 0 0 0 0 0 0 0 0 0 0 0 0 0 0 0 0 0 0 0 0 0 0 0 0 0 0 0 0 0 0 0 0 0 0 0 0 0 0 0 
0 0 0 0 0 0 0 0 0 0 0 0 0 0 0 0 0 0 0 0 0 0 0 0 0 0 0 0 0 0 0 0 0 0 0 0 0 0 0 0 0 0 0 0 0 0 0 0 0 0 0 0 0 0 0 0 0 0 0 0 0 0 0 0 0 0 0 0 0 0 0 0 0 0 0 0 0 0 0 0 0 0 0 0 0 0 0 0 0 0 0 0 0 0 0 0 0 0 0 0 0 0 0 0 0 0 0 0 0 0 0 0 0 0 0 0 0 0 0 0 0 0 0 0 0 0 0 0 0 0 0 0 0 0 0 0 0 0 0 0 0 0 0 0 0 0 0 0 0 0 0 0 0 0 0 0 0 0 0 0 0 0 0 0 0 0 0 0 0 0 0 0 0 0 0 0 0 0 0 0 0 0 0 0 0 0 0 0 0 0 0 0 0 0 0 0 0 0 0 0 0 0 0 0 0 0 0 0 0 0 0 0 0 0 0 0 0 0 0 0 0 0 0 0 0 0 0 0 0 0 0 0 0 0 0 0 0 0 0 0 0 0 0 0 0 0 0 0 0 0 0 0 0 0 0 0 0 0 0 0 0 0 0 0 0 0 0 0 0 0 0 0 0 0 0 0 0 0 0 0 0 0 0 0 0 0 0 0 0 0 0 0 0 0 0 0 0 0 0 0 0 0 0 0 0 0 0 0 0 0 0 0 0 0 0 0 0 0 0 0 0 0 0 0 0 0 0 0 0 0 0 0 0 0 0 0 0 0 0 0 0 0 0 0 0 0 0 0 0 0 0 0 0 0 0 0 0 0 0 0 0 0 0 0 0 0 116 124 131 138 146 152 159 163 166 164 166 167 165 167 164 165 166 162 164 158 160 162 157 158 154 156 156 147 148 142 144 146 139 140 140 142 142 142 144 144 144 144 146 147 148 150 150 150 150 0 0 0 0 0 0 0 0 0 0 0 0 0 0 0 0 0 0 0 0 0 0 0 0 0 0 0 0 0 0 0 0 0 0 0 0 0 0 0 0 0 0 0 0 0 0 0 0 0 0 0 0 0 0 0 0 0 0 0 0 0 0 0 0 0 0 0 0 0 0 0 0 0 0 0 0 0 0 0 0 0 0 0 0 0 0 0 0 0 0 0 0 0 0 0 0 0 0 0 0 0 0 0 0 0 0 0 0 0 0 0 0 0 0 0 0 0 0 0 0 0 0 
0 0 0 0 0 0 0 0 0 0 0 0 0 0 0 0 0 0 0 0 0 0 0 0 0 0 0 0 0 0 0 0 0 0 0 0 0 0 0 0 0 0 0 0 0 0 0 0 0 0 0 0 0 0 0 0 0 0 0 0 0 0 0 0 0 0 0 0 0 0 0 0 0 0 0 0 0 0 0 0 0 0 0 0 0 0 0 0 0 0 0 0 0 0 0 0 0 0 0 0 0 0 0 0 0 0 0 0 0 0 0 0 0 0 0 0 0 0 0 0 0 0 0 0 0 0 0 0 0 0 0 0 0 0 0 0 0 0 0 0 0 0 0 0 0 0 0 0 0 0 0 0 0 0 0 0 0 0 0 0 0 0 0 0 0 0 0 0 0 0 0 0 0 0 0 0 0 0 0 0 0 0 0 0 0 0 0 0 0 0 0 0 0 0 0 0 0 0 0 0 0 0 0 0 0 0 0 0 0 0 0 0 0 0 0 0 0 0 0 0 0 0 0 0 0 0 0 0 0 0 0 0 0 0 0 0 0 0 0 0 0 0 0 0 0 0 0 0 0 0 0 0 0 0 0 0 0 0 0 0 0 0 0 0 0 0 0 0 0 0 0 0 0 0 0 0 0 0 0 0 0 0 0 0 0 0 0 0 0 0 0 0 0 0 0 0 0 0 0 0 0 0 0 0 0 0 0 0 0 0 0 0 0 0 0 0 0 0 0 0 0 0 0 0 0 0 0 0 0 0 0 0 0 0 0 0 0 0 0 0 0 0 0 0 0 0 0 0 0 0 0 0 0 0 0 0 0 0 0 0 0 0 0 0 0 0 0 0 131 138 144 150 157 162 164 166 168 168 168 167 168 169 169 167 167 165 167 163 164 158 160 162 163 155 156 150 151 146 148 140 142 144 144 143 145 144 143 144 146 146 148 148 148 149 150 0 0 0 0 0 0 0 0 0 0 0 0 0 0 0 0 0 0 0 0 0 0 0 0 0 0 0 0 0 0 0 0 0 0 0 0 0 0 0 0 0 0 0 0 0 0 0 0 0 0 0 0 0 0 0 0 0 0 0 0 0 0 0 0 0 0 0 0 0 0 0 0 0 0 0 0 0 0 0 0 0 0 0 0 0 0 0 0 0 0 0 0 0 0 0 0 0 0 0 0 0 0 0 0 0 0 0 0 0 0 0 0 0 0 0 0 0 0 0 0 0 0 
0 0 0 0 0 0 0 0 0 0 0 0 0 0 0 0 0 0 0 0 0 0 0 0 0 0 0 0 0 0 0 0 0 0 0 0 0 0 0 0 0 0 0 0 0 0 0 0 0 0 0 0 0 0 0 0 0 0 0 0 0 0 0 0 0 0 0 0 0 0 0 0 0 0 0 0 0 0 0 0 0 0 0 0 0 0 0 0 0 0 0 0 0 0 0 0 0 0 0 0 0 0 0 0 0 0 0 0 0 0 0 0 0 0 0 0 0 0 0 0 0 0 0 0 0 0 0 0 0 0 0 0 0 0 0 0 0 0 0 0 0 0 0 0 0 0 0 0 0 0 0 0 0 0 0 0 0 0 0 0 0 0 0 0 0 0 0 0 0 0 0 0 0 0 0 0 0 0 0 0 0 0 0 0 0 0 0 0 0 0 0 0 0 0 0 0 0 0 0 0 0 0 0 0 0 0 0 0 0 0 0 0 0 0 0 0 0 0 0 0 0 0 0 0 0 0 0 0 0 0 0 0 0 0 0 0 0 0 0 0 0 0 0 0 0 0 0 0 0 0 0 0 0 0 0 0 0 0 0 0 0 0 0 0 0 0 0 0 0 0 0 0 0 0 0 0 0 0 0 0 0 0 0 0 0 0 0 0 0 0 0 0 0 0 0 0 0 0 0 0 0 0 0 0 0 0 0 0 0 0 0 0 0 0 0 0 0 0 0 0 0 0 0 0 0 0 0 0 0 0 0 0 0 0 0 0 0 0 0 0 0 0 0 0 0 0 0 0 0 0 0 0 0 0 0 0 0 0 0 0 0 0 0 0 0 0 0 0 0 0 144 150 160 163 164 166 168 168 170 169 169 170 170 169 167 168 169 167 168 165 167 167 162 162 156 156 157 153 154 150 151 153 144 146 145 145 145 144 146 145 145 146 148 148 0 0 0 0 0 0 0 0 0 0 0 0 0 0 0 0 0 0 0 0 0 0 0 0 0 0 0 0 0 0 0 0 0 0 0 0 0 0 0 0 0 0 0 0 0 0 0 0 0 0 0 0 0 0 0 0 0 0 0 0 0 0 0 0 0 0 0 0 0 0 0 0 0 0 0 0 0 0 0 0 0 0 0 0 0 0 0 0 0 0 0 0 0 0 0 0 0 0 0 0 0 0 0 0 0 0 0 0 0 0 0 0 0 0 0 0 0 0 0 0 0 0 0 
0 0 0 0 0 0 0 0 0 0 0 0 0 0 0 0 0 0 0 0 0 0 0 0 0 0 0 0 0 0 0 0 0 0 0 0 0 0 0 0 0 0 0 0 0 0 0 0 0 0 0 0 0 0 0 0 0 0 0 0 0 0 0 0 0 0 0 0 0 0 0 0 0 0 0 0 0 0 0 0 0 0 0 0 0 0 0 0 0 0 0 0 0 0 0 0 0 0 0 0 0 0 0 0 0 0 0 0 0 0 0 0 0 0 0 0 0 0 0 0 0 0 0 0 0 0 0 0 0 0 0 0 0 0 0 0 0 0 0 0 0 0 0 0 0 0 0 0 0 0 0 0 0 0 0 0 0 0 0 0 0 0 0 0 0 0 0 0 0 0 0 0 0 0 0 0 0 0 0 0 0 0 0 0 0 0 0 0 0 0 0 0 0 0 0 0 0 0 0 0 0 0 0 0 0 0 0 0 0 0 0 0 0 0 0 0 0 0 0 0 0 0 0 0 0 0 0 0 0 0 0 0 0 0 0 0 0 0 0 0 0 0 0 0 0 0 0 0 0 0 0 0 0 0 0 0 0 0 0 0 0 0 0 0 0 0 0 0 0 0 0 0 0 0 0 0 0 0 0 0 0 0 0 0 0 0 0 0 0 0 0 0 0 0 0 0 0 0 0 0 0 0 0 0 0 0 0 0 0 0 0 0 0 0 0 0 0 0 0 0 0 0 0 0 0 0 0 0 0 0 0 0 0 0 0 0 0 0 0 0 0 0 0 0 0 0 0 0 0 0 0 0 0 0 0 0 0 0 0 0 0 0 0 0 0 0 0 0 0 0 0 0 160 163 166 168 168 170 170 170 170 172 171 170 170 170 169 170 168 168 169 169 166 166 162 162 157 160 154 155 156 157 154 154 147 148 145 146 146 145 145 146 147 148 0 0 0 0 0 0 0 0 0 0 0 0 0 0 0 0 0 0 0 0 0 0 0 0 0 0 0 0 0 0 0 0 0 0 0 0 0 0 0 0 0 0 0 0 0 0 0 0 0 0 0 0 0 0 0 0 0 0 0 0 0 0 0 0 0 0 0 0 0 0 0 0 0 0 0 0 0 0 0 0 0 0 0 0 0 0 0 0 0 0 0 0 0 0 0 0 0 0 0 0 0 0 0 0 0 0 0 0 0 0 0 0 0 0 0 0 0 0 0 0 0 0 0 
0 0 0 0 0 0 0 0 0 0 0 0 0 0 0 0 0 0 0 0 0 0 0 0 0 0 0 0 0 0 0 0 0 0 0 0 0 0 0 0 0 0 0 0 0 0 0 0 0 0 0 0 0 0 0 0 0 0 0 0 0 0 0 0 0 0 0 0 0 0 0 0 0 0 0 0 0 0 0 0 0 0 0 0 0 0 0 0 0 0 0 0 0 0 0 0 0 0 0 0 0 0 0 0 0 0 0 0 0 0 0 0 0 0 0 0 0 0 0 0 0 0 0 0 0 0 0 0 0 0 0 0 0 0 0 0 0 0 0 0 0 0 0 0 0 0 0 0 0 0 0 0 0 0 0 0 0 0 0 0 0 0 0 0 0 0 0 0 0 0 0 0 0 0 0 0 0 0 0 0 0 0 0 0 0 0 0 0 0 0 0 0 0 0 0 0 0 0 0 0 0 0 0 0 0 0 0 0 0 0 0 0 0 0 0 0 0 0 0 0 0 0 0 0 0 0 0 0 0 0 0 0 0 0 0 0 0 0 0 0 0 0 0 0 0 0 0 0 0 0 0 0 0 0 0 0 0 0 0 0 0 0 0 0 0 0 0 0 0 0 0 0 0 0 0 0 0 0 0 0 0 0 0 0 0 0 0 0 0 0 0 0 0 0 0 0 0 0 0 0 0 0 0 0 0 0 0 0 0 0 0 0 0 0 0 0 0 0 0 0 0 0 0 0 0 0 0 0 0 0 0 0 0 0 0 0 0 0 0 0 0 0 0 0 0 0 0 0 0 0 0 0 0 0 0 0 0 0 0 0 0 0 0 0 0 0 0 0 0 0 0 0 0 0 166 168 168 170 169 170 170 172 169 170 171 170 170 170 170 170 170 169 169 166 166 165 162 164 161 162 162 157 161 154 156 158 149 150 149 147 148 146 147 0 0 0 0 0 0 0 0 0 0 0 0 0 0 0 0 0 0 0 0 0 0 0 0 0 0 0 0 0 0 0 0 0 0 0 0 0 0 0 0 0 0 0 0 0 0 0 0 0 0 0 0 0 0 0 0 0 0 0 0 0 0 0 0 0 0 0 0 0 0 0 0 0 0 0 0 0 0 0 0 0 0 0 0 0 0 0 0 0 0 0 0 0 0 0 0 0 0 0 0 0 0 0 0 0 0 0 0 0 0 0 0 0 0 0 0 0 0 0 0 0 0 0 0 
0 0 0 0 0 0 0 0 0 0 0 0 0 0 0 0 0 0 0 0 0 0 0 0 0 0 0 0 0 0 0 0 0 0 0 0 0 0 0 0 0 0 0 0 0 0 0 0 0 0 0 0 0 0 0 0 0 0 0 0 0 0 0 0 0 0 0 0 0 0 0 0 0 0 0 0 0 0 0 0 0 0 0 0 0 0 0 0 0 0 0 0 0 0 0 0 0 0 0 0 0 0 0 0 0 0 0 0 0 0 0 0 0 0 0 0 0 0 0 0 0 0 0 0 0 0 0 0 0 0 0 0 0 0 0 0 0 0 0 0 0 0 0 0 0 0 0 0 0 0 0 0 0 0 0 0 0 0 0 0 0 0 0 0 0 0 0 0 0 0 0 0 0 0 0 0 0 0 0 0 0 0 0 0 0 0 0 0 0 0 0 0 0 0 0 0 0 0 0 0 0 0 0 0 0 0 0 0 0 0 0 0 0 0 0 0 0 0 0 0 0 0 0 0 0 0 0 0 0 0 0 0 0 0 0 0 0 0 0 0 0 0 0 0 0 0 0 0 0 0 0 0 0 0 0 0 0 0 0 0 0 0 0 0 0 0 0 0 0 0 0 0 0 0 0 0 0 0 0 0 0 0 0 0 0 0 0 0 0 0 0 0 0 0 0 0 0 0 0 0 0 0 0 0 0 0 0 0 0 0 0 0 0 0 0 0 0 0 0 0 0 0 0 0 0 0 0 0 0 0 0 0 0 0 0 0 0 0 0 0 0 0 0 0 0 0 0 0 0 0 0 0 0 0 0 0 0 0 0 0 0 0 0 0 0 0 0 0 0 0 0 0 0 0 0 0 168 170 168 169 169 170 168 169 170 170 170 170 170 171 171 169 169 169 168 165 166 164 166 166 165 164 165 161 162 158 158 160 149 151 152 149 147 0 0 0 0 0 0 0 0 0 0 0 0 0 0 0 0 0 0 0 0 0 0 0 0 0 0 0 0 0 0 0 0 0 0 0 0 0 0 0 0 0 0 0 0 0 0 0 0 0 0 0 0 0 0 0 0 0 0 0 0 0 0 0 0 0 0 0 0 0 0 0 0 0 0 0 0 0 0 0 0 0 0 0 0 0 0 0 0 0 0 0 0 0 0 0 0 0 0 0 0 0 0 0 0 0 0 0 0 0 0 0 0 0 0 0 0 0 0 0 0 0 0 0 0 
0 0 0 0 0 0 0 0 0 0 0 0 0 0 0 0 0 0 0 0 0 0 0 0 0 0 0 0 0 0 0 0 0 0 0 0 0 0 0 0 0 0 0 0 0 0 0 0 0 0 0 0 0 0 0 0 0 0 0 0 0 0 0 0 0 0 0 0 0 0 0 0 0 0 0 0 0 0 0 0 0 0 0 0 0 0 0 0 0 0 0 0 0 0 0 0 0 0 0 0 0 0 0 0 0 0 0 0 0 0 0 0 0 0 0 0 0 0 0 0 0 0 0 0 0 0 0 0 0 0 0 0 0 0 0 0 0 0 0 0 0 0 0 0 0 0 0 0 0 0 0 0 0 0 0 0 0 0 0 0 0 0 0 0 0 0 0 0 0 0 0 0 0 0 0 0 0 0 0 0 0 0 0 0 0 0 0 0 0 0 0 0 0 0 0 0 0 0 0 0 0 0 0 0 0 0 0 0 0 0 0 0 0 0 0 0 0 0 0 0 0 0 0 0 0 0 0 0 0 0 0 0 0 0 0 0 0 0 0 0 0 0 0 0 0 0 0 0 0 0 0 0 0 0 0 0 0 0 0 0 0 0 0 0 0 0 0 0 0 0 0 0 0 0 0 0 0 0 0 0 0 0 0 0 0 0 0 0 0 0 0 0 0 0 0 0 0 0 0 0 0 0 0 0 0 0 0 0 0 0 0 0 0 0 0 0 0 0 0 0 0 0 0 0 0 0 0 0 0 0 0 0 0 0 0 0 0 0 0 0 0 0 0 0 0 0 0 0 0 0 0 0 0 0 0 0 0 0 0 0 0 0 0 0 0 0 0 0 0 0 0 0 0 0 0 0 0 0 168 169 169 167 168 167 168 169 168 170 170 170 171 169 169 170 169 167 167 168 168 167 165 168 165 166 166 163 164 166 160 162 152 152 0 0 0 0 0 0 0 0 0 0 0 0 0 0 0 0 0 0 0 0 0 0 0 0 0 0 0 0 0 0 0 0 0 0 0 0 0 0 0 0 0 0 0 0 0 0 0 0 0 0 0 0 0 0 0 0 0 0 0 0 0 0 0 0 0 0 0 0 0 0 0 0 0 0 0 0 0 0 0 0 0 0 0 0 0 0 0 0 0 0 0 0 0 0 0 0 0 0 0 0 0 0 0 0 0 0 0 0 0 0 0 0 0 0 0 0 0 0 0 0 0 0 0 0 0 
0 0 0 0 0 0 0 0 0 0 0 0 0 0 0 0 0 0 0 0 0 0 0 0 0 0 0 0 0 0 0 0 0 0 0 0 0 0 0 0 0 0 0 0 0 0 0 0 0 0 0 0 0 0 0 0 0 0 0 0 0 0 0 0 0 0 0 0 0 0 0 0 0 0 0 0 0 0 0 0 0 0 0 0 0 0 0 0 0 0 0 0 0 0 0 0 0 0 0 0 0 0 0 0 0 0 0 0 0 0 0 0 0 0 0 0 0 0 0 0 0 0 0 0 0 0 0 0 0 0 0 0 0 0 0 0 0 0 0 0 0 0 0 0 0 0 0 0 0 0 0 0 0 0 0 0 0 0 0 0 0 0 0 0 0 0 0 0 0 0 0 0 0 0 0 0 0 0 0 0 0 0 0 0 0 0 0 0 0 0 0 0 0 0 0 0 0 0 0 0 0 0 0 0 0 0 0 0 0 0 0 0 0 0 0 0 0 0 0 0 0 0 0 0 0 0 0 0 0 0 0 0 0 0 0 0 0 0 0 0 0 0 0 0 0 0 0 0 0 0 0 0 0 0 0 0 0 0 0 0 0 0 0 0 0 0 0 0 0 0 0 0 0 0 0 0 0 0 0 0 0 0 0 0 0 0 0 0 0 0 0 0 0 0 0 0 0 0 0 0 0 0 0 0 0 0 0 0 0 0 0 0 0 0 0 0 0 0 0 0 0 0 0 0 0 0 0 0 0 0 0 0 0 0 0 0 0 0 0 0 0 0 0 0 0 0 0 0 0 0 0 0 0 0 0 0 0 0 0 0 0 0 0 0 0 0 0 0 0 0 0 0 0 0 0 0 0 0 0 0 169 167 166 166 168 165 168 167 167 167 168 168 170 169 169 168 167 169 169 168 168 170 169 168 166 166 169 166 164 166 163 152 0 0 0 0 0 0 0 0 0 0 0 0 0 0 0 0 0 0 0 0 0 0 0 0 0 0 0 0 0 0 0 0 0 0 0 0 0 0 0 0 0 0 0 0 0 0 0 0 0 0 0 0 0 0 0 0 0 0 0 0 0 0 0 0 0 0 0 0 0 0 0 0 0 0 0 0 0 0 0 0 0 0 0 0 0 0 0 0 0 0 0 0 0 0 0 0 0 0 0 0 0 0 0 0 0 0 0 0 0 0 0 0 0 0 0 0 0 0 0 0 0 0 0 0 0 
0 0 0 0 0 0 0 0 0 0 0 0 0 0 0 0 0 0 0 0 0 0 0 0 0 0 0 0 0 0 0 0 0 0 0 0 0 0 0 0 0 0 0 0 0 0 0 0 0 0 0 0 0 0 0 0 0 0 0 0 0 0 0 0 0 0 0 0 0 0 0 0 0 0 0 0 0 0 0 0 0 0 0 0 0 0 0 0 0 0 0 0 0 0 0 0 0 0 0 0 0 0 0 0 0 0 0 0 0 0 0 0 0 0 0 0 0 0 0 0 0 0 0 0 0 0 0 0 0 0 0 0 0 0 0 0 0 0 0 0 0 0 0 0 0 0 0 0 0 0 0 0 0 0 0 0 0 0 0 0 0 0 0 0 0 0 0 0 0 0 0 0 0 0 0 0 0 0 0 0 0 0 0 0 0 0 0 0 0 0 0 0 0 0 0 0 0 0 0 0 0 0 0 0 0 0 0 0 0 0 0 0 0 0 0 0 0 0 0 0 0 0 0 0 0 0 0 0 0 0 0 0 0 0 0 0 0 0 0 0 0 0 0 0 0 0 0 0 0 0 0 0 0 0 0 0 0 0 0 0 0 0 0 0 0 0 0 0 0 0 0 0 0 0 0 0 0 0 0 0 0 0 0 0 0 0 0 0 0 0 0 0 0 0 0 0 0 0 0 0 0 0 0 0 0 0 0 0 0 0 0 0 0 0 0 0 0 0 0 0 0 0 0 0 0 0 0 0 0 0 0 0 0 0 0 0 0 0 0 0 0 0 0 0 0 0 0 0 0 0 0 0 0 0 0 0 0 0 0 0 0 0 0 0 0 0 0 0 0 0 0 0 0 0 0 0 0 0 0 0 0 0 166 166 164 163 164 165 164 167 164 168 168 168 168 167 168 168 166 168 170 170 170 169 168 169 170 167 168 166 166 0 0 0 0 0 0 0 0 0 0 0 0 0 0 0 0 0 0 0 0 0 0 0 0 0 0 0 0 0 0 0 0 0 0 0 0 0 0 0 0 0 0 0 0 0 0 0 0 0 0 0 0 0 0 0 0 0 0 0 0 0 0 0 0 0 0 0 0 0 0 0 0 0 0 0 0 0 0 0 0 0 0 0 0 0 0 0 0 0 0 0 0 0 0 0 0 0 0 0 0 0 0 0 0 0 0 0 0 0 0 0 0 0 0 0 0 0 0 0 0 0 0 0 0 0 0 
0 0 0 0 0 0 0 0 0 0 0 0 0 0 0 0 0 0 0 0 0 0 0 0 0 0 0 0 0 0 0 0 0 0 0 0 0 0 0 0 0 0 0 0 0 0 0 0 0 0 0 0 0 0 0 0 0 0 0 0 0 0 0 0 0 0 0 0 0 0 0 0 0 0 0 0 0 0 0 0 0 0 0 0 0 0 0 0 0 0 0 0 0 0 0 0 0 0 0 0 0 0 0 0 0 0 0 0 0 0 0 0 0 0 0 0 0 0 0 0 0 0 0 0 0 0 0 0 0 0 0 0 0 0 0 0 0 0 0 0 0 0 0 0 0 0 0 0 0 0 0 0 0 0 0 0 0 0 0 0 0 0 0 0 0 0 0 0 0 0 0 0 0 0 0 0 0 0 0 0 0 0 0 0 0 0 0 0 0 0 0 0 0 0 0 0 0 0 0 0 0 0 0 0 0 0 0 0 0 0 0 0 0 0 0 0 0 0 0 0 0 0 0 0 0 0 0 0 0 0 0 0 0 0 0 0 0 0 0 0 0 0 0 0 0 0 0 0 0 0 0 0 0 0 0 0 0 0 0 0 0 0 0 0 0 0 0 0 0 0 0 0 0 0 0 0 0 0 0 0 0 0 0 0 0 0 0 0 0 0 0 0 0 0 0 0 0 0 0 0 0 0 0 0 0 0 0 0 0 0 0 0 0 0 0 0 0 0 0 0 0 0 0 0 0 0 0 0 0 0 0 0 0 0 0 0 0 0 0 0 0 0 0 0 0 0 0 0 0 0 0 0 0 0 0 0 0 0 0 0 0 0 0 0 0 0 0 0 0 0 0 0 0 0 0 0 0 0 0 0 0 0 0 0 164 163 161 162 161 161 160 164 164 168 166 166 167 166 165 166 168 170 168 169 169 170 170 168 169 170 166 0 0 0 0 0 0 0 0 0 0 0 0 0 0 0 0 0 0 0 0 0 0 0 0 0 0 0 0 0 0 0 0 0 0 0 0 0 0 0 0 0 0 0 0 0 0 0 0 0 0 0 0 0 0 0 0 0 0 0 0 0 0 0 0 0 0 0 0 0 0 0 0 0 0 0 0 0 0 0 0 0 0 0 0 0 0 0 0 0 0 0 0 0 0 0 0 0 0 0 0 0 0 0 0 0 0 0 0 0 0 0 0 0 0 0 0 0 0 0 0 0 0 0 0 0 0 
0 0 0 0 0 0 0 0 0 0 0 0 0 0 0 0 0 0 0 0 0 0 0 0 0 0 0 0 0 0 0 0 0 0 0 0 0 0 0 0 0 0 0 0 0 0 0 0 0 0 0 0 0 0 0 0 0 0 0 0 0 0 0 0 0 0 0 0 0 0 0 0 0 0 0 0 0 0 0 0 0 0 0 0 0 0 0 0 0 0 0 0 0 0 0 0 0 0 0 0 0 0 0 0 0 0 0 0 0 0 0 0 0 0 0 0 0 0 0 0 0 0 0 0 0 0 0 0 0 0 0 0 0 0 0 0 0 0 0 0 0 0 0 0 0 0 0 0 0 0 0 0 0 0 0 0 0 0 0 0 0 0 0 0 0 0 0 0 0 0 0 0 0 0 0 0 0 0 0 0 0 0 0 0 0 0 0 0 0 0 0 0 0 0 0 0 0 0 0 0 0 0 0 0 0 0 0 0 0 0 0 0 0 0 0 0 0 0 0 0 0 0 0 0 0 0 0 0 0 0 0 0 0 0 0 0 0 0 0 0 0 0 0 0 0 0 0 0 0 0 0 0 0 0 0 0 0 0 0 0 0 0 0 0 0 0 0 0 0 0 0 0 0 0 0 0 0 0 0 0 0 0 0 0 0 0 0 0 0 0 0 0 0 0 0 0 0 0 0 0 0 0 0 0 0 0 0 0 0 0 0 0 0 0 0 0 0 0 0 0 0 0 0 0 0 0 0 0 0 0 0 0 0 0 0 0 0 0 0 0 0 0 0 0 0 0 0 0 0 0 0 0 0 0 0 0 0 0 0 0 0 0 0 0 0 0 0 0 0 0 0 0 0 0 0 0 0 0 0 0 0 0 0 0 0 0 161 162 161 157 160 159 159 162 160 166 165 162 165 164 165 168 166 168 168 168 169 169 169 171 0 0 0 0 0 0 0 0 0 0 0 0 0 0 0 0 0 0 0 0 0 0 0 0 0 0 0 0 0 0 0 0 0 0 0 0 0 0 0 0 0 0 0 0 0 0 0 0 0 0 0 0 0 0 0 0 0 0 0 0 0 0 0 0 0 0 0 0 0 0 0 0 0 0 0 0 0 0 0 0 0 0 0 0 0 0 0 0 0 0 0 0 0 0 0 0 0 0 0 0 0 0 0 0 0 0 0 0 0 0 0 0 0 0 0 0 0 0 0 0 0 0 0 0 0 0 0 
0 0 0 0 0 0 0 0 0 0 0 0 0 0 0 0 0 0 0 0 0 0 0 0 0 0 0 0 0 0 0 0 0 0 0 0 0 0 0 0 0 0 0 0 0 0 0 0 0 0 0 0 0 0 0 0 0 0 0 0 0 0 0 0 0 0 0 0 0 0 0 0 0 0 0 0 0 0 0 0 0 0 0 0 0 0 0 0 0 0 0 0 0 0 0 0 0 0 0 0 0 0 0 0 0 0 0 0 0 0 0 0 0 0 0 0 0 0 0 0 0 0 0 0 0 0 0 0 0 0 0 0 0 0 0 0 0 0 0 0 0 0 0 0 0 0 0 0 0 0 0 0 0 0 0 0 0 0 0 0 0 0 0 0 0 0 0 0 0 0 0 0 0 0 0 0 0 0 0 0 0 0 0 0 0 0 0 0 0 0 0 0 0 0 0 0 0 0 0 0 0 0 0 0 0 0 0 0 0 0 0 0 0 0 0 0 0 0 0 0 0 0 0 0 0 0 0 0 0 0 0 0 0 0 0 0 0 0 0 0 0 0 0 0 0 0 0 0 0 0 0 0 0 0 0 0 0 0 0 0 0 0 0 0 0 0 0 0 0 0 0 0 0 0 0 0 0 0 0 0 0 0 0 0 0 0 0 0 0 0 0 0 0 0 0 0 0 0 0 0 0 0 0 0 0 0 0 0 0 0 0 0 0 0 0 0 0 0 0 0 0 0 0 0 0 0 0 0 0 0 0 0 0 0 0 0 0 0 0 0 0 0 0 0 0 0 0 0 0 0 0 0 0 0 0 0 0 0 0 0 0 0 0 0 0 0 0 0 0 0 0 0 0 0 0 0 0 0 0 0 0 0 0 0 0 0 0 0 0 157 156 157 159 158 156 159 160 157 161 161 165 164 166 166 166 168 168 168 170 171 0 0 0 0 0 0 0 0 0 0 0 0 0 0 0 0 0 0 0 0 0 0 0 0 0 0 0 0 0 0 0 0 0 0 0 0 0 0 0 0 0 0 0 0 0 0 0 0 0 0 0 0 0 0 0 0 0 0 0 0 0 0 0 0 0 0 0 0 0 0 0 0 0 0 0 0 0 0 0 0 0 0 0 0 0 0 0 0 0 0 0 0 0 0 0 0 0 0 0 0 0 0 0 0 0 0 0 0 0 0 0 0 0 0 0 0 0 0 0 0 0 0 0 0 0 0 0 
0 0 0 0 0 0 0 0 0 0 0 0 0 0 0 0 0 0 0 0 0 0 0 0 0 0 0 0 0 0 0 0 0 0 0 0 0 0 0 0 0 0 0 0 0 0 0 0 0 0 0 0 0 0 0 0 0 0 0 0 0 0 0 0 0 0 0 0 0 0 0 0 0 0 0 0 0 0 0 0 0 0 0 0 0 0 0 0 0 0 0 0 0 0 0 0 0 0 0 0 0 0 0 0 0 0 0 0 0 0 0 0 0 0 0 0 0 0 0 0 0 0 0 0 0 0 0 0 0 0 0 0 0 0 0 0 0 0 0 0 0 0 0 0 0 0 0 0 0 0 0 0 0 0 0 0 0 0 0 0 0 0 0 0 0 0 0 0 0 0 0 0 0 0 0 0 0 0 0 0 0 0 0 0 0 0 0 0 0 0 0 0 0 0 0 0 0 0 0 0 0 0 0 0 0 0 0 0 0 0 0 0 0 0 0 0 0 0 0 0 0 0 0 0 0 0 0 0 0 0 0 0 0 0 0 0 0 0 0 0 0 0 0 0 0 0 0 0 0 0 0 0 0 0 0 0 0 0 0 0 0 0 0 0 0 0 0 0 0 0 0 0 0 0 0 0 0 0 0 0 0 0 0 0 0 0 0 0 0 0 0 0 0 0 0 0 0 0 0 0 0 0 0 0 0 0 0 0 0 0 0 0 0 0 0 0 0 0 0 0 0 0 0 0 0 0 0 0 0 0 0 0 0 0 0 0 0 0 0 0 0 0 0 0 0 0 0 0 0 0 0 0 0 0 0 0 0 0 0 0 0 0 0 0 0 0 0 0 0 0 0 0 0 0 0 0 0 0 0 0 0 0 0 0 0 0 0 0 0 0 156 157 155 153 155 155 154 157 156 154 161 160 164 164 163 166 165 168 168 0 0 0 0 0 0 0 0 0 0 0 0 0 0 0 0 0 0 0 0 0 0 0 0 0 0 0 0 0 0 0 0 0 0 0 0 0 0 0 0 0 0 0 0 0 0 0 0 0 0 0 0 0 0 0 0 0 0 0 0 0 0 0 0 0 0 0 0 0 0 0 0 0 0 0 0 0 0 0 0 0 0 0 0 0 0 0 0 0 0 0 0 0 0 0 0 0 0 0 0 0 0 0 0 0 0 0 0 0 0 0 0 0 0 0 0 0 0 0 0 0 0 0 0 0 0 0 0 
0 0 0 0 0 0 0 0 0 0 0 0 0 0 0 0 0 0 0 0 0 0 0 0 0 0 0 0 0 0 0 0 0 0 0 0 0 0 0 0 0 0 0 0 0 0 0 0 0 0 0 0 0 0 0 0 0 0 0 0 0 0 0 0 0 0 0 0 0 0 0 0 0 0 0 0 0 0 0 0 0 0 0 0 0 0 0 0 0 0 0 0 0 0 0 0 0 0 0 0 0 0 0 0 0 0 0 0 0 0 0 0 0 0 0 0 0 0 0 0 0 0 0 0 0 0 0 0 0 0 0 0 0 0 0 0 0 0 0 0 0 0 0 0 0 0 0 0 0 0 0 0 0 0 0 0 0 0 0 0 0 0 0 0 0 0 0 0 0 0 0 0 0 0 0 0 0 0 0 0 0 0 0 0 0 0 0 0 0 0 0 0 0 0 0 0 0 0 0 0 0 0 0 0 0 0 0 0 0 0 0 0 0 0 0 0 0 0 0 0 0 0 0 0 0 0 0 0 0 0 0 0 0 0 0 0 0 0 0 0 0 0 0 0 0 0 0 0 0 0 0 0 0 0 0 0 0 0 0 0 0 0 0 0 0 0 0 0 0 0 0 0 0 0 0 0 0 0 0 0 0 0 0 0 0 0 0 0 0 0 0 0 0 0 0 0 0 0 0 0 0 0 0 0 0 0 0 0 0 0 0 0 0 0 0 0 0 0 0 0 0 0 0 0 0 0 0 0 0 0 0 0 0 0 0 0 0 0 0 0 0 0 0 0 0 0 0 0 0 0 0 0 0 0 0 0 0 0 0 0 0 0 0 0 0 0 0 0 0 0 0 0 0 0 0 0 0 0 0 0 0 0 0 0 0 0 0 0 0 0 0 0 155 153 152 151 149 153 151 154 152 160 160 161 160 164 163 165 168 0 0 0 0 0 0 0 0 0 0 0 0 0 0 0 0 0 0 0 0 0 0 0 0 0 0 0 0 0 0 0 0 0 0 0 0 0 0 0 0 0 0 0 0 0 0 0 0 0 0 0 0 0 0 0 0 0 0 0 0 0 0 0 0 0 0 0 0 0 0 0 0 0 0 0 0 0 0 0 0 0 0 0 0 0 0 0 0 0 0 0 0 0 0 0 0 0 0 0 0 0 0 0 0 0 0 0 0 0 0 0 0 0 0 0 0 0 0 0 0 0 0 0 0 0 0 0 0 
0 0 0 0 0 0 0 0 0 0 0 0 0 0 0 0 0 0 0 0 0 0 0 0 0 0 0 0 0 0 0 0 0 0 0 0 0 0 0 0 0 0 0 0 0 0 0 0 0 0 0 0 0 0 0 0 0 0 0 0 0 0 0 0 0 0 0 0 0 0 0 0 0 0 0 0 0 0 0 0 0 0 0 0 0 0 0 0 0 0 0 0 0 0 0 0 0 0 0 0 0 0 0 0 0 0 0 0 0 0 0 0 0 0 0 0 0 0 0 0 0 0 0 0 0 0 0 0 0 0 0 0 0 0 0 0 0 0 0 0 0 0 0 0 0 0 0 0 0 0 0 0 0 0 0 0 0 0 0 0 0 0 0 0 0 0 0 0 0 0 0 0 0 0 0 0 0 0 0 0 0 0 0 0 0 0 0 0 0 0 0 0 0 0 0 0 0 0 0 0 0 0 0 0 0 0 0 0 0 0 0 0 0 0 0 0 0 0 0 0 0 0 0 0 0 0 0 0 0 0 0 0 0 0 0 0 0 0 0 0 0 0 0 0 0 0 0 0 0 0 0 0 0 0 0 0 0 0 0 0 0 0 0 0 0 0 0 0 0 0 0 0 0 0 0 0 0 0 0 0 0 0 0 0 0 0 0 0 0 0 0 0 0 0 0 0 0 0 0 0 0 0 0 0 0 0 0 0 0 0 0 0 0 0 0 0 0 0 0 0 0 0 0 0 0 0 0 0 0 0 0 0 0 0 0 0 0 0 0 0 0 0 0 0 0 0 0 0 0 0 0 0 0 0 0 0 0 0 0 0 0 0 0 0 0 0 0 0 0 0 0 0 0 0 0 0 0 0 0 0 0 0 0 0 0 0 0 0 0 0 0 0 0 0 152 151 149 148 146 149 148 152 151 151 159 159 163 163 0 0 0 0 0 0 0 0 0 0 0 0 0 0 0 0 0 0 0 0 0 0 0 0 0 0 0 0 0 0 0 0 0 0 0 0 0 0 0 0 0 0 0 0 0 0 0 0 0 0 0 0 0 0 0 0 0 0 0 0 0 0 0 0 0 0 0 0 0 0 0 0 0 0 0 0 0 0 0 0 0 0 0 0 0 0 0 0 0 0 0 0 0 0 0 0 0 0 0 0 0 0 0 0 0 0 0 0 0 0 0 0 0 0 0 0 0 0 0 0 0 0 0 0 0 0 0 0 0 
0 0 0 0 0 0 0 0 0 0 0 0 0 0 0 0 0 0 0 0 0 0 0 0 0 0 0 0 0 0 0 0 0 0 0 0 0 0 0 0 0 0 0 0 0 0 0 0 0 0 0 0 0 0 0 0 0 0 0 0 0 0 0 0 0 0 0 0 0 0 0 0 0 0 0 0 0 0 0 0 0 0 0 0 0 0 0 0 0 0 0 0 0 0 0 0 0 0 0 0 0 0 0 0 0 0 0 0 0 0 0 0 0 0 0 0 0 0 0 0 0 0 0 0 0 0 0 0 0 0 0 0 0 0 0 0 0 0 0 0 0 0 0 0 0 0 0 0 0 0 0 0 0 0 0 0 0 0 0 0 0 0 0 0 0 0 0 0 0 0 0 0 0 0 0 0 0 0 0 0 0 0 0 0 0 0 0 0 0 0 0 0 0 0 0 0 0 0 0 0 0 0 0 0 0 0 0 0 0 0 0 0 0 0 0 0 0 0 0 0 0 0 0 0 0 0 0 0 0 0 0 0 0 0 0 0 0 0 0 0 0 0 0 0 0 0 0 0 0 0 0 0 0 0 0 0 0 0 0 0 0 0 0 0 0 0 0 0 0 0 0 0 0 0 0 0 0 0 0 0 0 0 0 0 0 0 0 0 0 0 0 0 0 0 0 0 0 0 0 0 0 0 0 0 0 0 0 0 0 0 0 0 0 0 0 0 0 0 0 0 0 0 0 0 0 0 0 0 0 0 0 0 0 0 0 0 0 0 0 0 0 0 0 0 0 0 0 0 0 0 0 0 0 0 0 0 0 0 0 0 0 0 0 0 0 0 0 0 0 0 0 0 0 0 0 0 0 0 0 0 0 0 0 0 0 0 0 0 0 0 0 0 0 0 0 0 0 148 144 141 148 147 147 147 151 151 159 163 0 0 0 0 0 0 0 0 0 0 0 0 0 0 0 0 0 0 0 0 0 0 0 0 0 0 0 0 0 0 0 0 0 0 0 0 0 0 0 0 0 0 0 0 0 0 0 0 0 0 0 0 0 0 0 0 0 0 0 0 0 0 0 0 0 0 0 0 0 0 0 0 0 0 0 0 0 0 0 0 0 0 0 0 0 0 0 0 0 0 0 0 0 0 0 0 0 0 0 0 0 0 0 0 0 0 0 0 0 0 0 0 0 0 0 0 0 0 0 0 0 0 0 0 0 0 0 0 0 
0 0 0 0 0 0 0 0 0 0 0 0 0 0 0 0 0 0 0 0 0 0 0 0 0 0 0 0 0 0 0 0 0 0 0 0 0 0 0 0 0 0 0 0 0 0 0 0 0 0 0 0 0 0 0 0 0 0 0 0 0 0 0 0 0 0 0 0 0 0 0 0 0 0 0 0 0 0 0 0 0 0 0 0 0 0 0 0 0 0 0 0 0 0 0 0 0 0 0 0 0 0 0 0 0 0 0 0 0 0 0 0 0 0 0 0 0 0 0 0 0 0 0 0 0 0 0 0 0 0 0 0 0 0 0 0 0 0 0 0 0 0 0 0 0 0 0 0 0 0 0 0 0 0 0 0 0 0 0 0 0 0 0 0 0 0 0 0 0 0 0 0 0 0 0 0 0 0 0 0 0 0 0 0 0 0 0 0 0 0 0 0 0 0 0 0 0 0 0 0 0 0 0 0 0 0 0 0 0 0 0 0 0 0 0 0 0 0 0 0 0 0 0 0 0 0 0 0 0 0 0 0 0 0 0 0 0 0 0 0 0 0 0 0 0 0 0 0 0 0 0 0 0 0 0 0 0 0 0 0 0 0 0 0 0 0 0 0 0 0 0 0 0 0 0 0 0 0 0 0 0 0 0 0 0 0 0 0 0 0 0 0 0 0 0 0 0 0 0 0 0 0 0 0 0 0 0 0 0 0 0 0 0 0 0 0 0 0 0 0 0 0 0 0 0 0 0 0 0 0 0 0 0 0 0 0 0 0 0 0 0 0 0 0 0 0 0 0 0 0 0 0 0 0 0 0 0 0 0 0 0 0 0 0 0 0 0 0 0 0 0 0 0 0 0 0 0 0 0 0 0 0 0 0 0 0 0 0 0 0 0 0 0 0 0 0 0 0 144 141 140 141 141 146 146 151 151 0 0 0 0 0 0 0 0 0 0 0 0 0 0 0 0 0 0 0 0 0 0 0 0 0 0 0 0 0 0 0 0 0 0 0 0 0 0 0 0 0 0 0 0 0 0 0 0 0 0 0 0 0 0 0 0 0 0 0 0 0 0 0 0 0 0 0 0 0 0 0 0 0 0 0 0 0 0 0 0 0 0 0 0 0 0 0 0 0 0 0 0 0 0 0 0 0 0 0 0 0 0 0 0 0 0 0 0 0 0 0 0 0 0 0 0 0 0 0 0 0 0 0 0 0 0 0 0 0 0 
0 0 0 0 0 0 0 0 0 0 0 0 0 0 0 0 0 0 0 0 0 0 0 0 0 0 0 0 0 0 0 0 0 0 0 0 0 0 0 0 0 0 0 0 0 0 0 0 0 0 0 0 0 0 0 0 0 0 0 0 0 0 0 0 0 0 0 0 0 0 0 0 0 0 0 0 0 0 0 0 0 0 0 0 0 0 0 0 0 0 0 0 0 0 0 0 0 0 0 0 0 0 0 0 0 0 0 0 0 0 0 0 0 0 0 0 0 0 0 0 0 0 0 0 0 0 0 0 0 0 0 0 0 0 0 0 0 0 0 0 0 0 0 0 0 0 0 0 0 0 0 0 0 0 0 0 0 0 0 0 0 0 0 0 0 0 0 0 0 0 0 0 0 0 0 0 0 0 0 0 0 0 0 0 0 0 0 0 0 0 0 0 0 0 0 0 0 0 0 0 0 0 0 0 0 0 0 0 0 0 0 0 0 0 0 0 0 0 0 0 0 0 0 0 0 0 0 0 0 0 0 0 0 0 0 0 0 0 0 0 0 0 0 0 0 0 0 0 0 0 0 0 0 0 0 0 0 0 0 0 0 0 0 0 0 0 0 0 0 0 0 0 0 0 0 0 0 0 0 0 0 0 0 0 0 0 0 0 0 0 0 0 0 0 0 0 0 0 0 0 0 0 0 0 0 0 0 0 0 0 0 0 0 0 0 0 0 0 0 0 0 0 0 0 0 0 0 0 0 0 0 0 0 0 0 0 0 0 0 0 0 0 0 0 0 0 0 0 0 0 0 0 0 0 0 0 0 0 0 0 0 0 0 0 0 0 0 0 0 0 0 0 0 0 0 0 0 0 0 0 0 0 0 0 0 0 0 0 0 0 0 0 0 0 0 0 0 0 0 0 140 141 141 141 141 147 151 0 0 0 0 0 0 0 0 0 0 0 0 0 0 0 0 0 0 0 0 0 0 0 0 0 0 0 0 0 0 0 0 0 0 0 0 0 0 0 0 0 0 0 0 0 0 0 0 0 0 0 0 0 0 0 0 0 0 0 0 0 0 0 0 0 0 0 0 0 0 0 0 0 0 0 0 0 0 0 0 0 0 0 0 0 0 0 0 0 0 0 0 0 0 0 0 0 0 0 0 0 0 0 0 0 0 0 0 0 0 0 0 0 0 0 0 0 0 0 0 0 0 0 0 0 0 0 0 0 0 
0 0 0 0 0 0 0 0 0 0 0 0 0 0 0 0 0 0 0 0 0 0 0 0 0 0 0 0 0 0 0 0 0 0 0 0 0 0 0 0 0 0 0 0 0 0 0 0 0 0 0 0 0 0 0 0 0 0 0 0 0 0 0 0 0 0 0 0 0 0 0 0 0 0 0 0 0 0 0 0 0 0 0 0 0 0 0 0 0 0 0 0 0 0 0 0 0 0 0 0 0 0 0 0 0 0 0 0 0 0 0 0 0 0 0 0 0 0 0 0 0 0 0 0 0 0 0 0 0 0 0 0 0 0 0 0 0 0 0 0 0 0 0 0 0 0 0 0 0 0 0 0 0 0 0 0 0 0 0 0 0 0 0 0 0 0 0 0 0 0 0 0 0 0 0 0 0 0 0 0 0 0 0 0 0 0 0 0 0 0 0 0 0 0 0 0 0 0 0 0 0 0 0 0 0 0 0 0 0 0 0 0 0 0 0 0 0 0 0 0 0 0 0 0 0 0 0 0 0 0 0 0 0 0 0 0 0 0 0 0 0 0 0 0 0 0 0 0 0 0 0 0 0 0 0 0 0 0 0 0 0 0 0 0 0 0 0 0 0 0 0 0 0 0 0 0 0 0 0 0 0 0 0 0 0 0 0 0 0 0 0 0 0 0 0 0 0 0 0 0 0 0 0 0 0 0 0 0 0 0 0 0 0 0 0 0 0 0 0 0 0 0 0 0 0 0 0 0 0 0 0 0 0 0 0 0 0 0 0 0 0 0 0 0 0 0 0 0 0 0 0 0 0 0 0 0 0 0 0 0 0 0 0 0 0 0 0 0 0 0 0 0 0 0 0 0 0 0 0 0 0 0 0 0 0 0 0 0 0 0 0 0 0 0 0 0 0 0 0 0 0 0 0 141 141 142 0 0 0 0 0 0 0 0 0 0 0 0 0 0 0 0 0 0 0 0 0 0 0 0 0 0 0 0 0 0 0 0 0 0 0 0 0 0 0 0 0 0 0 0 0 0 0 0 0 0 0 0 0 0 0 0 0 0 0 0 0 0 0 0 0 0 0 0 0 0 0 0 0 0 0 0 0 0 0 0 0 0 0 0 0 0 0 0 0 0 0 0 0 0 0 0 0 0 0 0 0 0 0 0 0 0 0 0 0 0 0 0 0 0 0 0 0 0 0 0 0 0 0 0 0 0 0 0 0 0 0 
0 0 0 0 0 0 0 0 0 0 0 0 0 0 0 0 0 0 0 0 0 0 0 0 0 0 0 0 0 0 0 0 0 0 0 0 0 0 0 0 0 0 0 0 0 0 0 0 0 0 0 0 0 0 0 0 0 0 0 0 0 0 0 0 0 0 0 0 0 0 0 0 0 0 0 0 0 0 0 0 0 0 0 0 0 0 0 0 0 0 0 0 0 0 0 0 0 0 0 0 0 0 0 0 0 0 0 0 0 0 0 0 0 0 0 0 0 0 0 0 0 0 0 0 0 0 0 0 0 0 0 0 0 0 0 0 0 0 0 0 0 0 0 0 0 0 0 0 0 0 0 0 0 0 0 0 0 0 0 0 0 0 0 0 0 0 0 0 0 0 0 0 0 0 0 0 0 0 0 0 0 0 0 0 0 0 0 0 0 0 0 0 0 0 0 0 0 0 0 0 0 0 0 0 0 0 0 0 0 0 0 0 0 0 0 0 0 0 0 0 0 0 0 0 0 0 0 0 0 0 0 0 0 0 0 0 0 0 0 0 0 0 0 0 0 0 0 0 0 0 0 0 0 0 0 0 0 0 0 0 0 0 0 0 0 0 0 0 0 0 0 0 0 0 0 0 0 0 0 0 0 0 0 0 0 0 0 0 0 0 0 0 0 0 0 0 0 0 0 0 0 0 0 0 0 0 0 0 0 0 0 0 0 0 0 0 0 0 0 0 0 0 0 0 0 0 0 0 0 0 0 0 0 0 0 0 0 0 0 0 0 0 0 0 0 0 0 0 0 0 0 0 0 0 0 0 0 0 0 0 0 0 0 0 0 0 0 0 0 0 0 0 0 0 0 0 0 0 0 0 0 0 0 0 0 0 0 0 0 0 0 0 0 0 0 0 0 0 0 0 0 0 0 0 0 142 0 0 0 0 0 0 0 0 0 0 0 0 0 0 0 0 0 0 0 0 0 0 0 0 0 0 0 0 0 0 0 0 0 0 0 0 0 0 0 0 0 0 0 0 0 0 0 0 0 0 0 0 0 0 0 0 0 0 0 0 0 0 0 0 0 0 0 0 0 0 0 0 0 0 0 0 0 0 0 0 0 0 0 0 0 0 0 0 0 0 0 0 0 0 0 0 0 0 0 0 0 0 0 0 0 0 0 0 0 0 0 0 0 0 0 0 0 0 0 0 0 0 0 0 0 0 0 0 0 0 0 
