0 0 0 0 0 0 0 0 0 0 0 0 0 0 0 0 0 0 0 0 0 0 0 0 0 0 0 0 0 0 0 0 0 0 0 0 0 0 0 0 0 0 0 0 0 0 0 0 0 0 0 0 0 0 0 0 0 0 0 0 0 0 0 0 0 0 0 0 0 0 0 0 0 0 0 0 0 0 0 0 0 0 0 0 0 0 0 0 0 0 0 0 0 0 0 0 0 0 0 0 0 0 0 0 0 0 0 0 0 0 0 0 0 0 0 0 0 0 0 0 0 0 0 0 0 0 0 0 0 0 0 0 0 0 0 0 0 0 0 0 0 0 0 0 0 0 0 0 0 0 0 0 0 0 0 0 0 0 0 0 0 0 0 0 0 0 0 0 0 0 0 0 0 0 0 0 0 0 0 0 0 0 0 0 0 0 0 0 0 0 0 0 0 0 0 0 0 0 0 0 0 0 0 0 0 0 0 0 0 0 0 0 0 0 0 0 0 0 0 0 0 0 0 0 0 0 0 0 0 0 0 0 0 0 0 0 0 0 0 0 0 0 0 0 0 0 0 0 0 0 0 0 0 0 0 0 0 0 0 0 0 0 0 0 0 0 0 0 0 0 0 0 0 0 0 0 0 0 0 0 0 0 0 0 0 0 0 0 0 0 0 0 0 0 0 0 0 0 0 0 0 0 0 0 0 0 0 0 0 0 0 0 0 0 0 0 0 0 0 0 0 0 0 0 0 0 0 0 0 0 0 0 0 0 0 0 0 0 0 0 0 0 0 0 0 0 0 0 0 0 0 0 0 0 0 0 0 0 0 0 0 0 0 0 0 0 0 0 0 0 0 0 0 0 0 0 0 0 0 0 0 0 0 0 0 0 0 0 0 0 0 0 0 0 0 0 0 0 0 0 0 0 0 0 0 0 0 0 0 0 0 0 0 0 0 0 0 0 0 0 0 0 0 0 0 0 0 0 0 0 0 0 0 0 0 0 0 0 0 0 0 0 0 0 0 0 0 0 0 0 0 0 0 0 0 0 0 0 0 0 0 0 0 0 0 0 0 0 0 0 0 0 0 0 0 0 0 0 0 0 0 0 0 0 0 0 0 0 0 0 0 0 0 0 0 0 0 0 0 0 0 0 0 0 0 0 0 0 0 0 0 0 0 0 0 0 0 0 0 0 0 0 0 0 0 0 0 0 0 0 0 0 0 0 0 0 0 0 0 
0 0 0 0 0 0 0 0 0 0 0 0 0 0 0 0 0 0 0 0 0 0 0 0 0 0 0 0 0 0 0 0 0 0 0 0 0 0 0 0 0 0 0 0 0 0 0 0 0 0 0 0 0 0 0 0 0 0 0 0 0 0 0 0 0 0 0 0 0 0 0 0 0 0 0 0 0 0 0 0 0 0 0 0 0 0 0 0 0 0 0 0 0 0 0 0 0 0 0 0 0 0 0 0 0 0 0 0 0 0 0 0 0 0 0 0 0 0 0 0 0 0 0 0 0 0 0 0 0 0 0 0 45 27 0 0 0 0 0 0 0 0 0 0 0 0 0 0 0 0 0 0 0 0 0 0 0 0 0 0 0 0 0 0 0 0 0 0 0 0 0 0 0 0 0 0 0 0 0 0 0 0 0 0 0 0 0 0 0 0 0 0 0 0 0 0 0 0 0 0 0 0 0 0 0 0 0 0 0 0 0 0 0 0 0 0 0 0 0 0 0 0 0 0 0 0 0 0 0 0 0 0 0 0 0 0 0 0 0 0 0 0 0 0 0 0 0 0 0 0 0 0 0 0 0 0 0 0 0 0 0 0 0 0 0 0 0 0 0 0 0 0 0 0 0 0 0 0 0 0 0 0 0 0 0 0 0 0 0 0 0 0 0 0 0 0 0 0 0 0 0 0 0 0 0 0 0 0 0 0 0 0 0 0 0 0 0 0 0 0 0 0 0 0 0 0 0 0 0 0 0 0 0 0 0 0 0 0 0 0 0 0 0 0 0 0 0 0 0 0 0 0 0 0 0 0 0 0 0 0 0 0 0 0 0 0 0 0 0 0 0 0 0 0 0 0 0 0 0 0 0 0 0 0 0 0 0 0 0 0 0 0 0 0 0 0 0 0 0 0 0 0 0 0 0 0 0 0 0 0 0 0 0 0 0 0 0 0 0 0 0 0 0 0 0 0 0 0 0 0 0 0 0 0 0 0 0 0 0 0 0 0 0 0 0 0 0 0 0 0 0 0 0 0 0 0 0 0 0 0 0 0 0 0 0 0 0 0 0 0 0 0 0 0 0 0 0 0 0 0 0 0 0 0 0 0 0 0 0 0 0 0 0 0 0 0 0 0 0 0 0 0 0 0 0 0 0 0 0 0 0 0 0 0 0 0 0 0 0 0 0 0 0 0 0 0 0 0 0 0 0 0 0 0 0 0 0 0 0 
0 0 0 0 0 0 0 0 0 0 0 0 0 0 0 0 0 0 0 0 0 0 0 0 0 0 0 0 0 0 0 0 0 0 0 0 0 0 0 0 0 0 0 0 0 0 0 0 0 0 0 0 0 0 0 0 0 0 0 0 0 0 0 0 0 0 0 0 0 0 0 0 0 0 0 0 0 0 0 0 0 0 0 0 0 0 0 0 0 0 0 0 0 0 0 0 0 0 0 0 0 0 0 0 0 0 0 0 0 0 0 0 0 0 0 0 0 0 0 0 0 0 0 0 0 0 0 0 0 0 0 3 122 129 90 26 0 0 0 0 0 0 0 0 0 0 0 0 0 0 0 0 0 0 0 0 0 0 0 0 0 0 0 0 0 0 0 0 0 0 0 0 0 0 0 0 0 0 0 0 0 0 0 0 0 0 0 0 0 0 0 0 0 0 0 0 0 0 0 0 0 0 0 0 0 0 0 0 0 0 0 0 0 0 0 0 0 0 0 0 0 0 0 0 0 0 0 0 0 0 0 0 0 0 0 0 0 0 0 0 0 0 0 0 0 0 0 0 0 0 0 0 0 0 0 0 0 0 0 0 0 0 0 0 0 0 0 0 0 0 0 0 0 0 0 0 0 0 0 0 0 0 0 0 0 0 0 0 0 0 0 0 0 0 0 0 0 0 0 0 0 0 0 0 0 0 0 0 0 0 0 0 0 0 0 0 0 0 0 0 0 0 0 0 0 0 0 0 0 0 0 0 0 0 0 0 0 0 0 0 0 0 0 0 0 0 0 0 0 0 0 0 0 0 0 0 0 0 0 0 0 0 0 0 0 0 0 0 0 0 0 0 0 0 0 0 0 0 0 0 0 0 0 0 0 0 0 0 0 0 0 0 0 0 0 0 0 0 0 0 0 0 0 0 0 0 0 0 0 0 0 0 0 0 0 0 0 0 0 0 0 0 0 0 0 0 0 0 0 0 0 0 0 0 0 0 0 0 0 0 0 0 0 0 0 0 0 0 0 0 0 0 0 0 0 0 0 0 0 0 0 0 0 0 0 0 0 0 0 0 0 0 0 0 0 0 0 0 0 0 0 0 0 0 0 0 0 0 0 0 0 0 0 0 0 0 0 0 0 0 0 0 0 0 0 0 0 0 0 0 0 0 0 0 0 0 0 0 0 0 0 0 0 0 0 0 0 0 0 0 0 0 0 0 0 0 0 0 0 
0 0 0 0 0 0 0 0 0 0 0 0 0 0 0 0 0 0 0 0 0 0 0 0 0 0 0 0 0 0 0 0 0 0 0 0 0 0 0 0 0 0 0 0 0 0 0 0 0 0 0 0 0 0 0 0 0 0 0 0 0 0 0 0 0 0 0 0 0 0 0 0 0 0 0 0 0 0 0 0 0 0 0 0 0 0 0 0 0 0 0 0 0 0 0 0 0 0 0 0 0 0 0 0 0 0 0 0 0 0 0 0 0 0 0 0 0 0 0 0 0 0 0 0 0 0 0 0 0 0 0 62 134 124 125 127 93 30 0 0 0 0 0 0 0 0 0 0 0 0 0 0 0 0 0 0 0 0 0 0 0 0 0 0 0 0 0 0 0 0 0 0 0 0 0 0 0 0 0 0 0 0 0 0 0 0 0 0 0 0 0 0 0 0 0 0 0 0 0 0 0 0 0 0 0 0 0 0 0 0 0 0 0 0 0 0 0 0 0 0 0 0 0 0 0 0 0 0 0 0 0 0 0 0 0 0 0 0 0 0 0 0 0 0 0 0 0 0 0 0 0 0 0 0 0 0 0 0 0 0 0 0 0 0 0 0 0 0 0 0 0 0 0 0 0 0 0 0 0 0 0 0 0 0 0 0 0 0 0 0 0 0 0 0 0 0 0 0 0 0 0 0 0 0 0 0 0 0 0 0 0 0 0 0 0 0 0 0 0 0 0 0 0 0 0 0 0 0 0 0 0 0 0 0 0 0 0 0 0 0 0 0 0 0 0 0 0 0 0 0 0 0 0 0 0 0 0 0 0 0 0 0 0 0 0 0 0 0 0 0 0 0 0 0 0 0 0 0 0 0 0 0 0 0 0 0 0 0 0 0 0 0 0 0 0 0 0 0 0 0 0 0 0 0 0 0 0 0 0 0 0 0 0 0 0 0 0 0 0 0 0 0 0 0 0 0 0 0 0 0 0 0 0 0 0 0 0 0 0 0 0 0 0 0 0 0 0 0 0 0 0 0 0 0 0 0 0 0 0 0 0 0 0 0 0 0 0 0 0 0 0 0 0 0 0 0 0 0 0 0 0 0 0 0 0 0 0 0 0 0 0 0 0 0 0 0 0 0 0 0 0 0 0 0 0 0 0 0 0 0 0 0 0 0 0 0 0 0 0 0 0 0 0 0 0 0 0 0 0 0 0 0 0 0 0 0 0 0 0 
0 0 0 0 0 0 0 0 0 0 0 0 0 0 0 0 0 0 0 0 0 0 0 0 0 0 0 0 0 0 0 0 0 0 0 0 0 0 0 0 0 0 0 0 0 0 0 0 0 0 0 0 0 0 0 0 0 0 0 0 0 0 0 0 0 0 0 0 0 0 0 0 0 0 0 0 0 0 0 0 0 0 0 0 0 0 0 0 0 0 0 0 0 0 0 0 0 0 0 0 0 0 0 0 0 0 0 0 0 0 0 0 0 0 0 0 0 0 0 0 0 0 0 0 0 0 0 0 0 0 2 124 129 126 123 121 125 127 96 35 0 0 0 0 0 0 0 0 0 0 0 0 0 0 0 0 0 0 0 0 0 0 0 0 0 0 0 0 0 0 0 0 0 0 0 0 0 0 0 0 0 0 0 0 0 0 0 0 0 0 0 0 0 0 0 0 0 0 0 0 0 0 0 0 0 0 0 0 0 0 0 0 0 0 0 0 0 0 0 0 0 0 0 0 0 0 0 0 0 0 0 0 0 0 0 0 0 0 0 0 0 0 0 0 0 0 0 0 0 0 0 0 0 0 0 0 0 0 0 0 0 0 0 0 0 0 0 0 0 0 0 0 0 0 0 0 0 0 0 0 0 0 0 0 0 0 0 0 0 0 0 0 0 0 0 0 0 0 0 0 0 0 0 0 0 0 0 0 0 0 0 0 0 0 0 0 0 0 0 0 0 0 0 0 0 0 0 0 0 0 0 0 0 0 0 0 0 0 0 0 0 0 0 0 0 0 0 0 0 0 0 0 0 0 0 0 0 0 0 0 0 0 0 0 0 0 0 0 0 0 0 0 0 0 0 0 0 0 0 0 0 0 0 0 0 0 0 0 0 0 0 0 0 0 0 0 0 0 0 0 0 0 0 0 0 0 0 0 0 0 0 0 0 0 0 0 0 0 0 0 0 0 0 0 0 0 0 0 0 0 0 0 0 0 0 0 0 0 0 0 0 0 0 0 0 0 0 0 0 0 0 0 0 0 0 0 0 0 0 0 0 0 0 0 0 0 0 0 0 0 0 0 0 0 0 0 0 0 0 0 0 0 0 0 0 0 0 0 0 0 0 0 0 0 0 0 0 0 0 0 0 0 0 0 0 0 0 0 0 0 0 0 0 0 0 0 0 0 0 0 0 0 0 0 0 0 0 0 0 0 0 0 0 0 0 0 0 0 0 
0 0 0 0 0 0 0 0 0 0 0 0 0 0 0 0 0 0 0 0 0 0 0 0 0 0 0 0 0 0 0 0 0 0 0 0 0 0 0 0 0 0 0 0 0 0 0 0 0 0 0 0 0 0 0 0 0 0 0 0 0 0 0 0 0 0 0 0 0 0 0 0 0 0 0 0 0 0 0 0 0 0 0 0 0 0 0 0 0 0 0 0 0 0 0 0 0 0 0 0 0 0 0 0 0 0 0 0 0 0 0 0 0 0 0 0 0 0 0 0 0 0 0 0 0 0 0 0 0 0 61 142 130 127 126 124 122 121 125 129 103 36 0 0 0 0 0 0 0 0 0 0 0 0 0 0 0 0 0 0 0 0 0 0 0 0 0 0 0 0 0 0 0 0 0 0 0 0 0 0 0 0 0 0 0 0 0 0 0 0 0 0 0 0 0 0 0 0 0 0 0 0 0 0 0 0 0 0 0 0 0 0 0 0 0 0 0 0 0 0 0 0 0 0 0 0 0 0 0 0 0 0 0 0 0 0 0 0 0 0 0 0 0 0 0 0 0 0 0 0 0 0 0 0 0 0 0 0 0 0 0 0 0 0 0 0 0 0 0 0 0 0 0 0 0 0 0 0 0 0 0 0 0 0 0 0 0 0 0 0 0 0 0 0 0 0 0 0 0 0 0 0 0 0 0 0 0 0 0 0 0 0 0 0 0 0 0 0 0 0 0 0 0 0 0 0 0 0 0 0 0 0 0 0 0 0 0 0 0 0 0 0 0 0 0 0 0 0 0 0 0 0 0 0 0 0 0 0 0 0 0 0 0 0 0 0 0 0 0 0 0 0 0 0 0 0 0 0 0 0 0 0 0 0 0 0 0 0 0 0 0 0 0 0 0 0 0 0 0 0 0 0 0 0 0 0 0 0 0 0 0 0 0 0 0 0 0 0 0 0 0 0 0 0 0 0 0 0 0 0 0 0 0 0 0 0 0 0 0 0 0 0 0 0 0 0 0 0 0 0 0 0 0 0 0 0 0 0 0 0 0 0 0 0 0 0 0 0 0 0 0 0 0 0 0 0 0 0 0 0 0 0 0 0 0 0 0 0 0 0 0 0 0 0 0 0 0 0 0 0 0 0 0 0 0 0 0 0 0 0 0 0 0 0 0 0 0 0 0 0 0 0 0 0 0 0 0 0 0 0 0 0 0 0 0 0 0 0 0 
0 0 0 0 0 0 0 0 0 0 0 0 0 0 0 0 0 0 0 0 0 0 0 0 0 0 0 0 0 0 0 0 0 0 0 0 0 0 0 0 0 0 0 0 0 0 0 0 0 0 0 0 0 0 0 0 0 0 0 0 0 0 0 0 0 0 0 0 0 0 0 0 0 0 0 0 0 0 0 0 0 0 0 0 0 0 0 0 0 0 0 0 0 0 0 0 0 0 0 0 0 0 0 0 0 0 0 0 0 0 0 0 0 0 0 0 0 0 0 0 0 0 0 0 0 0 0 0 0 1 129 136 132 130 128 125 124 122 122 123 127 131 105 40 0 0 0 0 0 0 0 0 0 0 0 0 0 0 0 0 0 0 0 0 0 0 0 0 0 0 0 0 0 0 0 0 0 0 0 0 0 0 0 0 0 0 0 0 0 0 0 0 0 0 0 0 0 0 0 0 0 0 0 0 0 0 0 0 0 0 0 0 0 0 0 0 0 0 0 0 0 0 0 0 0 0 0 0 0 0 0 0 0 0 0 0 0 0 0 0 0 0 0 0 0 0 0 0 0 0 0 0 0 0 0 0 0 0 0 0 0 0 0 0 0 0 0 0 0 0 0 0 0 0 0 0 0 0 0 0 0 0 0 0 0 0 0 0 0 0 0 0 0 0 0 0 0 0 0 0 0 0 0 0 0 0 0 0 0 0 0 0 0 0 0 0 0 0 0 0 0 0 0 0 0 0 0 0 0 0 0 0 0 0 0 0 0 0 0 0 0 0 0 0 0 0 0 0 0 0 0 0 0 0 0 0 0 0 0 0 0 0 0 0 0 0 0 0 0 0 0 0 0 0 0 0 0 0 0 0 0 0 0 0 0 0 0 0 0 0 0 0 0 0 0 0 0 0 0 0 0 0 0 0 0 0 0 0 0 0 0 0 0 0 0 0 0 0 0 0 0 0 0 0 0 0 0 0 0 0 0 0 0 0 0 0 0 0 0 0 0 0 0 0 0 0 0 0 0 0 0 0 0 0 0 0 0 0 0 0 0 0 0 0 0 0 0 0 0 0 0 0 0 0 0 0 0 0 0 0 0 0 0 0 0 0 0 0 0 0 0 0 0 0 0 0 0 0 0 0 0 0 0 0 0 0 0 0 0 0 0 0 0 0 0 0 0 0 0 0 0 0 0 0 0 0 0 0 0 0 0 0 0 0 0 0 0 0 0 
0 0 0 0 0 0 0 0 0 0 0 0 0 0 0 0 0 0 0 0 0 0 0 0 0 0 0 0 0 0 0 0 0 0 0 0 0 0 0 0 0 0 0 0 0 0 0 0 0 0 0 0 0 0 0 0 0 0 0 0 0 0 0 0 0 0 0 0 0 0 0 0 0 0 0 0 0 0 0 0 0 0 0 0 0 0 0 0 0 0 0 0 0 0 0 0 0 0 0 0 0 0 0 0 0 0 0 0 0 0 0 0 0 0 0 0 0 0 0 0 0 0 0 0 0 0 0 0 0 60 150 137 133 132 129 127 125 124 123 123 125 124 127 135 110 46 0 0 0 0 0 0 0 0 0 0 0 0 0 0 0 0 0 0 0 0 0 0 0 0 0 0 0 0 0 0 0 0 0 0 0 0 0 0 0 0 0 0 0 0 0 0 0 0 0 0 0 0 0 0 0 0 0 0 0 0 0 0 0 0 0 0 0 0 0 0 0 0 0 0 0 0 0 0 0 0 0 0 0 0 0 0 0 0 0 0 0 0 0 0 0 0 0 0 0 0 0 0 0 0 0 0 0 0 0 0 0 0 0 0 0 0 0 0 0 0 0 0 0 0 0 0 0 0 0 0 0 0 0 0 0 0 0 0 0 0 0 0 0 0 0 0 0 0 0 0 0 0 0 0 0 0 0 0 0 0 0 0 0 0 0 0 0 0 0 0 0 0 0 0 0 0 0 0 0 0 0 0 0 0 0 0 0 0 0 0 0 0 0 0 0 0 0 0 0 0 0 0 0 0 0 0 0 0 0 0 0 0 0 0 0 0 0 0 0 0 0 0 0 0 0 0 0 0 0 0 0 0 0 0 0 0 0 0 0 0 0 0 0 0 0 0 0 0 0 0 0 0 0 0 0 0 0 0 0 0 0 0 0 0 0 0 0 0 0 0 0 0 0 0 0 0 0 0 0 0 0 0 0 0 0 0 0 0 0 0 0 0 0 0 0 0 0 0 0 0 0 0 0 0 0 0 0 0 0 0 0 0 0 0 0 0 0 0 0 0 0 0 0 0 0 0 0 0 0 0 0 0 0 0 0 0 0 0 0 0 0 0 0 0 0 0 0 0 0 0 0 0 0 0 0 0 0 0 0 0 0 0 0 0 0 0 0 0 0 0 0 0 0 0 0 0 0 0 0 0 0 0 0 0 0 0 0 0 0 0 0 0 0 
0 0 0 0 0 0 0 0 0 0 0 0 0 0 0 0 0 0 0 0 0 0 0 0 0 0 0 0 0 0 0 0 0 0 0 0 0 0 0 0 0 0 0 0 0 0 0 0 0 0 0 0 0 0 0 0 0 0 0 0 0 0 0 0 0 0 0 0 0 0 0 0 0 0 0 0 0 0 0 0 0 0 0 0 0 0 0 0 0 0 0 0 0 0 0 0 0 0 0 0 0 0 0 0 0 0 0 0 0 0 0 0 0 0 0 0 0 0 0 0 0 0 0 0 0 0 0 0 0 133 144 139 137 135 132 128 126 126 124 123 125 125 125 126 130 137 114 51 0 0 0 0 0 0 0 0 0 0 0 0 0 0 0 0 0 0 0 0 0 0 0 0 0 0 0 0 0 0 0 0 0 0 0 0 0 0 0 0 0 0 0 0 0 0 0 0 0 0 0 0 0 0 0 0 0 0 0 0 0 0 0 0 0 0 0 0 0 0 0 0 0 0 0 0 0 0 0 0 0 0 0 0 0 0 0 0 0 0 0 0 0 0 0 0 0 0 0 0 0 0 0 0 0 0 0 0 0 0 0 0 0 0 0 0 0 0 0 0 0 0 0 0 0 0 0 0 0 0 0 0 0 0 0 0 0 0 0 0 0 0 0 0 0 0 0 0 0 0 0 0 0 0 0 0 0 0 0 0 0 0 0 0 0 0 0 0 0 0 0 0 0 0 0 0 0 0 0 0 0 0 0 0 0 0 0 0 0 0 0 0 0 0 0 0 0 0 0 0 0 0 0 0 0 0 0 0 0 0 0 0 0 0 0 0 0 0 0 0 0 0 0 0 0 0 0 0 0 0 0 0 0 0 0 0 0 0 0 0 0 0 0 0 0 0 0 0 0 0 0 0 0 0 0 0 0 0 0 0 0 0 0 0 0 0 0 0 0 0 0 0 0 0 0 0 0 0 0 0 0 0 0 0 0 0 0 0 0 0 0 0 0 0 0 0 0 0 0 0 0 0 0 0 0 0 0 0 0 0 0 0 0 0 0 0 0 0 0 0 0 0 0 0 0 0 0 0 0 0 0 0 0 0 0 0 0 0 0 0 0 0 0 0 0 0 0 0 0 0 0 0 0 0 0 0 0 0 0 0 0 0 0 0 0 0 0 0 0 0 0 0 0 0 0 0 0 0 0 0 0 0 0 0 0 0 0 0 0 0 0 
0 0 0 0 0 0 0 0 0 0 0 0 0 0 0 0 0 0 0 0 0 0 0 0 0 0 0 0 0 0 0 0 0 0 0 0 0 0 0 0 0 0 0 0 0 0 0 0 0 0 0 0 0 0 0 0 0 0 0 0 0 0 0 0 0 0 0 0 0 0 0 0 0 0 0 0 0 0 0 0 0 0 0 0 0 0 0 0 0 0 0 0 0 0 0 0 0 0 0 0 0 0 0 0 0 0 0 0 0 0 0 0 0 0 0 0 0 0 0 0 0 0 0 0 0 0 0 0 58 157 143 142 140 136 133 131 128 127 126 125 125 125 126 128 129 128 132 139 119 54 0 0 0 0 0 0 0 0 0 0 0 0 0 0 0 0 0 0 0 0 0 0 0 0 0 0 0 0 0 0 0 0 0 0 0 0 0 0 0 0 0 0 0 0 0 0 0 0 0 0 0 0 0 0 0 0 0 0 0 0 0 0 0 0 0 0 0 0 0 0 0 0 0 0 0 0 0 0 0 0 0 0 0 0 0 0 0 0 0 0 0 0 0 0 0 0 0 0 0 0 0 0 0 0 0 0 0 0 0 0 0 0 0 0 0 0 0 0 0 0 0 0 0 0 0 0 0 0 0 0 0 0 0 0 0 0 0 0 0 0 0 0 0 0 0 0 0 0 0 0 0 0 0 0 0 0 0 0 0 0 0 0 0 0 0 0 0 0 0 0 0 0 0 0 0 0 0 0 0 0 0 0 0 0 0 0 0 0 0 0 0 0 0 0 0 0 0 0 0 0 0 0 0 0 0 0 0 0 0 0 0 0 0 0 0 0 0 0 0 0 0 0 0 0 0 0 0 0 0 0 0 0 0 0 0 0 0 0 0 0 0 0 0 0 0 0 0 0 0 0 0 0 0 0 0 0 0 0 0 0 0 0 0 0 0 0 0 0 0 0 0 0 0 0 0 0 0 0 0 0 0 0 0 0 0 0 0 0 0 0 0 0 0 0 0 0 0 0 0 0 0 0 0 0 0 0 0 0 0 0 0 0 0 0 0 0 0 0 0 0 0 0 0 0 0 0 0 0 0 0 0 0 0 0 0 0 0 0 0 0 0 0 0 0 0 0 0 0 0 0 0 0 0 0 0 0 0 0 0 0 0 0 0 0 0 0 0 0 0 0 0 0 0 0 0 0 0 0 0 0 0 0 0 0 0 0 0 0 0 
0 0 0 0 0 0 0 0 0 0 0 0 0 0 0 0 0 0 0 0 0 0 0 0 0 0 0 0 0 0 0 0 0 0 0 0 0 0 0 0 0 0 0 0 0 0 0 0 0 0 0 0 0 0 0 0 0 0 0 0 0 0 0 0 0 0 0 0 0 0 0 0 0 0 0 0 0 0 0 0 0 0 0 0 0 0 0 0 0 0 0 0 0 0 0 0 0 0 0 0 0 0 0 0 0 0 0 0 0 0 0 0 0 0 0 0 0 0 0 0 0 0 0 0 0 0 0 0 137 152 146 144 141 137 135 133 131 129 127 126 126 126 127 128 130 130 131 132 135 142 124 58 2 0 0 0 0 0 0 0 0 0 0 0 0 0 0 0 0 0 0 0 0 0 0 0 0 0 0 0 0 0 0 0 0 0 0 0 0 0 0 0 0 0 0 0 0 0 0 0 0 0 0 0 0 0 0 0 0 0 0 0 0 0 0 0 0 0 0 0 0 0 0 0 0 0 0 0 0 0 0 0 0 0 0 0 0 0 0 0 0 0 0 0 0 0 0 0 0 0 0 0 0 0 0 0 0 0 0 0 0 0 0 0 0 0 0 0 0 0 0 0 0 0 0 0 0 0 0 0 0 0 0 0 0 0 0 0 0 0 0 0 0 0 0 0 0 0 0 0 0 0 0 0 0 0 0 0 0 0 0 0 0 0 0 0 0 0 0 0 0 0 0 0 0 0 0 0 0 0 0 0 0 0 0 0 0 0 0 0 0 0 0 0 0 0 0 0 0 0 0 0 0 0 0 0 0 0 0 0 0 0 0 0 0 0 0 0 0 0 0 0 0 0 0 0 0 0 0 0 0 0 0 0 0 0 0 0 0 0 0 0 0 0 0 0 0 0 0 0 0 0 0 0 0 0 0 0 0 0 0 0 0 0 0 0 0 0 0 0 0 0 0 0 0 0 0 0 0 0 0 0 0 0 0 0 0 0 0 0 0 0 0 0 0 0 0 0 0 0 0 0 0 0 0 0 0 0 0 0 0 0 0 0 0 0 0 0 0 0 0 0 0 0 0 0 0 0 0 0 0 0 0 0 0 0 0 0 0 0 0 0 0 0 0 0 0 0 0 0 0 0 0 0 0 0 0 0 0 0 0 0 0 0 0 0 0 0 0 0 0 0 0 0 0 0 0 0 0 0 0 0 0 0 0 0 0 0 0 
0 0 0 0 0 0 0 0 0 0 0 0 0 0 0 0 0 0 0 0 0 0 0 0 0 0 0 0 0 0 0 0 0 0 0 0 0 0 0 0 0 0 0 0 0 0 0 0 0 0 0 0 0 0 0 0 0 0 0 0 0 0 0 0 0 0 0 0 0 0 0 0 0 0 0 0 0 0 0 0 0 0 0 0 0 0 0 0 0 0 0 0 0 0 0 0 0 0 0 0 0 0 0 0 0 0 0 0 0 0 0 0 0 0 0 0 0 0 0 0 0 0 0 0 0 0 0 58 163 152 150 147 143 140 136 135 132 130 128 127 127 128 128 129 130 131 131 132 133 133 136 143 128 63 3 0 0 0 0 0 0 0 0 0 0 0 0 0 0 0 0 0 0 0 0 0 0 0 0 0 0 0 0 0 0 0 0 0 0 0 0 0 0 0 0 0 0 0 0 0 0 0 0 0 0 0 0 0 0 0 0 0 0 0 0 0 0 0 0 0 0 0 0 0 0 0 0 0 0 0 0 0 0 0 0 0 0 0 0 0 0 0 0 0 0 0 0 0 0 0 0 0 0 0 0 0 0 0 0 0 0 0 0 0 0 0 0 0 0 0 0 0 0 0 0 0 0 0 0 0 0 0 0 0 0 0 0 0 0 0 0 0 0 0 0 0 0 0 0 0 0 0 0 0 0 0 0 0 0 0 0 0 0 0 0 0 0 0 0 0 0 0 0 0 0 0 0 0 0 0 0 0 0 0 0 0 0 0 0 0 0 0 0 0 0 0 0 0 0 0 0 0 0 0 0 0 0 0 0 0 0 0 0 0 0 0 0 0 0 0 0 0 0 0 0 0 0 0 0 0 0 0 0 0 0 0 0 0 0 0 0 0 0 0 0 0 0 0 0 0 0 0 0 0 0 0 0 0 0 0 0 0 0 0 0 0 0 0 0 0 0 0 0 0 0 0 0 0 0 0 0 0 0 0 0 0 0 0 0 0 0 0 0 0 0 0 0 0 0 0 0 0 0 0 0 0 0 0 0 0 0 0 0 0 0 0 0 0 0 0 0 0 0 0 0 0 0 0 0 0 0 0 0 0 0 0 0 0 0 0 0 0 0 0 0 0 0 0 0 0 0 0 0 0 0 0 0 0 0 0 0 0 0 0 0 0 0 0 0 0 0 0 0 0 0 0 0 0 0 0 0 0 0 0 0 0 0 0 0 
0 0 0 0 0 0 0 0 0 0 0 0 0 0 0 0 0 0 0 0 0 0 0 0 0 0 0 0 0 0 0 0 0 0 0 0 0 0 0 0 0 0 0 0 0 0 0 0 0 0 0 0 0 0 0 0 0 0 0 0 0 0 0 0 0 0 0 0 0 0 0 0 0 0 0 0 0 0 0 0 0 0 0 0 0 0 0 0 0 0 0 0 0 0 0 0 0 0 0 0 0 0 0 0 0 0 0 0 0 0 0 0 0 0 0 0 0 0 0 0 0 0 0 0 0 0 0 138 158 153 151 148 145 142 138 136 133 133 131 130 128 128 128 129 130 131 131 133 134 134 135 136 138 145 131 68 4 0 0 0 0 0 0 0 0 0 0 0 0 0 0 0 0 0 0 0 0 0 0 0 0 0 0 0 0 0 0 0 0 0 0 0 0 0 0 0 0 0 0 0 0 0 0 0 0 0 0 0 0 0 0 0 0 0 0 0 0 0 0 0 0 0 0 0 0 0 0 0 0 0 0 0 0 0 0 0 0 0 0 0 0 0 0 0 0 0 0 0 0 0 0 0 0 0 0 0 0 0 0 0 0 0 0 0 0 0 0 0 0 0 0 0 0 0 0 0 0 0 0 0 0 0 0 0 0 0 0 0 0 0 0 0 0 0 0 0 0 0 0 0 0 0 0 0 0 0 0 0 0 0 0 0 0 0 0 0 0 0 0 0 0 0 0 0 0 0 0 0 0 0 0 0 0 0 0 0 0 0 0 0 0 0 0 0 0 0 0 0 0 0 0 0 0 0 0 0 0 0 0 0 0 0 0 0 0 0 0 0 0 0 0 0 0 0 0 0 0 0 0 0 0 0 0 0 0 0 0 0 0 0 0 0 0 0 0 0 0 0 0 0 0 0 0 0 0 0 0 0 0 0 0 0 0 0 0 0 0 0 0 0 0 0 0 0 0 0 0 0 0 0 0 0 0 0 0 0 0 0 0 0 0 0 0 0 0 0 0 0 0 0 0 0 0 0 0 0 0 0 0 0 0 0 0 0 0 0 0 0 0 0 0 0 0 0 0 0 0 0 0 0 0 0 0 0 0 0 0 0 0 0 0 0 0 0 0 0 0 0 0 0 0 0 0 0 0 0 0 0 0 0 0 0 0 0 0 0 0 0 0 0 0 0 0 0 0 0 0 0 0 0 0 0 0 0 0 0 0 0 0 
0 0 0 0 0 0 0 0 0 0 0 0 0 0 0 0 0 0 0 0 0 0 0 0 0 0 0 0 0 0 0 0 0 0 0 0 0 0 0 0 0 0 0 0 0 0 0 0 0 0 0 0 0 0 0 0 0 0 0 0 0 0 0 0 0 0 0 0 0 0 0 0 0 0 0 0 0 0 0 0 0 0 0 0 0 0 0 0 0 0 0 0 0 0 0 0 0 0 0 0 0 0 0 0 0 0 0 0 0 0 0 0 0 0 0 0 0 0 0 0 0 0 0 0 0 0 56 170 157 155 152 149 147 144 142 139 136 133 131 130 129 128 128 129 130 131 131 133 134 135 135 136 135 137 139 147 133 72 7 0 0 0 0 0 0 0 0 0 0 0 0 0 0 0 0 0 0 0 0 0 0 0 0 0 0 0 0 0 0 0 0 0 0 0 0 0 0 0 0 0 0 0 0 0 0 0 0 0 0 0 0 0 0 0 0 0 0 0 0 0 0 0 0 0 0 0 0 0 0 0 0 0 0 0 0 0 0 0 0 0 0 0 0 0 0 0 0 0 0 0 0 0 0 0 0 0 0 0 0 0 0 0 0 0 0 0 0 0 0 0 0 0 0 0 0 0 0 0 0 0 0 0 0 0 0 0 0 0 0 0 0 0 0 0 0 0 0 0 0 0 0 0 0 0 0 0 0 0 0 0 0 0 0 0 0 0 0 0 0 0 0 0 0 0 0 0 0 0 0 0 0 0 0 0 0 0 0 0 0 0 0 0 0 0 0 0 0 0 0 0 0 0 0 0 0 0 0 0 0 0 0 0 0 0 0 0 0 0 0 0 0 0 0 0 0 0 0 0 0 0 0 0 0 0 0 0 0 0 0 0 0 0 0 0 0 0 0 0 0 0 0 0 0 0 0 0 0 0 0 0 0 0 0 0 0 0 0 0 0 0 0 0 0 0 0 0 0 0 0 0 0 0 0 0 0 0 0 0 0 0 0 0 0 0 0 0 0 0 0 0 0 0 0 0 0 0 0 0 0 0 0 0 0 0 0 0 0 0 0 0 0 0 0 0 0 0 0 0 0 0 0 0 0 0 0 0 0 0 0 0 0 0 0 0 0 0 0 0 0 0 0 0 0 0 0 0 0 0 0 0 0 0 0 0 0 0 0 0 0 0 0 0 0 0 0 0 0 0 0 0 0 0 0 0 0 0 0 0 0 
0 0 0 0 0 0 0 0 0 0 0 0 0 0 0 0 0 0 0 0 0 0 0 0 0 0 0 0 0 0 0 0 0 0 0 0 0 0 0 0 0 0 0 0 0 0 0 0 0 0 0 0 0 0 0 0 0 0 0 0 0 0 0 0 0 0 0 0 0 0 0 0 0 0 0 0 0 0 0 0 0 0 0 0 0 0 0 0 0 0 0 0 0 0 0 0 0 0 0 0 0 0 0 0 0 0 0 0 0 0 0 0 0 0 0 0 0 0 0 0 0 0 0 0 0 0 140 165 159 157 154 151 149 147 144 141 138 136 134 132 131 130 129 129 129 131 132 133 134 135 135 135 136 137 137 138 139 147 136 77 9 0 0 0 0 0 0 0 0 0 0 0 0 0 0 0 0 0 0 0 0 0 0 0 0 0 0 0 0 0 0 0 0 0 0 0 0 0 0 0 0 0 0 0 0 0 0 0 0 0 0 0 0 0 0 0 0 0 0 0 0 0 0 0 0 0 0 0 0 0 0 0 0 0 0 0 0 0 0 0 0 0 0 0 0 0 0 0 0 0 0 0 0 0 0 0 0 0 0 0 0 0 0 0 0 0 0 0 0 0 0 0 0 0 0 0 0 0 0 0 0 0 0 0 0 0 0 0 0 0 0 0 0 0 0 0 0 0 0 0 0 0 0 0 0 0 0 0 0 0 0 0 0 0 0 0 0 0 0 0 0 0 0 0 0 0 0 0 0 0 0 0 0 0 0 0 0 0 0 0 0 0 0 0 0 0 0 0 0 0 0 0 0 0 0 0 0 0 0 0 0 0 0 0 0 0 0 0 0 0 0 0 0 0 0 0 0 0 0 0 0 0 0 0 0 0 0 0 0 0 0 0 0 0 0 0 0 0 0 0 0 0 0 0 0 0 0 0 0 0 0 0 0 0 0 0 0 0 0 0 0 0 0 0 0 0 0 0 0 0 0 0 0 0 0 0 0 0 0 0 0 0 0 0 0 0 0 0 0 0 0 0 0 0 0 0 0 0 0 0 0 0 0 0 0 0 0 0 0 0 0 0 0 0 0 0 0 0 0 0 0 0 0 0 0 0 0 0 0 0 0 0 0 0 0 0 0 0 0 0 0 0 0 0 0 0 0 0 0 0 0 0 0 0 0 0 0 0 0 0 0 0 0 0 0 0 0 0 0 0 0 0 0 0 0 0 0 0 0 
0 0 0 0 0 0 0 0 0 0 0 0 0 0 0 0 0 0 0 0 0 0 0 0 0 0 0 0 0 0 0 0 0 0 0 0 0 0 0 0 0 0 0 0 0 0 0 0 0 0 0 0 0 0 0 0 0 0 0 0 0 0 0 0 0 0 0 0 0 0 0 0 0 0 0 0 0 0 0 0 0 0 0 0 0 0 0 0 0 0 0 0 0 0 0 0 0 0 0 0 0 0 0 0 0 0 0 0 0 0 0 0 0 0 0 0 0 0 0 0 0 0 0 0 0 53 179 163 160 158 154 153 150 148 145 142 140 138 136 134 132 131 130 130 130 131 132 133 134 135 135 136 136 136 137 138 138 139 140 147 138 79 11 0 0 0 0 0 0 0 0 0 0 0 0 0 0 0 0 0 0 0 0 0 0 0 0 0 0 0 0 0 0 0 0 0 0 0 0 0 0 0 0 0 0 0 0 0 0 0 0 0 0 0 0 0 0 0 0 0 0 0 0 0 0 0 0 0 0 0 0 0 0 0 0 0 0 0 0 0 0 0 0 0 0 0 0 0 0 0 0 0 0 0 0 0 0 0 0 0 0 0 0 0 0 0 0 0 0 0 0 0 0 0 0 0 0 0 0 0 0 0 0 0 0 0 0 0 0 0 0 0 0 0 0 0 0 0 0 0 0 0 0 0 0 0 0 0 0 0 0 0 0 0 0 0 0 0 0 0 0 0 0 0 0 0 0 0 0 0 0 0 0 0 0 0 0 0 0 0 0 0 0 0 0 0 0 0 0 0 0 0 0 0 0 0 0 0 0 0 0 0 0 0 0 0 0 0 0 0 0 0 0 0 0 0 0 0 0 0 0 0 0 0 0 0 0 0 0 0 0 0 0 0 0 0 0 0 0 0 0 0 0 0 0 0 0 0 0 0 0 0 0 0 0 0 0 0 0 0 0 0 0 0 0 0 0 0 0 0 0 0 0 0 0 0 0 0 0 0 0 0 0 0 0 0 0 0 0 0 0 0 0 0 0 0 0 0 0 0 0 0 0 0 0 0 0 0 0 0 0 0 0 0 0 0 0 0 0 0 0 0 0 0 0 0 0 0 0 0 0 0 0 0 0 0 0 0 0 0 0 0 0 0 0 0 0 0 0 0 0 0 0 0 0 0 0 0 0 0 0 0 0 0 0 0 0 0 0 0 0 0 0 0 0 0 0 0 0 
0 0 0 0 0 0 0 0 0 0 0 0 0 0 0 0 0 0 0 0 0 0 0 0 0 0 0 0 0 0 0 0 0 0 0 0 0 0 0 0 0 0 0 0 0 0 0 0 0 0 0 0 0 0 0 0 0 0 0 0 0 0 0 0 0 0 0 0 0 0 0 0 0 0 0 0 0 0 0 0 0 0 0 0 0 0 0 0 0 0 0 0 0 0 0 0 0 0 0 0 0 0 0 0 0 0 0 0 0 0 0 0 0 0 0 0 0 0 0 0 0 0 0 0 0 141 170 163 161 159 157 154 151 149 145 143 141 138 137 136 134 132 131 130 131 131 132 133 134 135 135 135 135 135 136 135 136 138 138 139 138 144 136 80 14 0 0 0 0 0 0 0 0 0 0 0 0 0 0 0 0 0 0 0 0 0 0 0 0 0 0 0 0 0 0 0 0 0 0 0 0 0 0 0 0 0 0 0 0 0 0 0 0 0 0 0 0 0 0 0 0 0 0 0 0 0 0 0 0 0 0 0 0 0 0 0 0 0 0 0 0 0 0 0 0 0 0 0 0 0 0 0 0 0 0 0 0 0 0 0 0 0 0 0 0 0 0 0 0 0 0 0 0 0 0 0 0 0 0 0 0 0 0 0 0 0 0 0 0 0 0 0 0 0 0 0 0 0 0 0 0 0 0 0 0 0 0 0 0 0 0 0 0 0 0 0 0 0 0 0 0 0 0 0 0 0 0 0 0 0 0 0 0 0 0 0 0 0 0 0 0 0 0 0 0 0 0 0 0 0 0 0 0 0 0 0 0 0 0 0 0 0 0 0 0 0 0 0 0 0 0 0 0 0 0 0 0 0 0 0 0 0 0 0 0 0 0 0 0 0 0 0 0 0 0 0 0 0 0 0 0 0 0 0 0 0 0 0 0 0 0 0 0 0 0 0 0 0 0 0 0 0 0 0 0 0 0 0 0 0 0 0 0 0 0 0 0 0 0 0 0 0 0 0 0 0 0 0 0 0 0 0 0 0 0 0 0 0 0 0 0 0 0 0 0 0 0 0 0 0 0 0 0 0 0 0 0 0 0 0 0 0 0 0 0 0 0 0 0 0 0 0 0 0 0 0 0 0 0 0 0 0 0 0 0 0 0 0 0 0 0 0 0 0 0 0 0 0 0 0 0 0 0 0 0 0 0 0 0 0 0 0 0 0 0 0 0 0 0 
0 0 0 0 0 0 0 0 0 0 0 0 0 0 0 0 0 0 0 0 0 0 0 0 0 0 0 0 0 0 0 0 0 0 0 0 0 0 0 0 0 0 0 0 0 0 0 0 0 0 0 0 0 0 0 0 0 0 0 0 0 0 0 0 0 0 0 0 0 0 0 0 0 0 0 0 0 0 0 0 0 0 0 0 0 0 0 0 0 0 0 0 0 0 0 0 0 0 0 0 0 0 0 0 0 0 0 0 0 0 0 0 0 0 0 0 0 0 0 0 0 0 0 0 48 181 167 165 163 161 158 155 153 151 147 144 142 141 139 137 135 134 133 132 132 131 133 133 134 135 135 136 136 136 136 135 136 136 137 137 137 136 135 141 136 84 16 0 0 0 0 0 0 0 0 0 0 0 0 0 0 0 0 0 0 0 0 0 0 0 0 0 0 0 0 0 0 0 0 0 0 0 0 0 0 0 0 0 0 0 0 0 0 0 0 0 0 0 0 0 0 0 0 0 0 0 0 0 0 0 0 0 0 0 0 0 0 0 0 0 0 0 0 0 0 0 0 0 0 0 0 0 0 0 0 0 0 0 0 0 0 0 0 0 0 0 0 0 0 0 0 0 0 0 0 0 0 0 0 0 0 0 0 0 0 0 0 0 0 0 0 0 0 0 0 0 0 0 0 0 0 0 0 0 0 0 0 0 0 0 0 0 0 0 0 0 0 0 0 0 0 0 0 0 0 0 0 0 0 0 0 0 0 0 0 0 0 0 0 0 0 0 0 0 0 0 0 0 0 0 0 0 0 0 0 0 0 0 0 0 0 0 0 0 0 0 0 0 0 0 0 0 0 0 0 0 0 0 0 0 0 0 0 0 0 0 0 0 0 0 0 0 0 0 0 0 0 0 0 0 0 0 0 0 0 0 0 0 0 0 0 0 0 0 0 0 0 0 0 0 0 0 0 0 0 0 0 0 0 0 0 0 0 0 0 0 0 0 0 0 0 0 0 0 0 0 0 0 0 0 0 0 0 0 0 0 0 0 0 0 0 0 0 0 0 0 0 0 0 0 0 0 0 0 0 0 0 0 0 0 0 0 0 0 0 0 0 0 0 0 0 0 0 0 0 0 0 0 0 0 0 0 0 0 0 0 0 0 0 0 0 0 0 0 0 0 0 0 0 0 0 0 0 0 0 0 0 0 0 0 0 0 0 0 0 0 0 0 0 
0 0 0 0 0 0 0 0 0 0 0 0 0 0 0 0 0 0 0 0 0 0 0 0 0 0 0 0 0 0 0 0 0 0 0 0 0 0 0 0 0 0 0 0 0 0 0 0 0 0 0 0 0 0 0 0 0 0 0 0 0 0 0 0 0 0 0 0 0 0 0 0 0 0 0 0 0 0 0 0 0 0 0 0 0 0 0 0 0 0 0 0 0 0 0 0 0 0 0 0 0 0 0 0 0 0 0 0 0 0 0 0 0 0 0 0 0 0 0 0 0 0 0 0 143 175 168 166 165 162 158 155 153 151 149 146 144 142 141 139 137 135 134 132 132 132 132 133 135 135 136 136 137 138 137 136 135 135 135 135 136 135 135 133 132 138 132 84 17 0 0 0 0 0 0 0 0 0 0 0 0 0 0 0 0 0 0 0 0 0 0 0 0 0 0 0 0 0 0 0 0 0 0 0 0 0 0 0 0 0 0 0 0 0 0 0 0 0 0 0 0 0 0 0 0 0 0 0 0 0 0 0 0 0 0 0 0 0 0 0 0 0 0 0 0 0 0 0 0 0 0 0 0 0 0 0 0 0 0 0 0 0 0 0 0 0 0 0 0 0 0 0 0 0 0 0 0 0 0 0 0 0 0 0 0 0 0 0 0 0 0 0 0 0 0 0 0 0 0 0 0 0 0 0 0 0 0 0 0 0 0 0 0 0 0 0 0 0 0 0 0 0 0 0 0 0 0 0 0 0 0 0 0 0 0 0 0 0 0 0 0 0 0 0 0 0 0 0 0 0 0 0 0 0 0 0 0 0 0 0 0 0 0 0 0 0 0 0 0 0 0 0 0 0 0 0 0 0 0 0 0 0 0 0 0 0 0 0 0 0 0 0 0 0 0 0 0 0 0 0 0 0 0 0 0 0 0 0 0 0 0 0 0 0 0 0 0 0 0 0 0 0 0 0 0 0 0 0 0 0 0 0 0 0 0 0 0 0 0 0 0 0 0 0 0 0 0 0 0 0 0 0 0 0 0 0 0 0 0 0 0 0 0 0 0 0 0 0 0 0 0 0 0 0 0 0 0 0 0 0 0 0 0 0 0 0 0 0 0 0 0 0 0 0 0 0 0 0 0 0 0 0 0 0 0 0 0 0 0 0 0 0 0 0 0 0 0 0 0 0 0 0 0 0 0 0 0 0 0 0 0 0 0 0 0 0 0 0 0 
0 0 0 0 0 0 0 0 0 0 0 0 0 0 0 0 0 0 0 0 0 0 0 0 0 0 0 0 0 0 0 0 0 0 0 0 0 0 0 0 0 0 0 0 0 0 0 0 0 0 0 0 0 0 0 0 0 0 0 0 0 0 0 0 0 0 0 0 0 0 0 0 0 0 0 0 0 0 0 0 0 0 0 0 0 0 0 0 0 0 0 0 0 0 0 0 0 0 0 0 0 0 0 0 0 0 0 0 0 0 0 0 0 0 0 0 0 0 0 0 0 0 0 47 184 173 170 169 166 163 160 157 155 153 151 147 145 144 143 140 137 136 135 133 133 133 131 133 134 136 137 137 137 138 138 137 135 136 135 134 135 136 136 133 130 127 124 129 130 90 21 0 0 0 0 0 0 0 0 0 0 0 0 0 0 0 0 0 0 0 0 0 0 0 0 0 0 0 0 0 0 0 0 0 0 0 0 0 0 0 0 0 0 0 0 0 0 0 0 0 0 0 0 0 0 0 0 0 0 0 0 0 0 0 0 0 0 0 0 0 0 0 0 0 0 0 0 0 0 0 0 0 0 0 0 0 0 0 0 0 0 0 0 0 0 0 0 0 0 0 0 0 0 0 0 0 0 0 0 0 0 0 0 0 0 0 0 0 0 0 0 0 0 0 0 0 0 0 0 0 0 0 0 0 0 0 0 0 0 0 0 0 0 0 0 0 0 0 0 0 0 0 0 0 0 0 0 0 0 0 0 0 0 0 0 0 0 0 0 0 0 0 0 0 0 0 0 0 0 0 0 0 0 0 0 0 0 0 0 0 0 0 0 0 0 0 0 0 0 0 0 0 0 0 0 0 0 0 0 0 0 0 0 0 0 0 0 0 0 0 0 0 0 0 0 0 0 0 0 0 0 0 0 0 0 0 0 0 0 0 0 0 0 0 0 0 0 0 0 0 0 0 0 0 0 0 0 0 0 0 0 0 0 0 0 0 0 0 0 0 0 0 0 0 0 0 0 0 0 0 0 0 0 0 0 0 0 0 0 0 0 0 0 0 0 0 0 0 0 0 0 0 0 0 0 0 0 0 0 0 0 0 0 0 0 0 0 0 0 0 0 0 0 0 0 0 0 0 0 0 0 0 0 0 0 0 0 0 0 0 0 0 0 0 0 0 0 0 0 0 0 0 0 0 0 0 0 0 0 0 0 0 0 0 0 0 0 0 0 
0 0 0 0 0 0 0 0 0 0 0 0 0 0 0 0 0 0 0 0 0 0 0 0 0 0 0 0 0 0 0 0 0 0 0 0 0 0 0 0 0 0 0 0 0 0 0 0 0 0 0 0 0 0 0 0 0 0 0 0 0 0 0 0 0 0 0 0 0 0 0 0 0 0 0 0 0 0 0 0 0 0 0 0 0 0 0 0 0 0 0 0 0 0 0 0 0 0 0 0 0 0 0 0 0 0 0 0 0 0 0 0 0 0 0 0 0 0 0 0 0 0 0 139 181 174 172 171 168 164 161 159 157 155 152 150 148 145 143 141 140 138 136 135 134 133 132 133 135 136 135 135 135 137 137 137 136 136 135 133 134 136 136 134 130 124 120 119 124 139 144 98 26 0 0 0 0 0 0 0 0 0 0 0 0 0 0 0 0 0 0 0 0 0 0 0 0 0 0 0 0 0 0 0 0 0 0 0 0 0 0 0 0 0 0 0 0 0 0 0 0 0 0 0 0 0 0 0 0 0 0 0 0 0 0 0 0 0 0 0 0 0 0 0 0 0 0 0 0 0 0 0 0 0 0 0 0 0 0 0 0 0 0 0 0 0 0 0 0 0 0 0 0 0 0 0 0 0 0 0 0 0 0 0 0 0 0 0 0 0 0 0 0 0 0 0 0 0 0 0 0 0 0 0 0 0 0 0 0 0 0 0 0 0 0 0 0 0 0 0 0 0 0 0 0 0 0 0 0 0 0 0 0 0 0 0 0 0 0 0 0 0 0 0 0 0 0 0 0 0 0 0 0 0 0 0 0 0 0 0 0 0 0 0 0 0 0 0 0 0 0 0 0 0 0 0 0 0 0 0 0 0 0 0 0 0 0 0 0 0 0 0 0 0 0 0 0 0 0 0 0 0 0 0 0 0 0 0 0 0 0 0 0 0 0 0 0 0 0 0 0 0 0 0 0 0 0 0 0 0 0 0 0 0 0 0 0 0 0 0 0 0 0 0 0 0 0 0 0 0 0 0 0 0 0 0 0 0 0 0 0 0 0 0 0 0 0 0 0 0 0 0 0 0 0 0 0 0 0 0 0 0 0 0 0 0 0 0 0 0 0 0 0 0 0 0 0 0 0 0 0 0 0 0 0 0 0 0 0 0 0 0 0 0 0 0 0 0 0 0 0 0 0 0 0 0 0 0 0 0 0 0 0 0 0 0 0 0 0 
0 0 0 0 0 0 0 0 0 0 0 0 0 0 0 0 0 0 0 0 0 0 0 0 0 0 0 0 0 0 0 0 0 0 0 0 0 0 0 0 0 0 0 0 0 0 0 0 0 0 0 0 0 0 0 0 0 0 0 0 0 0 0 0 0 0 0 0 0 0 0 0 0 0 0 0 0 0 0 0 0 0 0 0 0 0 0 0 0 0 0 0 0 0 0 0 0 0 0 0 0 0 0 0 0 0 0 0 0 0 0 0 0 0 0 0 0 0 0 0 0 0 44 185 176 175 174 172 170 165 163 161 159 156 153 151 150 147 145 143 142 139 137 136 134 132 132 133 133 135 136 136 136 136 136 136 137 137 134 133 133 134 135 135 131 125 120 119 126 133 138 146 144 97 27 0 0 0 0 0 0 0 0 0 0 0 0 0 0 0 0 0 0 0 0 0 0 0 0 0 0 0 0 0 0 0 0 0 0 0 0 0 0 0 0 0 0 0 0 0 0 0 0 0 0 0 0 0 0 0 0 0 0 0 0 0 0 0 0 0 0 0 0 0 0 0 0 0 0 0 0 0 0 0 0 0 0 0 0 0 0 0 0 0 0 0 0 0 0 0 0 0 0 0 0 0 0 0 0 0 0 0 0 0 0 0 0 0 0 0 0 0 0 0 0 0 0 0 0 0 0 0 0 0 0 0 0 0 0 0 0 0 0 0 0 0 0 0 0 0 0 0 0 0 0 0 0 0 0 0 0 0 0 0 0 0 0 0 0 0 0 0 0 0 0 0 0 0 0 0 0 0 0 0 0 0 0 0 0 0 0 0 0 0 0 0 0 0 0 0 0 0 0 0 0 0 0 0 0 0 0 0 0 0 0 0 0 0 0 0 0 0 0 0 0 0 0 0 0 0 0 0 0 0 0 0 0 0 0 0 0 0 0 0 0 0 0 0 0 0 0 0 0 0 0 0 0 0 0 0 0 0 0 0 0 0 0 0 0 0 0 0 0 0 0 0 0 0 0 0 0 0 0 0 0 0 0 0 0 0 0 0 0 0 0 0 0 0 0 0 0 0 0 0 0 0 0 0 0 0 0 0 0 0 0 0 0 0 0 0 0 0 0 0 0 0 0 0 0 0 0 0 0 0 0 0 0 0 0 0 0 0 0 0 0 0 0 0 0 0 0 0 0 0 0 0 0 0 0 0 0 0 0 0 0 0 0 0 0 
0 0 0 0 0 0 0 0 0 0 0 0 0 0 0 0 0 0 0 0 0 0 0 0 0 0 0 0 0 0 0 0 0 0 0 0 0 0 0 0 0 0 0 0 0 0 0 0 0 0 0 0 0 0 0 0 0 0 0 0 0 0 0 0 0 0 0 0 0 0 0 0 0 0 0 0 0 0 0 0 0 0 0 0 0 0 0 0 0 0 0 0 0 0 0 0 0 0 0 0 0 0 0 0 0 0 0 0 0 0 0 0 0 0 0 0 0 0 0 0 0 0 135 183 176 175 174 172 170 166 164 162 160 158 156 153 151 149 148 145 143 141 139 137 135 133 132 133 133 133 135 137 137 136 135 136 137 137 134 132 131 130 133 135 132 127 122 120 126 131 134 136 135 135 132 95 28 0 0 0 0 0 0 0 0 0 0 0 0 0 0 0 0 0 0 0 0 0 0 0 0 0 0 0 0 0 0 0 0 0 0 0 0 0 0 0 0 0 0 0 0 0 0 0 0 0 0 0 0 0 0 0 0 0 0 0 0 0 0 0 0 0 0 0 0 0 0 0 0 0 0 0 0 0 0 0 0 0 0 0 0 0 0 0 0 0 0 0 0 0 0 0 0 0 0 0 0 0 0 0 0 0 0 0 0 0 0 0 0 0 0 0 0 0 0 0 0 0 0 0 0 0 0 0 0 0 0 0 0 0 0 0 0 0 0 0 0 0 0 0 0 0 0 0 0 0 0 0 0 0 0 0 0 0 0 0 0 0 0 0 0 0 0 0 0 0 0 0 0 0 0 0 0 0 0 0 0 0 0 0 0 0 0 0 0 0 0 0 0 0 0 0 0 0 0 0 0 0 0 0 0 0 0 0 0 0 0 0 0 0 0 0 0 0 0 0 0 0 0 0 0 0 0 0 0 0 0 0 0 0 0 0 0 0 0 0 0 0 0 0 0 0 0 0 0 0 0 0 0 0 0 0 0 0 0 0 0 0 0 0 0 0 0 0 0 0 0 0 0 0 0 0 0 0 0 0 0 0 0 0 0 0 0 0 0 0 0 0 0 0 0 0 0 0 0 0 0 0 0 0 0 0 0 0 0 0 0 0 0 0 0 0 0 0 0 0 0 0 0 0 0 0 0 0 0 0 0 0 0 0 0 0 0 0 0 0 0 0 0 0 0 0 0 0 0 0 0 0 0 0 0 0 0 0 0 0 0 0 0 
0 0 0 0 0 0 0 0 0 0 0 0 0 0 0 0 0 0 0 0 0 0 0 0 0 0 0 0 0 0 0 0 0 0 0 0 0 0 0 0 0 0 0 0 0 0 0 0 0 0 0 0 0 0 0 0 0 0 0 0 0 0 0 0 0 0 0 0 0 0 0 0 0 0 0 0 0 0 0 0 0 0 0 0 0 0 0 0 0 0 0 0 0 0 0 0 0 0 0 0 0 0 0 0 0 0 0 0 0 0 0 0 0 0 0 0 0 0 0 0 0 38 186 177 177 176 174 172 169 167 165 163 161 159 157 155 152 150 148 146 144 142 141 138 137 134 133 133 132 132 134 136 136 137 137 136 136 135 133 131 128 125 127 131 130 126 120 118 123 129 132 133 130 125 122 126 129 96 29 0 0 0 0 0 0 0 0 0 0 0 0 0 0 0 0 0 0 0 0 0 0 0 0 0 0 0 0 0 0 0 0 0 0 0 0 0 0 0 0 0 0 0 0 0 0 0 0 0 0 0 0 0 0 0 0 0 0 0 0 0 0 0 0 0 0 0 0 0 0 0 0 0 0 0 0 0 0 0 0 0 0 0 0 0 0 0 0 0 0 0 0 0 0 0 0 0 0 0 0 0 0 0 0 0 0 0 0 0 0 0 0 0 0 0 0 0 0 0 0 0 0 0 0 0 0 0 0 0 0 0 0 0 0 0 0 0 0 0 0 0 0 0 0 0 0 0 0 0 0 0 0 0 0 0 0 0 0 0 0 0 0 0 0 0 0 0 0 0 0 0 0 0 0 0 0 0 0 0 0 0 0 0 0 0 0 0 0 0 0 0 0 0 0 0 0 0 0 0 0 0 0 0 0 0 0 0 0 0 0 0 0 0 0 0 0 0 0 0 0 0 0 0 0 0 0 0 0 0 0 0 0 0 0 0 0 0 0 0 0 0 0 0 0 0 0 0 0 0 0 0 0 0 0 0 0 0 0 0 0 0 0 0 0 0 0 0 0 0 0 0 0 0 0 0 0 0 0 0 0 0 0 0 0 0 0 0 0 0 0 0 0 0 0 0 0 0 0 0 0 0 0 0 0 0 0 0 0 0 0 0 0 0 0 0 0 0 0 0 0 0 0 0 0 0 0 0 0 0 0 0 0 0 0 0 0 0 0 0 0 0 0 0 0 0 0 0 0 0 0 0 0 0 0 0 0 0 0 0 0 
0 0 0 0 0 0 0 0 0 0 0 0 0 0 0 0 0 0 0 0 0 0 0 0 0 0 0 0 0 0 0 0 0 0 0 0 0 0 0 0 0 0 0 0 0 0 0 0 0 0 0 0 0 0 0 0 0 0 0 0 0 0 0 0 0 0 0 0 0 0 0 0 0 0 0 0 0 0 0 0 0 0 0 0 0 0 0 0 0 0 0 0 0 0 0 0 0 0 0 0 0 0 0 0 0 0 0 0 0 0 0 0 0 0 0 0 0 0 0 0 0 129 183 177 177 176 175 173 170 168 166 164 162 160 158 156 154 152 149 147 144 143 141 140 138 135 135 133 132 133 135 135 135 137 138 137 136 134 133 131 127 123 121 122 122 119 115 116 123 128 131 132 128 123 119 116 117 120 124 92 31 0 0 0 0 0 0 0 0 0 0 0 0 0 0 0 0 0 0 0 0 0 0 0 0 0 0 0 0 0 0 0 0 0 0 0 0 0 0 0 0 0 0 0 0 0 0 0 0 0 0 0 0 0 0 0 0 0 0 0 0 0 0 0 0 0 0 0 0 0 0 0 0 0 0 0 0 0 0 0 0 0 0 0 0 0 0 0 0 0 0 0 0 0 0 0 0 0 0 0 0 0 0 0 0 0 0 0 0 0 0 0 0 0 0 0 0 0 0 0 0 0 0 0 0 0 0 0 0 0 0 0 0 0 0 0 0 0 0 0 0 0 0 0 0 0 0 0 0 0 0 0 0 0 0 0 0 0 0 0 0 0 0 0 0 0 0 0 0 0 0 0 0 0 0 0 0 0 0 0 0 0 0 0 0 0 0 0 0 0 0 0 0 0 0 0 0 0 0 0 0 0 0 0 0 0 0 0 0 0 0 0 0 0 0 0 0 0 0 0 0 0 0 0 0 0 0 0 0 0 0 0 0 0 0 0 0 0 0 0 0 0 0 0 0 0 0 0 0 0 0 0 0 0 0 0 0 0 0 0 0 0 0 0 0 0 0 0 0 0 0 0 0 0 0 0 0 0 0 0 0 0 0 0 0 0 0 0 0 0 0 0 0 0 0 0 0 0 0 0 0 0 0 0 0 0 0 0 0 0 0 0 0 0 0 0 0 0 0 0 0 0 0 0 0 0 0 0 0 0 0 0 0 0 0 0 0 0 0 0 0 0 0 0 0 0 0 0 0 0 0 0 0 0 0 0 0 0 0 
0 0 0 0 0 0 0 0 0 0 0 0 0 0 0 0 0 0 0 0 0 0 0 0 0 0 0 0 0 0 0 0 0 0 0 0 0 0 0 0 0 0 0 0 0 0 0 0 0 0 0 0 0 0 0 0 0 0 0 0 0 0 0 0 0 0 0 0 0 0 0 0 0 0 0 0 0 0 0 0 0 0 0 0 0 0 0 0 0 0 0 0 0 0 0 0 0 0 0 0 0 0 0 0 0 0 0 0 0 0 0 0 0 0 0 0 0 0 0 0 32 184 175 176 177 177 176 174 172 171 169 165 164 162 159 157 156 154 152 148 146 145 143 141 139 137 136 135 133 134 135 135 135 136 137 137 136 135 133 130 127 122 117 115 113 109 109 114 122 128 131 132 128 123 114 112 110 110 112 116 120 91 33 0 0 0 0 0 0 0 0 0 0 0 0 0 0 0 0 0 0 0 0 0 0 0 0 0 0 0 0 0 0 0 0 0 0 0 0 0 0 0 0 0 0 0 0 0 0 0 0 0 0 0 0 0 0 0 0 0 0 0 0 0 0 0 0 0 0 0 0 0 0 0 0 0 0 0 0 0 0 0 0 0 0 0 0 0 0 0 0 0 0 0 0 0 0 0 0 0 0 0 0 0 0 0 0 0 0 0 0 0 0 0 0 0 0 0 0 0 0 0 0 0 0 0 0 0 0 0 0 0 0 0 0 0 0 0 0 0 0 0 0 0 0 0 0 0 0 0 0 0 0 0 0 0 0 0 0 0 0 0 0 0 0 0 0 0 0 0 0 0 0 0 0 0 0 0 0 0 0 0 0 0 0 0 0 0 0 0 0 0 0 0 0 0 0 0 0 0 0 0 0 0 0 0 0 0 0 0 0 0 0 0 0 0 0 0 0 0 0 0 0 0 0 0 0 0 0 0 0 0 0 0 0 0 0 0 0 0 0 0 0 0 0 0 0 0 0 0 0 0 0 0 0 0 0 0 0 0 0 0 0 0 0 0 0 0 0 0 0 0 0 0 0 0 0 0 0 0 0 0 0 0 0 0 0 0 0 0 0 0 0 0 0 0 0 0 0 0 0 0 0 0 0 0 0 0 0 0 0 0 0 0 0 0 0 0 0 0 0 0 0 0 0 0 0 0 0 0 0 0 0 0 0 0 0 0 0 0 0 0 0 0 0 0 0 0 0 0 0 0 0 0 0 0 0 0 0 
0 0 0 0 0 0 0 0 0 0 0 0 0 0 0 0 0 0 0 0 0 0 0 0 0 0 0 0 0 0 0 0 0 0 0 0 0 0 0 0 0 0 0 0 0 0 0 0 0 0 0 0 0 0 0 0 0 0 0 0 0 0 0 0 0 0 0 0 0 0 0 0 0 0 0 0 0 0 0 0 0 0 0 0 0 0 0 0 0 0 0 0 0 0 0 0 0 0 0 0 0 0 0 0 0 0 0 0 0 0 0 0 0 0 0 0 0 0 0 0 126 180 175 175 177 177 176 174 172 172 170 167 165 164 160 158 157 155 152 150 147 147 144 141 139 137 135 135 134 133 135 135 135 136 137 137 135 135 132 129 126 122 116 110 105 101 104 114 123 128 130 131 127 121 114 110 105 105 108 114 114 114 113 89 34 0 0 0 0 0 0 0 0 0 0 0 0 0 0 0 0 0 0 0 0 0 0 0 0 0 0 0 0 0 0 0 0 0 0 0 0 0 0 0 0 0 0 0 0 0 0 0 0 0 0 0 0 0 0 0 0 0 0 0 0 0 0 0 0 0 0 0 0 0 0 0 0 0 0 0 0 0 0 0 0 0 0 0 0 0 0 0 0 0 0 0 0 0 0 0 0 0 0 0 0 0 0 0 0 0 0 0 0 0 0 0 0 0 0 0 0 0 0 0 0 0 0 0 0 0 0 0 0 0 0 0 0 0 0 0 0 0 0 0 0 0 0 0 0 0 0 0 0 0 0 0 0 0 0 0 0 0 0 0 0 0 0 0 0 0 0 0 0 0 0 0 0 0 0 0 0 0 0 0 0 0 0 0 0 0 0 0 0 0 0 0 0 0 0 0 0 0 0 0 0 0 0 0 0 0 0 0 0 0 0 0 0 0 0 0 0 0 0 0 0 0 0 0 0 0 0 0 0 0 0 0 0 0 0 0 0 0 0 0 0 0 0 0 0 0 0 0 0 0 0 0 0 0 0 0 0 0 0 0 0 0 0 0 0 0 0 0 0 0 0 0 0 0 0 0 0 0 0 0 0 0 0 0 0 0 0 0 0 0 0 0 0 0 0 0 0 0 0 0 0 0 0 0 0 0 0 0 0 0 0 0 0 0 0 0 0 0 0 0 0 0 0 0 0 0 0 0 0 0 0 0 0 0 0 0 0 0 0 0 0 0 0 0 0 0 0 0 0 0 0 0 0 0 0 
0 0 0 0 0 0 0 0 0 0 0 0 0 0 0 0 0 0 0 0 0 0 0 0 0 0 0 0 0 0 0 0 0 0 0 0 0 0 0 0 0 0 0 0 0 0 0 0 0 0 0 0 0 0 0 0 0 0 0 0 0 0 0 0 0 0 0 0 0 0 0 0 0 0 0 0 0 0 0 0 0 0 0 0 0 0 0 0 0 0 0 0 0 0 0 0 0 0 0 0 0 0 0 0 0 0 0 0 0 0 0 0 0 0 0 0 0 0 0 29 177 173 174 176 176 177 177 175 173 173 170 168 168 165 162 160 158 156 154 152 149 147 144 142 140 139 137 135 134 134 134 135 135 135 136 136 135 134 132 127 123 119 111 104 98 97 105 115 124 130 129 129 125 119 114 109 106 105 108 114 116 112 105 107 110 88 35 0 0 0 0 0 0 0 0 0 0 0 0 0 0 0 0 0 0 0 0 0 0 0 0 0 0 0 0 0 0 0 0 0 0 0 0 0 0 0 0 0 0 0 0 0 0 0 0 0 0 0 0 0 0 0 0 0 0 0 0 0 0 0 0 0 0 0 0 0 0 0 0 0 0 0 0 0 0 0 0 0 0 0 0 0 0 0 0 0 0 0 0 0 0 0 0 0 0 0 0 0 0 0 0 0 0 0 0 0 0 0 0 0 0 0 0 0 0 0 0 0 0 0 0 0 0 0 0 0 0 0 0 0 0 0 0 0 0 0 0 0 0 0 0 0 0 0 0 0 0 0 0 0 0 0 0 0 0 0 0 0 0 0 0 0 0 0 0 0 0 0 0 0 0 0 0 0 0 0 0 0 0 0 0 0 0 0 0 0 0 0 0 0 0 0 0 0 0 0 0 0 0 0 0 0 0 0 0 0 0 0 0 0 0 0 0 0 0 0 0 0 0 0 0 0 0 0 0 0 0 0 0 0 0 0 0 0 0 0 0 0 0 0 0 0 0 0 0 0 0 0 0 0 0 0 0 0 0 0 0 0 0 0 0 0 0 0 0 0 0 0 0 0 0 0 0 0 0 0 0 0 0 0 0 0 0 0 0 0 0 0 0 0 0 0 0 0 0 0 0 0 0 0 0 0 0 0 0 0 0 0 0 0 0 0 0 0 0 0 0 0 0 0 0 0 0 0 0 0 0 0 0 0 0 0 0 0 0 0 0 0 0 0 0 0 0 0 0 0 0 0 0 
0 0 0 0 0 0 0 0 0 0 0 0 0 0 0 0 0 0 0 0 0 0 0 0 0 0 0 0 0 0 0 0 0 0 0 0 0 0 0 0 0 0 0 0 0 0 0 0 0 0 0 0 0 0 0 0 0 0 0 0 0 0 0 0 0 0 0 0 0 0 0 0 0 0 0 0 0 0 0 0 0 0 0 0 0 0 0 0 0 0 0 0 0 0 0 0 0 0 0 0 0 0 0 0 0 0 0 0 0 0 0 0 0 0 0 0 0 0 0 119 177 171 173 174 176 177 177 175 175 174 172 169 168 166 164 161 160 158 156 154 151 148 146 144 142 140 137 136 135 134 133 134 135 135 136 137 135 133 132 127 121 113 104 98 91 93 105 117 123 128 128 128 124 117 111 106 103 103 105 108 108 109 107 107 104 101 109 94 42 0 0 0 0 0 0 0 0 0 0 0 0 0 0 0 0 0 0 0 0 0 0 0 0 0 0 0 0 0 0 0 0 0 0 0 0 0 0 0 0 0 0 0 0 0 0 0 0 0 0 0 0 0 0 0 0 0 0 0 0 0 0 0 0 0 0 0 0 0 0 0 0 0 0 0 0 0 0 0 0 0 0 0 0 0 0 0 0 0 0 0 0 0 0 0 0 0 0 0 0 0 0 0 0 0 0 0 0 0 0 0 0 0 0 0 0 0 0 0 0 0 0 0 0 0 0 0 0 0 0 0 0 0 0 0 0 0 0 0 0 0 0 0 0 0 0 0 0 0 0 0 0 0 0 0 0 0 0 0 0 0 0 0 0 0 0 0 0 0 0 0 0 0 0 0 0 0 0 0 0 0 0 0 0 0 0 0 0 0 0 0 0 0 0 0 0 0 0 0 0 0 0 0 0 0 0 0 0 0 0 0 0 0 0 0 0 0 0 0 0 0 0 0 0 0 0 0 0 0 0 0 0 0 0 0 0 0 0 0 0 0 0 0 0 0 0 0 0 0 0 0 0 0 0 0 0 0 0 0 0 0 0 0 0 0 0 0 0 0 0 0 0 0 0 0 0 0 0 0 0 0 0 0 0 0 0 0 0 0 0 0 0 0 0 0 0 0 0 0 0 0 0 0 0 0 0 0 0 0 0 0 0 0 0 0 0 0 0 0 0 0 0 0 0 0 0 0 0 0 0 0 0 0 0 0 0 0 0 0 0 0 0 0 0 0 0 0 0 0 0 
0 0 0 0 0 0 0 0 0 0 0 0 0 0 0 0 0 0 0 0 0 0 0 0 0 0 0 0 0 0 0 0 0 0 0 0 0 0 0 0 0 0 0 0 0 0 0 0 0 0 0 0 0 0 0 0 0 0 0 0 0 0 0 0 0 0 0 0 0 0 0 0 0 0 0 0 0 0 0 0 0 0 0 0 0 0 0 0 0 0 0 0 0 0 0 0 0 0 0 0 0 0 0 0 0 0 0 0 0 0 0 0 0 0 0 0 0 0 26 174 170 171 173 174 176 177 177 176 175 175 173 172 170 167 164 163 161 159 157 156 153 149 148 146 144 141 138 137 136 135 134 133 135 135 135 136 135 132 130 128 120 109 98 87 84 92 106 116 121 126 126 125 124 119 110 102 98 98 100 101 101 107 108 107 104 101 103 107 115 93 40 0 0 0 0 0 0 0 0 0 0 0 0 0 0 0 0 0 0 0 0 0 0 0 0 0 0 0 0 0 0 0 0 0 0 0 0 0 0 0 0 0 0 0 0 0 0 0 0 0 0 0 0 0 0 0 0 0 0 0 0 0 0 0 0 0 0 0 0 0 0 0 0 0 0 0 0 0 0 0 0 0 0 0 0 0 0 0 0 0 0 0 0 0 0 0 0 0 0 0 0 0 0 0 0 0 0 0 0 0 0 0 0 0 0 0 0 0 0 0 0 0 0 0 0 0 0 0 0 0 0 0 0 0 0 0 0 0 0 0 0 0 0 0 0 0 0 0 0 0 0 0 0 0 0 0 0 0 0 0 0 0 0 0 0 0 0 0 0 0 0 0 0 0 0 0 0 0 0 0 0 0 0 0 0 0 0 0 0 0 0 0 0 0 0 0 0 0 0 0 0 0 0 0 0 0 0 0 0 0 0 0 0 0 0 0 0 0 0 0 0 0 0 0 0 0 0 0 0 0 0 0 0 0 0 0 0 0 0 0 0 0 0 0 0 0 0 0 0 0 0 0 0 0 0 0 0 0 0 0 0 0 0 0 0 0 0 0 0 0 0 0 0 0 0 0 0 0 0 0 0 0 0 0 0 0 0 0 0 0 0 0 0 0 0 0 0 0 0 0 0 0 0 0 0 0 0 0 0 0 0 0 0 0 0 0 0 0 0 0 0 0 0 0 0 0 0 0 0 0 0 0 0 0 0 0 0 0 0 0 0 0 0 0 0 0 0 0 0 
0 0 0 0 0 0 0 0 0 0 0 0 0 0 0 0 0 0 0 0 0 0 0 0 0 0 0 0 0 0 0 0 0 0 0 0 0 0 0 0 0 0 0 0 0 0 0 0 0 0 0 0 0 0 0 0 0 0 0 0 0 0 0 0 0 0 0 0 0 0 0 0 0 0 0 0 0 0 0 0 0 0 0 0 0 0 0 0 0 0 0 0 0 0 0 0 0 0 0 0 0 0 0 0 0 0 0 0 0 0 0 0 0 0 0 0 0 0 112 178 170 171 172 174 176 176 176 176 175 173 173 172 170 168 165 163 162 159 157 155 153 150 148 147 145 142 139 136 135 135 134 133 134 134 133 135 133 130 129 126 118 104 90 79 80 93 106 114 118 121 122 123 124 121 111 100 93 96 100 102 102 104 105 106 102 96 100 102 103 100 101 88 41 1 0 0 0 0 0 0 0 0 0 0 0 0 0 0 0 0 0 0 0 0 0 0 0 0 0 0 0 0 0 0 0 0 0 0 0 0 0 0 0 0 0 0 0 0 0 0 0 0 0 0 0 0 0 0 0 0 0 0 0 0 0 0 0 0 0 0 0 0 0 0 0 0 0 0 0 0 0 0 0 0 0 0 0 0 0 0 0 0 0 0 0 0 0 0 0 0 0 0 0 0 0 0 0 0 0 0 0 0 0 0 0 0 0 0 0 0 0 0 0 0 0 0 0 0 0 0 0 0 0 0 0 0 0 0 0 0 0 0 0 0 0 0 0 0 0 0 0 0 0 0 0 0 0 0 0 0 0 0 0 0 0 0 0 0 0 0 0 0 0 0 0 0 0 0 0 0 0 0 0 0 0 0 0 0 0 0 0 0 0 0 0 0 0 0 0 0 0 0 0 0 0 0 0 0 0 0 0 0 0 0 0 0 0 0 0 0 0 0 0 0 0 0 0 0 0 0 0 0 0 0 0 0 0 0 0 0 0 0 0 0 0 0 0 0 0 0 0 0 0 0 0 0 0 0 0 0 0 0 0 0 0 0 0 0 0 0 0 0 0 0 0 0 0 0 0 0 0 0 0 0 0 0 0 0 0 0 0 0 0 0 0 0 0 0 0 0 0 0 0 0 0 0 0 0 0 0 0 0 0 0 0 0 0 0 0 0 0 0 0 0 0 0 0 0 0 0 0 0 0 0 0 0 0 0 0 0 0 0 0 0 0 0 0 0 0 
0 0 0 0 0 0 0 0 0 0 0 0 0 0 0 0 0 0 0 0 0 0 0 0 0 0 0 0 0 0 0 0 0 0 0 0 0 0 0 0 0 0 0 0 0 0 0 0 0 0 0 0 0 0 0 0 0 0 0 0 0 0 0 0 0 0 0 0 0 0 0 0 0 0 0 0 0 0 0 0 0 0 0 0 0 0 0 0 0 0 0 0 0 0 0 0 0 0 0 0 0 0 0 0 0 0 0 0 0 0 0 0 0 0 0 0 0 22 174 170 170 170 171 172 174 175 175 175 175 173 172 170 169 167 165 163 161 159 157 156 154 152 150 148 146 143 141 137 136 135 135 134 133 134 133 133 131 128 126 121 111 97 81 77 83 95 106 111 114 118 121 121 121 119 113 103 96 100 102 102 103 103 105 104 97 92 97 101 101 95 92 93 101 93 46 2 0 0 0 0 0 0 0 0 0 0 0 0 0 0 0 0 0 0 0 0 0 0 0 0 0 0 0 0 0 0 0 0 0 0 0 0 0 0 0 0 0 0 0 0 0 0 0 0 0 0 0 0 0 0 0 0 0 0 0 0 0 0 0 0 0 0 0 0 0 0 0 0 0 0 0 0 0 0 0 0 0 0 0 0 0 0 0 0 0 0 0 0 0 0 0 0 0 0 0 0 0 0 0 0 0 0 0 0 0 0 0 0 0 0 0 0 0 0 0 0 0 0 0 0 0 0 0 0 0 0 0 0 0 0 0 0 0 0 0 0 0 0 0 0 0 0 0 0 0 0 0 0 0 0 0 0 0 0 0 0 0 0 0 0 0 0 0 0 0 0 0 0 0 0 0 0 0 0 0 0 0 0 0 0 0 0 0 0 0 0 0 0 0 0 0 0 0 0 0 0 0 0 0 0 0 0 0 0 0 0 0 0 0 0 0 0 0 0 0 0 0 0 0 0 0 0 0 0 0 0 0 0 0 0 0 0 0 0 0 0 0 0 0 0 0 0 0 0 0 0 0 0 0 0 0 0 0 0 0 0 0 0 0 0 0 0 0 0 0 0 0 0 0 0 0 0 0 0 0 0 0 0 0 0 0 0 0 0 0 0 0 0 0 0 0 0 0 0 0 0 0 0 0 0 0 0 0 0 0 0 0 0 0 0 0 0 0 0 0 0 0 0 0 0 0 0 0 0 0 0 0 0 0 0 0 0 0 0 0 0 0 0 0 
0 0 0 0 0 0 0 0 0 0 0 0 0 0 0 0 0 0 0 0 0 0 0 0 0 0 0 0 0 0 0 0 0 0 0 0 0 0 0 0 0 0 0 0 0 0 0 0 0 0 0 0 0 0 0 0 0 0 0 0 0 0 0 0 0 0 0 0 0 0 0 0 0 0 0 0 0 0 0 0 0 0 0 0 0 0 0 0 0 0 0 0 0 0 0 0 0 0 0 0 0 0 0 0 0 0 0 0 0 0 0 0 0 0 0 0 0 108 179 170 170 170 170 170 171 173 173 173 173 172 171 170 169 167 166 164 161 160 158 156 155 153 151 148 147 145 142 139 136 134 135 133 132 132 132 131 129 124 119 112 101 88 76 79 87 99 107 110 112 116 117 116 115 114 110 101 97 98 99 98 100 104 107 104 94 90 94 100 98 93 90 92 97 102 107 96 49 4 0 0 0 0 0 0 0 0 0 0 0 0 0 0 0 0 0 0 0 0 0 0 0 0 0 0 0 0 0 0 0 0 0 0 0 0 0 0 0 0 0 0 0 0 0 0 0 0 0 0 0 0 0 0 0 0 0 0 0 0 0 0 0 0 0 0 0 0 0 0 0 0 0 0 0 0 0 0 0 0 0 0 0 0 0 0 0 0 0 0 0 0 0 0 0 0 0 0 0 0 0 0 0 0 0 0 0 0 0 0 0 0 0 0 0 0 0 0 0 0 0 0 0 0 0 0 0 0 0 0 0 0 0 0 0 0 0 0 0 0 0 0 0 0 0 0 0 0 0 0 0 0 0 0 0 0 0 0 0 0 0 0 0 0 0 0 0 0 0 0 0 0 0 0 0 0 0 0 0 0 0 0 0 0 0 0 0 0 0 0 0 0 0 0 0 0 0 0 0 0 0 0 0 0 0 0 0 0 0 0 0 0 0 0 0 0 0 0 0 0 0 0 0 0 0 0 0 0 0 0 0 0 0 0 0 0 0 0 0 0 0 0 0 0 0 0 0 0 0 0 0 0 0 0 0 0 0 0 0 0 0 0 0 0 0 0 0 0 0 0 0 0 0 0 0 0 0 0 0 0 0 0 0 0 0 0 0 0 0 0 0 0 0 0 0 0 0 0 0 0 0 0 0 0 0 0 0 0 0 0 0 0 0 0 0 0 0 0 0 0 0 0 0 0 0 0 0 0 0 0 0 0 0 0 0 0 0 0 0 0 0 
0 0 0 0 0 0 0 0 0 0 0 0 0 0 0 0 0 0 0 0 0 0 0 0 0 0 0 0 0 0 0 0 0 0 0 0 0 0 0 0 0 0 0 0 0 0 0 0 0 0 0 0 0 0 0 0 0 0 0 0 0 0 0 0 0 0 0 0 0 0 0 0 0 0 0 0 0 0 0 0 0 0 0 0 0 0 0 0 0 0 0 0 0 0 0 0 0 0 0 0 0 0 0 0 0 0 0 0 0 0 0 0 0 0 0 0 18 175 170 169 169 168 168 168 169 171 171 172 172 172 171 170 169 168 166 164 162 160 159 157 155 153 151 149 147 146 144 141 136 133 133 132 131 130 129 128 125 118 112 103 93 81 77 82 90 101 109 111 113 115 115 113 109 108 105 99 95 92 93 95 102 106 107 102 92 89 94 99 94 91 90 95 99 101 101 101 107 99 51 4 0 0 0 0 0 0 0 0 0 0 0 0 0 0 0 0 0 0 0 0 0 0 0 0 0 0 0 0 0 0 0 0 0 0 0 0 0 0 0 0 0 0 0 0 0 0 0 0 0 0 0 0 0 0 0 0 0 0 0 0 0 0 0 0 0 0 0 0 0 0 0 0 0 0 0 0 0 0 0 0 0 0 0 0 0 0 0 0 0 0 0 0 0 0 0 0 0 0 0 0 0 0 0 0 0 0 0 0 0 0 0 0 0 0 0 0 0 0 0 0 0 0 0 0 0 0 0 0 0 0 0 0 0 0 0 0 0 0 0 0 0 0 0 0 0 0 0 0 0 0 0 0 0 0 0 0 0 0 0 0 0 0 0 0 0 0 0 0 0 0 0 0 0 0 0 0 0 0 0 0 0 0 0 0 0 0 0 0 0 0 0 0 0 0 0 0 0 0 0 0 0 0 0 0 0 0 0 0 0 0 0 0 0 0 0 0 0 0 0 0 0 0 0 0 0 0 0 0 0 0 0 0 0 0 0 0 0 0 0 0 0 0 0 0 0 0 0 0 0 0 0 0 0 0 0 0 0 0 0 0 0 0 0 0 0 0 0 0 0 0 0 0 0 0 0 0 0 0 0 0 0 0 0 0 0 0 0 0 0 0 0 0 0 0 0 0 0 0 0 0 0 0 0 0 0 0 0 0 0 0 0 0 0 0 0 0 0 0 0 0 0 0 0 0 0 0 0 0 0 0 0 0 0 0 0 0 0 0 0 
0 0 0 0 0 0 0 0 0 0 0 0 0 0 0 0 0 0 0 0 0 0 0 0 0 0 0 0 0 0 0 0 0 0 0 0 0 0 0 0 0 0 0 0 0 0 0 0 0 0 0 0 0 0 0 0 0 0 0 0 0 0 0 0 0 0 0 0 0 0 0 0 0 0 0 0 0 0 0 0 0 0 0 0 0 0 0 0 0 0 0 0 0 0 0 0 0 0 0 0 0 0 0 0 0 0 0 0 0 0 0 0 0 0 0 0 105 177 168 168 168 167 167 168 169 170 171 172 172 172 171 170 169 168 166 164 162 161 159 157 155 153 152 149 147 146 144 141 137 134 133 132 130 128 126 124 119 111 102 95 88 82 80 85 95 104 111 114 115 114 112 111 108 105 101 99 93 91 92 95 100 102 102 98 94 94 99 98 92 89 91 98 100 97 99 105 106 103 101 82 42 5 0 0 0 0 0 0 0 0 0 0 0 0 0 0 0 0 0 0 0 0 0 0 0 0 0 0 0 0 0 0 0 0 0 0 0 0 0 0 0 0 0 0 0 0 0 0 0 0 0 0 0 0 0 0 0 0 0 0 0 0 0 0 0 0 0 0 0 0 0 0 0 0 0 0 0 0 0 0 0 0 0 0 0 0 0 0 0 0 0 0 0 0 0 0 0 0 0 0 0 0 0 0 0 0 0 0 0 0 0 0 0 0 0 0 0 0 0 0 0 0 0 0 0 0 0 0 0 0 0 0 0 0 0 0 0 0 0 0 0 0 0 0 0 0 0 0 0 0 0 0 0 0 0 0 0 0 0 0 0 0 0 0 0 0 0 0 0 0 0 0 0 0 0 0 0 0 0 0 0 0 0 0 0 0 0 0 0 0 0 0 0 0 0 0 0 0 0 0 0 0 0 0 0 0 0 0 0 0 0 0 0 0 0 0 0 0 0 0 0 0 0 0 0 0 0 0 0 0 0 0 0 0 0 0 0 0 0 0 0 0 0 0 0 0 0 0 0 0 0 0 0 0 0 0 0 0 0 0 0 0 0 0 0 0 0 0 0 0 0 0 0 0 0 0 0 0 0 0 0 0 0 0 0 0 0 0 0 0 0 0 0 0 0 0 0 0 0 0 0 0 0 0 0 0 0 0 0 0 0 0 0 0 0 0 0 0 0 0 0 0 0 0 0 0 0 0 0 0 0 0 0 0 0 0 0 0 0 
0 0 0 0 0 0 0 0 0 0 0 0 0 0 0 0 0 0 0 0 0 0 0 0 0 0 0 0 0 0 0 0 0 0 0 0 0 0 0 0 0 0 0 0 0 0 0 0 0 0 0 0 0 0 0 0 0 0 0 0 0 0 0 0 0 0 0 0 0 0 0 0 0 0 0 0 0 0 0 0 0 0 0 0 0 0 0 0 0 0 0 0 0 0 0 0 0 0 0 0 0 0 0 0 0 0 0 0 0 0 0 0 0 0 0 15 170 168 167 166 166 167 166 167 168 169 170 171 172 172 171 170 168 167 165 163 162 161 159 157 155 154 152 151 149 146 144 142 138 134 131 129 128 126 123 121 115 104 95 90 88 86 85 90 99 106 111 115 116 111 109 108 105 102 98 98 95 98 98 97 94 93 95 94 93 95 99 96 91 88 91 95 96 97 103 109 109 103 93 85 83 78 49 7 0 0 0 0 0 0 0 0 0 0 0 0 0 0 0 0 0 0 0 0 0 0 0 0 0 0 0 0 0 0 0 0 0 0 0 0 0 0 0 0 0 0 0 0 0 0 0 0 0 0 0 0 0 0 0 0 0 0 0 0 0 0 0 0 0 0 0 0 0 0 0 0 0 0 0 0 0 0 0 0 0 0 0 0 0 0 0 0 0 0 0 0 0 0 0 0 0 0 0 0 0 0 0 0 0 0 0 0 0 0 0 0 0 0 0 0 0 0 0 0 0 0 0 0 0 0 0 0 0 0 0 0 0 0 0 0 0 0 0 0 0 0 0 0 0 0 0 0 0 0 0 0 0 0 0 0 0 0 0 0 0 0 0 0 0 0 0 0 0 0 0 0 0 0 0 0 0 0 0 0 0 0 0 0 0 0 0 0 0 0 0 0 0 0 0 0 0 0 0 0 0 0 0 0 0 0 0 0 0 0 0 0 0 0 0 0 0 0 0 0 0 0 0 0 0 0 0 0 0 0 0 0 0 0 0 0 0 0 0 0 0 0 0 0 0 0 0 0 0 0 0 0 0 0 0 0 0 0 0 0 0 0 0 0 0 0 0 0 0 0 0 0 0 0 0 0 0 0 0 0 0 0 0 0 0 0 0 0 0 0 0 0 0 0 0 0 0 0 0 0 0 0 0 0 0 0 0 0 0 0 0 0 0 0 0 0 0 0 0 0 0 0 0 0 0 0 0 0 0 0 0 0 0 0 0 
0 0 0 0 0 0 0 0 0 0 0 0 0 0 0 0 0 0 0 0 0 0 0 0 0 0 0 0 0 0 0 0 0 0 0 0 0 0 0 0 0 0 0 0 0 0 0 0 0 0 0 0 0 0 0 0 0 0 0 0 0 0 0 0 0 0 0 0 0 0 0 0 0 0 0 0 0 0 0 0 0 0 0 0 0 0 0 0 0 0 0 0 0 0 0 0 0 0 0 0 0 0 0 0 0 0 0 0 0 0 0 0 0 0 0 99 176 167 165 165 166 166 166 167 167 168 168 169 170 170 170 168 167 166 165 163 162 161 159 158 157 154 153 152 150 147 144 142 139 135 129 125 124 122 119 115 108 99 93 90 90 92 90 97 103 108 112 115 114 110 107 105 100 96 95 97 97 99 98 95 89 87 89 89 91 95 96 93 90 88 90 92 97 100 105 111 111 103 92 85 80 81 89 83 51 9 0 0 0 0 0 0 0 0 0 0 0 0 0 0 0 0 0 0 0 0 0 0 0 0 0 0 0 0 0 0 0 0 0 0 0 0 0 0 0 0 0 0 0 0 0 0 0 0 0 0 0 0 0 0 0 0 0 0 0 0 0 0 0 0 0 0 0 0 0 0 0 0 0 0 0 0 0 0 0 0 0 0 0 0 0 0 0 0 0 0 0 0 0 0 0 0 0 0 0 0 0 0 0 0 0 0 0 0 0 0 0 0 0 0 0 0 0 0 0 0 0 0 0 0 0 0 0 0 0 0 0 0 0 0 0 0 0 0 0 0 0 0 0 0 0 0 0 0 0 0 0 0 0 0 0 0 0 0 0 0 0 0 0 0 0 0 0 0 0 0 0 0 0 0 0 0 0 0 0 0 0 0 0 0 0 0 0 0 0 0 0 0 0 0 0 0 0 0 0 0 0 0 0 0 0 0 0 0 0 0 0 0 0 0 0 0 0 0 0 0 0 0 0 0 0 0 0 0 0 0 0 0 0 0 0 0 0 0 0 0 0 0 0 0 0 0 0 0 0 0 0 0 0 0 0 0 0 0 0 0 0 0 0 0 0 0 0 0 0 0 0 0 0 0 0 0 0 0 0 0 0 0 0 0 0 0 0 0 0 0 0 0 0 0 0 0 0 0 0 0 0 0 0 0 0 0 0 0 0 0 0 0 0 0 0 0 0 0 0 0 0 0 0 0 0 0 0 0 0 0 0 0 0 
0 0 0 0 0 0 0 0 0 0 0 0 0 0 0 0 0 0 0 0 0 0 0 0 0 0 0 0 0 0 0 0 0 0 0 0 0 0 0 0 0 0 0 0 0 0 0 0 0 0 0 0 0 0 0 0 0 0 0 0 0 0 0 0 0 0 0 0 0 0 0 0 0 0 0 0 0 0 0 0 0 0 0 0 0 0 0 0 0 0 0 0 0 0 0 0 0 0 0 0 0 0 0 0 0 0 0 0 0 0 0 0 0 0 12 166 166 166 165 165 165 165 166 166 166 168 167 168 168 168 168 167 166 165 164 164 163 162 161 158 157 156 153 152 150 149 145 142 139 134 128 123 122 120 116 109 102 96 93 92 92 93 94 99 104 109 111 111 110 107 105 102 97 94 95 97 94 95 96 92 88 85 83 85 91 92 95 93 88 86 90 95 99 100 105 112 114 104 92 83 79 81 87 88 87 99 77 16 0 0 0 0 0 0 0 0 0 0 0 0 0 0 0 0 0 0 0 0 0 0 0 0 0 0 0 0 0 0 0 0 0 0 0 0 0 0 0 0 0 0 0 0 0 0 0 0 0 0 0 0 0 0 0 0 0 0 0 0 0 0 0 0 0 0 0 0 0 0 0 0 0 0 0 0 0 0 0 0 0 0 0 0 0 0 0 0 0 0 0 0 0 0 0 0 0 0 0 0 0 0 0 0 0 0 0 0 0 0 0 0 0 0 0 0 0 0 0 0 0 0 0 0 0 0 0 0 0 0 0 0 0 0 0 0 0 0 0 0 0 0 0 0 0 0 0 0 0 0 0 0 0 0 0 0 0 0 0 0 0 0 0 0 0 0 0 0 0 0 0 0 0 0 0 0 0 0 0 0 0 0 0 0 0 0 0 0 0 0 0 0 0 0 0 0 0 0 0 0 0 0 0 0 0 0 0 0 0 0 0 0 0 0 0 0 0 0 0 0 0 0 0 0 0 0 0 0 0 0 0 0 0 0 0 0 0 0 0 0 0 0 0 0 0 0 0 0 0 0 0 0 0 0 0 0 0 0 0 0 0 0 0 0 0 0 0 0 0 0 0 0 0 0 0 0 0 0 0 0 0 0 0 0 0 0 0 0 0 0 0 0 0 0 0 0 0 0 0 0 0 0 0 0 0 0 0 0 0 0 0 0 0 0 0 0 0 0 0 0 0 0 0 0 0 0 0 0 0 0 0 
0 0 0 0 0 0 0 0 0 0 0 0 0 0 0 0 0 0 0 0 0 0 0 0 0 0 0 0 0 0 0 0 0 0 0 0 0 0 0 0 0 0 0 0 0 0 0 0 0 0 0 0 0 0 0 0 0 0 0 0 0 0 0 0 0 0 0 0 0 0 0 0 0 0 0 0 0 0 0 0 0 0 0 0 0 0 0 0 0 0 0 0 0 0 0 0 0 0 0 0 0 0 0 0 0 0 0 0 0 0 0 0 0 0 94 178 166 165 166 165 165 164 165 165 166 166 166 167 167 166 166 166 166 165 164 164 163 162 161 159 157 155 153 151 150 148 145 142 138 133 129 122 117 114 111 103 99 95 94 93 94 92 94 99 106 109 109 108 107 109 105 100 97 97 97 95 92 91 93 94 93 87 85 87 92 94 94 90 86 87 91 94 96 100 105 113 117 107 93 82 80 85 95 91 81 95 129 137 92 20 0 0 0 0 0 0 0 0 0 0 0 0 0 0 0 0 0 0 0 0 0 0 0 0 0 0 0 0 0 0 0 0 0 0 0 0 0 0 0 0 0 0 0 0 0 0 0 0 0 0 0 0 0 0 0 0 0 0 0 0 0 0 0 0 0 0 0 0 0 0 0 0 0 0 0 0 0 0 0 0 0 0 0 0 0 0 0 0 0 0 0 0 0 0 0 0 0 0 0 0 0 0 0 0 0 0 0 0 0 0 0 0 0 0 0 0 0 0 0 0 0 0 0 0 0 0 0 0 0 0 0 0 0 0 0 0 0 0 0 0 0 0 0 0 0 0 0 0 0 0 0 0 0 0 0 0 0 0 0 0 0 0 0 0 0 0 0 0 0 0 0 0 0 0 0 0 0 0 0 0 0 0 0 0 0 0 0 0 0 0 0 0 0 0 0 0 0 0 0 0 0 0 0 0 0 0 0 0 0 0 0 0 0 0 0 0 0 0 0 0 0 0 0 0 0 0 0 0 0 0 0 0 0 0 0 0 0 0 0 0 0 0 0 0 0 0 0 0 0 0 0 0 0 0 0 0 0 0 0 0 0 0 0 0 0 0 0 0 0 0 0 0 0 0 0 0 0 0 0 0 0 0 0 0 0 0 0 0 0 0 0 0 0 0 0 0 0 0 0 0 0 0 0 0 0 0 0 0 0 0 0 0 0 0 0 0 0 0 0 0 0 0 0 0 0 0 0 0 0 
0 0 0 0 0 0 0 0 0 0 0 0 0 0 0 0 0 0 0 0 0 0 0 0 0 0 0 0 0 0 0 0 0 0 0 0 0 0 0 0 0 0 0 0 0 0 0 0 0 0 0 0 0 0 0 0 0 0 0 0 0 0 0 0 0 0 0 0 0 0 0 0 0 0 0 0 0 0 0 0 0 0 0 0 0 0 0 0 0 0 0 0 0 0 0 0 0 0 0 0 0 0 0 0 0 0 0 0 0 0 0 0 0 9 167 169 167 165 165 165 165 164 164 164 164 164 165 165 165 165 165 166 165 165 164 163 162 161 159 158 156 155 153 151 149 147 144 140 136 133 129 121 114 108 105 102 98 97 95 94 94 91 91 97 103 106 106 105 105 106 104 99 96 94 95 94 88 85 88 93 92 89 88 92 97 95 92 89 86 87 89 93 97 100 104 112 117 109 94 83 81 89 100 96 82 95 118 130 145 145 96 23 0 0 0 0 0 0 0 0 0 0 0 0 0 0 0 0 0 0 0 0 0 0 0 0 0 0 0 0 0 0 0 0 0 0 0 0 0 0 0 0 0 0 0 0 0 0 0 0 0 0 0 0 0 0 0 0 0 0 0 0 0 0 0 0 0 0 0 0 0 0 0 0 0 0 0 0 0 0 0 0 0 0 0 0 0 0 0 0 0 0 0 0 0 0 0 0 0 0 0 0 0 0 0 0 0 0 0 0 0 0 0 0 0 0 0 0 0 0 0 0 0 0 0 0 0 0 0 0 0 0 0 0 0 0 0 0 0 0 0 0 0 0 0 0 0 0 0 0 0 0 0 0 0 0 0 0 0 0 0 0 0 0 0 0 0 0 0 0 0 0 0 0 0 0 0 0 0 0 0 0 0 0 0 0 0 0 0 0 0 0 0 0 0 0 0 0 0 0 0 0 0 0 0 0 0 0 0 0 0 0 0 0 0 0 0 0 0 0 0 0 0 0 0 0 0 0 0 0 0 0 0 0 0 0 0 0 0 0 0 0 0 0 0 0 0 0 0 0 0 0 0 0 0 0 0 0 0 0 0 0 0 0 0 0 0 0 0 0 0 0 0 0 0 0 0 0 0 0 0 0 0 0 0 0 0 0 0 0 0 0 0 0 0 0 0 0 0 0 0 0 0 0 0 0 0 0 0 0 0 0 0 0 0 0 0 0 0 0 0 0 0 0 0 0 0 0 0 
0 0 0 0 0 0 0 0 0 0 0 0 0 0 0 0 0 0 0 0 0 0 0 0 0 0 0 0 0 0 0 0 0 0 0 0 0 0 0 0 0 0 0 0 0 0 0 0 0 0 0 0 0 0 0 0 0 0 0 0 0 0 0 0 0 0 0 0 0 0 0 0 0 0 0 0 0 0 0 0 0 0 0 0 0 0 0 0 0 0 0 0 0 0 0 0 0 0 0 0 0 0 0 0 0 0 0 0 0 0 0 0 0 91 181 169 167 165 165 165 165 164 163 162 162 162 163 163 163 164 164 164 164 164 164 162 162 161 159 157 155 154 153 151 148 146 143 139 135 131 126 118 109 103 101 101 98 98 97 95 91 87 87 92 97 101 102 99 98 100 100 97 92 89 90 90 86 83 87 91 92 91 91 94 96 93 91 89 87 88 91 95 98 99 102 110 116 110 95 86 85 96 105 101 86 92 116 125 135 144 149 140 95 23 0 0 0 0 0 0 0 0 0 0 0 0 0 0 0 0 0 0 0 0 0 0 0 0 0 0 0 0 0 0 0 0 0 0 0 0 0 0 0 0 0 0 0 0 0 0 0 0 0 0 0 0 0 0 0 0 0 0 0 0 0 0 0 0 0 0 0 0 0 0 0 0 0 0 0 0 0 0 0 0 0 0 0 0 0 0 0 0 0 0 0 0 0 0 0 0 0 0 0 0 0 0 0 0 0 0 0 0 0 0 0 0 0 0 0 0 0 0 0 0 0 0 0 0 0 0 0 0 0 0 0 0 0 0 0 0 0 0 0 0 0 0 0 0 0 0 0 0 0 0 0 0 0 0 0 0 0 0 0 0 0 0 0 0 0 0 0 0 0 0 0 0 0 0 0 0 0 0 0 0 0 0 0 0 0 0 0 0 0 0 0 0 0 0 0 0 0 0 0 0 0 0 0 0 0 0 0 0 0 0 0 0 0 0 0 0 0 0 0 0 0 0 0 0 0 0 0 0 0 0 0 0 0 0 0 0 0 0 0 0 0 0 0 0 0 0 0 0 0 0 0 0 0 0 0 0 0 0 0 0 0 0 0 0 0 0 0 0 0 0 0 0 0 0 0 0 0 0 0 0 0 0 0 0 0 0 0 0 0 0 0 0 0 0 0 0 0 0 0 0 0 0 0 0 0 0 0 0 0 0 0 0 0 0 0 0 0 0 0 0 0 0 0 0 0 
0 0 0 0 0 0 0 0 0 0 0 0 0 0 0 0 0 0 0 0 0 0 0 0 0 0 0 0 0 0 0 0 0 0 0 0 0 0 0 0 0 0 0 0 0 0 0 0 0 0 0 0 0 0 0 0 0 0 0 0 0 0 0 0 0 0 0 0 0 0 0 0 0 0 0 0 0 0 0 0 0 0 0 0 0 0 0 0 0 0 0 0 0 0 0 0 0 0 0 0 0 0 0 0 0 0 0 0 0 0 0 0 8 168 171 170 168 167 165 164 164 162 160 159 160 161 161 161 161 162 163 163 163 164 163 162 161 159 158 156 153 152 151 149 146 145 142 138 134 128 122 114 104 99 100 98 98 98 96 93 88 86 85 89 92 93 93 94 94 95 94 92 88 85 88 92 93 92 92 96 95 94 95 95 95 92 89 88 88 89 93 95 96 99 100 108 117 113 99 91 94 106 111 105 87 93 113 124 135 145 149 142 142 139 95 27 0 0 0 0 0 0 0 0 0 0 0 0 0 0 0 0 0 0 0 0 0 0 0 0 0 0 0 0 0 0 0 0 0 0 0 0 0 0 0 0 0 0 0 0 0 0 0 0 0 0 0 0 0 0 0 0 0 0 0 0 0 0 0 0 0 0 0 0 0 0 0 0 0 0 0 0 0 0 0 0 0 0 0 0 0 0 0 0 0 0 0 0 0 0 0 0 0 0 0 0 0 0 0 0 0 0 0 0 0 0 0 0 0 0 0 0 0 0 0 0 0 0 0 0 0 0 0 0 0 0 0 0 0 0 0 0 0 0 0 0 0 0 0 0 0 0 0 0 0 0 0 0 0 0 0 0 0 0 0 0 0 0 0 0 0 0 0 0 0 0 0 0 0 0 0 0 0 0 0 0 0 0 0 0 0 0 0 0 0 0 0 0 0 0 0 0 0 0 0 0 0 0 0 0 0 0 0 0 0 0 0 0 0 0 0 0 0 0 0 0 0 0 0 0 0 0 0 0 0 0 0 0 0 0 0 0 0 0 0 0 0 0 0 0 0 0 0 0 0 0 0 0 0 0 0 0 0 0 0 0 0 0 0 0 0 0 0 0 0 0 0 0 0 0 0 0 0 0 0 0 0 0 0 0 0 0 0 0 0 0 0 0 0 0 0 0 0 0 0 0 0 0 0 0 0 0 0 0 0 0 0 0 0 0 0 0 0 0 0 0 0 0 0 
0 0 0 0 0 0 0 0 0 0 0 0 0 0 0 0 0 0 0 0 0 0 0 0 0 0 0 0 0 0 0 0 0 0 0 0 0 0 0 0 0 0 0 0 0 0 0 0 0 0 0 0 0 0 0 0 0 0 0 0 0 0 0 0 0 0 0 0 0 0 0 0 0 0 0 0 0 0 0 0 0 0 0 0 0 0 0 0 0 0 0 0 0 0 0 0 0 0 0 0 0 0 0 0 0 0 0 0 0 0 0 0 87 184 171 170 167 166 164 164 163 161 160 159 158 158 158 158 160 162 162 162 162 162 162 161 160 159 158 156 153 150 148 147 146 143 140 135 130 124 117 106 99 97 99 98 98 95 92 87 86 84 85 86 86 85 88 95 95 91 87 84 82 83 89 92 95 94 93 95 95 95 96 96 94 90 88 88 88 91 93 94 94 97 98 104 117 117 104 96 102 113 115 108 91 90 110 123 137 148 152 151 146 139 138 142 104 34 0 0 0 0 0 0 0 0 0 0 0 0 0 0 0 0 0 0 0 0 0 0 0 0 0 0 0 0 0 0 0 0 0 0 0 0 0 0 0 0 0 0 0 0 0 0 0 0 0 0 0 0 0 0 0 0 0 0 0 0 0 0 0 0 0 0 0 0 0 0 0 0 0 0 0 0 0 0 0 0 0 0 0 0 0 0 0 0 0 0 0 0 0 0 0 0 0 0 0 0 0 0 0 0 0 0 0 0 0 0 0 0 0 0 0 0 0 0 0 0 0 0 0 0 0 0 0 0 0 0 0 0 0 0 0 0 0 0 0 0 0 0 0 0 0 0 0 0 0 0 0 0 0 0 0 0 0 0 0 0 0 0 0 0 0 0 0 0 0 0 0 0 0 0 0 0 0 0 0 0 0 0 0 0 0 0 0 0 0 0 0 0 0 0 0 0 0 0 0 0 0 0 0 0 0 0 0 0 0 0 0 0 0 0 0 0 0 0 0 0 0 0 0 0 0 0 0 0 0 0 0 0 0 0 0 0 0 0 0 0 0 0 0 0 0 0 0 0 0 0 0 0 0 0 0 0 0 0 0 0 0 0 0 0 0 0 0 0 0 0 0 0 0 0 0 0 0 0 0 0 0 0 0 0 0 0 0 0 0 0 0 0 0 0 0 0 0 0 0 0 0 0 0 0 0 0 0 0 0 0 0 0 0 0 0 0 0 0 0 0 0 
0 0 0 0 0 0 0 0 0 0 0 0 0 0 0 0 0 0 0 0 0 0 0 0 0 0 0 0 0 0 0 0 0 0 0 0 0 0 0 0 0 0 0 0 0 0 0 0 0 0 0 0 0 0 0 0 0 0 0 0 0 0 0 0 0 0 0 0 0 0 0 0 0 0 0 0 0 0 0 0 0 0 0 0 0 0 0 0 0 0 0 0 0 0 0 0 0 0 0 0 0 0 0 0 0 0 0 0 0 0 0 5 170 175 173 170 167 166 164 164 161 159 159 158 159 157 157 157 159 160 160 161 162 161 160 159 158 158 157 155 153 149 146 146 145 141 137 131 125 120 113 102 98 100 101 98 95 92 87 85 87 86 84 81 79 81 86 91 89 85 82 79 76 80 84 88 91 91 90 91 91 93 96 94 91 90 89 89 89 91 94 92 90 94 96 103 117 121 111 102 107 121 121 114 96 92 108 123 138 149 153 154 154 147 139 137 146 153 114 38 0 0 0 0 0 0 0 0 0 0 0 0 0 0 0 0 0 0 0 0 0 0 0 0 0 0 0 0 0 0 0 0 0 0 0 0 0 0 0 0 0 0 0 0 0 0 0 0 0 0 0 0 0 0 0 0 0 0 0 0 0 0 0 0 0 0 0 0 0 0 0 0 0 0 0 0 0 0 0 0 0 0 0 0 0 0 0 0 0 0 0 0 0 0 0 0 0 0 0 0 0 0 0 0 0 0 0 0 0 0 0 0 0 0 0 0 0 0 0 0 0 0 0 0 0 0 0 0 0 0 0 0 0 0 0 0 0 0 0 0 0 0 0 0 0 0 0 0 0 0 0 0 0 0 0 0 0 0 0 0 0 0 0 0 0 0 0 0 0 0 0 0 0 0 0 0 0 0 0 0 0 0 0 0 0 0 0 0 0 0 0 0 0 0 0 0 0 0 0 0 0 0 0 0 0 0 0 0 0 0 0 0 0 0 0 0 0 0 0 0 0 0 0 0 0 0 0 0 0 0 0 0 0 0 0 0 0 0 0 0 0 0 0 0 0 0 0 0 0 0 0 0 0 0 0 0 0 0 0 0 0 0 0 0 0 0 0 0 0 0 0 0 0 0 0 0 0 0 0 0 0 0 0 0 0 0 0 0 0 0 0 0 0 0 0 0 0 0 0 0 0 0 0 0 0 0 0 0 0 0 0 0 0 0 0 0 0 0 0 
0 0 0 0 0 0 0 0 0 0 0 0 0 0 0 0 0 0 0 0 0 0 0 0 0 0 0 0 0 0 0 0 0 0 0 0 0 0 0 0 0 0 0 0 0 0 0 0 0 0 0 0 0 0 0 0 0 0 0 0 0 0 0 0 0 0 0 0 0 0 0 0 0 0 0 0 0 0 0 0 0 0 0 0 0 0 0 0 0 0 0 0 0 0 0 0 0 0 0 0 0 0 0 0 0 0 0 0 0 0 0 85 189 176 174 170 168 166 165 163 161 159 158 157 157 157 156 157 158 159 159 159 160 160 159 158 157 156 156 154 151 148 145 143 141 138 133 127 119 116 109 102 100 103 104 98 92 86 84 85 87 83 78 75 76 79 83 84 84 80 79 77 74 77 79 83 85 82 82 85 87 88 89 88 90 92 91 91 91 91 92 90 89 92 97 103 117 126 116 106 112 126 129 121 103 95 111 125 138 147 150 152 155 152 144 140 145 149 153 152 113 37 0 0 0 0 0 0 0 0 0 0 0 0 0 0 0 0 0 0 0 0 0 0 0 0 0 0 0 0 0 0 0 0 0 0 0 0 0 0 0 0 0 0 0 0 0 0 0 0 0 0 0 0 0 0 0 0 0 0 0 0 0 0 0 0 0 0 0 0 0 0 0 0 0 0 0 0 0 0 0 0 0 0 0 0 0 0 0 0 0 0 0 0 0 0 0 0 0 0 0 0 0 0 0 0 0 0 0 0 0 0 0 0 0 0 0 0 0 0 0 0 0 0 0 0 0 0 0 0 0 0 0 0 0 0 0 0 0 0 0 0 0 0 0 0 0 0 0 0 0 0 0 0 0 0 0 0 0 0 0 0 0 0 0 0 0 0 0 0 0 0 0 0 0 0 0 0 0 0 0 0 0 0 0 0 0 0 0 0 0 0 0 0 0 0 0 0 0 0 0 0 0 0 0 0 0 0 0 0 0 0 0 0 0 0 0 0 0 0 0 0 0 0 0 0 0 0 0 0 0 0 0 0 0 0 0 0 0 0 0 0 0 0 0 0 0 0 0 0 0 0 0 0 0 0 0 0 0 0 0 0 0 0 0 0 0 0 0 0 0 0 0 0 0 0 0 0 0 0 0 0 0 0 0 0 0 0 0 0 0 0 0 0 0 0 0 0 0 0 0 0 0 0 0 0 0 0 0 0 0 0 0 0 0 0 0 0 0 
0 0 0 0 0 0 0 0 0 0 0 0 0 0 0 0 0 0 0 0 0 0 0 0 0 0 0 0 0 0 0 0 0 0 0 0 0 0 0 0 0 0 0 0 0 0 0 0 0 0 0 0 0 0 0 0 0 0 0 0 0 0 0 0 0 0 0 0 0 0 0 0 0 0 0 0 0 0 0 0 0 0 0 0 0 0 0 0 0 0 0 0 0 0 0 0 0 0 0 0 0 0 0 0 0 0 0 0 0 0 2 170 179 175 174 171 168 166 165 164 161 160 159 158 157 156 156 156 156 157 159 159 158 158 159 158 156 155 154 153 150 147 144 141 139 135 128 122 116 112 106 99 99 103 102 94 86 80 80 79 79 76 70 75 79 80 79 78 78 75 75 74 74 73 72 74 75 75 77 81 84 83 84 87 88 88 89 92 92 91 91 92 91 92 100 105 114 127 124 110 114 127 131 123 105 98 113 125 139 147 148 150 154 155 148 144 148 151 149 146 142 146 113 40 0 0 0 0 0 0 0 0 0 0 0 0 0 0 0 0 0 0 0 0 0 0 0 0 0 0 0 0 0 0 0 0 0 0 0 0 0 0 0 0 0 0 0 0 0 0 0 0 0 0 0 0 0 0 0 0 0 0 0 0 0 0 0 0 0 0 0 0 0 0 0 0 0 0 0 0 0 0 0 0 0 0 0 0 0 0 0 0 0 0 0 0 0 0 0 0 0 0 0 0 0 0 0 0 0 0 0 0 0 0 0 0 0 0 0 0 0 0 0 0 0 0 0 0 0 0 0 0 0 0 0 0 0 0 0 0 0 0 0 0 0 0 0 0 0 0 0 0 0 0 0 0 0 0 0 0 0 0 0 0 0 0 0 0 0 0 0 0 0 0 0 0 0 0 0 0 0 0 0 0 0 0 0 0 0 0 0 0 0 0 0 0 0 0 0 0 0 0 0 0 0 0 0 0 0 0 0 0 0 0 0 0 0 0 0 0 0 0 0 0 0 0 0 0 0 0 0 0 0 0 0 0 0 0 0 0 0 0 0 0 0 0 0 0 0 0 0 0 0 0 0 0 0 0 0 0 0 0 0 0 0 0 0 0 0 0 0 0 0 0 0 0 0 0 0 0 0 0 0 0 0 0 0 0 0 0 0 0 0 0 0 0 0 0 0 0 0 0 0 0 0 0 0 0 0 0 0 0 0 0 0 0 0 0 0 
0 0 0 0 0 0 0 0 0 0 0 0 0 0 0 0 0 0 0 0 0 0 0 0 0 0 0 0 0 0 0 0 0 0 0 0 0 0 0 0 0 0 0 0 0 0 0 0 0 0 0 0 0 0 0 0 0 0 0 0 0 0 0 0 0 0 0 0 0 0 0 0 0 0 0 0 0 0 0 0 0 0 0 0 0 0 0 0 0 0 0 0 0 0 0 0 0 0 0 0 0 0 0 0 0 0 0 0 0 0 81 193 179 175 174 172 169 167 166 164 161 161 159 160 157 156 155 155 156 157 158 159 159 158 159 157 155 153 152 151 149 147 143 138 134 130 123 117 113 108 103 98 97 100 96 88 80 75 71 69 72 73 73 76 81 77 72 69 67 66 69 72 72 69 67 66 69 75 79 80 80 81 82 84 87 89 90 91 91 90 90 92 93 95 104 106 111 124 124 114 113 124 131 121 101 101 113 125 139 147 149 150 155 157 151 149 150 151 146 142 139 137 139 142 112 45 0 0 0 0 0 0 0 0 0 0 0 0 0 0 0 0 0 0 0 0 0 0 0 0 0 0 0 0 0 0 0 0 0 0 0 0 0 0 0 0 0 0 0 0 0 0 0 0 0 0 0 0 0 0 0 0 0 0 0 0 0 0 0 0 0 0 0 0 0 0 0 0 0 0 0 0 0 0 0 0 0 0 0 0 0 0 0 0 0 0 0 0 0 0 0 0 0 0 0 0 0 0 0 0 0 0 0 0 0 0 0 0 0 0 0 0 0 0 0 0 0 0 0 0 0 0 0 0 0 0 0 0 0 0 0 0 0 0 0 0 0 0 0 0 0 0 0 0 0 0 0 0 0 0 0 0 0 0 0 0 0 0 0 0 0 0 0 0 0 0 0 0 0 0 0 0 0 0 0 0 0 0 0 0 0 0 0 0 0 0 0 0 0 0 0 0 0 0 0 0 0 0 0 0 0 0 0 0 0 0 0 0 0 0 0 0 0 0 0 0 0 0 0 0 0 0 0 0 0 0 0 0 0 0 0 0 0 0 0 0 0 0 0 0 0 0 0 0 0 0 0 0 0 0 0 0 0 0 0 0 0 0 0 0 0 0 0 0 0 0 0 0 0 0 0 0 0 0 0 0 0 0 0 0 0 0 0 0 0 0 0 0 0 0 0 0 0 0 0 0 0 0 0 0 0 0 0 0 0 0 0 0 0 
0 0 0 0 0 0 0 0 0 0 0 0 0 0 0 0 0 0 0 0 0 0 0 0 0 0 0 0 0 0 0 0 0 0 0 0 0 0 0 0 0 0 0 0 0 0 0 0 0 0 0 0 0 0 0 0 0 0 0 0 0 0 0 0 0 0 0 0 0 0 0 0 0 0 0 0 0 0 0 0 0 0 0 0 0 0 0 0 0 0 0 0 0 0 0 0 0 0 0 0 0 0 0 0 0 0 0 0 0 0 170 183 179 177 174 173 171 169 167 164 163 161 160 159 157 156 155 155 155 157 157 158 159 160 160 159 157 155 152 150 147 145 141 136 131 123 115 111 107 103 98 95 94 94 91 83 75 68 63 63 67 71 71 74 73 68 64 62 62 63 67 72 68 65 64 65 72 80 84 81 81 84 84 85 87 89 90 91 90 89 88 92 98 102 107 109 110 122 127 119 114 124 125 112 97 99 113 126 140 147 149 151 156 157 155 153 152 150 144 142 140 139 139 138 139 142 113 48 0 0 0 0 0 0 0 0 0 0 0 0 0 0 0 0 0 0 0 0 0 0 0 0 0 0 0 0 0 0 0 0 0 0 0 0 0 0 0 0 0 0 0 0 0 0 0 0 0 0 0 0 0 0 0 0 0 0 0 0 0 0 0 0 0 0 0 0 0 0 0 0 0 0 0 0 0 0 0 0 0 0 0 0 0 0 0 0 0 0 0 0 0 0 0 0 0 0 0 0 0 0 0 0 0 0 0 0 0 0 0 0 0 0 0 0 0 0 0 0 0 0 0 0 0 0 0 0 0 0 0 0 0 0 0 0 0 0 0 0 0 0 0 0 0 0 0 0 0 0 0 0 0 0 0 0 0 0 0 0 0 0 0 0 0 0 0 0 0 0 0 0 0 0 0 0 0 0 0 0 0 0 0 0 0 0 0 0 0 0 0 0 0 0 0 0 0 0 0 0 0 0 0 0 0 0 0 0 0 0 0 0 0 0 0 0 0 0 0 0 0 0 0 0 0 0 0 0 0 0 0 0 0 0 0 0 0 0 0 0 0 0 0 0 0 0 0 0 0 0 0 0 0 0 0 0 0 0 0 0 0 0 0 0 0 0 0 0 0 0 0 0 0 0 0 0 0 0 0 0 0 0 0 0 0 0 0 0 0 0 0 0 0 0 0 0 0 0 0 0 0 0 0 0 0 0 0 0 0 0 0 
0 0 0 0 0 0 0 0 0 0 0 0 0 0 0 0 0 0 0 0 0 0 0 0 0 0 0 0 0 0 0 0 0 0 0 0 0 0 0 0 0 0 0 0 0 0 0 0 0 0 0 0 0 0 0 0 0 0 0 0 0 0 0 0 0 0 0 0 0 0 0 0 0 0 0 0 0 0 0 0 0 0 0 0 0 0 0 0 0 0 0 0 0 0 0 0 0 0 0 0 0 0 0 0 0 0 0 0 0 78 195 182 180 177 175 174 172 170 168 166 164 163 162 160 158 156 156 156 155 157 157 158 159 160 160 160 158 155 152 148 144 141 137 133 127 118 109 104 100 97 94 93 93 92 89 82 74 68 64 65 68 68 69 69 63 61 61 59 61 63 67 70 65 63 65 69 77 83 84 82 86 90 91 91 90 90 90 90 89 88 89 96 104 107 111 113 115 125 133 127 118 123 120 106 96 103 115 127 138 146 150 151 155 157 155 156 153 148 144 143 144 144 144 141 139 133 132 140 120 51 0 0 0 0 0 0 0 0 0 0 0 0 0 0 0 0 0 0 0 0 0 0 0 0 0 0 0 0 0 0 0 0 0 0 0 0 0 0 0 0 0 0 0 0 0 0 0 0 0 0 0 0 0 0 0 0 0 0 0 0 0 0 0 0 0 0 0 0 0 0 0 0 0 0 0 0 0 0 0 0 0 0 0 0 0 0 0 0 0 0 0 0 0 0 0 0 0 0 0 0 0 0 0 0 0 0 0 0 0 0 0 0 0 0 0 0 0 0 0 0 0 0 0 0 0 0 0 0 0 0 0 0 0 0 0 0 0 0 0 0 0 0 0 0 0 0 0 0 0 0 0 0 0 0 0 0 0 0 0 0 0 0 0 0 0 0 0 0 0 0 0 0 0 0 0 0 0 0 0 0 0 0 0 0 0 0 0 0 0 0 0 0 0 0 0 0 0 0 0 0 0 0 0 0 0 0 0 0 0 0 0 0 0 0 0 0 0 0 0 0 0 0 0 0 0 0 0 0 0 0 0 0 0 0 0 0 0 0 0 0 0 0 0 0 0 0 0 0 0 0 0 0 0 0 0 0 0 0 0 0 0 0 0 0 0 0 0 0 0 0 0 0 0 0 0 0 0 0 0 0 0 0 0 0 0 0 0 0 0 0 0 0 0 0 0 0 0 0 0 0 0 0 0 0 0 0 0 0 0 
0 0 0 0 0 0 0 0 0 0 0 0 0 0 0 0 0 0 0 0 0 0 0 0 0 0 0 0 0 0 0 0 0 0 0 0 0 0 0 0 0 0 0 0 0 0 0 0 0 0 0 0 0 0 0 0 0 0 0 0 0 0 0 0 0 0 0 0 0 0 0 0 0 0 0 0 0 0 0 0 0 0 0 0 0 0 0 0 0 0 0 0 0 0 0 0 0 0 0 0 0 0 0 0 0 0 0 0 0 169 187 183 181 178 176 174 172 172 169 167 166 165 162 160 159 158 157 156 155 156 157 157 159 160 161 160 159 156 152 148 144 138 132 127 122 113 103 95 90 91 91 93 94 93 90 85 80 74 69 70 70 72 70 67 64 63 63 60 61 66 70 69 64 62 65 70 78 84 81 82 89 94 95 94 93 93 92 92 91 90 92 100 109 112 115 119 121 130 137 133 127 125 122 113 105 111 119 126 135 145 149 150 152 155 154 156 154 145 141 143 144 145 146 146 143 136 131 134 140 145 115 50 1 0 0 0 0 0 0 0 0 0 0 0 0 0 0 0 0 0 0 0 0 0 0 0 0 0 0 0 0 0 0 0 0 0 0 0 0 0 0 0 0 0 0 0 0 0 0 0 0 0 0 0 0 0 0 0 0 0 0 0 0 0 0 0 0 0 0 0 0 0 0 0 0 0 0 0 0 0 0 0 0 0 0 0 0 0 0 0 0 0 0 0 0 0 0 0 0 0 0 0 0 0 0 0 0 0 0 0 0 0 0 0 0 0 0 0 0 0 0 0 0 0 0 0 0 0 0 0 0 0 0 0 0 0 0 0 0 0 0 0 0 0 0 0 0 0 0 0 0 0 0 0 0 0 0 0 0 0 0 0 0 0 0 0 0 0 0 0 0 0 0 0 0 0 0 0 0 0 0 0 0 0 0 0 0 0 0 0 0 0 0 0 0 0 0 0 0 0 0 0 0 0 0 0 0 0 0 0 0 0 0 0 0 0 0 0 0 0 0 0 0 0 0 0 0 0 0 0 0 0 0 0 0 0 0 0 0 0 0 0 0 0 0 0 0 0 0 0 0 0 0 0 0 0 0 0 0 0 0 0 0 0 0 0 0 0 0 0 0 0 0 0 0 0 0 0 0 0 0 0 0 0 0 0 0 0 0 0 0 0 0 0 0 0 0 0 0 0 0 0 0 0 0 0 0 0 0 
0 0 0 0 0 0 0 0 0 0 0 0 0 0 0 0 0 0 0 0 0 0 0 0 0 0 0 0 0 0 0 0 0 0 0 0 0 0 0 0 0 0 0 0 0 0 0 0 0 0 0 0 0 0 0 0 0 0 0 0 0 0 0 0 0 0 0 0 0 0 0 0 0 0 0 0 0 0 0 0 0 0 0 0 0 0 0 0 0 0 0 0 0 0 0 0 0 0 0 0 0 0 0 0 0 0 0 0 74 200 185 183 181 180 177 176 175 172 170 168 167 166 164 162 160 159 159 158 157 157 158 158 160 161 162 160 160 157 154 150 143 135 127 121 117 108 98 89 84 85 86 90 93 90 90 91 87 82 78 77 75 78 76 74 71 69 68 64 63 69 71 69 64 64 66 71 78 83 84 84 88 93 95 95 96 98 97 95 94 95 94 101 112 121 125 125 124 131 140 138 131 129 128 123 120 122 121 125 136 146 151 152 151 153 155 156 153 146 142 142 141 142 148 149 146 138 134 136 141 139 130 134 120 60 2 0 0 0 0 0 0 0 0 0 0 0 0 0 0 0 0 0 0 0 0 0 0 0 0 0 0 0 0 0 0 0 0 0 0 0 0 0 0 0 0 0 0 0 0 0 0 0 0 0 0 0 0 0 0 0 0 0 0 0 0 0 0 0 0 0 0 0 0 0 0 0 0 0 0 0 0 0 0 0 0 0 0 0 0 0 0 0 0 0 0 0 0 0 0 0 0 0 0 0 0 0 0 0 0 0 0 0 0 0 0 0 0 0 0 0 0 0 0 0 0 0 0 0 0 0 0 0 0 0 0 0 0 0 0 0 0 0 0 0 0 0 0 0 0 0 0 0 0 0 0 0 0 0 0 0 0 0 0 0 0 0 0 0 0 0 0 0 0 0 0 0 0 0 0 0 0 0 0 0 0 0 0 0 0 0 0 0 0 0 0 0 0 0 0 0 0 0 0 0 0 0 0 0 0 0 0 0 0 0 0 0 0 0 0 0 0 0 0 0 0 0 0 0 0 0 0 0 0 0 0 0 0 0 0 0 0 0 0 0 0 0 0 0 0 0 0 0 0 0 0 0 0 0 0 0 0 0 0 0 0 0 0 0 0 0 0 0 0 0 0 0 0 0 0 0 0 0 0 0 0 0 0 0 0 0 0 0 0 0 0 0 0 0 0 0 0 0 0 0 0 0 0 0 0 
0 0 0 0 0 0 0 0 0 0 0 0 0 0 0 0 0 0 0 0 0 0 0 0 0 0 0 0 0 0 0 0 0 0 0 0 0 0 0 0 0 0 0 0 0 0 0 0 0 0 0 0 0 0 0 0 0 0 0 0 0 0 0 0 0 0 0 0 0 0 0 0 0 0 0 0 0 0 0 0 0 0 0 0 0 0 0 0 0 0 0 0 0 0 0 0 0 0 0 0 0 0 0 0 0 0 0 0 168 190 187 185 182 180 179 177 177 173 172 170 169 167 165 164 162 162 162 161 160 160 159 159 161 162 161 160 159 158 155 151 143 133 122 115 112 105 97 91 86 83 85 89 90 89 91 95 94 89 86 83 81 80 81 81 79 78 74 69 67 73 75 70 67 67 67 71 75 79 84 86 88 89 92 94 97 103 103 99 98 98 98 103 115 128 134 131 126 132 143 141 134 133 133 132 130 129 124 126 138 149 153 151 150 151 155 154 152 148 143 143 140 140 148 150 145 137 140 140 143 144 134 124 129 149 136 60 2 0 0 0 0 0 0 0 0 0 0 0 0 0 0 0 0 0 0 0 0 0 0 0 0 0 0 0 0 0 0 0 0 0 0 0 0 0 0 0 0 0 0 0 0 0 0 0 0 0 0 0 0 0 0 0 0 0 0 0 0 0 0 0 0 0 0 0 0 0 0 0 0 0 0 0 0 0 0 0 0 0 0 0 0 0 0 0 0 0 0 0 0 0 0 0 0 0 0 0 0 0 0 0 0 0 0 0 0 0 0 0 0 0 0 0 0 0 0 0 0 0 0 0 0 0 0 0 0 0 0 0 0 0 0 0 0 0 0 0 0 0 0 0 0 0 0 0 0 0 0 0 0 0 0 0 0 0 0 0 0 0 0 0 0 0 0 0 0 0 0 0 0 0 0 0 0 0 0 0 0 0 0 0 0 0 0 0 0 0 0 0 0 0 0 0 0 0 0 0 0 0 0 0 0 0 0 0 0 0 0 0 0 0 0 0 0 0 0 0 0 0 0 0 0 0 0 0 0 0 0 0 0 0 0 0 0 0 0 0 0 0 0 0 0 0 0 0 0 0 0 0 0 0 0 0 0 0 0 0 0 0 0 0 0 0 0 0 0 0 0 0 0 0 0 0 0 0 0 0 0 0 0 0 0 0 0 0 0 0 0 0 0 0 0 0 0 0 0 0 0 0 0 
0 0 0 0 0 0 0 0 0 0 0 0 0 0 0 0 0 0 0 0 0 0 0 0 0 0 0 0 0 0 0 0 0 0 0 0 0 0 0 0 0 0 0 0 0 0 0 0 0 0 0 0 0 0 0 0 0 0 0 0 0 0 0 0 0 0 0 0 0 0 0 0 0 0 0 0 0 0 0 0 0 0 0 0 0 0 0 0 0 0 0 0 0 0 0 0 0 0 0 0 0 0 0 0 0 0 0 68 203 189 187 185 183 182 180 179 177 175 174 172 171 168 167 166 165 165 164 163 163 163 162 162 162 163 162 161 160 159 155 150 142 130 119 109 105 102 97 93 89 86 87 92 92 89 92 96 95 91 88 84 84 83 85 86 86 84 81 77 75 79 80 76 72 70 69 70 72 77 85 90 90 87 88 90 96 104 108 104 101 100 102 106 117 133 140 136 130 132 143 145 137 136 136 138 139 137 132 130 139 150 152 149 149 152 155 155 153 151 148 146 140 136 146 148 142 139 144 143 142 148 139 130 130 138 144 131 89 41 3 0 0 0 0 0 0 0 0 0 0 0 0 0 0 0 0 0 0 0 0 0 0 0 0 0 0 0 0 0 0 0 0 0 0 0 0 0 0 0 0 0 0 0 0 0 0 0 0 0 0 0 0 0 0 0 0 0 0 0 0 0 0 0 0 0 0 0 0 0 0 0 0 0 0 0 0 0 0 0 0 0 0 0 0 0 0 0 0 0 0 0 0 0 0 0 0 0 0 0 0 0 0 0 0 0 0 0 0 0 0 0 0 0 0 0 0 0 0 0 0 0 0 0 0 0 0 0 0 0 0 0 0 0 0 0 0 0 0 0 0 0 0 0 0 0 0 0 0 0 0 0 0 0 0 0 0 0 0 0 0 0 0 0 0 0 0 0 0 0 0 0 0 0 0 0 0 0 0 0 0 0 0 0 0 0 0 0 0 0 0 0 0 0 0 0 0 0 0 0 0 0 0 0 0 0 0 0 0 0 0 0 0 0 0 0 0 0 0 0 0 0 0 0 0 0 0 0 0 0 0 0 0 0 0 0 0 0 0 0 0 0 0 0 0 0 0 0 0 0 0 0 0 0 0 0 0 0 0 0 0 0 0 0 0 0 0 0 0 0 0 0 0 0 0 0 0 0 0 0 0 0 0 0 0 0 0 0 0 0 0 0 0 0 0 0 0 0 0 0 0 
0 0 0 0 0 0 0 0 0 0 0 0 0 0 0 0 0 0 0 0 0 0 0 0 0 0 0 0 0 0 0 0 0 0 0 0 0 0 0 0 0 0 0 0 0 0 0 0 0 0 0 0 0 0 0 0 0 0 0 0 0 0 0 0 0 0 0 0 0 0 0 0 0 0 0 0 0 0 0 0 0 0 0 0 0 0 0 0 0 0 0 0 0 0 0 0 0 0 0 0 0 0 0 0 0 0 0 168 193 189 188 186 184 182 182 181 178 177 176 175 172 170 169 168 168 168 167 166 165 165 165 165 165 165 163 162 161 161 156 149 140 128 115 103 100 98 95 92 88 85 86 91 92 89 91 95 94 91 88 86 85 86 88 87 89 90 88 86 85 86 86 81 75 73 73 72 74 84 93 99 97 91 89 91 96 104 111 109 103 102 105 109 118 133 143 143 134 131 142 147 142 138 138 141 144 144 138 134 140 150 151 148 147 149 153 155 152 153 152 148 142 136 143 149 143 141 145 143 143 145 143 135 129 135 142 133 107 100 104 64 7 0 0 0 0 0 0 0 0 0 0 0 0 0 0 0 0 0 0 0 0 0 0 0 0 0 0 0 0 0 0 0 0 0 0 0 0 0 0 0 0 0 0 0 0 0 0 0 0 0 0 0 0 0 0 0 0 0 0 0 0 0 0 0 0 0 0 0 0 0 0 0 0 0 0 0 0 0 0 0 0 0 0 0 0 0 0 0 0 0 0 0 0 0 0 0 0 0 0 0 0 0 0 0 0 0 0 0 0 0 0 0 0 0 0 0 0 0 0 0 0 0 0 0 0 0 0 0 0 0 0 0 0 0 0 0 0 0 0 0 0 0 0 0 0 0 0 0 0 0 0 0 0 0 0 0 0 0 0 0 0 0 0 0 0 0 0 0 0 0 0 0 0 0 0 0 0 0 0 0 0 0 0 0 0 0 0 0 0 0 0 0 0 0 0 0 0 0 0 0 0 0 0 0 0 0 0 0 0 0 0 0 0 0 0 0 0 0 0 0 0 0 0 0 0 0 0 0 0 0 0 0 0 0 0 0 0 0 0 0 0 0 0 0 0 0 0 0 0 0 0 0 0 0 0 0 0 0 0 0 0 0 0 0 0 0 0 0 0 0 0 0 0 0 0 0 0 0 0 0 0 0 0 0 0 0 0 0 0 0 0 0 0 0 0 0 0 0 0 
0 0 0 0 0 0 0 0 0 0 0 0 0 0 0 0 0 0 0 0 0 0 0 0 0 0 0 0 0 0 0 0 0 0 0 0 0 0 0 0 0 0 0 0 0 0 0 0 0 0 0 0 0 0 0 0 0 0 0 0 0 0 0 0 0 0 0 0 0 0 0 0 0 0 0 0 0 0 0 0 0 0 0 0 0 0 0 0 0 0 0 0 0 0 0 0 0 0 0 0 0 0 0 0 0 0 64 204 191 189 188 187 185 184 184 181 179 178 177 176 173 171 172 171 171 170 169 168 167 166 166 165 166 165 164 163 163 161 157 150 141 128 109 97 93 92 91 88 85 84 85 87 89 88 90 93 92 91 91 90 90 90 89 88 90 93 93 91 89 90 90 83 78 77 77 76 81 91 100 106 107 100 94 94 98 103 111 115 110 105 106 111 118 129 142 146 138 132 142 149 145 140 140 143 145 146 142 137 139 148 148 146 145 146 151 153 150 149 150 150 146 142 144 150 147 142 145 144 144 144 144 139 130 132 138 138 125 107 113 132 128 71 9 0 0 0 0 0 0 0 0 0 0 0 0 0 0 0 0 0 0 0 0 0 0 0 0 0 0 0 0 0 0 0 0 0 0 0 0 0 0 0 0 0 0 0 0 0 0 0 0 0 0 0 0 0 0 0 0 0 0 0 0 0 0 0 0 0 0 0 0 0 0 0 0 0 0 0 0 0 0 0 0 0 0 0 0 0 0 0 0 0 0 0 0 0 0 0 0 0 0 0 0 0 0 0 0 0 0 0 0 0 0 0 0 0 0 0 0 0 0 0 0 0 0 0 0 0 0 0 0 0 0 0 0 0 0 0 0 0 0 0 0 0 0 0 0 0 0 0 0 0 0 0 0 0 0 0 0 0 0 0 0 0 0 0 0 0 0 0 0 0 0 0 0 0 0 0 0 0 0 0 0 0 0 0 0 0 0 0 0 0 0 0 0 0 0 0 0 0 0 0 0 0 0 0 0 0 0 0 0 0 0 0 0 0 0 0 0 0 0 0 0 0 0 0 0 0 0 0 0 0 0 0 0 0 0 0 0 0 0 0 0 0 0 0 0 0 0 0 0 0 0 0 0 0 0 0 0 0 0 0 0 0 0 0 0 0 0 0 0 0 0 0 0 0 0 0 0 0 0 0 0 0 0 0 0 0 0 0 0 0 0 0 0 0 0 0 0 
0 0 0 0 0 0 0 0 0 0 0 0 0 0 0 0 0 0 0 0 0 0 0 0 0 0 0 0 0 0 0 0 0 0 0 0 0 0 0 0 0 0 0 0 0 0 0 0 0 0 0 0 0 0 0 0 0 0 0 0 0 0 0 0 0 0 0 0 0 0 0 0 0 0 0 0 0 0 0 0 0 0 0 0 0 0 0 0 0 0 0 0 0 0 0 0 0 0 0 0 0 0 0 0 0 0 164 195 191 190 188 187 186 185 184 183 181 180 179 178 176 174 174 173 171 171 171 170 169 168 167 167 166 165 165 166 166 161 156 150 140 127 109 95 87 86 85 85 84 84 82 82 84 86 89 92 90 90 91 92 93 92 89 88 89 93 95 93 92 92 92 87 84 84 80 80 83 92 103 111 114 109 103 100 104 107 113 118 116 110 110 112 116 126 141 147 140 134 140 149 149 145 143 144 144 145 143 139 141 146 145 144 144 144 147 151 149 145 147 150 150 146 146 150 149 145 142 143 143 143 145 141 132 129 137 143 136 118 114 126 132 139 139 82 12 0 0 0 0 0 0 0 0 0 0 0 0 0 0 0 0 0 0 0 0 0 0 0 0 0 0 0 0 0 0 0 0 0 0 0 0 0 0 0 0 0 0 0 0 0 0 0 0 0 0 0 0 0 0 0 0 0 0 0 0 0 0 0 0 0 0 0 0 0 0 0 0 0 0 0 0 0 0 0 0 0 0 0 0 0 0 0 0 0 0 0 0 0 0 0 0 0 0 0 0 0 0 0 0 0 0 0 0 0 0 0 0 0 0 0 0 0 0 0 0 0 0 0 0 0 0 0 0 0 0 0 0 0 0 0 0 0 0 0 0 0 0 0 0 0 0 0 0 0 0 0 0 0 0 0 0 0 0 0 0 0 0 0 0 0 0 0 0 0 0 0 0 0 0 0 0 0 0 0 0 0 0 0 0 0 0 0 0 0 0 0 0 0 0 0 0 0 0 0 0 0 0 0 0 0 0 0 0 0 0 0 0 0 0 0 0 0 0 0 0 0 0 0 0 0 0 0 0 0 0 0 0 0 0 0 0 0 0 0 0 0 0 0 0 0 0 0 0 0 0 0 0 0 0 0 0 0 0 0 0 0 0 0 0 0 0 0 0 0 0 0 0 0 0 0 0 0 0 0 0 0 0 0 0 0 0 0 0 0 0 0 0 0 0 
0 0 0 0 0 0 0 0 0 0 0 0 0 0 0 0 0 0 0 0 0 0 0 0 0 0 0 0 0 0 0 0 0 0 0 0 0 0 0 0 0 0 0 0 0 0 0 0 0 0 0 0 0 0 0 0 0 0 0 0 0 0 0 0 0 0 0 0 0 0 0 0 0 0 0 0 0 0 0 0 0 0 0 0 0 0 0 0 0 0 0 0 0 0 0 0 0 0 0 0 0 0 0 0 0 62 203 191 191 190 190 189 187 187 186 184 182 181 181 179 179 178 177 175 173 172 171 171 171 170 169 168 167 167 166 165 166 161 156 149 137 126 111 95 83 79 78 81 84 84 79 77 79 84 87 89 88 88 89 91 92 93 90 89 90 94 99 99 98 99 95 93 94 92 88 85 83 89 100 112 117 117 115 114 113 115 119 124 123 119 115 117 118 123 134 145 144 137 139 147 151 149 147 147 146 146 145 141 142 145 145 143 144 144 146 150 148 142 145 150 151 143 141 148 150 146 141 140 140 146 148 145 138 135 140 145 141 123 119 126 131 133 138 150 141 83 14 0 0 0 0 0 0 0 0 0 0 0 0 0 0 0 0 0 0 0 0 0 0 0 0 0 0 0 0 0 0 0 0 0 0 0 0 0 0 0 0 0 0 0 0 0 0 0 0 0 0 0 0 0 0 0 0 0 0 0 0 0 0 0 0 0 0 0 0 0 0 0 0 0 0 0 0 0 0 0 0 0 0 0 0 0 0 0 0 0 0 0 0 0 0 0 0 0 0 0 0 0 0 0 0 0 0 0 0 0 0 0 0 0 0 0 0 0 0 0 0 0 0 0 0 0 0 0 0 0 0 0 0 0 0 0 0 0 0 0 0 0 0 0 0 0 0 0 0 0 0 0 0 0 0 0 0 0 0 0 0 0 0 0 0 0 0 0 0 0 0 0 0 0 0 0 0 0 0 0 0 0 0 0 0 0 0 0 0 0 0 0 0 0 0 0 0 0 0 0 0 0 0 0 0 0 0 0 0 0 0 0 0 0 0 0 0 0 0 0 0 0 0 0 0 0 0 0 0 0 0 0 0 0 0 0 0 0 0 0 0 0 0 0 0 0 0 0 0 0 0 0 0 0 0 0 0 0 0 0 0 0 0 0 0 0 0 0 0 0 0 0 0 0 0 0 0 0 0 0 0 0 0 0 0 0 0 0 0 0 0 0 0 
0 0 0 0 0 0 0 0 0 0 0 0 0 0 0 0 0 0 0 0 0 0 0 0 0 0 0 0 0 0 0 0 0 0 0 0 0 0 0 0 0 0 0 0 0 0 0 0 0 0 0 0 0 0 0 0 0 0 0 0 0 0 0 0 0 0 0 0 0 0 0 0 0 0 0 0 0 0 0 0 0 0 0 0 0 0 0 0 0 0 0 0 0 0 0 0 0 0 0 0 0 0 0 0 0 161 198 192 191 191 191 189 188 187 186 184 184 184 183 181 180 180 179 176 175 174 173 172 172 171 171 170 168 168 166 166 165 161 154 143 132 121 109 94 79 73 73 77 81 82 77 76 78 82 82 84 86 86 87 89 91 92 90 89 91 96 99 100 101 102 100 101 103 103 100 92 87 87 96 110 119 121 125 125 126 126 127 128 128 123 118 122 122 122 129 141 145 141 138 142 149 149 149 150 148 147 145 141 141 144 143 142 142 145 145 148 146 141 142 148 149 140 136 143 148 146 143 139 142 147 148 145 143 138 137 142 143 131 124 128 129 133 141 136 137 144 130 80 15 0 0 0 0 0 0 0 0 0 0 0 0 0 0 0 0 0 0 0 0 0 0 0 0 0 0 0 0 0 0 0 0 0 0 0 0 0 0 0 0 0 0 0 0 0 0 0 0 0 0 0 0 0 0 0 0 0 0 0 0 0 0 0 0 0 0 0 0 0 0 0 0 0 0 0 0 0 0 0 0 0 0 0 0 0 0 0 0 0 0 0 0 0 0 0 0 0 0 0 0 0 0 0 0 0 0 0 0 0 0 0 0 0 0 0 0 0 0 0 0 0 0 0 0 0 0 0 0 0 0 0 0 0 0 0 0 0 0 0 0 0 0 0 0 0 0 0 0 0 0 0 0 0 0 0 0 0 0 0 0 0 0 0 0 0 0 0 0 0 0 0 0 0 0 0 0 0 0 0 0 0 0 0 0 0 0 0 0 0 0 0 0 0 0 0 0 0 0 0 0 0 0 0 0 0 0 0 0 0 0 0 0 0 0 0 0 0 0 0 0 0 0 0 0 0 0 0 0 0 0 0 0 0 0 0 0 0 0 0 0 0 0 0 0 0 0 0 0 0 0 0 0 0 0 0 0 0 0 0 0 0 0 0 0 0 0 0 0 0 0 0 0 0 0 0 0 0 0 0 0 0 0 0 0 0 0 0 0 0 0 
0 0 0 0 0 0 0 0 0 0 0 0 0 0 0 0 0 0 0 0 0 0 0 0 0 0 0 0 0 0 0 0 0 0 0 0 0 0 0 0 0 0 0 0 0 0 0 0 0 0 0 0 0 0 0 0 0 0 0 0 0 0 0 0 0 0 0 0 0 0 0 0 0 0 0 0 0 0 0 0 0 0 0 0 0 0 0 0 0 0 0 0 0 0 0 0 0 0 0 0 0 0 0 0 56 205 193 192 191 191 191 190 189 187 187 186 185 185 185 183 182 181 179 178 177 175 175 174 173 172 172 170 169 168 167 166 164 160 152 141 127 117 107 91 77 69 68 71 76 78 78 77 76 79 81 82 84 85 86 88 90 90 90 91 93 97 100 101 102 106 106 105 109 110 107 100 93 88 94 107 114 121 127 131 133 132 133 133 130 125 122 124 127 125 126 138 146 145 139 139 144 146 148 150 149 147 145 140 141 143 142 139 139 141 142 145 145 138 136 143 147 140 136 140 145 145 143 140 143 146 142 142 143 136 133 139 143 138 132 130 127 134 141 136 132 136 124 128 132 87 18 0 0 0 0 0 0 0 0 0 0 0 0 0 0 0 0 0 0 0 0 0 0 0 0 0 0 0 0 0 0 0 0 0 0 0 0 0 0 0 0 0 0 0 0 0 0 0 0 0 0 0 0 0 0 0 0 0 0 0 0 0 0 0 0 0 0 0 0 0 0 0 0 0 0 0 0 0 0 0 0 0 0 0 0 0 0 0 0 0 0 0 0 0 0 0 0 0 0 0 0 0 0 0 0 0 0 0 0 0 0 0 0 0 0 0 0 0 0 0 0 0 0 0 0 0 0 0 0 0 0 0 0 0 0 0 0 0 0 0 0 0 0 0 0 0 0 0 0 0 0 0 0 0 0 0 0 0 0 0 0 0 0 0 0 0 0 0 0 0 0 0 0 0 0 0 0 0 0 0 0 0 0 0 0 0 0 0 0 0 0 0 0 0 0 0 0 0 0 0 0 0 0 0 0 0 0 0 0 0 0 0 0 0 0 0 0 0 0 0 0 0 0 0 0 0 0 0 0 0 0 0 0 0 0 0 0 0 0 0 0 0 0 0 0 0 0 0 0 0 0 0 0 0 0 0 0 0 0 0 0 0 0 0 0 0 0 0 0 0 0 0 0 0 0 0 0 0 0 0 0 0 0 0 0 0 0 0 0 
0 0 0 0 0 0 0 0 0 0 0 0 0 0 0 0 0 0 0 0 0 0 0 0 0 0 0 0 0 0 0 0 0 0 0 0 0 0 0 0 0 0 0 0 0 0 0 0 0 0 0 0 0 0 0 0 0 0 0 0 0 0 0 0 0 0 0 0 0 0 0 0 0 0 0 0 0 0 0 0 0 0 0 0 0 0 0 0 0 0 0 0 0 0 0 0 0 0 0 0 0 0 0 0 155 199 193 192 191 191 191 190 190 189 189 187 186 185 185 184 184 183 181 180 178 177 176 175 175 174 173 172 171 168 166 164 163 158 149 139 126 116 105 90 78 69 64 65 70 77 79 79 78 80 80 78 80 83 87 93 94 95 96 97 100 100 102 105 109 111 111 108 110 112 110 107 100 94 96 104 112 118 126 134 137 137 137 136 131 127 125 125 132 129 129 136 145 148 142 137 137 141 142 147 150 150 142 136 138 142 141 134 131 134 139 144 143 136 133 141 145 137 137 139 141 142 140 139 141 147 142 142 141 134 131 135 141 142 137 131 122 133 140 131 127 127 118 120 129 134 133 91 23 0 0 0 0 0 0 0 0 0 0 0 0 0 0 0 0 0 0 0 0 0 0 0 0 0 0 0 0 0 0 0 0 0 0 0 0 0 0 0 0 0 0 0 0 0 0 0 0 0 0 0 0 0 0 0 0 0 0 0 0 0 0 0 0 0 0 0 0 0 0 0 0 0 0 0 0 0 0 0 0 0 0 0 0 0 0 0 0 0 0 0 0 0 0 0 0 0 0 0 0 0 0 0 0 0 0 0 0 0 0 0 0 0 0 0 0 0 0 0 0 0 0 0 0 0 0 0 0 0 0 0 0 0 0 0 0 0 0 0 0 0 0 0 0 0 0 0 0 0 0 0 0 0 0 0 0 0 0 0 0 0 0 0 0 0 0 0 0 0 0 0 0 0 0 0 0 0 0 0 0 0 0 0 0 0 0 0 0 0 0 0 0 0 0 0 0 0 0 0 0 0 0 0 0 0 0 0 0 0 0 0 0 0 0 0 0 0 0 0 0 0 0 0 0 0 0 0 0 0 0 0 0 0 0 0 0 0 0 0 0 0 0 0 0 0 0 0 0 0 0 0 0 0 0 0 0 0 0 0 0 0 0 0 0 0 0 0 0 0 0 0 0 0 0 0 0 0 0 0 0 0 0 0 0 0 0 
0 0 0 0 0 0 0 0 0 0 0 0 0 0 0 0 0 0 0 0 0 0 0 0 0 0 0 0 0 0 0 0 0 0 0 0 0 0 0 0 0 0 0 0 0 0 0 0 0 0 0 0 0 0 0 0 0 0 0 0 0 0 0 0 0 0 0 0 0 0 0 0 0 0 0 0 0 0 0 0 0 0 0 0 0 0 0 0 0 0 0 0 0 0 0 0 0 0 0 0 0 0 0 49 206 194 192 192 192 192 191 191 190 190 190 188 187 187 187 186 185 184 183 182 181 179 177 176 175 175 174 173 171 168 164 162 161 157 149 138 125 111 100 90 81 70 64 64 71 77 78 79 81 81 79 76 78 82 88 94 99 101 103 105 108 106 105 107 107 111 114 111 110 111 113 111 105 101 102 107 113 116 122 131 137 140 142 140 134 130 128 130 134 133 132 136 141 145 143 136 132 133 135 141 148 150 139 133 133 136 137 129 123 125 134 140 139 133 131 138 143 139 139 140 136 137 137 137 142 148 143 139 138 134 133 134 135 139 137 127 117 125 135 129 120 115 105 116 125 125 128 139 137 92 25 0 0 0 0 0 0 0 0 0 0 0 0 0 0 0 0 0 0 0 0 0 0 0 0 0 0 0 0 0 0 0 0 0 0 0 0 0 0 0 0 0 0 0 0 0 0 0 0 0 0 0 0 0 0 0 0 0 0 0 0 0 0 0 0 0 0 0 0 0 0 0 0 0 0 0 0 0 0 0 0 0 0 0 0 0 0 0 0 0 0 0 0 0 0 0 0 0 0 0 0 0 0 0 0 0 0 0 0 0 0 0 0 0 0 0 0 0 0 0 0 0 0 0 0 0 0 0 0 0 0 0 0 0 0 0 0 0 0 0 0 0 0 0 0 0 0 0 0 0 0 0 0 0 0 0 0 0 0 0 0 0 0 0 0 0 0 0 0 0 0 0 0 0 0 0 0 0 0 0 0 0 0 0 0 0 0 0 0 0 0 0 0 0 0 0 0 0 0 0 0 0 0 0 0 0 0 0 0 0 0 0 0 0 0 0 0 0 0 0 0 0 0 0 0 0 0 0 0 0 0 0 0 0 0 0 0 0 0 0 0 0 0 0 0 0 0 0 0 0 0 0 0 0 0 0 0 0 0 0 0 0 0 0 0 0 0 0 0 0 0 0 0 0 0 0 0 0 0 0 0 0 0 0 0 
0 0 0 0 0 0 0 0 0 0 0 0 0 0 0 0 0 0 0 0 0 0 0 0 0 0 0 0 0 0 0 0 0 0 0 0 0 0 0 0 0 0 0 0 0 0 0 0 0 0 0 0 0 0 0 0 0 0 0 0 0 0 0 0 0 0 0 0 0 0 0 0 0 0 0 0 0 0 0 0 0 0 0 0 0 0 0 0 0 0 0 0 0 0 0 0 0 0 0 0 0 0 0 153 198 193 192 193 192 191 191 191 191 191 190 189 188 188 187 187 187 185 185 183 182 180 177 176 175 175 174 173 171 168 163 160 158 155 149 137 122 108 98 94 86 76 70 72 75 78 77 80 80 80 80 80 81 84 90 96 105 109 111 110 111 111 109 104 102 107 111 111 111 111 110 108 106 107 109 113 118 120 122 125 133 141 146 145 140 134 130 133 136 135 134 135 137 138 139 135 128 123 126 135 145 147 137 128 124 122 132 127 118 122 130 137 137 131 127 134 141 137 142 140 133 128 130 135 140 148 142 133 131 131 134 131 128 132 132 124 115 126 133 126 118 107 97 113 126 123 127 130 128 135 137 99 28 0 0 0 0 0 0 0 0 0 0 0 0 0 0 0 0 0 0 0 0 0 0 0 0 0 0 0 0 0 0 0 0 0 0 0 0 0 0 0 0 0 0 0 0 0 0 0 0 0 0 0 0 0 0 0 0 0 0 0 0 0 0 0 0 0 0 0 0 0 0 0 0 0 0 0 0 0 0 0 0 0 0 0 0 0 0 0 0 0 0 0 0 0 0 0 0 0 0 0 0 0 0 0 0 0 0 0 0 0 0 0 0 0 0 0 0 0 0 0 0 0 0 0 0 0 0 0 0 0 0 0 0 0 0 0 0 0 0 0 0 0 0 0 0 0 0 0 0 0 0 0 0 0 0 0 0 0 0 0 0 0 0 0 0 0 0 0 0 0 0 0 0 0 0 0 0 0 0 0 0 0 0 0 0 0 0 0 0 0 0 0 0 0 0 0 0 0 0 0 0 0 0 0 0 0 0 0 0 0 0 0 0 0 0 0 0 0 0 0 0 0 0 0 0 0 0 0 0 0 0 0 0 0 0 0 0 0 0 0 0 0 0 0 0 0 0 0 0 0 0 0 0 0 0 0 0 0 0 0 0 0 0 0 0 0 0 0 0 0 0 0 0 0 0 0 0 0 0 0 0 0 0 
0 0 0 0 0 0 0 0 0 0 0 0 0 0 0 0 0 0 0 0 0 0 0 0 0 0 0 0 0 0 0 0 0 0 0 0 0 0 0 0 0 0 0 0 0 0 0 0 0 0 0 0 0 0 0 0 0 0 0 0 0 0 0 0 0 0 0 0 0 0 0 0 0 0 0 0 0 0 0 0 0 0 0 0 0 0 0 0 0 0 0 0 0 0 0 0 0 0 0 0 0 0 44 204 193 192 192 192 191 192 192 191 191 191 190 190 189 189 188 188 188 187 185 184 183 181 179 177 176 175 174 173 171 169 163 157 153 150 146 134 119 106 97 93 89 81 77 78 81 80 80 81 81 81 85 85 83 87 91 100 110 114 117 115 113 114 111 103 96 98 103 110 115 115 112 107 104 105 109 114 120 125 125 122 128 137 146 148 148 142 136 136 138 138 134 134 133 130 131 131 123 115 117 127 137 141 139 129 113 111 125 125 116 120 125 135 135 129 124 132 139 135 140 142 134 117 124 133 138 143 138 125 121 126 137 127 123 131 132 120 112 123 131 124 118 105 103 120 126 123 126 128 128 128 132 136 141 107 30 0 0 0 0 0 0 0 0 0 0 0 0 0 0 0 0 0 0 0 0 0 0 0 0 0 0 0 0 0 0 0 0 0 0 0 0 0 0 0 0 0 0 0 0 0 0 0 0 0 0 0 0 0 0 0 0 0 0 0 0 0 0 0 0 0 0 0 0 0 0 0 0 0 0 0 0 0 0 0 0 0 0 0 0 0 0 0 0 0 0 0 0 0 0 0 0 0 0 0 0 0 0 0 0 0 0 0 0 0 0 0 0 0 0 0 0 0 0 0 0 0 0 0 0 0 0 0 0 0 0 0 0 0 0 0 0 0 0 0 0 0 0 0 0 0 0 0 0 0 0 0 0 0 0 0 0 0 0 0 0 0 0 0 0 0 0 0 0 0 0 0 0 0 0 0 0 0 0 0 0 0 0 0 0 0 0 0 0 0 0 0 0 0 0 0 0 0 0 0 0 0 0 0 0 0 0 0 0 0 0 0 0 0 0 0 0 0 0 0 0 0 0 0 0 0 0 0 0 0 0 0 0 0 0 0 0 0 0 0 0 0 0 0 0 0 0 0 0 0 0 0 0 0 0 0 0 0 0 0 0 0 0 0 0 0 0 0 0 0 0 0 0 0 0 0 0 0 0 0 0 
0 0 0 0 0 0 0 0 0 0 0 0 0 0 0 0 0 0 0 0 0 0 0 0 0 0 0 0 0 0 0 0 0 0 0 0 0 0 0 0 0 0 0 0 0 0 0 0 0 0 0 0 0 0 0 0 0 0 0 0 0 0 0 0 0 0 0 0 0 0 0 0 0 0 0 0 0 0 0 0 0 0 0 0 0 0 0 0 0 0 0 0 0 0 0 0 0 0 0 0 0 0 149 199 192 192 192 192 192 192 192 191 191 190 190 190 190 190 190 189 189 188 186 185 184 182 180 178 176 174 173 172 171 169 163 155 149 144 139 129 114 101 95 91 89 84 81 81 82 81 81 84 83 81 83 86 88 91 91 99 109 116 119 117 115 116 115 107 95 93 98 107 114 118 119 114 108 106 107 109 117 124 125 126 130 135 143 149 151 152 144 137 138 139 135 130 129 124 119 122 116 110 113 119 129 136 139 131 111 105 120 123 117 114 120 131 134 128 123 131 135 133 138 143 132 112 115 130 136 138 131 121 113 125 135 122 116 127 126 110 104 118 123 117 115 111 108 120 125 122 128 129 124 124 127 128 131 142 142 100 34 0 0 0 0 0 0 0 0 0 0 0 0 0 0 0 0 0 0 0 0 0 0 0 0 0 0 0 0 0 0 0 0 0 0 0 0 0 0 0 0 0 0 0 0 0 0 0 0 0 0 0 0 0 0 0 0 0 0 0 0 0 0 0 0 0 0 0 0 0 0 0 0 0 0 0 0 0 0 0 0 0 0 0 0 0 0 0 0 0 0 0 0 0 0 0 0 0 0 0 0 0 0 0 0 0 0 0 0 0 0 0 0 0 0 0 0 0 0 0 0 0 0 0 0 0 0 0 0 0 0 0 0 0 0 0 0 0 0 0 0 0 0 0 0 0 0 0 0 0 0 0 0 0 0 0 0 0 0 0 0 0 0 0 0 0 0 0 0 0 0 0 0 0 0 0 0 0 0 0 0 0 0 0 0 0 0 0 0 0 0 0 0 0 0 0 0 0 0 0 0 0 0 0 0 0 0 0 0 0 0 0 0 0 0 0 0 0 0 0 0 0 0 0 0 0 0 0 0 0 0 0 0 0 0 0 0 0 0 0 0 0 0 0 0 0 0 0 0 0 0 0 0 0 0 0 0 0 0 0 0 0 0 0 0 0 0 0 0 0 0 0 0 0 0 0 0 0 0 
0 0 0 0 0 0 0 0 0 0 0 0 0 0 0 0 0 0 0 0 0 0 0 0 0 0 0 0 0 0 0 0 0 0 0 0 0 0 0 0 0 0 0 0 0 0 0 0 0 0 0 0 0 0 0 0 0 0 0 0 0 0 0 0 0 0 0 0 0 0 0 0 0 0 0 0 0 0 0 0 0 0 0 0 0 0 0 0 0 0 0 0 0 0 0 0 0 0 0 0 0 42 201 193 193 192 192 192 192 191 191 191 191 191 190 191 191 190 190 189 189 189 188 186 184 182 181 179 176 174 171 169 168 165 160 154 145 138 131 122 109 98 92 90 89 85 81 81 80 78 79 81 83 82 83 84 89 92 93 97 106 113 116 114 117 121 122 117 104 96 96 101 110 120 124 124 120 114 107 105 110 118 123 129 130 133 140 148 153 154 150 140 136 140 137 126 124 120 110 109 109 106 107 113 125 128 126 122 109 103 115 121 117 110 118 130 133 131 124 126 131 131 137 143 128 102 108 125 131 131 127 120 108 121 129 112 107 121 121 106 101 112 115 107 111 107 105 118 126 122 128 128 120 117 119 118 127 135 132 132 142 107 34 0 0 0 0 0 0 0 0 0 0 0 0 0 0 0 0 0 0 0 0 0 0 0 0 0 0 0 0 0 0 0 0 0 0 0 0 0 0 0 0 0 0 0 0 0 0 0 0 0 0 0 0 0 0 0 0 0 0 0 0 0 0 0 0 0 0 0 0 0 0 0 0 0 0 0 0 0 0 0 0 0 0 0 0 0 0 0 0 0 0 0 0 0 0 0 0 0 0 0 0 0 0 0 0 0 0 0 0 0 0 0 0 0 0 0 0 0 0 0 0 0 0 0 0 0 0 0 0 0 0 0 0 0 0 0 0 0 0 0 0 0 0 0 0 0 0 0 0 0 0 0 0 0 0 0 0 0 0 0 0 0 0 0 0 0 0 0 0 0 0 0 0 0 0 0 0 0 0 0 0 0 0 0 0 0 0 0 0 0 0 0 0 0 0 0 0 0 0 0 0 0 0 0 0 0 0 0 0 0 0 0 0 0 0 0 0 0 0 0 0 0 0 0 0 0 0 0 0 0 0 0 0 0 0 0 0 0 0 0 0 0 0 0 0 0 0 0 0 0 0 0 0 0 0 0 0 0 0 0 0 0 0 0 0 0 0 0 0 0 0 0 0 0 0 0 0 
0 0 0 0 0 0 0 0 0 0 0 0 0 0 0 0 0 0 0 0 0 0 0 0 0 0 0 0 0 0 0 0 0 0 0 0 0 0 0 0 0 0 0 0 0 0 0 0 0 0 0 0 0 0 0 0 0 0 0 0 0 0 0 0 0 0 0 0 0 0 0 0 0 0 0 0 0 0 0 0 0 0 0 0 0 0 0 0 0 0 0 0 0 0 0 0 0 0 0 0 0 142 200 193 193 192 192 193 192 191 192 191 191 191 191 191 191 191 190 189 190 189 188 187 184 182 181 178 176 173 169 167 165 162 157 150 142 134 123 115 104 94 90 90 92 90 86 85 82 79 79 80 83 84 85 86 89 91 95 99 104 111 113 112 114 118 122 120 109 102 97 100 107 117 125 129 130 123 112 105 107 109 118 126 129 131 137 145 151 154 153 145 140 141 139 127 120 117 106 104 106 102 102 112 123 123 111 104 100 100 109 120 118 110 114 126 132 132 120 120 129 131 134 140 126 96 101 118 124 125 124 116 105 113 119 98 98 118 112 103 101 109 108 101 106 106 94 113 123 126 127 125 118 112 112 112 126 133 128 130 133 128 116 85 34 0 0 0 0 0 0 0 0 0 0 0 0 0 0 0 0 0 0 0 0 0 0 0 0 0 0 0 0 0 0 0 0 0 0 0 0 0 0 0 0 0 0 0 0 0 0 0 0 0 0 0 0 0 0 0 0 0 0 0 0 0 0 0 0 0 0 0 0 0 0 0 0 0 0 0 0 0 0 0 0 0 0 0 0 0 0 0 0 0 0 0 0 0 0 0 0 0 0 0 0 0 0 0 0 0 0 0 0 0 0 0 0 0 0 0 0 0 0 0 0 0 0 0 0 0 0 0 0 0 0 0 0 0 0 0 0 0 0 0 0 0 0 0 0 0 0 0 0 0 0 0 0 0 0 0 0 0 0 0 0 0 0 0 0 0 0 0 0 0 0 0 0 0 0 0 0 0 0 0 0 0 0 0 0 0 0 0 0 0 0 0 0 0 0 0 0 0 0 0 0 0 0 0 0 0 0 0 0 0 0 0 0 0 0 0 0 0 0 0 0 0 0 0 0 0 0 0 0 0 0 0 0 0 0 0 0 0 0 0 0 0 0 0 0 0 0 0 0 0 0 0 0 0 0 0 0 0 0 0 0 0 0 0 0 0 0 0 0 0 0 0 0 0 0 
0 0 0 0 0 0 0 0 0 0 0 0 0 0 0 0 0 0 0 0 0 0 0 0 0 0 0 0 0 0 0 0 0 0 0 0 0 0 0 0 0 0 0 0 0 0 0 0 0 0 0 0 0 0 0 0 0 0 0 0 0 0 0 0 0 0 0 0 0 0 0 0 0 0 0 0 0 0 0 0 0 0 0 0 0 0 0 0 0 0 0 0 0 0 0 0 0 0 0 0 37 201 193 193 192 191 192 192 192 192 193 191 191 191 191 191 191 191 190 189 190 189 188 186 184 183 181 178 175 173 169 166 162 158 154 147 137 128 116 105 98 91 89 93 94 93 91 89 86 83 81 81 84 86 89 91 94 95 97 100 108 113 115 114 112 115 120 121 114 108 104 107 110 114 122 131 135 132 123 111 107 102 105 118 126 130 135 142 147 151 154 147 142 140 138 130 119 115 111 105 104 98 99 105 119 122 106 89 87 92 105 117 120 110 113 121 127 125 113 108 123 127 127 134 126 102 93 106 115 115 117 113 101 114 109 93 98 110 106 101 101 107 97 102 109 99 88 102 118 124 126 122 113 114 116 115 121 125 125 128 127 115 102 100 124 106 39 0 0 0 0 0 0 0 0 0 0 0 0 0 0 0 0 0 0 0 0 0 0 0 0 0 0 0 0 0 0 0 0 0 0 0 0 0 0 0 0 0 0 0 0 0 0 0 0 0 0 0 0 0 0 0 0 0 0 0 0 0 0 0 0 0 0 0 0 0 0 0 0 0 0 0 0 0 0 0 0 0 0 0 0 0 0 0 0 0 0 0 0 0 0 0 0 0 0 0 0 0 0 0 0 0 0 0 0 0 0 0 0 0 0 0 0 0 0 0 0 0 0 0 0 0 0 0 0 0 0 0 0 0 0 0 0 0 0 0 0 0 0 0 0 0 0 0 0 0 0 0 0 0 0 0 0 0 0 0 0 0 0 0 0 0 0 0 0 0 0 0 0 0 0 0 0 0 0 0 0 0 0 0 0 0 0 0 0 0 0 0 0 0 0 0 0 0 0 0 0 0 0 0 0 0 0 0 0 0 0 0 0 0 0 0 0 0 0 0 0 0 0 0 0 0 0 0 0 0 0 0 0 0 0 0 0 0 0 0 0 0 0 0 0 0 0 0 0 0 0 0 0 0 0 0 0 0 0 0 0 0 0 0 0 0 0 0 0 0 0 0 0 
0 0 0 0 0 0 0 0 0 0 0 0 0 0 0 0 0 0 0 0 0 0 0 0 0 0 0 0 0 0 0 0 0 0 0 0 0 0 0 0 0 0 0 0 0 0 0 0 0 0 0 0 0 0 0 0 0 0 0 0 0 0 0 0 0 0 0 0 0 0 0 0 0 0 0 0 0 0 0 0 0 0 0 0 0 0 0 0 0 0 0 0 0 0 0 0 0 0 0 0 136 201 192 192 192 192 192 191 192 192 192 191 191 191 191 191 191 191 189 189 190 189 188 186 184 183 181 178 175 173 169 163 157 152 149 142 132 122 109 99 92 90 93 96 96 93 92 92 91 89 88 87 89 92 92 96 100 101 98 100 108 117 120 119 116 115 122 124 121 115 111 112 114 115 121 129 135 137 131 119 107 99 100 110 120 125 132 139 140 140 144 146 141 135 134 133 122 113 115 111 104 97 94 97 109 120 109 89 82 89 105 115 115 111 113 117 119 124 104 97 113 125 125 127 128 112 90 94 98 110 114 109 103 114 112 95 104 109 109 99 97 97 95 101 103 95 80 94 114 121 118 111 109 119 122 107 102 112 117 116 119 113 101 97 119 120 120 102 41 0 0 0 0 0 0 0 0 0 0 0 0 0 0 0 0 0 0 0 0 0 0 0 0 0 0 0 0 0 0 0 0 0 0 0 0 0 0 0 0 0 0 0 0 0 0 0 0 0 0 0 0 0 0 0 0 0 0 0 0 0 0 0 0 0 0 0 0 0 0 0 0 0 0 0 0 0 0 0 0 0 0 0 0 0 0 0 0 0 0 0 0 0 0 0 0 0 0 0 0 0 0 0 0 0 0 0 0 0 0 0 0 0 0 0 0 0 0 0 0 0 0 0 0 0 0 0 0 0 0 0 0 0 0 0 0 0 0 0 0 0 0 0 0 0 0 0 0 0 0 0 0 0 0 0 0 0 0 0 0 0 0 0 0 0 0 0 0 0 0 0 0 0 0 0 0 0 0 0 0 0 0 0 0 0 0 0 0 0 0 0 0 0 0 0 0 0 0 0 0 0 0 0 0 0 0 0 0 0 0 0 0 0 0 0 0 0 0 0 0 0 0 0 0 0 0 0 0 0 0 0 0 0 0 0 0 0 0 0 0 0 0 0 0 0 0 0 0 0 0 0 0 0 0 0 0 0 0 0 0 0 0 0 0 0 0 0 0 0 0 
0 0 0 0 0 0 0 0 0 0 0 0 0 0 0 0 0 0 0 0 0 0 0 0 0 0 0 0 0 0 0 0 0 0 0 0 0 0 0 0 0 0 0 0 0 0 0 0 0 0 0 0 0 0 0 0 0 0 0 0 0 0 0 0 0 0 0 0 0 0 0 0 0 0 0 0 0 0 0 0 0 0 0 0 0 0 0 0 0 0 0 0 0 0 0 0 0 0 0 31 201 192 192 192 191 191 192 191 192 191 191 191 191 191 191 191 191 191 191 190 190 189 189 187 184 182 180 178 174 171 168 162 154 148 141 135 126 116 104 96 92 92 97 99 98 95 93 93 92 93 92 91 94 96 96 98 101 101 99 99 108 114 119 120 116 118 122 127 127 122 116 114 116 118 125 131 135 137 133 126 112 104 102 107 113 117 122 129 132 131 130 133 134 133 133 132 126 112 108 111 110 100 91 89 101 116 116 103 92 91 106 113 109 110 116 116 118 124 112 98 105 122 124 122 125 110 89 84 88 109 119 107 104 114 115 107 107 109 112 95 90 92 96 99 102 92 84 100 120 122 109 105 109 122 115 91 87 105 110 100 112 109 99 102 118 114 106 115 120 105 42 0 0 0 0 0 0 0 0 0 0 0 0 0 0 0 0 0 0 0 0 0 0 0 0 0 0 0 0 0 0 0 0 0 0 0 0 0 0 0 0 0 0 0 0 0 0 0 0 0 0 0 0 0 0 0 0 0 0 0 0 0 0 0 0 0 0 0 0 0 0 0 0 0 0 0 0 0 0 0 0 0 0 0 0 0 0 0 0 0 0 0 0 0 0 0 0 0 0 0 0 0 0 0 0 0 0 0 0 0 0 0 0 0 0 0 0 0 0 0 0 0 0 0 0 0 0 0 0 0 0 0 0 0 0 0 0 0 0 0 0 0 0 0 0 0 0 0 0 0 0 0 0 0 0 0 0 0 0 0 0 0 0 0 0 0 0 0 0 0 0 0 0 0 0 0 0 0 0 0 0 0 0 0 0 0 0 0 0 0 0 0 0 0 0 0 0 0 0 0 0 0 0 0 0 0 0 0 0 0 0 0 0 0 0 0 0 0 0 0 0 0 0 0 0 0 0 0 0 0 0 0 0 0 0 0 0 0 0 0 0 0 0 0 0 0 0 0 0 0 0 0 0 0 0 0 0 0 0 0 0 0 0 0 0 0 0 0 0 
0 0 0 0 0 0 0 0 0 0 0 0 0 0 0 0 0 0 0 0 0 0 0 0 0 0 0 0 0 0 0 0 0 0 0 0 0 0 0 0 0 0 0 0 0 0 0 0 0 0 0 0 0 0 0 0 0 0 0 0 0 0 0 0 0 0 0 0 0 0 0 0 0 0 0 0 0 0 0 0 0 0 0 0 0 0 0 0 0 0 0 0 0 0 0 0 0 0 0 133 200 192 191 191 191 191 191 191 191 191 191 191 191 191 191 191 190 191 190 189 189 189 188 187 184 183 179 176 172 169 165 160 152 143 133 128 120 111 101 95 94 95 98 101 99 97 95 90 91 94 93 93 97 99 100 99 98 99 98 102 110 114 116 117 116 121 128 133 134 130 121 117 120 124 128 130 133 135 134 128 121 112 104 103 106 107 109 118 123 123 120 122 127 127 128 128 130 116 103 107 115 109 95 89 96 113 121 114 101 92 98 110 109 108 116 119 119 127 120 101 101 117 118 112 120 108 91 88 90 110 119 103 98 114 119 113 103 112 107 92 92 102 103 96 102 90 96 116 126 118 106 107 109 116 104 76 89 105 101 93 101 103 98 103 123 105 98 103 111 111 108 84 35 0 0 0 0 0 0 0 0 0 0 0 0 0 0 0 0 0 0 0 0 0 0 0 0 0 0 0 0 0 0 0 0 0 0 0 0 0 0 0 0 0 0 0 0 0 0 0 0 0 0 0 0 0 0 0 0 0 0 0 0 0 0 0 0 0 0 0 0 0 0 0 0 0 0 0 0 0 0 0 0 0 0 0 0 0 0 0 0 0 0 0 0 0 0 0 0 0 0 0 0 0 0 0 0 0 0 0 0 0 0 0 0 0 0 0 0 0 0 0 0 0 0 0 0 0 0 0 0 0 0 0 0 0 0 0 0 0 0 0 0 0 0 0 0 0 0 0 0 0 0 0 0 0 0 0 0 0 0 0 0 0 0 0 0 0 0 0 0 0 0 0 0 0 0 0 0 0 0 0 0 0 0 0 0 0 0 0 0 0 0 0 0 0 0 0 0 0 0 0 0 0 0 0 0 0 0 0 0 0 0 0 0 0 0 0 0 0 0 0 0 0 0 0 0 0 0 0 0 0 0 0 0 0 0 0 0 0 0 0 0 0 0 0 0 0 0 0 0 0 0 0 0 0 0 0 0 0 0 0 0 0 0 0 0 0 0 
0 0 0 0 0 0 0 0 0 0 0 0 0 0 0 0 0 0 0 0 0 0 0 0 0 0 0 0 0 0 0 0 0 0 0 0 0 0 0 0 0 0 0 0 0 0 0 0 0 0 0 0 0 0 0 0 0 0 0 0 0 0 0 0 0 0 0 0 0 0 0 0 0 0 0 0 0 0 0 0 0 0 0 0 0 0 0 0 0 0 0 0 0 0 0 0 0 0 27 199 192 191 191 191 191 191 191 190 190 190 191 191 191 191 191 190 190 190 190 189 188 188 187 186 184 182 177 172 168 165 160 156 148 138 127 119 114 108 101 97 97 98 99 99 98 98 96 92 92 98 95 93 95 100 101 99 97 99 98 103 109 109 110 110 115 123 130 136 139 138 131 127 127 130 129 128 130 132 133 132 130 121 110 104 104 102 100 108 116 118 111 111 121 120 118 122 129 124 105 102 112 115 104 96 100 113 125 123 114 102 96 99 106 106 111 121 126 130 120 99 99 108 107 107 113 108 97 91 89 116 120 100 100 116 122 111 101 114 109 94 108 115 104 98 99 94 106 129 129 112 103 109 109 111 94 75 90 101 92 87 100 98 95 107 112 97 89 99 110 103 98 91 88 79 35 1 0 0 0 0 0 0 0 0 0 0 0 0 0 0 0 0 0 0 0 0 0 0 0 0 0 0 0 0 0 0 0 0 0 0 0 0 0 0 0 0 0 0 0 0 0 0 0 0 0 0 0 0 0 0 0 0 0 0 0 0 0 0 0 0 0 0 0 0 0 0 0 0 0 0 0 0 0 0 0 0 0 0 0 0 0 0 0 0 0 0 0 0 0 0 0 0 0 0 0 0 0 0 0 0 0 0 0 0 0 0 0 0 0 0 0 0 0 0 0 0 0 0 0 0 0 0 0 0 0 0 0 0 0 0 0 0 0 0 0 0 0 0 0 0 0 0 0 0 0 0 0 0 0 0 0 0 0 0 0 0 0 0 0 0 0 0 0 0 0 0 0 0 0 0 0 0 0 0 0 0 0 0 0 0 0 0 0 0 0 0 0 0 0 0 0 0 0 0 0 0 0 0 0 0 0 0 0 0 0 0 0 0 0 0 0 0 0 0 0 0 0 0 0 0 0 0 0 0 0 0 0 0 0 0 0 0 0 0 0 0 0 0 0 0 0 0 0 0 0 0 0 0 0 0 0 0 0 0 0 0 0 0 0 
0 0 0 0 0 0 0 0 0 0 0 0 0 0 0 0 0 0 0 0 0 0 0 0 0 0 0 0 0 0 0 0 0 0 0 0 0 0 0 0 0 0 0 0 0 0 0 0 0 0 0 0 0 0 0 0 0 0 0 0 0 0 0 0 0 0 0 0 0 0 0 0 0 0 0 0 0 0 0 0 0 0 0 0 0 0 0 0 0 0 0 0 0 0 0 0 0 0 128 199 191 191 191 191 191 191 190 190 190 191 191 191 190 190 191 190 190 189 189 188 187 187 187 186 184 181 177 171 167 162 155 148 141 131 119 110 107 103 101 100 101 102 100 95 95 95 95 96 97 98 96 93 93 97 98 97 98 100 102 105 107 107 107 106 114 122 130 133 136 140 142 138 134 133 131 132 131 128 127 129 132 131 120 110 106 104 103 105 108 109 106 107 115 111 106 117 129 127 109 99 102 109 104 100 104 112 126 131 128 119 105 98 105 108 108 122 133 132 119 103 98 104 109 108 108 108 106 97 102 122 124 107 106 120 117 104 107 120 115 106 118 121 109 102 99 104 123 134 124 104 99 112 111 114 89 79 93 95 86 87 102 96 95 111 101 91 90 103 109 101 94 86 73 82 79 68 37 3 0 0 0 0 0 0 0 0 0 0 0 0 0 0 0 0 0 0 0 0 0 0 0 0 0 0 0 0 0 0 0 0 0 0 0 0 0 0 0 0 0 0 0 0 0 0 0 0 0 0 0 0 0 0 0 0 0 0 0 0 0 0 0 0 0 0 0 0 0 0 0 0 0 0 0 0 0 0 0 0 0 0 0 0 0 0 0 0 0 0 0 0 0 0 0 0 0 0 0 0 0 0 0 0 0 0 0 0 0 0 0 0 0 0 0 0 0 0 0 0 0 0 0 0 0 0 0 0 0 0 0 0 0 0 0 0 0 0 0 0 0 0 0 0 0 0 0 0 0 0 0 0 0 0 0 0 0 0 0 0 0 0 0 0 0 0 0 0 0 0 0 0 0 0 0 0 0 0 0 0 0 0 0 0 0 0 0 0 0 0 0 0 0 0 0 0 0 0 0 0 0 0 0 0 0 0 0 0 0 0 0 0 0 0 0 0 0 0 0 0 0 0 0 0 0 0 0 0 0 0 0 0 0 0 0 0 0 0 0 0 0 0 0 0 0 0 0 0 0 0 0 0 0 0 0 0 0 0 0 0 0 
0 0 0 0 0 0 0 0 0 0 0 0 0 0 0 0 0 0 0 0 0 0 0 0 0 0 0 0 0 0 0 0 0 0 0 0 0 0 0 0 0 0 0 0 0 0 0 0 0 0 0 0 0 0 0 0 0 0 0 0 0 0 0 0 0 0 0 0 0 0 0 0 0 0 0 0 0 0 0 0 0 0 0 0 0 0 0 0 0 0 0 0 0 0 0 0 0 25 195 191 191 191 190 190 190 190 190 190 190 190 191 190 191 191 190 190 190 190 188 188 186 186 186 185 183 180 176 171 166 159 152 142 134 125 113 103 98 97 97 99 104 106 102 96 93 93 93 96 99 99 100 96 94 93 94 95 95 100 104 106 107 109 106 108 115 124 132 131 130 133 137 138 137 134 133 136 138 132 126 125 130 134 128 117 110 104 104 102 96 97 104 107 111 107 99 108 122 131 114 96 92 97 99 98 102 110 126 132 137 130 118 106 104 105 104 117 132 131 122 109 105 107 108 108 108 109 112 105 114 131 126 116 116 119 114 105 108 126 119 115 121 124 113 105 105 114 132 128 113 96 108 117 118 110 87 78 97 96 92 95 101 102 108 114 102 93 96 111 106 97 90 77 74 79 70 72 91 111 57 3 0 0 0 0 0 0 0 0 0 0 0 0 0 0 0 0 0 0 0 0 0 0 0 0 0 0 0 0 0 0 0 0 0 0 0 0 0 0 0 0 0 0 0 0 0 0 0 0 0 0 0 0 0 0 0 0 0 0 0 0 0 0 0 0 0 0 0 0 0 0 0 0 0 0 0 0 0 0 0 0 0 0 0 0 0 0 0 0 0 0 0 0 0 0 0 0 0 0 0 0 0 0 0 0 0 0 0 0 0 0 0 0 0 0 0 0 0 0 0 0 0 0 0 0 0 0 0 0 0 0 0 0 0 0 0 0 0 0 0 0 0 0 0 0 0 0 0 0 0 0 0 0 0 0 0 0 0 0 0 0 0 0 0 0 0 0 0 0 0 0 0 0 0 0 0 0 0 0 0 0 0 0 0 0 0 0 0 0 0 0 0 0 0 0 0 0 0 0 0 0 0 0 0 0 0 0 0 0 0 0 0 0 0 0 0 0 0 0 0 0 0 0 0 0 0 0 0 0 0 0 0 0 0 0 0 0 0 0 0 0 0 0 0 0 0 0 0 0 0 0 0 0 0 0 0 0 0 0 0 
0 0 0 0 0 0 0 0 0 0 0 0 0 0 0 0 0 0 0 0 0 0 0 0 0 0 0 0 0 0 0 0 0 0 0 0 0 0 0 0 0 0 0 0 0 0 0 0 0 0 0 0 0 0 0 0 0 0 0 0 0 0 0 0 0 0 0 0 0 0 0 0 0 0 0 0 0 0 0 0 0 0 0 0 0 0 0 0 0 0 0 0 0 0 0 0 0 121 200 191 191 190 190 189 189 189 190 190 190 190 189 189 190 190 189 190 190 189 187 187 186 185 184 183 181 179 175 170 165 157 148 137 127 117 105 98 95 93 94 99 105 107 106 102 98 94 92 96 101 103 103 98 93 89 88 89 92 99 103 105 108 113 111 114 117 122 128 131 129 131 133 132 132 133 134 138 140 138 133 129 127 125 124 118 110 103 102 99 91 93 104 110 109 105 96 98 110 118 113 97 88 90 96 94 94 107 121 132 138 137 129 111 101 97 102 116 131 133 124 112 112 113 109 111 115 112 115 115 121 133 125 121 128 124 117 109 114 129 125 115 121 126 113 114 114 127 131 119 104 98 117 124 118 100 82 90 98 99 102 109 110 111 116 115 101 94 101 110 104 96 91 81 83 76 76 83 109 125 115 94 60 5 0 0 0 0 0 0 0 0 0 0 0 0 0 0 0 0 0 0 0 0 0 0 0 0 0 0 0 0 0 0 0 0 0 0 0 0 0 0 0 0 0 0 0 0 0 0 0 0 0 0 0 0 0 0 0 0 0 0 0 0 0 0 0 0 0 0 0 0 0 0 0 0 0 0 0 0 0 0 0 0 0 0 0 0 0 0 0 0 0 0 0 0 0 0 0 0 0 0 0 0 0 0 0 0 0 0 0 0 0 0 0 0 0 0 0 0 0 0 0 0 0 0 0 0 0 0 0 0 0 0 0 0 0 0 0 0 0 0 0 0 0 0 0 0 0 0 0 0 0 0 0 0 0 0 0 0 0 0 0 0 0 0 0 0 0 0 0 0 0 0 0 0 0 0 0 0 0 0 0 0 0 0 0 0 0 0 0 0 0 0 0 0 0 0 0 0 0 0 0 0 0 0 0 0 0 0 0 0 0 0 0 0 0 0 0 0 0 0 0 0 0 0 0 0 0 0 0 0 0 0 0 0 0 0 0 0 0 0 0 0 0 0 0 0 0 0 0 0 0 0 0 0 0 0 0 0 0 
0 0 0 0 0 0 0 0 0 0 0 0 0 0 0 0 0 0 0 0 0 0 0 0 0 0 0 0 0 0 0 0 0 0 0 0 0 0 0 0 0 0 0 0 0 0 0 0 0 0 0 0 0 0 0 0 0 0 0 0 0 0 0 0 0 0 0 0 0 0 0 0 0 0 0 0 0 0 0 0 0 0 0 0 0 0 0 0 0 0 0 0 0 0 0 0 20 192 190 190 190 190 190 189 189 189 188 190 190 190 189 189 189 190 189 189 189 188 187 187 186 184 183 182 180 178 174 169 162 154 144 134 123 111 100 95 96 95 97 102 106 108 109 106 103 101 97 98 104 106 103 99 95 89 85 84 89 97 103 108 113 116 118 119 117 116 122 130 131 136 136 131 130 131 132 135 138 141 142 135 128 123 119 114 107 100 101 101 94 97 112 119 116 108 94 85 94 101 101 97 90 89 96 102 97 105 118 128 137 145 138 120 104 101 106 118 129 136 129 118 116 120 115 114 117 114 117 120 123 128 124 126 133 127 118 113 120 133 125 110 120 120 115 122 125 135 123 102 100 110 125 123 111 100 95 106 103 105 112 121 120 120 120 111 95 92 105 110 103 101 98 90 84 78 81 96 122 112 103 110 116 103 58 5 0 0 0 0 0 0 0 0 0 0 0 0 0 0 0 0 0 0 0 0 0 0 0 0 0 0 0 0 0 0 0 0 0 0 0 0 0 0 0 0 0 0 0 0 0 0 0 0 0 0 0 0 0 0 0 0 0 0 0 0 0 0 0 0 0 0 0 0 0 0 0 0 0 0 0 0 0 0 0 0 0 0 0 0 0 0 0 0 0 0 0 0 0 0 0 0 0 0 0 0 0 0 0 0 0 0 0 0 0 0 0 0 0 0 0 0 0 0 0 0 0 0 0 0 0 0 0 0 0 0 0 0 0 0 0 0 0 0 0 0 0 0 0 0 0 0 0 0 0 0 0 0 0 0 0 0 0 0 0 0 0 0 0 0 0 0 0 0 0 0 0 0 0 0 0 0 0 0 0 0 0 0 0 0 0 0 0 0 0 0 0 0 0 0 0 0 0 0 0 0 0 0 0 0 0 0 0 0 0 0 0 0 0 0 0 0 0 0 0 0 0 0 0 0 0 0 0 0 0 0 0 0 0 0 0 0 0 0 0 0 0 0 0 0 0 0 0 0 0 0 0 0 0 0 0 
0 0 0 0 0 0 0 0 0 0 0 0 0 0 0 0 0 0 0 0 0 0 0 0 0 0 0 0 0 0 0 0 0 0 0 0 0 0 0 0 0 0 0 0 0 0 0 0 0 0 0 0 0 0 0 0 0 0 0 0 0 0 0 0 0 0 0 0 0 0 0 0 0 0 0 0 0 0 0 0 0 0 0 0 0 0 0 0 0 0 0 0 0 0 0 0 115 201 190 190 190 190 190 189 189 188 188 189 189 189 189 189 189 189 189 189 188 187 186 185 184 183 182 181 180 177 174 169 160 151 141 132 121 111 101 97 98 101 103 108 110 111 113 109 107 107 105 102 103 106 107 102 99 92 86 86 91 96 102 109 113 116 119 119 116 115 121 129 134 139 140 137 132 127 126 129 134 140 142 138 132 125 114 103 97 98 100 102 99 100 114 128 126 115 96 79 76 81 89 100 96 94 99 106 103 106 110 118 131 144 147 132 116 110 112 126 135 139 132 123 119 125 122 116 112 109 114 119 123 129 122 123 133 121 114 117 125 133 126 109 124 117 114 125 131 130 110 96 108 121 127 108 100 110 112 114 111 113 120 126 116 120 119 102 94 104 112 108 104 108 104 91 85 83 92 102 105 98 101 108 110 108 87 64 34 5 0 0 0 0 0 0 0 0 0 0 0 0 0 0 0 0 0 0 0 0 0 0 0 0 0 0 0 0 0 0 0 0 0 0 0 0 0 0 0 0 0 0 0 0 0 0 0 0 0 0 0 0 0 0 0 0 0 0 0 0 0 0 0 0 0 0 0 0 0 0 0 0 0 0 0 0 0 0 0 0 0 0 0 0 0 0 0 0 0 0 0 0 0 0 0 0 0 0 0 0 0 0 0 0 0 0 0 0 0 0 0 0 0 0 0 0 0 0 0 0 0 0 0 0 0 0 0 0 0 0 0 0 0 0 0 0 0 0 0 0 0 0 0 0 0 0 0 0 0 0 0 0 0 0 0 0 0 0 0 0 0 0 0 0 0 0 0 0 0 0 0 0 0 0 0 0 0 0 0 0 0 0 0 0 0 0 0 0 0 0 0 0 0 0 0 0 0 0 0 0 0 0 0 0 0 0 0 0 0 0 0 0 0 0 0 0 0 0 0 0 0 0 0 0 0 0 0 0 0 0 0 0 0 0 0 0 0 0 0 0 0 0 0 0 0 0 0 0 0 0 0 0 0 
0 0 0 0 0 0 0 0 0 0 0 0 0 0 0 0 0 0 0 0 0 0 0 0 0 0 0 0 0 0 0 0 0 0 0 0 0 0 0 0 0 0 0 0 0 0 0 0 0 0 0 0 0 0 0 0 0 0 0 0 0 0 0 0 0 0 0 0 0 0 0 0 0 0 0 0 0 0 0 0 0 0 0 0 0 0 0 0 0 0 0 0 0 0 0 17 192 190 189 189 189 189 189 190 189 189 188 188 189 188 188 189 189 189 189 188 188 187 186 184 182 180 180 179 178 176 173 168 160 148 139 129 118 111 106 104 103 104 109 113 115 116 115 111 109 108 106 100 99 105 107 105 103 100 96 95 97 101 105 110 114 115 117 116 113 115 123 134 138 137 139 138 131 121 117 119 121 130 138 136 131 128 116 99 88 88 97 106 104 99 108 123 126 121 101 81 74 77 87 98 100 101 104 109 109 113 108 107 120 138 147 142 124 115 113 129 141 141 132 124 123 125 122 113 106 101 109 117 126 130 124 126 129 113 106 118 130 137 121 117 124 114 108 127 130 126 100 99 114 128 120 95 95 121 121 117 114 116 122 115 110 116 113 101 103 123 119 111 111 110 96 86 89 91 94 87 80 93 96 98 101 87 57 56 63 63 42 7 0 0 0 0 0 0 0 0 0 0 0 0 0 0 0 0 0 0 0 0 0 0 0 0 0 0 0 0 0 0 0 0 0 0 0 0 0 0 0 0 0 0 0 0 0 0 0 0 0 0 0 0 0 0 0 0 0 0 0 0 0 0 0 0 0 0 0 0 0 0 0 0 0 0 0 0 0 0 0 0 0 0 0 0 0 0 0 0 0 0 0 0 0 0 0 0 0 0 0 0 0 0 0 0 0 0 0 0 0 0 0 0 0 0 0 0 0 0 0 0 0 0 0 0 0 0 0 0 0 0 0 0 0 0 0 0 0 0 0 0 0 0 0 0 0 0 0 0 0 0 0 0 0 0 0 0 0 0 0 0 0 0 0 0 0 0 0 0 0 0 0 0 0 0 0 0 0 0 0 0 0 0 0 0 0 0 0 0 0 0 0 0 0 0 0 0 0 0 0 0 0 0 0 0 0 0 0 0 0 0 0 0 0 0 0 0 0 0 0 0 0 0 0 0 0 0 0 0 0 0 0 0 0 0 0 0 0 0 0 0 0 0 0 0 0 0 0 0 0 0 0 
0 0 0 0 0 0 0 0 0 0 0 0 0 0 0 0 0 0 0 0 0 0 0 0 0 0 0 0 0 0 0 0 0 0 0 0 0 0 0 0 0 0 0 0 0 0 0 0 0 0 0 0 0 0 0 0 0 0 0 0 0 0 0 0 0 0 0 0 0 0 0 0 0 0 0 0 0 0 0 0 0 0 0 0 0 0 0 0 0 0 0 0 0 0 0 110 200 189 189 189 189 189 189 188 189 189 188 188 188 187 187 188 187 189 188 187 188 186 184 182 180 178 177 176 175 173 171 167 160 148 138 127 118 114 112 112 110 109 110 113 117 119 117 113 110 107 103 99 99 103 108 111 110 108 107 108 108 110 111 113 116 115 117 113 111 116 127 138 142 139 136 134 130 126 119 113 110 114 124 130 129 132 129 114 93 86 95 106 106 99 104 117 125 123 112 95 89 86 88 95 104 105 109 114 120 123 114 105 113 130 142 145 133 118 117 130 142 143 135 119 121 125 118 108 103 98 102 117 125 133 127 131 128 106 100 116 130 135 119 116 122 106 104 116 121 114 97 101 121 132 117 84 107 123 122 117 113 113 116 101 111 115 102 104 119 129 120 111 114 101 81 101 99 95 87 73 74 88 84 91 86 57 49 50 49 57 77 78 61 13 0 0 0 0 0 0 0 0 0 0 0 0 0 0 0 0 0 0 0 0 0 0 0 0 0 0 0 0 0 0 0 0 0 0 0 0 0 0 0 0 0 0 0 0 0 0 0 0 0 0 0 0 0 0 0 0 0 0 0 0 0 0 0 0 0 0 0 0 0 0 0 0 0 0 0 0 0 0 0 0 0 0 0 0 0 0 0 0 0 0 0 0 0 0 0 0 0 0 0 0 0 0 0 0 0 0 0 0 0 0 0 0 0 0 0 0 0 0 0 0 0 0 0 0 0 0 0 0 0 0 0 0 0 0 0 0 0 0 0 0 0 0 0 0 0 0 0 0 0 0 0 0 0 0 0 0 0 0 0 0 0 0 0 0 0 0 0 0 0 0 0 0 0 0 0 0 0 0 0 0 0 0 0 0 0 0 0 0 0 0 0 0 0 0 0 0 0 0 0 0 0 0 0 0 0 0 0 0 0 0 0 0 0 0 0 0 0 0 0 0 0 0 0 0 0 0 0 0 0 0 0 0 0 0 0 0 0 0 0 0 0 0 0 0 0 0 0 0 0 
0 0 0 0 0 0 0 0 0 0 0 0 0 0 0 0 0 0 0 0 0 0 0 0 0 0 0 0 0 0 0 0 0 0 0 0 0 0 0 0 0 0 0 0 0 0 0 0 0 0 0 0 0 0 0 0 0 0 0 0 0 0 0 0 0 0 0 0 0 0 0 0 0 0 0 0 0 0 0 0 0 0 0 0 0 0 0 0 0 0 0 0 0 0 13 190 190 189 189 189 189 189 189 189 189 189 189 188 188 187 187 187 186 187 187 186 185 185 183 180 177 176 175 173 172 170 168 167 159 149 137 126 119 116 115 116 115 113 111 110 113 117 118 117 114 109 108 109 110 111 111 113 115 113 115 116 115 117 116 115 116 118 118 115 115 120 128 137 138 134 132 131 131 133 131 124 111 103 106 117 123 128 131 125 113 98 96 100 106 105 103 113 125 130 125 108 98 99 99 98 103 108 116 122 127 129 122 111 112 124 136 143 140 125 127 134 144 149 137 113 112 119 113 106 105 101 105 119 136 138 129 129 130 106 97 110 123 126 120 119 123 107 88 92 100 91 92 108 122 127 108 83 117 126 119 112 106 111 108 106 116 109 90 109 131 123 115 119 113 94 89 113 100 83 78 69 72 78 83 78 63 45 44 41 41 68 83 88 102 99 59 12 0 0 0 0 0 0 0 0 0 0 0 0 0 0 0 0 0 0 0 0 0 0 0 0 0 0 0 0 0 0 0 0 0 0 0 0 0 0 0 0 0 0 0 0 0 0 0 0 0 0 0 0 0 0 0 0 0 0 0 0 0 0 0 0 0 0 0 0 0 0 0 0 0 0 0 0 0 0 0 0 0 0 0 0 0 0 0 0 0 0 0 0 0 0 0 0 0 0 0 0 0 0 0 0 0 0 0 0 0 0 0 0 0 0 0 0 0 0 0 0 0 0 0 0 0 0 0 0 0 0 0 0 0 0 0 0 0 0 0 0 0 0 0 0 0 0 0 0 0 0 0 0 0 0 0 0 0 0 0 0 0 0 0 0 0 0 0 0 0 0 0 0 0 0 0 0 0 0 0 0 0 0 0 0 0 0 0 0 0 0 0 0 0 0 0 0 0 0 0 0 0 0 0 0 0 0 0 0 0 0 0 0 0 0 0 0 0 0 0 0 0 0 0 0 0 0 0 0 0 0 0 0 0 0 0 0 0 0 0 0 0 0 0 0 0 0 0 
0 0 0 0 0 0 0 0 0 0 0 0 0 0 0 0 0 0 0 0 0 0 0 0 0 0 0 0 0 0 0 0 0 0 0 0 0 0 0 0 0 0 0 0 0 0 0 0 0 0 0 0 0 0 0 0 0 0 0 0 0 0 0 0 0 0 0 0 0 0 0 0 0 0 0 0 0 0 0 0 0 0 0 0 0 0 0 0 0 0 0 0 0 0 105 199 189 189 189 189 189 188 188 189 189 189 189 188 188 187 187 185 185 186 185 185 185 184 182 178 176 175 173 170 169 166 163 162 157 147 136 126 121 118 115 114 113 114 113 111 110 114 121 124 120 115 114 120 123 124 120 118 118 118 121 122 118 117 118 116 118 122 123 120 119 122 127 134 134 129 126 126 130 135 138 134 123 112 104 103 110 118 122 129 133 121 107 103 105 106 100 109 124 133 131 117 105 106 109 105 112 116 121 127 129 132 130 117 110 120 132 137 136 133 133 136 146 151 144 114 109 113 101 96 102 99 101 119 142 144 128 123 123 106 99 107 117 120 118 125 128 108 75 70 77 82 97 113 121 121 87 92 118 128 118 106 102 111 111 120 115 96 101 119 125 116 111 120 117 107 114 110 86 74 73 63 67 79 87 61 55 50 52 50 57 80 95 96 89 89 89 90 69 15 0 0 0 0 0 0 0 0 0 0 0 0 0 0 0 0 0 0 0 0 0 0 0 0 0 0 0 0 0 0 0 0 0 0 0 0 0 0 0 0 0 0 0 0 0 0 0 0 0 0 0 0 0 0 0 0 0 0 0 0 0 0 0 0 0 0 0 0 0 0 0 0 0 0 0 0 0 0 0 0 0 0 0 0 0 0 0 0 0 0 0 0 0 0 0 0 0 0 0 0 0 0 0 0 0 0 0 0 0 0 0 0 0 0 0 0 0 0 0 0 0 0 0 0 0 0 0 0 0 0 0 0 0 0 0 0 0 0 0 0 0 0 0 0 0 0 0 0 0 0 0 0 0 0 0 0 0 0 0 0 0 0 0 0 0 0 0 0 0 0 0 0 0 0 0 0 0 0 0 0 0 0 0 0 0 0 0 0 0 0 0 0 0 0 0 0 0 0 0 0 0 0 0 0 0 0 0 0 0 0 0 0 0 0 0 0 0 0 0 0 0 0 0 0 0 0 0 0 0 0 0 0 0 0 0 0 0 0 0 0 0 0 0 0 0 
0 0 0 0 0 0 0 0 0 0 0 0 0 0 0 0 0 0 0 0 0 0 0 0 0 0 0 0 0 0 0 0 0 0 0 0 0 0 0 0 0 0 0 0 0 0 0 0 0 0 0 0 0 0 0 0 0 0 0 0 0 0 0 0 0 0 0 0 0 0 0 0 0 0 0 0 0 0 0 0 0 0 0 0 0 0 0 0 0 0 0 0 0 10 183 188 188 188 189 189 188 187 187 188 188 188 188 187 186 186 186 185 184 184 183 184 184 183 180 177 174 172 169 166 164 161 158 154 150 142 133 126 124 119 117 114 111 111 114 115 115 119 127 130 125 119 118 121 128 132 129 126 125 122 123 126 123 120 120 120 121 125 125 126 126 123 130 135 138 131 123 125 132 138 139 139 135 124 109 101 102 104 106 120 131 132 125 113 107 107 103 108 117 125 127 127 113 107 111 109 115 124 128 129 132 133 135 124 111 115 126 130 127 132 133 136 142 150 147 124 105 109 96 94 101 95 103 120 140 145 129 111 112 95 88 105 110 106 111 120 127 109 68 59 62 88 104 117 126 113 79 91 120 124 110 107 108 113 118 120 111 100 116 125 116 101 110 120 126 125 113 92 71 65 68 74 86 94 89 72 75 61 70 65 79 89 91 85 81 87 94 95 92 81 66 20 0 0 0 0 0 0 0 0 0 0 0 0 0 0 0 0 0 0 0 0 0 0 0 0 0 0 0 0 0 0 0 0 0 0 0 0 0 0 0 0 0 0 0 0 0 0 0 0 0 0 0 0 0 0 0 0 0 0 0 0 0 0 0 0 0 0 0 0 0 0 0 0 0 0 0 0 0 0 0 0 0 0 0 0 0 0 0 0 0 0 0 0 0 0 0 0 0 0 0 0 0 0 0 0 0 0 0 0 0 0 0 0 0 0 0 0 0 0 0 0 0 0 0 0 0 0 0 0 0 0 0 0 0 0 0 0 0 0 0 0 0 0 0 0 0 0 0 0 0 0 0 0 0 0 0 0 0 0 0 0 0 0 0 0 0 0 0 0 0 0 0 0 0 0 0 0 0 0 0 0 0 0 0 0 0 0 0 0 0 0 0 0 0 0 0 0 0 0 0 0 0 0 0 0 0 0 0 0 0 0 0 0 0 0 0 0 0 0 0 0 0 0 0 0 0 0 0 0 0 0 0 0 0 0 0 0 0 0 0 0 0 0 0 
0 0 0 0 0 0 0 0 0 0 0 0 0 0 0 0 0 0 0 0 0 0 0 0 0 0 0 0 0 0 0 0 0 0 0 0 0 0 0 0 0 0 0 0 0 0 0 0 0 0 0 0 0 0 0 0 0 0 0 0 0 0 0 0 0 0 0 0 0 0 0 0 0 0 0 0 0 0 0 0 0 0 0 0 0 0 0 0 0 0 0 0 0 98 197 186 187 187 188 187 187 187 188 188 188 188 188 187 186 186 186 184 183 182 181 182 182 182 179 176 172 169 165 161 159 155 151 145 140 134 129 124 121 121 122 120 116 112 115 121 125 129 133 134 130 126 123 122 127 131 131 131 130 126 126 131 129 127 125 126 127 127 127 128 131 132 132 135 135 130 124 126 134 139 140 141 138 128 115 103 102 100 96 105 119 129 131 124 113 108 111 111 115 124 126 131 126 112 117 108 114 127 135 134 132 131 134 128 116 116 122 116 115 118 120 130 138 143 143 130 106 106 98 94 101 96 103 116 136 138 123 100 97 90 85 100 103 95 106 113 120 100 67 56 64 94 105 118 130 99 73 93 117 114 101 104 115 120 121 117 110 110 120 119 98 86 112 129 137 123 96 73 63 66 77 84 99 104 103 95 84 74 76 75 86 86 73 72 88 97 88 70 68 83 108 106 58 20 0 0 0 0 0 0 0 0 0 0 0 0 0 0 0 0 0 0 0 0 0 0 0 0 0 0 0 0 0 0 0 0 0 0 0 0 0 0 0 0 0 0 0 0 0 0 0 0 0 0 0 0 0 0 0 0 0 0 0 0 0 0 0 0 0 0 0 0 0 0 0 0 0 0 0 0 0 0 0 0 0 0 0 0 0 0 0 0 0 0 0 0 0 0 0 0 0 0 0 0 0 0 0 0 0 0 0 0 0 0 0 0 0 0 0 0 0 0 0 0 0 0 0 0 0 0 0 0 0 0 0 0 0 0 0 0 0 0 0 0 0 0 0 0 0 0 0 0 0 0 0 0 0 0 0 0 0 0 0 0 0 0 0 0 0 0 0 0 0 0 0 0 0 0 0 0 0 0 0 0 0 0 0 0 0 0 0 0 0 0 0 0 0 0 0 0 0 0 0 0 0 0 0 0 0 0 0 0 0 0 0 0 0 0 0 0 0 0 0 0 0 0 0 0 0 0 0 0 0 0 0 0 0 0 0 0 0 0 0 0 0 
0 0 0 0 0 0 0 0 0 0 0 0 0 0 0 0 0 0 0 0 0 0 0 0 0 0 0 0 0 0 0 0 0 0 0 0 0 0 0 0 0 0 0 0 0 0 0 0 0 0 0 0 0 0 0 0 0 0 0 0 0 0 0 0 0 0 0 0 0 0 0 0 0 0 0 0 0 0 0 0 0 0 0 0 0 0 0 0 0 0 0 0 7 180 187 187 187 188 187 186 187 187 187 187 187 188 187 186 186 185 185 183 182 180 180 180 181 180 178 175 171 166 162 157 154 148 140 133 129 126 123 118 117 119 125 127 124 119 122 128 133 136 139 137 134 130 127 126 127 128 130 132 132 130 131 131 129 128 129 132 134 133 129 129 134 137 135 131 127 126 124 120 124 130 135 139 139 135 122 111 107 106 100 94 106 124 132 130 118 110 111 114 113 122 131 138 135 124 120 113 111 122 137 143 140 129 128 126 117 116 119 110 103 104 105 120 129 132 133 129 110 106 101 98 107 102 103 110 124 128 112 89 92 86 87 106 110 101 105 106 114 99 67 61 82 94 110 126 128 94 73 94 107 102 86 102 122 124 116 114 111 113 118 99 76 90 119 137 135 112 78 64 67 73 86 97 108 115 108 93 80 74 78 80 88 76 65 76 95 80 68 72 88 95 95 95 97 102 73 22 0 0 0 0 0 0 0 0 0 0 0 0 0 0 0 0 0 0 0 0 0 0 0 0 0 0 0 0 0 0 0 0 0 0 0 0 0 0 0 0 0 0 0 0 0 0 0 0 0 0 0 0 0 0 0 0 0 0 0 0 0 0 0 0 0 0 0 0 0 0 0 0 0 0 0 0 0 0 0 0 0 0 0 0 0 0 0 0 0 0 0 0 0 0 0 0 0 0 0 0 0 0 0 0 0 0 0 0 0 0 0 0 0 0 0 0 0 0 0 0 0 0 0 0 0 0 0 0 0 0 0 0 0 0 0 0 0 0 0 0 0 0 0 0 0 0 0 0 0 0 0 0 0 0 0 0 0 0 0 0 0 0 0 0 0 0 0 0 0 0 0 0 0 0 0 0 0 0 0 0 0 0 0 0 0 0 0 0 0 0 0 0 0 0 0 0 0 0 0 0 0 0 0 0 0 0 0 0 0 0 0 0 0 0 0 0 0 0 0 0 0 0 0 0 0 0 0 0 0 0 0 0 0 0 0 0 0 0 0 
0 0 0 0 0 0 0 0 0 0 0 0 0 0 0 0 0 0 0 0 0 0 0 0 0 0 0 0 0 0 0 0 0 0 0 0 0 0 0 0 0 0 0 0 0 0 0 0 0 0 0 0 0 0 0 0 0 0 0 0 0 0 0 0 0 0 0 0 0 0 0 0 0 0 0 0 0 0 0 0 0 0 0 0 0 0 0 0 0 0 0 0 93 197 186 186 187 187 187 187 187 187 187 187 186 187 187 186 185 184 183 182 182 180 179 177 177 176 177 174 169 164 159 152 147 140 129 122 118 117 115 116 116 117 124 129 129 126 131 133 138 141 141 139 137 134 132 132 128 127 129 131 132 130 129 128 127 125 127 132 135 134 131 130 133 138 138 133 122 122 120 115 117 121 122 132 139 139 130 117 110 110 109 104 106 122 135 135 129 114 111 114 114 121 129 133 134 134 129 120 116 120 130 144 145 130 119 116 109 113 113 106 97 98 93 103 118 110 120 116 106 105 108 104 113 105 105 100 109 107 95 77 76 80 86 114 117 107 98 101 108 95 70 73 96 102 118 132 122 95 79 85 96 96 82 115 117 98 94 105 105 103 100 77 70 101 120 140 126 102 77 67 73 82 98 107 107 107 92 80 83 83 85 83 83 60 65 78 73 81 93 99 98 94 94 110 112 102 98 95 67 19 0 0 0 0 0 0 0 0 0 0 0 0 0 0 0 0 0 0 0 0 0 0 0 0 0 0 0 0 0 0 0 0 0 0 0 0 0 0 0 0 0 0 0 0 0 0 0 0 0 0 0 0 0 0 0 0 0 0 0 0 0 0 0 0 0 0 0 0 0 0 0 0 0 0 0 0 0 0 0 0 0 0 0 0 0 0 0 0 0 0 0 0 0 0 0 0 0 0 0 0 0 0 0 0 0 0 0 0 0 0 0 0 0 0 0 0 0 0 0 0 0 0 0 0 0 0 0 0 0 0 0 0 0 0 0 0 0 0 0 0 0 0 0 0 0 0 0 0 0 0 0 0 0 0 0 0 0 0 0 0 0 0 0 0 0 0 0 0 0 0 0 0 0 0 0 0 0 0 0 0 0 0 0 0 0 0 0 0 0 0 0 0 0 0 0 0 0 0 0 0 0 0 0 0 0 0 0 0 0 0 0 0 0 0 0 0 0 0 0 0 0 0 0 0 0 0 0 0 0 0 0 0 0 0 0 0 0 
0 0 0 0 0 0 0 0 0 0 0 0 0 0 0 0 0 0 0 0 0 0 0 0 0 0 0 0 0 0 0 0 0 0 0 0 0 0 0 0 0 0 0 0 0 0 0 0 0 0 0 0 0 0 0 0 0 0 0 0 0 0 0 0 0 0 0 0 0 0 0 0 0 0 0 0 0 0 0 0 0 0 0 0 0 0 0 0 0 0 0 5 177 187 186 186 186 186 186 187 187 186 186 186 186 186 186 186 186 184 183 181 180 179 177 175 174 173 173 171 166 160 153 148 143 133 124 116 110 111 113 117 116 120 126 130 132 132 135 135 139 140 135 134 134 135 135 131 128 124 123 127 128 127 123 120 117 120 125 131 135 136 135 136 137 140 139 133 125 126 123 116 116 119 121 124 133 138 136 122 110 102 105 110 109 118 132 139 137 123 117 116 123 125 126 127 128 132 138 132 125 122 122 129 142 133 111 103 100 108 105 97 93 95 90 93 103 101 109 101 94 102 117 116 118 112 106 97 93 87 82 71 64 78 91 112 117 108 99 101 116 89 66 84 108 109 116 128 116 82 69 79 98 95 103 106 82 71 82 98 88 98 77 62 75 97 116 138 123 99 75 77 86 96 104 103 97 96 83 98 114 104 92 77 56 49 62 73 81 98 106 102 94 94 104 114 112 101 99 97 84 78 71 26 0 0 0 0 0 0 0 0 0 0 0 0 0 0 0 0 0 0 0 0 0 0 0 0 0 0 0 0 0 0 0 0 0 0 0 0 0 0 0 0 0 0 0 0 0 0 0 0 0 0 0 0 0 0 0 0 0 0 0 0 0 0 0 0 0 0 0 0 0 0 0 0 0 0 0 0 0 0 0 0 0 0 0 0 0 0 0 0 0 0 0 0 0 0 0 0 0 0 0 0 0 0 0 0 0 0 0 0 0 0 0 0 0 0 0 0 0 0 0 0 0 0 0 0 0 0 0 0 0 0 0 0 0 0 0 0 0 0 0 0 0 0 0 0 0 0 0 0 0 0 0 0 0 0 0 0 0 0 0 0 0 0 0 0 0 0 0 0 0 0 0 0 0 0 0 0 0 0 0 0 0 0 0 0 0 0 0 0 0 0 0 0 0 0 0 0 0 0 0 0 0 0 0 0 0 0 0 0 0 0 0 0 0 0 0 0 0 0 0 0 0 0 0 0 0 0 0 0 0 0 0 0 0 0 0 
0 0 0 0 0 0 0 0 0 0 0 0 0 0 0 0 0 0 0 0 0 0 0 0 0 0 0 0 0 0 0 0 0 0 0 0 0 0 0 0 0 0 0 0 0 0 0 0 0 0 0 0 0 0 0 0 0 0 0 0 0 0 0 0 0 0 0 0 0 0 0 0 0 0 0 0 0 0 0 0 0 0 0 0 0 0 0 0 0 0 0 87 196 185 185 186 186 186 186 186 187 187 186 185 186 186 185 186 187 185 184 182 179 177 177 175 173 171 169 167 162 156 149 144 139 128 121 116 111 111 115 117 118 123 131 134 134 134 133 131 131 131 126 126 129 133 132 129 124 118 116 117 120 121 118 115 113 116 125 134 138 138 139 138 136 138 137 135 129 126 125 124 123 123 122 121 124 134 137 125 109 97 91 97 104 109 120 134 136 130 123 118 120 125 125 121 117 113 129 140 133 120 114 125 141 142 119 103 104 109 104 92 91 93 90 88 92 91 102 96 78 87 115 122 123 116 108 92 86 80 73 66 64 84 91 111 101 109 99 102 110 87 67 89 121 101 114 122 97 71 65 78 101 106 110 89 64 68 80 81 86 92 67 57 73 95 126 133 108 84 72 79 88 99 96 93 91 92 109 126 125 103 78 56 52 62 81 93 94 96 103 100 97 99 98 102 101 97 91 84 82 79 92 100 72 27 0 0 0 0 0 0 0 0 0 0 0 0 0 0 0 0 0 0 0 0 0 0 0 0 0 0 0 0 0 0 0 0 0 0 0 0 0 0 0 0 0 0 0 0 0 0 0 0 0 0 0 0 0 0 0 0 0 0 0 0 0 0 0 0 0 0 0 0 0 0 0 0 0 0 0 0 0 0 0 0 0 0 0 0 0 0 0 0 0 0 0 0 0 0 0 0 0 0 0 0 0 0 0 0 0 0 0 0 0 0 0 0 0 0 0 0 0 0 0 0 0 0 0 0 0 0 0 0 0 0 0 0 0 0 0 0 0 0 0 0 0 0 0 0 0 0 0 0 0 0 0 0 0 0 0 0 0 0 0 0 0 0 0 0 0 0 0 0 0 0 0 0 0 0 0 0 0 0 0 0 0 0 0 0 0 0 0 0 0 0 0 0 0 0 0 0 0 0 0 0 0 0 0 0 0 0 0 0 0 0 0 0 0 0 0 0 0 0 0 0 0 0 0 0 0 0 0 0 0 0 0 0 0 
0 0 0 0 0 0 0 0 0 0 0 0 0 0 0 0 0 0 0 0 0 0 0 0 0 0 0 0 0 0 0 0 0 0 0 0 0 0 0 0 0 0 0 0 0 0 0 0 0 0 0 0 0 0 0 0 0 0 0 0 0 0 0 0 0 0 0 0 0 0 0 0 0 0 0 0 0 0 0 0 0 0 0 0 0 0 0 0 0 0 3 173 185 184 185 185 185 185 185 185 187 186 186 185 185 185 185 185 186 185 184 182 179 176 175 173 172 169 165 162 156 152 146 140 133 125 120 117 113 112 114 112 116 126 132 133 133 132 130 126 123 114 114 118 122 126 128 125 119 115 113 111 111 111 114 116 114 116 125 136 141 138 131 130 131 132 133 132 128 124 122 124 128 121 117 119 122 130 134 124 110 99 94 97 99 104 113 124 130 128 128 126 128 121 112 112 110 98 104 126 134 123 108 119 139 142 131 114 107 115 113 99 86 90 90 86 88 84 92 99 73 71 108 120 121 121 102 84 86 80 66 65 70 83 91 97 87 96 96 102 116 84 69 102 113 94 103 117 97 75 68 87 111 108 100 84 65 71 74 70 93 81 62 63 82 111 126 117 83 68 72 79 83 80 80 91 94 111 133 131 117 96 82 74 74 85 94 100 100 100 101 100 88 79 78 92 95 82 92 102 95 97 108 108 99 83 57 32 0 0 0 0 0 0 0 0 0 0 0 0 0 0 0 0 0 0 0 0 0 0 0 0 0 0 0 0 0 0 0 0 0 0 0 0 0 0 0 0 0 0 0 0 0 0 0 0 0 0 0 0 0 0 0 0 0 0 0 0 0 0 0 0 0 0 0 0 0 0 0 0 0 0 0 0 0 0 0 0 0 0 0 0 0 0 0 0 0 0 0 0 0 0 0 0 0 0 0 0 0 0 0 0 0 0 0 0 0 0 0 0 0 0 0 0 0 0 0 0 0 0 0 0 0 0 0 0 0 0 0 0 0 0 0 0 0 0 0 0 0 0 0 0 0 0 0 0 0 0 0 0 0 0 0 0 0 0 0 0 0 0 0 0 0 0 0 0 0 0 0 0 0 0 0 0 0 0 0 0 0 0 0 0 0 0 0 0 0 0 0 0 0 0 0 0 0 0 0 0 0 0 0 0 0 0 0 0 0 0 0 0 0 0 0 0 0 0 0 0 0 0 0 0 0 0 0 0 0 0 0 
0 0 0 0 0 0 0 0 0 0 0 0 0 0 0 0 0 0 0 0 0 0 0 0 0 0 0 0 0 0 0 0 0 0 0 0 0 0 0 0 0 0 0 0 0 0 0 0 0 0 0 0 0 0 0 0 0 0 0 0 0 0 0 0 0 0 0 0 0 0 0 0 0 0 0 0 0 0 0 0 0 0 0 0 0 0 0 0 0 0 81 194 182 183 184 184 184 184 184 184 184 185 185 185 185 185 185 184 184 184 184 182 179 176 174 171 169 165 162 158 151 144 138 131 125 119 116 118 118 116 114 113 117 125 127 129 129 128 127 124 118 112 112 115 116 118 120 115 110 109 110 108 105 104 106 109 114 120 124 132 138 136 127 123 123 128 127 128 129 123 115 116 124 122 115 109 110 118 125 123 111 101 98 101 101 109 116 119 120 123 125 123 126 125 118 110 114 103 91 106 127 125 107 115 134 137 135 129 115 116 118 114 97 94 92 86 86 80 84 94 81 74 99 116 109 120 94 85 93 84 69 71 74 90 95 90 77 82 87 102 118 93 82 119 100 93 112 116 92 72 73 93 107 85 85 73 72 79 75 71 81 76 76 81 90 116 120 94 72 71 73 72 78 75 90 109 118 122 126 123 113 101 88 69 77 93 99 110 118 112 101 90 70 73 94 95 93 92 97 92 100 118 121 98 83 79 87 105 88 34 0 0 0 0 0 0 0 0 0 0 0 0 0 0 0 0 0 0 0 0 0 0 0 0 0 0 0 0 0 0 0 0 0 0 0 0 0 0 0 0 0 0 0 0 0 0 0 0 0 0 0 0 0 0 0 0 0 0 0 0 0 0 0 0 0 0 0 0 0 0 0 0 0 0 0 0 0 0 0 0 0 0 0 0 0 0 0 0 0 0 0 0 0 0 0 0 0 0 0 0 0 0 0 0 0 0 0 0 0 0 0 0 0 0 0 0 0 0 0 0 0 0 0 0 0 0 0 0 0 0 0 0 0 0 0 0 0 0 0 0 0 0 0 0 0 0 0 0 0 0 0 0 0 0 0 0 0 0 0 0 0 0 0 0 0 0 0 0 0 0 0 0 0 0 0 0 0 0 0 0 0 0 0 0 0 0 0 0 0 0 0 0 0 0 0 0 0 0 0 0 0 0 0 0 0 0 0 0 0 0 0 0 0 0 0 0 0 0 0 0 0 0 0 0 0 0 0 0 0 
0 0 0 0 0 0 0 0 0 0 0 0 0 0 0 0 0 0 0 0 0 0 0 0 0 0 0 0 0 0 0 0 0 0 0 0 0 0 0 0 0 0 0 0 0 0 0 0 0 0 0 0 0 0 0 0 0 0 0 0 0 0 0 0 0 0 0 0 0 0 0 0 0 0 0 0 0 0 0 0 0 0 0 0 0 0 0 0 0 1 169 185 182 183 183 183 183 183 183 182 183 184 184 184 184 184 184 184 181 182 183 182 180 177 173 169 166 162 159 155 146 135 126 118 114 112 111 116 120 119 120 121 120 121 123 124 123 120 122 122 119 117 116 115 113 113 112 106 102 103 103 104 107 107 104 105 114 124 124 120 128 131 127 122 123 125 124 126 130 125 115 108 116 119 116 110 104 104 112 117 111 102 99 104 107 114 122 123 113 114 120 123 123 119 111 103 105 106 89 86 109 121 108 106 124 132 130 122 103 107 120 121 108 101 100 91 91 80 75 77 83 81 95 111 105 115 100 91 106 82 67 70 77 95 97 87 70 71 68 83 117 100 100 110 94 95 113 110 84 76 79 98 89 74 74 69 78 93 78 61 63 89 90 76 81 111 110 89 79 68 63 85 90 94 111 128 121 112 125 125 113 88 65 62 79 104 114 129 122 98 81 66 73 89 94 85 88 87 88 105 117 118 104 92 85 90 105 108 105 105 85 38 0 0 0 0 0 0 0 0 0 0 0 0 0 0 0 0 0 0 0 0 0 0 0 0 0 0 0 0 0 0 0 0 0 0 0 0 0 0 0 0 0 0 0 0 0 0 0 0 0 0 0 0 0 0 0 0 0 0 0 0 0 0 0 0 0 0 0 0 0 0 0 0 0 0 0 0 0 0 0 0 0 0 0 0 0 0 0 0 0 0 0 0 0 0 0 0 0 0 0 0 0 0 0 0 0 0 0 0 0 0 0 0 0 0 0 0 0 0 0 0 0 0 0 0 0 0 0 0 0 0 0 0 0 0 0 0 0 0 0 0 0 0 0 0 0 0 0 0 0 0 0 0 0 0 0 0 0 0 0 0 0 0 0 0 0 0 0 0 0 0 0 0 0 0 0 0 0 0 0 0 0 0 0 0 0 0 0 0 0 0 0 0 0 0 0 0 0 0 0 0 0 0 0 0 0 0 0 0 0 0 0 0 0 0 0 0 0 0 0 0 0 0 0 0 0 0 0 
0 0 0 0 0 0 0 0 0 0 0 0 0 0 0 0 0 0 0 0 0 0 0 0 0 0 0 0 0 0 0 0 0 0 0 0 0 0 0 0 0 0 0 0 0 0 0 0 0 0 0 0 0 0 0 0 0 0 0 0 0 0 0 0 0 0 0 0 0 0 0 0 0 0 0 0 0 0 0 0 0 0 0 0 0 0 0 0 0 74 193 182 183 183 183 183 182 182 182 181 181 182 183 184 184 183 183 183 182 181 181 180 179 178 173 168 163 158 156 152 141 128 117 107 103 104 109 116 120 121 123 123 118 119 120 120 118 116 117 120 122 123 121 113 109 108 106 106 105 102 103 103 108 111 111 109 114 122 123 118 119 121 123 125 122 121 121 123 124 123 120 110 114 123 124 122 113 107 108 108 108 108 110 113 112 114 118 118 111 110 116 124 123 113 102 97 98 99 93 80 94 116 106 100 115 133 131 118 95 94 116 124 113 106 106 97 85 81 76 74 82 91 99 107 101 114 108 98 104 83 66 70 68 103 95 80 80 74 59 73 120 105 106 92 88 102 107 99 83 80 88 113 88 84 69 75 96 102 76 55 67 99 78 58 86 112 111 97 83 74 78 102 90 113 122 120 116 120 132 120 92 68 57 87 113 126 128 113 92 79 78 74 89 72 53 50 61 85 108 112 101 80 88 97 112 117 104 102 106 121 114 111 87 37 0 0 0 0 0 0 0 0 0 0 0 0 0 0 0 0 0 0 0 0 0 0 0 0 0 0 0 0 0 0 0 0 0 0 0 0 0 0 0 0 0 0 0 0 0 0 0 0 0 0 0 0 0 0 0 0 0 0 0 0 0 0 0 0 0 0 0 0 0 0 0 0 0 0 0 0 0 0 0 0 0 0 0 0 0 0 0 0 0 0 0 0 0 0 0 0 0 0 0 0 0 0 0 0 0 0 0 0 0 0 0 0 0 0 0 0 0 0 0 0 0 0 0 0 0 0 0 0 0 0 0 0 0 0 0 0 0 0 0 0 0 0 0 0 0 0 0 0 0 0 0 0 0 0 0 0 0 0 0 0 0 0 0 0 0 0 0 0 0 0 0 0 0 0 0 0 0 0 0 0 0 0 0 0 0 0 0 0 0 0 0 0 0 0 0 0 0 0 0 0 0 0 0 0 0 0 0 0 0 0 0 0 0 0 0 0 0 0 0 0 0 0 0 0 0 
0 0 0 0 0 0 0 0 0 0 0 0 0 0 0 0 0 0 0 0 0 0 0 0 0 0 0 0 0 0 0 0 0 0 0 0 0 0 0 0 0 0 0 0 0 0 0 0 0 0 0 0 0 0 0 0 0 0 0 0 0 0 0 0 0 0 0 0 0 0 0 0 0 0 0 0 0 0 0 0 0 0 0 0 0 0 0 0 0 164 184 182 182 182 183 184 182 182 181 181 181 181 182 183 183 182 182 181 181 180 179 179 178 175 172 168 162 157 153 148 138 122 109 99 96 101 106 114 119 122 122 120 117 119 119 118 118 117 115 117 120 126 127 120 110 104 103 109 108 106 107 104 107 111 112 109 107 114 121 124 122 123 124 123 121 122 123 121 118 118 121 119 121 127 132 136 129 127 117 111 112 114 116 118 119 116 114 113 106 106 112 118 123 125 114 99 90 87 92 86 85 101 113 103 102 124 134 120 97 84 108 122 118 113 113 107 89 83 86 82 86 93 97 95 92 107 108 98 113 89 78 71 70 98 97 79 90 77 69 94 117 110 100 90 89 108 104 95 83 86 106 115 99 86 70 95 118 106 66 64 98 102 72 60 93 123 112 87 77 94 98 95 101 124 120 120 126 129 120 98 73 63 79 119 133 123 105 78 79 84 78 76 72 44 27 33 56 85 96 92 80 83 103 117 118 92 67 96 124 128 117 102 86 82 69 44 1 0 0 0 0 0 0 0 0 0 0 0 0 0 0 0 0 0 0 0 0 0 0 0 0 0 0 0 0 0 0 0 0 0 0 0 0 0 0 0 0 0 0 0 0 0 0 0 0 0 0 0 0 0 0 0 0 0 0 0 0 0 0 0 0 0 0 0 0 0 0 0 0 0 0 0 0 0 0 0 0 0 0 0 0 0 0 0 0 0 0 0 0 0 0 0 0 0 0 0 0 0 0 0 0 0 0 0 0 0 0 0 0 0 0 0 0 0 0 0 0 0 0 0 0 0 0 0 0 0 0 0 0 0 0 0 0 0 0 0 0 0 0 0 0 0 0 0 0 0 0 0 0 0 0 0 0 0 0 0 0 0 0 0 0 0 0 0 0 0 0 0 0 0 0 0 0 0 0 0 0 0 0 0 0 0 0 0 0 0 0 0 0 0 0 0 0 0 0 0 0 0 0 0 0 0 0 0 0 0 0 0 0 0 0 0 0 0 0 0 0 0 0 
0 0 0 0 0 0 0 0 0 0 0 0 0 0 0 0 0 0 0 0 0 0 0 0 0 0 0 0 0 0 0 0 0 0 0 0 0 0 0 0 0 0 0 0 0 0 0 0 0 0 0 0 0 0 0 0 0 0 0 0 0 0 0 0 0 0 0 0 0 0 0 0 0 0 0 0 0 0 0 0 0 0 0 0 0 0 0 0 70 190 181 182 182 182 182 183 183 182 181 181 180 180 180 181 181 182 181 180 180 179 179 178 177 174 171 166 161 156 150 144 133 118 104 94 93 99 106 111 117 120 119 117 117 119 117 117 119 117 115 114 115 123 127 125 117 107 104 106 108 106 105 106 111 109 108 105 104 108 114 123 129 134 129 123 120 127 130 123 115 119 125 124 120 124 131 135 135 132 125 116 117 120 120 118 123 121 114 110 107 105 112 126 123 124 125 112 93 79 85 95 87 82 97 112 106 121 133 121 112 98 97 116 117 114 115 114 103 87 84 83 87 89 95 87 83 96 98 97 114 96 86 84 79 101 92 88 92 86 88 99 110 102 100 90 100 112 108 94 88 98 116 118 101 74 92 117 120 98 69 81 118 104 69 61 104 127 104 81 95 105 85 97 120 126 116 122 128 120 102 87 71 76 106 121 119 96 83 77 86 80 62 71 64 61 54 58 78 91 97 94 97 104 112 111 85 67 80 122 131 114 100 88 72 61 84 114 104 58 3 0 0 0 0 0 0 0 0 0 0 0 0 0 0 0 0 0 0 0 0 0 0 0 0 0 0 0 0 0 0 0 0 0 0 0 0 0 0 0 0 0 0 0 0 0 0 0 0 0 0 0 0 0 0 0 0 0 0 0 0 0 0 0 0 0 0 0 0 0 0 0 0 0 0 0 0 0 0 0 0 0 0 0 0 0 0 0 0 0 0 0 0 0 0 0 0 0 0 0 0 0 0 0 0 0 0 0 0 0 0 0 0 0 0 0 0 0 0 0 0 0 0 0 0 0 0 0 0 0 0 0 0 0 0 0 0 0 0 0 0 0 0 0 0 0 0 0 0 0 0 0 0 0 0 0 0 0 0 0 0 0 0 0 0 0 0 0 0 0 0 0 0 0 0 0 0 0 0 0 0 0 0 0 0 0 0 0 0 0 0 0 0 0 0 0 0 0 0 0 0 0 0 0 0 0 0 0 0 0 0 0 0 0 0 0 0 0 0 0 0 
0 0 0 0 0 0 0 0 0 0 0 0 0 0 0 0 0 0 0 0 0 0 0 0 0 0 0 0 0 0 0 0 0 0 0 0 0 0 0 0 0 0 0 0 0 0 0 0 0 0 0 0 0 0 0 0 0 0 0 0 0 0 0 0 0 0 0 0 0 0 0 0 0 0 0 0 0 0 0 0 0 0 0 0 0 0 0 0 158 181 180 181 182 182 182 183 183 182 181 180 180 180 180 180 179 180 180 180 178 178 177 177 176 173 169 165 161 156 149 139 130 118 107 97 93 96 102 109 115 117 118 117 115 114 112 112 113 113 116 113 111 115 118 122 121 115 111 109 110 108 106 105 108 106 102 102 105 103 104 115 125 131 131 124 118 126 131 127 119 121 127 128 127 125 126 128 131 131 122 115 117 120 121 122 127 125 118 113 110 109 114 127 133 133 129 121 108 93 86 94 93 82 89 119 134 131 129 116 118 99 86 97 106 115 116 121 118 95 79 81 88 88 91 91 80 87 87 100 105 97 95 95 90 111 105 100 98 96 85 100 101 95 100 100 109 111 108 95 91 104 114 114 92 77 114 121 107 92 86 100 123 103 64 69 119 114 92 98 112 97 100 120 120 109 104 128 125 109 92 75 69 90 109 101 93 69 86 95 87 73 63 76 82 95 91 94 91 96 98 104 110 106 102 86 69 94 123 126 117 110 100 90 80 89 120 134 125 113 88 44 4 0 0 0 0 0 0 0 0 0 0 0 0 0 0 0 0 0 0 0 0 0 0 0 0 0 0 0 0 0 0 0 0 0 0 0 0 0 0 0 0 0 0 0 0 0 0 0 0 0 0 0 0 0 0 0 0 0 0 0 0 0 0 0 0 0 0 0 0 0 0 0 0 0 0 0 0 0 0 0 0 0 0 0 0 0 0 0 0 0 0 0 0 0 0 0 0 0 0 0 0 0 0 0 0 0 0 0 0 0 0 0 0 0 0 0 0 0 0 0 0 0 0 0 0 0 0 0 0 0 0 0 0 0 0 0 0 0 0 0 0 0 0 0 0 0 0 0 0 0 0 0 0 0 0 0 0 0 0 0 0 0 0 0 0 0 0 0 0 0 0 0 0 0 0 0 0 0 0 0 0 0 0 0 0 0 0 0 0 0 0 0 0 0 0 0 0 0 0 0 0 0 0 0 0 0 0 0 0 0 0 0 0 0 0 0 0 0 0 
0 0 0 0 0 0 0 0 0 0 0 0 0 0 0 0 0 0 0 0 0 0 0 0 0 0 0 0 0 0 0 0 0 0 0 0 0 0 0 0 0 0 0 0 0 0 0 0 0 0 0 0 0 0 0 0 0 0 0 0 0 0 0 0 0 0 0 0 0 0 0 0 0 0 0 0 0 0 0 0 0 0 0 0 0 0 0 65 189 179 180 181 181 181 182 182 182 181 181 181 181 179 179 178 179 179 180 179 178 177 177 176 174 171 169 165 161 155 148 138 131 122 114 105 97 95 99 106 111 113 116 114 111 109 104 101 102 105 110 112 112 112 113 117 120 118 116 114 114 116 110 104 104 101 96 97 98 96 95 103 113 126 133 128 121 122 125 125 119 118 125 125 129 128 121 118 122 125 125 124 121 120 124 128 131 129 126 122 117 112 106 112 119 126 134 132 123 110 91 87 96 96 93 102 118 133 134 118 114 107 87 86 87 104 109 112 123 113 90 85 93 92 90 95 90 87 87 96 98 83 98 107 101 111 112 111 110 100 86 103 105 93 98 110 99 90 100 96 89 101 100 109 87 106 120 110 101 101 101 113 130 72 69 102 113 90 83 104 119 101 115 123 95 90 107 120 116 99 77 62 72 90 86 79 82 87 107 102 90 85 86 104 112 100 85 77 86 101 114 121 108 88 65 70 98 122 120 105 106 111 105 106 116 132 140 127 94 73 64 99 111 65 7 0 0 0 0 0 0 0 0 0 0 0 0 0 0 0 0 0 0 0 0 0 0 0 0 0 0 0 0 0 0 0 0 0 0 0 0 0 0 0 0 0 0 0 0 0 0 0 0 0 0 0 0 0 0 0 0 0 0 0 0 0 0 0 0 0 0 0 0 0 0 0 0 0 0 0 0 0 0 0 0 0 0 0 0 0 0 0 0 0 0 0 0 0 0 0 0 0 0 0 0 0 0 0 0 0 0 0 0 0 0 0 0 0 0 0 0 0 0 0 0 0 0 0 0 0 0 0 0 0 0 0 0 0 0 0 0 0 0 0 0 0 0 0 0 0 0 0 0 0 0 0 0 0 0 0 0 0 0 0 0 0 0 0 0 0 0 0 0 0 0 0 0 0 0 0 0 0 0 0 0 0 0 0 0 0 0 0 0 0 0 0 0 0 0 0 0 0 0 0 0 0 0 0 0 0 0 0 0 0 0 0 0 0 0 0 0 
0 0 0 0 0 0 0 0 0 0 0 0 0 0 0 0 0 0 0 0 0 0 0 0 0 0 0 0 0 0 0 0 0 0 0 0 0 0 0 0 0 0 0 0 0 0 0 0 0 0 0 0 0 0 0 0 0 0 0 0 0 0 0 0 0 0 0 0 0 0 0 0 0 0 0 0 0 0 0 0 0 0 0 0 0 0 0 155 182 179 179 180 181 181 182 182 182 182 181 181 180 179 179 178 177 177 178 178 178 177 176 175 172 170 166 164 159 153 147 140 132 125 119 111 104 101 102 105 107 109 112 113 108 104 100 97 97 97 102 107 111 113 110 109 110 111 112 111 110 111 109 102 100 100 95 92 92 93 98 104 111 124 135 134 126 123 122 119 118 123 128 127 131 132 128 115 104 112 123 127 130 131 130 129 130 131 134 128 121 113 110 106 103 111 126 132 130 119 93 78 91 104 101 96 94 109 128 128 119 118 111 98 83 93 105 107 121 126 101 89 94 97 92 95 95 101 102 99 98 86 94 109 107 110 106 107 116 107 89 106 116 94 88 111 79 70 103 103 104 104 105 118 100 125 116 98 109 110 115 130 125 74 90 119 95 77 101 121 117 109 112 107 77 91 105 118 114 91 66 66 78 79 62 78 106 106 111 107 102 99 103 109 105 86 82 101 114 120 116 102 74 54 50 85 117 113 99 95 102 105 108 112 115 110 123 95 79 69 85 111 125 129 122 77 10 0 0 0 0 0 0 0 0 0 0 0 0 0 0 0 0 0 0 0 0 0 0 0 0 0 0 0 0 0 0 0 0 0 0 0 0 0 0 0 0 0 0 0 0 0 0 0 0 0 0 0 0 0 0 0 0 0 0 0 0 0 0 0 0 0 0 0 0 0 0 0 0 0 0 0 0 0 0 0 0 0 0 0 0 0 0 0 0 0 0 0 0 0 0 0 0 0 0 0 0 0 0 0 0 0 0 0 0 0 0 0 0 0 0 0 0 0 0 0 0 0 0 0 0 0 0 0 0 0 0 0 0 0 0 0 0 0 0 0 0 0 0 0 0 0 0 0 0 0 0 0 0 0 0 0 0 0 0 0 0 0 0 0 0 0 0 0 0 0 0 0 0 0 0 0 0 0 0 0 0 0 0 0 0 0 0 0 0 0 0 0 0 0 0 0 0 0 0 0 0 0 0 0 0 0 0 0 0 0 0 0 0 0 0 
0 0 0 0 0 0 0 0 0 0 0 0 0 0 0 0 0 0 0 0 0 0 0 0 0 0 0 0 0 0 0 0 0 0 0 0 0 0 0 0 0 0 0 0 0 0 0 0 0 0 0 0 0 0 0 0 0 0 0 0 0 0 0 0 0 0 0 0 0 0 0 0 0 0 0 0 0 0 0 0 0 0 0 0 0 0 58 188 178 178 179 180 181 181 181 182 182 182 182 181 179 179 179 178 175 174 175 176 177 177 177 175 174 168 163 160 156 151 145 140 131 125 118 112 110 110 108 105 107 109 116 117 110 104 101 98 96 95 102 109 114 119 115 104 97 99 103 102 99 102 107 103 97 94 92 88 87 92 103 115 123 128 131 131 129 128 127 126 122 128 132 134 135 133 130 127 122 116 113 119 125 128 131 128 126 130 135 137 132 114 107 113 116 110 107 115 127 129 106 80 87 100 100 102 90 84 107 129 120 119 118 111 103 91 98 103 111 120 95 87 98 98 94 94 96 109 113 98 93 88 99 108 107 100 97 106 122 116 91 110 117 98 121 109 71 72 118 119 123 114 123 122 120 119 108 104 118 114 116 135 119 86 108 123 102 96 117 122 109 107 104 84 85 104 119 127 106 78 55 76 84 66 76 108 126 116 110 108 101 97 92 100 96 94 105 110 104 100 102 85 67 68 81 104 111 101 96 87 92 100 101 97 88 95 117 108 96 101 115 124 125 119 128 146 129 71 12 0 0 0 0 0 0 0 0 0 0 0 0 0 0 0 0 0 0 0 0 0 0 0 0 0 0 0 0 0 0 0 0 0 0 0 0 0 0 0 0 0 0 0 0 0 0 0 0 0 0 0 0 0 0 0 0 0 0 0 0 0 0 0 0 0 0 0 0 0 0 0 0 0 0 0 0 0 0 0 0 0 0 0 0 0 0 0 0 0 0 0 0 0 0 0 0 0 0 0 0 0 0 0 0 0 0 0 0 0 0 0 0 0 0 0 0 0 0 0 0 0 0 0 0 0 0 0 0 0 0 0 0 0 0 0 0 0 0 0 0 0 0 0 0 0 0 0 0 0 0 0 0 0 0 0 0 0 0 0 0 0 0 0 0 0 0 0 0 0 0 0 0 0 0 0 0 0 0 0 0 0 0 0 0 0 0 0 0 0 0 0 0 0 0 0 0 0 0 0 0 0 0 0 0 0 0 0 0 0 0 0 0 
0 0 0 0 0 0 0 0 0 0 0 0 0 0 0 0 0 0 0 0 0 0 0 0 0 0 0 0 0 0 0 0 0 0 0 0 0 0 0 0 0 0 0 0 0 0 0 0 0 0 0 0 0 0 0 0 0 0 0 0 0 0 0 0 0 0 0 0 0 0 0 0 0 0 0 0 0 0 0 0 0 0 0 0 0 0 150 179 177 179 179 180 181 181 181 182 182 182 182 181 180 180 179 178 174 173 174 176 176 177 177 175 173 167 161 156 152 147 139 132 126 119 112 107 108 111 111 108 108 112 119 122 118 111 109 103 99 101 106 112 116 119 118 111 101 97 98 97 94 97 104 106 100 96 93 86 85 89 98 114 127 131 134 130 127 128 128 126 125 125 126 129 134 131 129 134 135 130 123 117 114 116 122 119 113 114 125 135 139 137 126 113 116 118 113 106 97 111 124 105 87 88 90 101 100 88 97 108 107 118 122 115 118 95 81 89 104 110 93 84 99 104 95 100 98 111 122 107 96 96 108 108 106 96 85 106 124 119 108 112 117 95 128 106 70 83 116 130 131 125 125 124 119 122 112 116 119 115 110 121 114 94 129 129 98 106 117 119 109 98 94 81 97 117 131 114 79 58 71 97 92 95 114 126 125 111 108 112 103 98 87 83 76 90 90 91 99 112 104 77 66 78 98 101 97 85 74 79 87 97 100 100 108 122 129 121 114 122 130 131 124 127 142 137 132 137 122 69 13 0 0 0 0 0 0 0 0 0 0 0 0 0 0 0 0 0 0 0 0 0 0 0 0 0 0 0 0 0 0 0 0 0 0 0 0 0 0 0 0 0 0 0 0 0 0 0 0 0 0 0 0 0 0 0 0 0 0 0 0 0 0 0 0 0 0 0 0 0 0 0 0 0 0 0 0 0 0 0 0 0 0 0 0 0 0 0 0 0 0 0 0 0 0 0 0 0 0 0 0 0 0 0 0 0 0 0 0 0 0 0 0 0 0 0 0 0 0 0 0 0 0 0 0 0 0 0 0 0 0 0 0 0 0 0 0 0 0 0 0 0 0 0 0 0 0 0 0 0 0 0 0 0 0 0 0 0 0 0 0 0 0 0 0 0 0 0 0 0 0 0 0 0 0 0 0 0 0 0 0 0 0 0 0 0 0 0 0 0 0 0 0 0 0 0 0 0 0 0 0 0 0 0 0 0 0 0 0 0 0 
0 0 0 0 0 0 0 0 0 0 0 0 0 0 0 0 0 0 0 0 0 0 0 0 0 0 0 0 0 0 0 0 0 0 0 0 0 0 0 0 0 0 0 0 0 0 0 0 0 0 0 0 0 0 0 0 0 0 0 0 0 0 0 0 0 0 0 0 0 0 0 0 0 0 0 0 0 0 0 0 0 0 0 0 0 53 188 177 178 179 179 180 181 181 181 182 182 183 183 181 180 180 180 178 176 174 174 174 174 175 175 174 172 166 160 155 149 142 132 124 118 112 106 103 105 109 112 111 110 113 116 121 122 118 115 111 107 106 109 113 115 113 114 116 112 105 103 99 91 92 101 107 105 102 94 84 85 88 90 100 113 125 129 131 128 122 120 120 119 120 114 117 125 125 124 131 138 137 129 121 119 115 109 105 100 100 117 133 135 137 131 131 130 120 114 107 96 94 108 115 105 89 85 93 106 109 97 101 98 121 127 111 111 106 79 77 91 107 103 94 101 103 96 101 104 107 119 115 100 97 107 110 109 100 81 104 122 113 118 125 116 101 122 117 84 86 113 126 131 123 122 115 117 126 117 120 118 122 99 123 122 121 132 116 89 104 118 126 110 107 91 92 107 127 128 88 57 64 100 95 102 107 115 116 113 107 113 112 107 101 69 52 68 92 102 115 131 124 102 90 92 105 109 103 92 74 82 96 90 95 109 119 127 133 137 134 137 139 133 126 121 130 142 137 135 140 130 129 128 77 13 0 0 0 0 0 0 0 0 0 0 0 0 0 0 0 0 0 0 0 0 0 0 0 0 0 0 0 0 0 0 0 0 0 0 0 0 0 0 0 0 0 0 0 0 0 0 0 0 0 0 0 0 0 0 0 0 0 0 0 0 0 0 0 0 0 0 0 0 0 0 0 0 0 0 0 0 0 0 0 0 0 0 0 0 0 0 0 0 0 0 0 0 0 0 0 0 0 0 0 0 0 0 0 0 0 0 0 0 0 0 0 0 0 0 0 0 0 0 0 0 0 0 0 0 0 0 0 0 0 0 0 0 0 0 0 0 0 0 0 0 0 0 0 0 0 0 0 0 0 0 0 0 0 0 0 0 0 0 0 0 0 0 0 0 0 0 0 0 0 0 0 0 0 0 0 0 0 0 0 0 0 0 0 0 0 0 0 0 0 0 0 0 0 0 0 0 0 0 0 0 0 0 0 0 0 0 0 0 
0 0 0 0 0 0 0 0 0 0 0 0 0 0 0 0 0 0 0 0 0 0 0 0 0 0 0 0 0 0 0 0 0 0 0 0 0 0 0 0 0 0 0 0 0 0 0 0 0 0 0 0 0 0 0 0 0 0 0 0 0 0 0 0 0 0 0 0 0 0 0 0 0 0 0 0 0 0 0 0 0 0 0 0 0 149 180 177 178 180 181 181 181 182 182 182 182 183 182 181 180 180 179 179 176 175 174 172 172 172 172 171 169 164 158 152 145 137 129 120 113 107 105 103 101 103 107 111 112 112 110 111 113 115 117 119 113 112 114 115 113 110 110 112 114 114 110 104 96 90 92 98 102 101 92 85 85 88 87 91 99 107 115 129 127 116 111 109 112 113 111 113 114 106 111 132 137 135 128 122 126 121 117 116 113 118 121 122 122 124 122 115 116 119 112 101 92 87 91 110 122 108 89 88 94 93 89 93 96 106 116 118 112 117 104 85 86 101 113 108 105 97 91 102 109 106 115 115 105 96 106 115 114 109 95 100 115 113 118 136 131 106 126 133 109 94 108 111 117 128 124 112 112 124 120 100 116 117 97 128 132 123 120 89 92 103 116 131 119 96 80 103 119 134 109 73 75 91 106 94 101 103 105 98 112 119 116 109 104 83 53 70 104 115 127 139 139 124 118 114 115 121 120 95 87 86 92 95 90 97 102 110 108 129 123 120 120 115 119 117 120 141 146 141 139 139 137 133 124 114 104 59 14 0 0 0 0 0 0 0 0 0 0 0 0 0 0 0 0 0 0 0 0 0 0 0 0 0 0 0 0 0 0 0 0 0 0 0 0 0 0 0 0 0 0 0 0 0 0 0 0 0 0 0 0 0 0 0 0 0 0 0 0 0 0 0 0 0 0 0 0 0 0 0 0 0 0 0 0 0 0 0 0 0 0 0 0 0 0 0 0 0 0 0 0 0 0 0 0 0 0 0 0 0 0 0 0 0 0 0 0 0 0 0 0 0 0 0 0 0 0 0 0 0 0 0 0 0 0 0 0 0 0 0 0 0 0 0 0 0 0 0 0 0 0 0 0 0 0 0 0 0 0 0 0 0 0 0 0 0 0 0 0 0 0 0 0 0 0 0 0 0 0 0 0 0 0 0 0 0 0 0 0 0 0 0 0 0 0 0 0 0 0 0 0 0 0 0 0 0 0 0 0 0 0 0 0 0 0 
0 0 0 0 0 0 0 0 0 0 0 0 0 0 0 0 0 0 0 0 0 0 0 0 0 0 0 0 0 0 0 0 0 0 0 0 0 0 0 0 0 0 0 0 0 0 0 0 0 0 0 0 0 0 0 0 0 0 0 0 0 0 0 0 0 0 0 0 0 0 0 0 0 0 0 0 0 0 0 0 0 0 0 0 50 187 177 178 179 180 181 182 181 181 182 182 183 184 182 181 180 179 179 179 178 176 174 172 170 169 169 169 166 160 155 148 140 134 125 117 109 107 107 103 99 97 99 106 109 110 106 102 103 105 109 116 117 117 115 112 112 112 110 109 113 117 111 106 100 91 85 84 90 94 88 84 89 92 88 89 93 97 108 121 122 118 112 103 98 101 108 116 115 110 108 121 130 123 109 105 107 119 125 128 133 137 144 135 122 123 123 116 104 94 95 95 95 91 95 105 124 129 103 84 87 87 78 89 97 93 98 116 116 116 118 102 91 99 109 113 110 100 89 97 114 111 111 113 111 104 106 120 125 119 107 107 114 116 118 135 131 109 119 133 126 110 112 86 113 132 110 97 106 127 121 94 127 111 100 132 127 105 96 83 103 105 109 128 112 77 82 105 119 127 100 72 108 106 105 108 109 102 100 109 132 125 116 107 77 72 89 114 128 129 133 125 113 118 120 128 127 118 102 88 89 78 74 73 83 93 97 87 87 114 76 74 79 101 111 120 132 149 148 141 132 124 132 125 110 94 91 95 89 51 11 0 0 0 0 0 0 0 0 0 0 0 0 0 0 0 0 0 0 0 0 0 0 0 0 0 0 0 0 0 0 0 0 0 0 0 0 0 0 0 0 0 0 0 0 0 0 0 0 0 0 0 0 0 0 0 0 0 0 0 0 0 0 0 0 0 0 0 0 0 0 0 0 0 0 0 0 0 0 0 0 0 0 0 0 0 0 0 0 0 0 0 0 0 0 0 0 0 0 0 0 0 0 0 0 0 0 0 0 0 0 0 0 0 0 0 0 0 0 0 0 0 0 0 0 0 0 0 0 0 0 0 0 0 0 0 0 0 0 0 0 0 0 0 0 0 0 0 0 0 0 0 0 0 0 0 0 0 0 0 0 0 0 0 0 0 0 0 0 0 0 0 0 0 0 0 0 0 0 0 0 0 0 0 0 0 0 0 0 0 0 0 0 0 0 0 0 0 0 0 0 0 0 0 0 
0 0 0 0 0 0 0 0 0 0 0 0 0 0 0 0 0 0 0 0 0 0 0 0 0 0 0 0 0 0 0 0 0 0 0 0 0 0 0 0 0 0 0 0 0 0 0 0 0 0 0 0 0 0 0 0 0 0 0 0 0 0 0 0 0 0 0 0 0 0 0 0 0 0 0 0 0 0 0 0 0 0 0 0 143 181 177 179 179 180 182 182 182 183 183 183 183 182 182 181 180 179 179 179 178 177 175 171 167 164 164 164 161 157 150 141 133 127 120 113 106 108 108 103 100 96 94 98 102 104 102 100 96 95 102 109 113 113 110 109 107 105 106 103 110 114 111 107 104 92 84 84 94 99 99 100 97 93 88 87 91 96 106 114 117 119 118 112 104 97 99 114 128 131 134 138 133 117 100 86 87 92 98 109 115 126 137 141 141 135 127 125 124 119 104 95 102 106 109 102 109 127 118 94 86 83 80 91 104 108 99 105 117 115 122 117 105 103 104 108 114 103 96 99 114 113 106 111 113 114 111 115 129 128 122 119 119 122 115 122 121 112 118 124 126 127 106 77 105 134 98 86 108 124 111 111 134 114 91 135 123 86 77 97 96 88 92 117 107 77 100 104 109 117 98 100 123 114 115 114 102 92 110 128 136 133 118 86 61 87 125 132 131 115 101 98 111 131 131 128 114 101 90 76 74 78 87 92 102 104 85 68 99 85 61 75 104 121 122 117 140 137 126 116 114 119 121 110 96 85 98 102 91 71 54 31 8 0 0 0 0 0 0 0 0 0 0 0 0 0 0 0 0 0 0 0 0 0 0 0 0 0 0 0 0 0 0 0 0 0 0 0 0 0 0 0 0 0 0 0 0 0 0 0 0 0 0 0 0 0 0 0 0 0 0 0 0 0 0 0 0 0 0 0 0 0 0 0 0 0 0 0 0 0 0 0 0 0 0 0 0 0 0 0 0 0 0 0 0 0 0 0 0 0 0 0 0 0 0 0 0 0 0 0 0 0 0 0 0 0 0 0 0 0 0 0 0 0 0 0 0 0 0 0 0 0 0 0 0 0 0 0 0 0 0 0 0 0 0 0 0 0 0 0 0 0 0 0 0 0 0 0 0 0 0 0 0 0 0 0 0 0 0 0 0 0 0 0 0 0 0 0 0 0 0 0 0 0 0 0 0 0 0 0 0 0 0 0 0 0 0 0 0 0 0 0 0 0 0 
0 0 0 0 0 0 0 0 0 0 0 0 0 0 0 0 0 0 0 0 0 0 0 0 0 0 0 0 0 0 0 0 0 0 0 0 0 0 0 0 0 0 0 0 0 0 0 0 0 0 0 0 0 0 0 0 0 0 0 0 0 0 0 0 0 0 0 0 0 0 0 0 0 0 0 0 0 0 0 0 0 0 0 47 186 177 179 180 181 182 182 182 182 182 181 182 182 181 180 180 179 178 178 177 177 176 172 168 162 158 157 157 156 152 145 136 127 119 114 108 107 108 106 102 99 94 92 94 95 95 96 95 91 89 95 101 107 107 108 108 106 104 104 102 103 102 104 102 102 96 92 94 97 103 110 118 117 102 88 84 86 89 99 109 112 116 122 127 120 113 109 115 125 133 141 138 141 138 124 109 96 85 87 96 108 108 110 124 136 139 136 134 133 129 126 123 116 112 110 105 97 104 117 114 107 95 86 89 102 110 116 121 127 117 118 123 112 104 105 108 113 110 106 106 113 112 101 107 109 118 114 110 121 133 135 124 135 129 117 111 114 125 120 116 115 123 96 73 100 125 109 96 109 112 103 125 132 101 91 124 116 69 70 98 82 77 95 108 108 106 107 103 113 123 109 133 120 112 106 99 95 107 130 137 139 126 100 86 92 111 124 123 110 84 91 109 127 128 123 116 109 102 86 86 103 122 115 103 99 90 87 90 116 93 90 118 120 108 101 111 132 125 108 95 100 96 93 95 99 103 106 97 71 54 46 43 47 41 15 0 0 0 0 0 0 0 0 0 0 0 0 0 0 0 0 0 0 0 0 0 0 0 0 0 0 0 0 0 0 0 0 0 0 0 0 0 0 0 0 0 0 0 0 0 0 0 0 0 0 0 0 0 0 0 0 0 0 0 0 0 0 0 0 0 0 0 0 0 0 0 0 0 0 0 0 0 0 0 0 0 0 0 0 0 0 0 0 0 0 0 0 0 0 0 0 0 0 0 0 0 0 0 0 0 0 0 0 0 0 0 0 0 0 0 0 0 0 0 0 0 0 0 0 0 0 0 0 0 0 0 0 0 0 0 0 0 0 0 0 0 0 0 0 0 0 0 0 0 0 0 0 0 0 0 0 0 0 0 0 0 0 0 0 0 0 0 0 0 0 0 0 0 0 0 0 0 0 0 0 0 0 0 0 0 0 0 0 0 0 0 0 0 0 0 0 0 0 0 0 
0 0 0 0 0 0 0 0 0 0 0 0 0 0 0 0 0 0 0 0 0 0 0 0 0 0 0 0 0 0 0 0 0 0 0 0 0 0 0 0 0 0 0 0 0 0 0 0 0 0 0 0 0 0 0 0 0 0 0 0 0 0 0 0 0 0 0 0 0 0 0 0 0 0 0 0 0 0 0 0 0 0 0 138 183 178 178 179 180 181 181 181 181 181 180 180 179 179 178 177 177 176 175 174 174 172 169 164 159 155 152 151 150 147 141 132 122 112 108 104 106 108 107 100 93 89 90 93 92 91 90 90 89 91 92 95 99 104 107 111 111 111 116 110 98 93 94 97 99 99 99 99 97 96 103 116 117 108 95 89 88 86 91 99 105 112 119 125 126 129 124 119 121 125 127 128 133 139 146 140 125 107 90 91 97 103 102 103 107 121 135 135 118 106 121 136 125 108 105 105 98 93 106 122 115 108 105 97 101 108 117 123 123 122 113 109 103 95 98 106 118 119 110 109 111 107 99 103 102 118 115 110 113 133 140 125 134 134 117 104 105 120 120 109 97 95 91 78 98 119 116 110 98 100 111 124 125 107 90 117 110 67 78 84 72 72 93 108 100 110 98 112 125 117 115 123 109 90 75 79 109 129 134 137 121 102 91 106 114 119 106 95 85 94 112 120 118 111 116 117 115 108 102 111 126 129 115 116 119 118 113 125 133 130 121 111 100 100 113 130 135 126 112 105 95 81 80 95 113 110 99 89 78 58 46 39 44 65 98 90 30 0 0 0 0 0 0 0 0 0 0 0 0 0 0 0 0 0 0 0 0 0 0 0 0 0 0 0 0 0 0 0 0 0 0 0 0 0 0 0 0 0 0 0 0 0 0 0 0 0 0 0 0 0 0 0 0 0 0 0 0 0 0 0 0 0 0 0 0 0 0 0 0 0 0 0 0 0 0 0 0 0 0 0 0 0 0 0 0 0 0 0 0 0 0 0 0 0 0 0 0 0 0 0 0 0 0 0 0 0 0 0 0 0 0 0 0 0 0 0 0 0 0 0 0 0 0 0 0 0 0 0 0 0 0 0 0 0 0 0 0 0 0 0 0 0 0 0 0 0 0 0 0 0 0 0 0 0 0 0 0 0 0 0 0 0 0 0 0 0 0 0 0 0 0 0 0 0 0 0 0 0 0 0 0 0 0 0 0 0 0 0 0 0 0 0 0 0 0 
0 0 0 0 0 0 0 0 0 0 0 0 0 0 0 0 0 0 0 0 0 0 0 0 0 0 0 0 0 0 0 0 0 0 0 0 0 0 0 0 0 0 0 0 0 0 0 0 0 0 0 0 0 0 0 0 0 0 0 0 0 0 0 0 0 0 0 0 0 0 0 0 0 0 0 0 0 0 0 0 0 0 41 186 176 176 177 178 178 178 178 179 179 179 177 177 176 176 176 174 173 171 171 170 169 168 166 161 156 152 148 145 143 141 136 128 117 108 104 103 104 107 105 99 92 85 89 92 92 94 92 90 89 92 93 96 98 102 105 110 111 114 120 112 103 98 96 97 99 102 103 101 100 99 100 106 106 105 102 100 96 90 91 95 100 104 108 112 118 122 122 120 119 125 129 131 131 137 140 142 141 124 99 88 89 91 105 105 100 100 107 121 117 99 88 104 125 127 115 108 103 95 96 109 109 107 122 115 101 99 104 115 112 107 102 104 100 93 96 100 112 126 121 114 111 107 105 104 102 110 112 109 108 125 140 130 127 133 119 106 100 102 119 112 88 89 85 79 91 109 115 115 96 101 112 113 127 104 80 97 113 84 80 74 70 65 102 101 89 90 93 116 126 98 97 114 87 64 59 79 112 124 126 126 95 100 109 111 112 108 88 88 92 112 110 103 90 98 111 115 103 100 107 123 121 132 132 131 126 114 115 130 144 130 109 104 112 123 138 148 144 121 108 103 94 96 105 114 114 108 99 93 71 49 38 38 53 81 112 130 128 92 33 0 0 0 0 0 0 0 0 0 0 0 0 0 0 0 0 0 0 0 0 0 0 0 0 0 0 0 0 0 0 0 0 0 0 0 0 0 0 0 0 0 0 0 0 0 0 0 0 0 0 0 0 0 0 0 0 0 0 0 0 0 0 0 0 0 0 0 0 0 0 0 0 0 0 0 0 0 0 0 0 0 0 0 0 0 0 0 0 0 0 0 0 0 0 0 0 0 0 0 0 0 0 0 0 0 0 0 0 0 0 0 0 0 0 0 0 0 0 0 0 0 0 0 0 0 0 0 0 0 0 0 0 0 0 0 0 0 0 0 0 0 0 0 0 0 0 0 0 0 0 0 0 0 0 0 0 0 0 0 0 0 0 0 0 0 0 0 0 0 0 0 0 0 0 0 0 0 0 0 0 0 0 0 0 0 0 0 0 0 0 0 0 0 0 0 0 
0 0 0 0 0 0 0 0 0 0 0 0 0 0 0 0 0 0 0 0 0 0 0 0 0 0 0 0 0 0 0 0 0 0 0 0 0 0 0 0 0 0 0 0 0 0 0 0 0 0 0 0 0 0 0 0 0 0 0 0 0 0 0 0 0 0 0 0 0 0 0 0 0 0 0 0 0 0 0 0 0 0 131 180 174 174 175 176 175 175 175 175 175 175 174 173 172 172 172 171 168 167 167 166 164 163 161 156 152 147 143 139 137 135 130 121 112 106 100 101 103 107 104 97 90 85 87 90 96 101 103 97 95 96 96 98 102 108 108 108 111 112 114 111 106 101 95 97 102 103 105 105 104 103 103 98 95 99 101 104 103 95 94 96 94 94 98 99 110 122 128 124 126 130 134 134 131 134 133 135 139 135 119 105 96 90 97 117 117 105 99 100 105 100 88 88 107 130 129 118 107 85 83 103 109 97 108 123 119 107 99 106 114 109 94 95 101 101 103 100 106 124 134 126 117 113 112 109 104 106 107 105 106 108 129 138 122 124 124 116 97 97 106 109 93 79 86 82 81 86 107 116 103 105 112 105 116 96 70 85 86 83 84 78 66 68 110 92 77 72 100 118 105 87 97 99 53 56 79 97 98 116 117 110 102 122 104 93 91 83 103 107 100 102 88 76 76 102 98 86 96 119 128 128 128 137 126 114 117 129 138 142 128 114 113 124 133 131 143 146 130 116 109 108 115 117 121 114 105 97 83 64 49 38 34 38 60 91 113 108 104 116 135 114 40 0 0 0 0 0 0 0 0 0 0 0 0 0 0 0 0 0 0 0 0 0 0 0 0 0 0 0 0 0 0 0 0 0 0 0 0 0 0 0 0 0 0 0 0 0 0 0 0 0 0 0 0 0 0 0 0 0 0 0 0 0 0 0 0 0 0 0 0 0 0 0 0 0 0 0 0 0 0 0 0 0 0 0 0 0 0 0 0 0 0 0 0 0 0 0 0 0 0 0 0 0 0 0 0 0 0 0 0 0 0 0 0 0 0 0 0 0 0 0 0 0 0 0 0 0 0 0 0 0 0 0 0 0 0 0 0 0 0 0 0 0 0 0 0 0 0 0 0 0 0 0 0 0 0 0 0 0 0 0 0 0 0 0 0 0 0 0 0 0 0 0 0 0 0 0 0 0 0 0 0 0 0 0 0 0 0 0 0 0 0 0 0 0 0 
0 0 0 0 0 0 0 0 0 0 0 0 0 0 0 0 0 0 0 0 0 0 0 0 0 0 0 0 0 0 0 0 0 0 0 0 0 0 0 0 0 0 0 0 0 0 0 0 0 0 0 0 0 0 0 0 0 0 0 0 0 0 0 0 0 0 0 0 0 0 0 0 0 0 0 0 0 0 0 0 0 34 180 171 170 171 171 171 171 172 172 172 171 169 170 169 168 167 166 165 163 162 162 161 160 158 154 151 147 142 138 133 130 127 123 114 107 101 99 101 103 106 105 100 92 88 85 88 95 105 113 110 108 103 100 104 108 107 105 104 106 110 110 107 104 101 97 101 108 109 107 106 108 106 107 103 99 95 93 98 99 95 88 88 91 99 100 101 107 116 123 122 121 125 126 127 124 126 129 128 130 134 128 109 97 85 76 84 98 109 99 80 79 92 88 79 87 105 124 124 112 88 78 82 103 103 96 107 117 119 108 98 102 109 96 89 97 101 104 105 105 118 133 139 130 120 115 113 107 106 106 100 103 93 116 130 120 116 124 115 102 100 98 100 103 81 84 88 80 83 102 117 107 102 104 104 116 105 73 61 62 83 93 71 63 87 105 85 67 76 107 109 105 91 91 62 58 82 103 103 83 117 103 110 103 91 86 81 79 86 117 111 101 84 77 89 97 88 63 64 101 121 109 117 115 110 106 116 141 150 145 136 104 102 121 129 130 131 142 142 128 117 104 110 112 117 115 114 108 92 74 58 45 36 36 43 59 80 90 87 97 121 137 144 146 117 40 0 0 0 0 0 0 0 0 0 0 0 0 0 0 0 0 0 0 0 0 0 0 0 0 0 0 0 0 0 0 0 0 0 0 0 0 0 0 0 0 0 0 0 0 0 0 0 0 0 0 0 0 0 0 0 0 0 0 0 0 0 0 0 0 0 0 0 0 0 0 0 0 0 0 0 0 0 0 0 0 0 0 0 0 0 0 0 0 0 0 0 0 0 0 0 0 0 0 0 0 0 0 0 0 0 0 0 0 0 0 0 0 0 0 0 0 0 0 0 0 0 0 0 0 0 0 0 0 0 0 0 0 0 0 0 0 0 0 0 0 0 0 0 0 0 0 0 0 0 0 0 0 0 0 0 0 0 0 0 0 0 0 0 0 0 0 0 0 0 0 0 0 0 0 0 0 0 0 0 0 0 0 0 0 0 0 0 0 0 0 0 0 
0 0 0 0 0 0 0 0 0 0 0 0 0 0 0 0 0 0 0 0 0 0 0 0 0 0 0 0 0 0 0 0 0 0 0 0 0 0 0 0 0 0 0 0 0 0 0 0 0 0 0 0 0 0 0 0 0 0 0 0 0 0 0 0 0 0 0 0 0 0 0 0 0 0 0 0 0 0 0 0 0 123 171 166 167 167 166 166 166 168 167 166 166 165 164 163 163 162 161 158 156 156 155 155 154 151 147 144 140 135 132 128 123 120 115 109 102 99 100 102 103 104 104 100 95 92 87 87 91 104 116 120 115 107 100 100 108 112 109 102 104 111 115 109 105 104 103 105 109 110 109 109 106 102 104 104 102 96 92 99 98 92 87 88 94 102 98 96 104 117 119 116 113 111 115 118 115 115 122 123 122 123 119 102 92 83 72 67 72 81 82 79 82 85 86 81 76 81 92 106 116 113 91 82 101 118 111 99 107 123 122 101 93 102 105 98 97 98 97 101 108 115 121 133 136 132 122 120 110 111 107 96 99 100 104 111 114 114 117 111 100 101 95 87 96 80 70 90 81 89 105 107 101 93 98 101 121 117 86 60 63 85 88 68 73 97 103 80 65 93 86 97 107 85 72 59 91 92 91 81 96 114 95 86 74 75 83 70 86 108 111 95 86 77 81 107 79 53 51 80 100 94 84 82 80 94 115 134 139 125 128 121 100 117 129 118 110 128 145 133 117 99 101 116 119 127 124 113 104 93 77 59 42 37 36 42 53 65 77 96 114 129 136 136 136 137 124 79 28 0 0 0 0 0 0 0 0 0 0 0 0 0 0 0 0 0 0 0 0 0 0 0 0 0 0 0 0 0 0 0 0 0 0 0 0 0 0 0 0 0 0 0 0 0 0 0 0 0 0 0 0 0 0 0 0 0 0 0 0 0 0 0 0 0 0 0 0 0 0 0 0 0 0 0 0 0 0 0 0 0 0 0 0 0 0 0 0 0 0 0 0 0 0 0 0 0 0 0 0 0 0 0 0 0 0 0 0 0 0 0 0 0 0 0 0 0 0 0 0 0 0 0 0 0 0 0 0 0 0 0 0 0 0 0 0 0 0 0 0 0 0 0 0 0 0 0 0 0 0 0 0 0 0 0 0 0 0 0 0 0 0 0 0 0 0 0 0 0 0 0 0 0 0 0 0 0 0 0 0 0 0 0 0 0 0 0 0 0 0 
0 0 0 0 0 0 0 0 0 0 0 0 0 0 0 0 0 0 0 0 0 0 0 0 0 0 0 0 0 0 0 0 0 0 0 0 0 0 0 0 0 0 0 0 0 0 0 0 0 0 0 0 0 0 0 0 0 0 0 0 0 0 0 0 0 0 0 0 0 0 0 0 0 0 0 0 0 0 0 0 30 168 161 161 162 160 160 160 161 161 161 160 159 159 157 157 157 156 155 153 150 149 148 150 148 145 141 137 132 128 126 122 115 112 109 106 101 99 103 105 104 105 105 101 97 94 91 88 89 98 111 120 116 107 99 98 103 112 116 111 107 116 120 118 111 105 105 106 106 106 102 105 107 106 102 101 99 100 102 103 99 95 95 98 110 109 103 104 109 118 122 125 120 114 112 111 112 119 127 127 134 134 133 129 105 96 97 91 80 80 82 79 85 96 96 93 93 86 82 90 106 116 116 109 108 124 131 120 114 116 117 111 105 108 108 108 108 105 95 93 103 107 110 111 128 136 130 125 114 112 110 94 85 95 96 96 105 112 113 109 96 99 95 84 83 77 77 89 82 84 107 98 90 90 94 102 115 119 105 74 69 83 83 69 82 97 103 88 69 87 65 95 101 85 80 88 87 72 81 79 100 91 70 68 76 71 60 71 110 116 98 73 91 110 102 82 64 63 77 92 95 76 80 81 99 114 120 121 109 98 123 117 124 126 115 102 104 131 150 127 104 95 121 135 138 132 122 113 106 100 68 40 30 28 34 43 51 63 86 110 118 124 129 130 132 126 110 100 98 82 32 0 0 0 0 0 0 0 0 0 0 0 0 0 0 0 0 0 0 0 0 0 0 0 0 0 0 0 0 0 0 0 0 0 0 0 0 0 0 0 0 0 0 0 0 0 0 0 0 0 0 0 0 0 0 0 0 0 0 0 0 0 0 0 0 0 0 0 0 0 0 0 0 0 0 0 0 0 0 0 0 0 0 0 0 0 0 0 0 0 0 0 0 0 0 0 0 0 0 0 0 0 0 0 0 0 0 0 0 0 0 0 0 0 0 0 0 0 0 0 0 0 0 0 0 0 0 0 0 0 0 0 0 0 0 0 0 0 0 0 0 0 0 0 0 0 0 0 0 0 0 0 0 0 0 0 0 0 0 0 0 0 0 0 0 0 0 0 0 0 0 0 0 0 0 0 0 0 0 0 0 0 0 0 0 0 0 0 0 
0 0 0 0 0 0 0 0 0 0 0 0 0 0 0 0 0 0 0 0 0 0 0 0 0 0 0 0 0 0 0 0 0 0 0 0 0 0 0 0 0 0 0 0 0 0 0 0 0 0 0 0 0 0 0 0 0 0 0 0 0 0 0 0 0 0 0 0 0 0 0 0 0 0 0 0 0 0 0 0 112 162 156 155 154 153 154 154 155 155 154 153 153 152 150 149 150 150 149 148 145 141 140 141 140 139 134 130 125 122 120 116 111 106 103 102 100 98 103 106 109 110 109 106 100 94 94 94 95 97 105 112 108 104 101 98 94 102 110 108 106 108 114 119 114 106 103 104 104 102 101 103 106 108 104 98 96 100 108 106 98 97 102 105 110 108 102 104 115 112 113 117 123 126 119 120 122 129 135 132 131 143 152 153 150 134 131 121 106 97 90 84 88 105 113 99 92 104 106 98 94 105 114 116 112 113 126 138 136 129 128 120 119 118 109 108 115 119 112 103 103 110 111 108 119 126 123 126 124 116 111 98 86 91 99 97 101 99 106 107 98 94 95 92 86 73 79 87 72 82 98 90 82 81 85 89 98 115 107 86 72 73 74 66 90 105 108 91 78 76 77 101 111 94 85 77 52 73 75 72 70 68 67 79 78 60 56 109 125 99 82 89 114 119 89 64 84 88 100 96 79 69 100 106 103 107 118 114 104 104 122 126 130 123 111 113 124 145 127 99 98 117 140 141 137 133 114 105 101 78 44 25 22 28 42 53 53 75 105 118 116 116 125 126 127 122 119 118 110 96 82 54 19 0 0 0 0 0 0 0 0 0 0 0 0 0 0 0 0 0 0 0 0 0 0 0 0 0 0 0 0 0 0 0 0 0 0 0 0 0 0 0 0 0 0 0 0 0 0 0 0 0 0 0 0 0 0 0 0 0 0 0 0 0 0 0 0 0 0 0 0 0 0 0 0 0 0 0 0 0 0 0 0 0 0 0 0 0 0 0 0 0 0 0 0 0 0 0 0 0 0 0 0 0 0 0 0 0 0 0 0 0 0 0 0 0 0 0 0 0 0 0 0 0 0 0 0 0 0 0 0 0 0 0 0 0 0 0 0 0 0 0 0 0 0 0 0 0 0 0 0 0 0 0 0 0 0 0 0 0 0 0 0 0 0 0 0 0 0 0 0 0 0 0 0 0 0 0 0 0 0 0 0 0 0 0 0 0 0 
0 0 0 0 0 0 0 0 0 0 0 0 0 0 0 0 0 0 0 0 0 0 0 0 0 0 0 0 0 0 0 0 0 0 0 0 0 0 0 0 0 0 0 0 0 0 0 0 0 0 0 0 0 0 0 0 0 0 0 0 0 0 0 0 0 0 0 0 0 0 0 0 0 0 0 0 0 0 0 25 155 149 149 149 146 146 146 147 147 146 146 146 144 143 142 142 142 141 142 142 139 134 131 131 132 130 127 124 120 116 114 111 108 101 98 98 98 99 104 106 108 111 109 105 99 96 97 98 98 99 102 108 104 102 101 95 89 93 100 101 100 100 105 107 104 102 104 104 104 102 101 102 101 103 103 101 95 94 101 99 92 93 98 96 93 90 94 96 100 103 107 109 108 112 120 123 128 135 141 130 118 120 119 133 146 151 152 140 116 90 91 93 96 103 116 122 120 114 108 107 105 104 116 122 111 103 105 113 133 142 138 126 124 130 123 109 113 126 132 122 115 115 116 113 117 119 116 110 115 124 119 104 96 92 99 99 102 97 97 107 100 84 89 96 89 71 74 90 82 81 88 87 82 82 76 72 82 111 106 92 74 68 65 76 100 112 110 99 83 81 89 98 110 90 72 62 66 89 75 66 63 74 86 74 62 66 90 128 113 86 104 127 110 93 91 93 104 96 109 90 78 98 100 85 95 119 125 114 108 122 142 144 141 129 117 116 133 142 107 102 117 126 138 136 124 110 93 88 69 46 30 20 22 28 43 54 64 94 116 123 121 121 123 117 114 117 120 123 113 87 77 63 48 35 15 0 0 0 0 0 0 0 0 0 0 0 0 0 0 0 0 0 0 0 0 0 0 0 0 0 0 0 0 0 0 0 0 0 0 0 0 0 0 0 0 0 0 0 0 0 0 0 0 0 0 0 0 0 0 0 0 0 0 0 0 0 0 0 0 0 0 0 0 0 0 0 0 0 0 0 0 0 0 0 0 0 0 0 0 0 0 0 0 0 0 0 0 0 0 0 0 0 0 0 0 0 0 0 0 0 0 0 0 0 0 0 0 0 0 0 0 0 0 0 0 0 0 0 0 0 0 0 0 0 0 0 0 0 0 0 0 0 0 0 0 0 0 0 0 0 0 0 0 0 0 0 0 0 0 0 0 0 0 0 0 0 0 0 0 0 0 0 0 0 0 0 0 0 0 0 0 0 0 0 0 0 0 0 0 
0 0 0 0 0 0 0 0 0 0 0 0 0 0 0 0 0 0 0 0 0 0 0 0 0 0 0 0 0 0 0 0 0 0 0 0 0 0 0 0 0 0 0 0 0 0 0 0 0 0 0 0 0 0 0 0 0 0 0 0 0 0 0 0 0 0 0 0 0 0 0 0 0 0 0 0 0 0 0 97 149 140 140 140 138 138 137 138 137 137 137 137 136 136 134 134 134 134 133 133 132 128 124 121 121 121 121 119 115 111 108 106 103 97 95 96 96 98 103 105 108 110 106 101 97 98 97 95 95 97 102 107 105 106 102 95 88 91 97 98 97 97 101 101 96 98 105 111 111 104 101 99 95 95 100 102 98 95 98 96 90 82 82 81 79 72 73 86 91 97 105 105 98 97 103 111 128 142 151 146 129 116 109 110 125 143 152 147 121 90 80 79 87 95 111 119 129 137 129 112 109 108 113 121 113 102 98 99 107 113 119 118 122 126 121 108 105 117 121 126 124 114 109 112 119 128 122 97 94 118 127 116 107 95 97 89 99 101 85 81 89 84 87 91 93 84 80 96 88 85 99 88 85 87 68 60 84 108 103 98 82 75 71 80 97 101 103 90 75 78 84 87 106 95 75 76 99 87 70 61 64 82 83 55 47 76 106 108 103 109 126 131 107 89 108 116 122 107 89 82 97 113 109 102 110 106 100 107 124 142 150 142 132 115 94 112 135 124 114 119 122 127 128 117 116 110 98 74 50 40 31 24 20 24 36 50 65 87 113 123 119 114 119 111 111 109 113 115 104 86 78 61 35 31 40 40 19 1 0 0 0 0 0 0 0 0 0 0 0 0 0 0 0 0 0 0 0 0 0 0 0 0 0 0 0 0 0 0 0 0 0 0 0 0 0 0 0 0 0 0 0 0 0 0 0 0 0 0 0 0 0 0 0 0 0 0 0 0 0 0 0 0 0 0 0 0 0 0 0 0 0 0 0 0 0 0 0 0 0 0 0 0 0 0 0 0 0 0 0 0 0 0 0 0 0 0 0 0 0 0 0 0 0 0 0 0 0 0 0 0 0 0 0 0 0 0 0 0 0 0 0 0 0 0 0 0 0 0 0 0 0 0 0 0 0 0 0 0 0 0 0 0 0 0 0 0 0 0 0 0 0 0 0 0 0 0 0 0 0 0 0 0 0 0 0 0 0 0 0 0 0 0 0 0 0 0 0 0 0 
0 0 0 0 0 0 0 0 0 0 0 0 0 0 0 0 0 0 0 0 0 0 0 0 0 0 0 0 0 0 0 0 0 0 0 0 0 0 0 0 0 0 0 0 0 0 0 0 0 0 0 0 0 0 0 0 0 0 0 0 0 0 0 0 0 0 0 0 0 0 0 0 0 0 0 0 0 0 19 140 134 134 133 131 130 130 129 128 127 128 128 127 127 126 127 126 125 125 125 125 124 120 117 114 112 113 113 113 110 108 105 103 97 94 91 91 92 97 105 106 111 111 109 103 101 99 95 93 93 97 104 107 108 111 108 100 92 89 92 96 104 101 95 91 91 91 95 103 105 103 103 99 92 92 97 100 94 89 92 87 92 89 77 71 67 62 58 69 80 84 91 97 104 98 86 94 112 126 145 154 144 137 127 118 122 130 136 142 134 105 90 81 74 83 102 119 127 128 131 129 117 115 115 116 118 114 104 96 102 110 105 107 119 126 119 102 97 108 104 114 128 116 100 100 112 124 133 121 99 99 116 124 117 102 90 86 89 98 96 70 74 80 86 92 96 88 81 83 82 83 97 85 83 85 75 68 88 110 93 103 84 81 76 83 92 95 98 82 61 70 69 83 93 87 81 92 99 62 57 61 79 75 61 56 55 64 78 91 104 109 111 120 115 112 123 128 120 95 92 102 121 125 101 81 74 84 94 122 140 141 129 117 104 93 98 127 139 114 118 123 125 126 117 118 118 102 82 61 65 68 71 43 29 27 35 47 58 83 109 108 102 108 118 116 114 106 106 110 104 88 70 46 28 28 35 39 44 47 29 3 0 0 0 0 0 0 0 0 0 0 0 0 0 0 0 0 0 0 0 0 0 0 0 0 0 0 0 0 0 0 0 0 0 0 0 0 0 0 0 0 0 0 0 0 0 0 0 0 0 0 0 0 0 0 0 0 0 0 0 0 0 0 0 0 0 0 0 0 0 0 0 0 0 0 0 0 0 0 0 0 0 0 0 0 0 0 0 0 0 0 0 0 0 0 0 0 0 0 0 0 0 0 0 0 0 0 0 0 0 0 0 0 0 0 0 0 0 0 0 0 0 0 0 0 0 0 0 0 0 0 0 0 0 0 0 0 0 0 0 0 0 0 0 0 0 0 0 0 0 0 0 0 0 0 0 0 0 0 0 0 0 0 0 0 0 0 0 0 0 0 0 0 0 0 0 0 0 0 0 
0 0 0 0 0 0 0 0 0 0 0 0 0 0 0 0 0 0 0 0 0 0 0 0 0 0 0 0 0 0 0 0 0 0 0 0 0 0 0 0 0 0 0 0 0 0 0 0 0 0 0 0 0 0 0 0 0 0 0 0 0 0 0 0 0 0 0 0 0 0 0 0 0 0 0 0 0 0 82 132 125 125 125 122 121 118 118 118 117 118 117 117 117 116 115 116 115 116 116 116 116 113 110 107 105 107 107 106 106 105 104 102 97 93 89 85 90 99 106 109 112 113 112 106 105 102 98 94 93 96 105 111 111 115 113 107 97 93 93 99 108 105 96 87 83 80 82 87 93 97 100 103 96 93 98 103 101 93 82 74 76 81 80 72 62 59 54 51 58 67 70 78 87 90 89 92 89 97 124 144 146 146 141 135 129 129 132 137 133 129 119 104 83 76 86 98 115 123 129 132 129 123 118 113 114 125 126 113 105 106 111 118 116 113 116 106 107 114 114 107 110 117 119 108 102 108 128 134 121 105 105 118 118 112 101 93 92 96 97 78 67 74 84 104 103 90 80 78 80 83 91 80 74 80 90 82 92 107 94 95 87 78 80 89 88 92 92 85 77 72 66 88 88 92 76 86 74 56 57 70 81 61 51 71 68 49 55 81 97 101 104 128 121 128 124 111 98 83 84 105 117 106 73 62 74 89 100 116 134 132 111 100 104 106 118 144 129 117 122 124 126 113 102 103 101 97 93 89 85 82 63 40 30 31 34 47 59 75 89 93 103 117 123 118 105 101 110 113 101 81 57 37 31 31 33 35 37 48 72 78 35 2 0 0 0 0 0 0 0 0 0 0 0 0 0 0 0 0 0 0 0 0 0 0 0 0 0 0 0 0 0 0 0 0 0 0 0 0 0 0 0 0 0 0 0 0 0 0 0 0 0 0 0 0 0 0 0 0 0 0 0 0 0 0 0 0 0 0 0 0 0 0 0 0 0 0 0 0 0 0 0 0 0 0 0 0 0 0 0 0 0 0 0 0 0 0 0 0 0 0 0 0 0 0 0 0 0 0 0 0 0 0 0 0 0 0 0 0 0 0 0 0 0 0 0 0 0 0 0 0 0 0 0 0 0 0 0 0 0 0 0 0 0 0 0 0 0 0 0 0 0 0 0 0 0 0 0 0 0 0 0 0 0 0 0 0 0 0 0 0 0 0 0 0 0 0 0 0 0 
0 0 0 0 0 0 0 0 0 0 0 0 0 0 0 0 0 0 0 0 0 0 0 0 0 0 0 0 0 0 0 0 0 0 0 0 0 0 0 0 0 0 0 0 0 0 0 0 0 0 0 0 0 0 0 0 0 0 0 0 0 0 0 0 0 0 0 0 0 0 0 0 0 0 0 0 0 13 121 116 114 114 113 112 110 108 108 108 107 107 106 106 106 105 105 106 105 107 108 109 108 106 104 102 100 102 103 103 104 103 102 101 100 97 91 86 89 97 101 104 108 112 112 109 108 108 105 99 95 97 99 105 109 115 115 109 102 96 94 96 108 109 104 94 84 80 76 77 83 91 93 94 93 94 98 106 110 106 94 70 55 61 73 69 57 51 48 47 45 56 61 61 61 68 74 79 74 75 95 128 135 136 140 135 129 128 136 144 143 150 145 130 118 109 102 102 104 113 123 132 138 145 136 115 106 111 119 122 126 121 110 111 124 128 124 114 114 128 131 129 120 114 117 121 113 103 110 125 129 124 103 95 104 107 102 96 90 91 94 90 82 75 80 97 102 94 78 70 71 73 83 80 81 82 88 93 96 110 92 104 89 76 87 95 93 89 89 95 95 76 84 85 86 96 86 89 71 74 72 78 74 57 58 75 70 46 52 89 106 110 121 128 129 133 116 94 88 71 86 103 99 76 59 64 80 77 74 96 132 123 116 106 95 94 112 144 120 127 120 110 99 84 76 91 116 114 103 92 75 49 34 28 30 31 36 52 71 80 84 100 113 116 113 104 98 106 124 114 104 78 50 37 36 38 40 41 39 50 75 80 71 57 32 3 0 0 0 0 0 0 0 0 0 0 0 0 0 0 0 0 0 0 0 0 0 0 0 0 0 0 0 0 0 0 0 0 0 0 0 0 0 0 0 0 0 0 0 0 0 0 0 0 0 0 0 0 0 0 0 0 0 0 0 0 0 0 0 0 0 0 0 0 0 0 0 0 0 0 0 0 0 0 0 0 0 0 0 0 0 0 0 0 0 0 0 0 0 0 0 0 0 0 0 0 0 0 0 0 0 0 0 0 0 0 0 0 0 0 0 0 0 0 0 0 0 0 0 0 0 0 0 0 0 0 0 0 0 0 0 0 0 0 0 0 0 0 0 0 0 0 0 0 0 0 0 0 0 0 0 0 0 0 0 0 0 0 0 0 0 0 0 0 0 0 0 0 0 0 0 
0 0 0 0 0 0 0 0 0 0 0 0 0 0 0 0 0 0 0 0 0 0 0 0 0 0 0 0 0 0 0 0 0 0 0 0 0 0 0 0 0 0 0 0 0 0 0 0 0 0 0 0 0 0 0 0 0 0 0 0 0 0 0 0 0 0 0 0 0 0 0 0 0 0 0 0 0 68 112 105 103 102 102 101 98 97 97 97 96 96 96 95 96 95 94 95 97 98 100 101 101 101 100 98 96 98 101 101 102 102 101 100 99 96 93 91 91 92 95 99 106 113 114 113 110 108 103 102 102 97 95 98 105 113 112 107 104 98 94 95 103 106 106 98 87 79 75 77 81 86 94 100 97 95 98 98 103 104 96 79 63 53 56 59 51 44 42 44 41 45 54 53 50 53 58 62 62 63 79 110 130 139 142 145 130 118 121 133 140 150 151 149 145 138 137 125 112 113 114 118 131 142 141 125 109 92 92 107 113 124 141 137 128 128 135 134 124 121 132 142 137 129 125 126 121 109 103 111 120 123 113 98 93 87 91 100 97 86 91 98 93 81 74 91 94 92 82 77 73 73 78 86 91 90 90 96 106 108 94 101 99 85 95 98 92 84 89 87 86 79 82 80 91 91 80 84 86 90 93 95 82 62 78 98 74 47 66 101 112 118 123 119 130 125 92 83 91 89 97 107 97 76 72 64 71 84 99 118 134 114 104 70 67 95 135 146 131 122 109 102 101 85 94 105 104 96 94 87 64 34 25 27 30 28 37 63 79 82 82 94 100 100 95 96 109 124 127 116 107 79 46 50 65 58 60 55 55 65 80 78 68 59 62 76 52 7 0 0 0 0 0 0 0 0 0 0 0 0 0 0 0 0 0 0 0 0 0 0 0 0 0 0 0 0 0 0 0 0 0 0 0 0 0 0 0 0 0 0 0 0 0 0 0 0 0 0 0 0 0 0 0 0 0 0 0 0 0 0 0 0 0 0 0 0 0 0 0 0 0 0 0 0 0 0 0 0 0 0 0 0 0 0 0 0 0 0 0 0 0 0 0 0 0 0 0 0 0 0 0 0 0 0 0 0 0 0 0 0 0 0 0 0 0 0 0 0 0 0 0 0 0 0 0 0 0 0 0 0 0 0 0 0 0 0 0 0 0 0 0 0 0 0 0 0 0 0 0 0 0 0 0 0 0 0 0 0 0 0 0 0 0 0 0 0 0 0 0 0 0 
0 0 0 0 0 0 0 0 0 0 0 0 0 0 0 0 0 0 0 0 0 0 0 0 0 0 0 0 0 0 0 0 0 0 0 0 0 0 0 0 0 0 0 0 0 0 0 0 0 0 0 0 0 0 0 0 0 0 0 0 0 0 0 0 0 0 0 0 0 0 0 0 0 0 0 0 10 96 95 93 92 91 89 88 87 87 86 85 85 85 85 86 86 87 85 86 89 90 93 94 97 99 99 96 95 97 100 105 105 102 100 96 93 93 94 96 95 95 99 105 110 113 115 114 111 106 101 103 103 100 99 101 105 108 108 108 109 107 99 94 92 94 95 92 84 81 82 90 92 95 101 103 101 101 99 88 87 89 90 87 77 56 45 50 50 47 43 52 44 40 49 49 45 57 65 57 53 56 66 82 108 131 142 145 138 121 108 97 114 126 131 141 135 125 120 118 111 119 130 136 130 133 138 125 113 102 88 87 92 106 128 144 154 147 137 137 136 139 138 132 136 139 135 127 123 113 108 106 109 118 122 113 98 91 88 90 100 91 90 93 87 80 79 89 93 96 91 85 83 88 80 78 89 92 85 87 100 108 100 105 105 93 94 96 90 69 89 75 79 70 69 81 89 86 68 77 85 84 87 101 102 92 100 112 82 50 89 106 123 116 118 126 132 109 70 87 89 74 101 107 102 86 79 72 87 102 83 119 118 85 67 63 88 123 152 133 113 105 103 105 103 106 114 111 98 88 85 61 37 25 26 28 31 34 44 62 74 75 73 81 92 94 90 98 126 134 120 120 107 76 60 79 90 73 72 63 71 77 80 77 65 59 62 83 96 91 46 5 0 0 0 0 0 0 0 0 0 0 0 0 0 0 0 0 0 0 0 0 0 0 0 0 0 0 0 0 0 0 0 0 0 0 0 0 0 0 0 0 0 0 0 0 0 0 0 0 0 0 0 0 0 0 0 0 0 0 0 0 0 0 0 0 0 0 0 0 0 0 0 0 0 0 0 0 0 0 0 0 0 0 0 0 0 0 0 0 0 0 0 0 0 0 0 0 0 0 0 0 0 0 0 0 0 0 0 0 0 0 0 0 0 0 0 0 0 0 0 0 0 0 0 0 0 0 0 0 0 0 0 0 0 0 0 0 0 0 0 0 0 0 0 0 0 0 0 0 0 0 0 0 0 0 0 0 0 0 0 0 0 0 0 0 0 0 0 0 0 0 0 
0 0 0 0 0 0 0 0 0 0 0 0 0 0 0 0 0 0 0 0 0 0 0 0 0 0 0 0 0 0 0 0 0 0 0 0 0 0 0 0 0 0 0 0 0 0 0 0 0 0 0 0 0 0 0 0 0 0 0 0 0 0 0 0 0 0 0 0 0 0 0 0 0 0 0 0 50 88 83 82 80 78 78 76 77 77 78 77 76 75 77 80 80 80 78 80 83 84 86 90 94 96 98 96 95 97 101 103 103 101 98 92 88 88 91 93 96 100 109 116 116 114 114 112 109 106 106 107 109 109 111 110 111 109 109 114 117 114 103 95 92 95 96 92 88 89 94 100 101 101 98 94 96 98 97 88 78 75 80 78 75 62 53 51 52 50 49 55 50 41 45 48 46 56 64 62 51 46 48 60 83 107 138 151 146 137 129 126 118 113 121 120 118 108 93 96 109 121 128 135 139 142 139 139 123 109 95 84 89 93 96 114 123 133 141 136 128 121 135 141 135 129 132 122 110 109 104 102 99 106 120 117 106 99 97 96 97 90 85 90 85 70 67 79 89 95 97 90 79 92 93 83 92 104 96 83 90 112 116 111 103 93 93 93 88 74 83 82 76 63 62 86 90 79 68 75 84 78 82 109 107 93 109 123 96 82 106 112 118 109 128 133 119 95 77 77 78 91 120 108 100 88 99 95 71 61 77 113 92 47 42 65 109 141 129 102 103 112 116 123 128 130 131 119 95 74 57 40 29 45 43 30 36 49 55 63 73 75 72 84 92 104 107 117 129 129 118 117 101 69 72 94 89 76 67 66 76 74 72 78 70 60 67 80 89 91 80 57 38 7 0 0 0 0 0 0 0 0 0 0 0 0 0 0 0 0 0 0 0 0 0 0 0 0 0 0 0 0 0 0 0 0 0 0 0 0 0 0 0 0 0 0 0 0 0 0 0 0 0 0 0 0 0 0 0 0 0 0 0 0 0 0 0 0 0 0 0 0 0 0 0 0 0 0 0 0 0 0 0 0 0 0 0 0 0 0 0 0 0 0 0 0 0 0 0 0 0 0 0 0 0 0 0 0 0 0 0 0 0 0 0 0 0 0 0 0 0 0 0 0 0 0 0 0 0 0 0 0 0 0 0 0 0 0 0 0 0 0 0 0 0 0 0 0 0 0 0 0 0 0 0 0 0 0 0 0 0 0 0 0 0 0 0 0 0 0 0 0 0 
0 0 0 0 0 0 0 0 0 0 0 0 0 0 0 0 0 0 0 0 0 0 0 0 0 0 0 0 0 0 0 0 0 0 0 0 0 0 0 0 0 0 0 0 0 0 0 0 0 0 0 0 0 0 0 0 0 0 0 0 0 0 0 0 0 0 0 0 0 0 0 0 0 0 0 6 75 74 72 71 69 68 67 67 68 70 70 71 71 70 72 75 76 77 76 78 79 82 82 86 90 93 95 97 97 98 102 102 100 99 95 90 86 83 85 87 92 100 110 117 116 112 110 107 104 105 107 105 108 111 109 111 111 108 108 112 117 114 108 106 105 110 108 102 98 98 100 101 99 96 91 87 87 86 88 88 77 64 71 74 67 61 58 56 59 55 54 58 60 50 44 44 44 44 51 57 53 45 41 48 63 76 94 127 143 145 148 140 130 122 115 120 123 121 112 95 90 105 116 120 126 129 131 133 128 104 102 109 111 108 107 105 107 114 118 124 125 120 112 113 129 143 143 133 120 113 112 104 99 99 99 103 104 102 102 104 98 86 80 93 92 74 63 64 81 95 93 88 81 83 94 94 99 110 111 90 86 100 112 108 106 99 93 87 90 84 85 96 82 75 72 90 86 74 66 80 87 89 98 113 110 93 102 124 120 114 99 104 108 115 125 117 105 87 74 76 96 123 116 106 100 89 93 91 70 85 110 102 55 35 62 97 135 150 123 116 116 129 138 145 141 135 127 108 86 73 56 41 57 65 47 29 40 51 60 73 79 83 84 91 101 120 126 125 119 120 115 108 87 73 84 99 84 74 67 70 70 62 74 89 85 66 60 73 88 89 75 62 64 67 46 10 0 0 0 0 0 0 0 0 0 0 0 0 0 0 0 0 0 0 0 0 0 0 0 0 0 0 0 0 0 0 0 0 0 0 0 0 0 0 0 0 0 0 0 0 0 0 0 0 0 0 0 0 0 0 0 0 0 0 0 0 0 0 0 0 0 0 0 0 0 0 0 0 0 0 0 0 0 0 0 0 0 0 0 0 0 0 0 0 0 0 0 0 0 0 0 0 0 0 0 0 0 0 0 0 0 0 0 0 0 0 0 0 0 0 0 0 0 0 0 0 0 0 0 0 0 0 0 0 0 0 0 0 0 0 0 0 0 0 0 0 0 0 0 0 0 0 0 0 0 0 0 0 0 0 0 0 0 0 0 0 0 0 0 0 0 0 0 
0 0 0 0 0 0 0 0 0 0 0 0 0 0 0 0 0 0 0 0 0 0 0 0 0 0 0 0 0 0 0 0 0 0 0 0 0 0 0 0 0 0 0 0 0 0 0 0 0 0 0 0 0 0 0 0 0 0 0 0 0 0 0 0 0 0 0 0 0 0 0 0 0 0 0 39 73 66 64 64 62 60 61 62 65 67 66 67 67 68 72 75 76 77 78 80 81 83 83 84 88 92 94 97 99 102 103 100 98 97 93 90 84 79 79 81 88 96 102 109 111 108 104 101 97 98 103 104 106 109 107 106 107 101 100 102 106 108 107 105 104 110 111 108 102 100 101 98 96 93 90 83 71 67 70 77 78 68 67 66 60 55 58 61 63 58 51 58 72 59 47 47 44 44 42 46 55 51 43 46 56 61 75 101 118 127 134 133 125 118 99 79 100 117 116 120 112 97 97 98 101 113 123 127 125 114 108 117 119 125 122 130 137 127 121 119 114 113 122 127 119 123 142 144 136 127 123 118 112 110 106 99 87 93 107 110 106 96 81 90 98 86 64 61 73 95 102 88 78 78 86 106 102 103 114 102 84 75 87 95 103 103 94 88 95 93 85 102 95 89 78 93 78 65 69 81 89 100 114 121 120 95 113 123 120 111 98 111 110 116 120 117 96 78 76 81 95 129 112 114 85 83 98 96 95 107 112 97 46 62 100 124 147 139 112 99 96 110 135 139 135 124 114 106 99 84 74 74 80 47 34 32 46 67 75 86 93 102 96 90 106 118 123 122 122 123 112 102 88 93 107 99 83 77 68 60 54 58 86 103 94 69 58 71 80 78 73 65 58 69 76 82 61 14 0 0 0 0 0 0 0 0 0 0 0 0 0 0 0 0 0 0 0 0 0 0 0 0 0 0 0 0 0 0 0 0 0 0 0 0 0 0 0 0 0 0 0 0 0 0 0 0 0 0 0 0 0 0 0 0 0 0 0 0 0 0 0 0 0 0 0 0 0 0 0 0 0 0 0 0 0 0 0 0 0 0 0 0 0 0 0 0 0 0 0 0 0 0 0 0 0 0 0 0 0 0 0 0 0 0 0 0 0 0 0 0 0 0 0 0 0 0 0 0 0 0 0 0 0 0 0 0 0 0 0 0 0 0 0 0 0 0 0 0 0 0 0 0 0 0 0 0 0 0 0 0 0 0 0 0 0 0 0 0 0 0 0 0 0 
0 0 0 0 0 0 0 0 0 0 0 0 0 0 0 0 0 0 0 0 0 0 0 0 0 0 0 0 0 0 0 0 0 0 0 0 0 0 0 0 0 0 0 0 0 0 0 0 0 0 0 0 0 0 0 0 0 0 0 0 0 0 0 0 0 0 0 0 0 0 0 0 0 0 4 63 61 58 58 58 57 56 57 59 64 66 67 67 67 69 72 76 80 80 81 84 85 86 84 85 88 92 95 99 103 106 105 102 97 92 90 87 81 76 76 78 86 93 100 104 105 104 101 98 92 93 97 102 104 104 104 103 101 94 91 89 93 97 96 89 90 95 99 97 97 97 96 100 99 95 89 82 73 62 54 56 59 56 57 60 59 55 59 68 71 62 56 59 76 69 52 47 45 51 48 46 52 59 50 37 45 60 62 80 101 117 118 117 122 125 112 107 104 101 110 114 120 109 97 93 97 110 115 115 115 114 115 110 111 113 118 126 138 145 148 134 117 109 107 118 133 134 132 138 135 119 111 113 114 115 113 108 93 87 101 107 108 110 97 87 92 88 74 66 72 80 97 98 83 78 81 97 104 92 103 108 96 71 70 90 98 101 97 95 102 97 86 101 97 88 82 88 67 61 78 82 95 105 116 125 121 99 131 128 119 107 113 124 107 109 124 117 90 72 78 83 116 133 123 109 85 101 114 92 109 96 113 84 70 94 114 118 144 96 60 57 86 118 135 131 130 128 120 124 114 109 107 95 66 38 41 54 84 82 84 105 127 129 111 100 107 115 130 126 127 124 115 105 102 108 110 97 85 80 55 41 43 65 95 106 90 74 60 65 67 70 74 67 59 63 62 75 91 93 69 19 0 0 0 0 0 0 0 0 0 0 0 0 0 0 0 0 0 0 0 0 0 0 0 0 0 0 0 0 0 0 0 0 0 0 0 0 0 0 0 0 0 0 0 0 0 0 0 0 0 0 0 0 0 0 0 0 0 0 0 0 0 0 0 0 0 0 0 0 0 0 0 0 0 0 0 0 0 0 0 0 0 0 0 0 0 0 0 0 0 0 0 0 0 0 0 0 0 0 0 0 0 0 0 0 0 0 0 0 0 0 0 0 0 0 0 0 0 0 0 0 0 0 0 0 0 0 0 0 0 0 0 0 0 0 0 0 0 0 0 0 0 0 0 0 0 0 0 0 0 0 0 0 0 0 0 0 0 0 0 0 0 0 0 
0 0 0 0 0 0 0 0 0 0 0 0 0 0 0 0 0 0 0 0 0 0 0 0 0 0 0 0 0 0 0 0 0 0 0 0 0 0 0 0 0 0 0 0 0 0 0 0 0 0 0 0 0 0 0 0 0 0 0 0 0 0 0 0 0 0 0 0 0 0 0 0 0 0 34 64 58 55 54 54 55 54 56 60 64 66 68 69 71 72 74 80 84 85 84 87 90 90 87 86 89 92 95 99 104 108 107 104 97 90 85 82 76 75 75 80 87 96 103 104 109 108 108 104 96 91 89 92 95 97 97 96 91 82 75 77 83 86 91 81 77 81 78 77 85 90 90 92 89 89 84 76 67 60 54 47 39 39 45 53 55 54 57 62 67 61 56 57 71 77 65 52 49 56 57 48 45 51 56 44 46 61 60 61 71 100 114 106 113 123 125 120 124 121 116 124 132 136 129 116 112 112 120 119 120 117 127 127 114 111 109 114 120 122 128 145 140 125 121 116 106 112 118 110 109 100 96 104 107 117 123 118 103 87 92 99 91 95 114 108 92 89 83 71 74 76 83 107 100 82 77 79 92 86 91 112 114 79 66 83 95 101 101 100 97 99 94 109 107 90 87 83 60 64 87 90 102 114 115 112 103 106 125 126 117 116 103 122 101 119 127 118 90 79 92 106 140 139 114 82 112 125 109 90 100 90 127 94 112 95 75 115 110 62 59 92 128 130 129 134 138 135 125 117 111 103 112 91 60 58 76 82 86 86 112 135 150 141 112 97 113 125 130 125 129 121 113 110 110 103 102 95 87 74 52 48 56 70 97 98 94 79 69 67 73 72 76 67 58 52 56 72 84 92 109 119 81 21 0 0 0 0 0 0 0 0 0 0 0 0 0 0 0 0 0 0 0 0 0 0 0 0 0 0 0 0 0 0 0 0 0 0 0 0 0 0 0 0 0 0 0 0 0 0 0 0 0 0 0 0 0 0 0 0 0 0 0 0 0 0 0 0 0 0 0 0 0 0 0 0 0 0 0 0 0 0 0 0 0 0 0 0 0 0 0 0 0 0 0 0 0 0 0 0 0 0 0 0 0 0 0 0 0 0 0 0 0 0 0 0 0 0 0 0 0 0 0 0 0 0 0 0 0 0 0 0 0 0 0 0 0 0 0 0 0 0 0 0 0 0 0 0 0 0 0 0 0 0 0 0 0 0 0 0 0 0 0 0 0 
0 0 0 0 0 0 0 0 0 0 0 0 0 0 0 0 0 0 0 0 0 0 0 0 0 0 0 0 0 0 0 0 0 0 0 0 0 0 0 0 0 0 0 0 0 0 0 0 0 0 0 0 0 0 0 0 0 0 0 0 0 0 0 0 0 0 0 0 0 0 0 0 0 3 60 58 56 53 52 52 52 52 55 60 64 67 70 71 74 77 80 84 87 90 90 92 93 91 90 91 92 94 96 97 103 104 105 104 98 90 83 79 74 73 73 75 85 98 104 109 113 113 110 108 101 89 82 81 84 85 85 84 81 74 69 63 64 71 76 72 68 70 64 60 70 78 85 86 82 79 75 67 57 50 50 48 40 40 44 52 56 60 62 64 68 58 49 57 68 79 70 62 56 58 65 57 49 57 66 66 57 64 58 62 55 65 86 97 100 110 117 117 117 118 113 109 119 130 129 124 108 99 112 121 127 123 112 117 122 112 102 100 109 109 113 114 122 130 131 130 119 106 92 87 86 89 89 84 88 104 117 120 116 97 96 102 93 85 94 113 112 101 89 70 69 77 76 97 112 90 67 63 63 74 90 116 120 90 75 79 92 106 99 92 87 91 100 106 105 92 76 86 68 78 94 94 105 112 108 103 101 113 125 119 134 116 107 116 111 129 131 127 88 101 113 128 143 126 84 73 127 120 98 95 90 121 125 111 106 58 57 135 106 96 115 134 132 131 137 140 138 136 129 112 109 115 105 85 81 100 97 80 90 111 137 152 150 125 93 96 125 122 123 121 120 119 117 116 111 96 94 93 89 68 66 71 67 76 93 99 99 83 65 68 65 73 73 59 48 40 52 71 82 94 106 111 113 107 72 22 0 0 0 0 0 0 0 0 0 0 0 0 0 0 0 0 0 0 0 0 0 0 0 0 0 0 0 0 0 0 0 0 0 0 0 0 0 0 0 0 0 0 0 0 0 0 0 0 0 0 0 0 0 0 0 0 0 0 0 0 0 0 0 0 0 0 0 0 0 0 0 0 0 0 0 0 0 0 0 0 0 0 0 0 0 0 0 0 0 0 0 0 0 0 0 0 0 0 0 0 0 0 0 0 0 0 0 0 0 0 0 0 0 0 0 0 0 0 0 0 0 0 0 0 0 0 0 0 0 0 0 0 0 0 0 0 0 0 0 0 0 0 0 0 0 0 0 0 0 0 0 0 0 0 0 0 0 0 0 
0 0 0 0 0 0 0 0 0 0 0 0 0 0 0 0 0 0 0 0 0 0 0 0 0 0 0 0 0 0 0 0 0 0 0 0 0 0 0 0 0 0 0 0 0 0 0 0 0 0 0 0 0 0 0 0 0 0 0 0 0 0 0 0 0 0 0 0 0 0 0 0 0 31 61 55 52 51 49 49 50 51 53 58 63 67 72 74 79 82 87 88 90 93 93 93 93 93 93 94 96 98 98 98 99 103 103 102 97 91 87 81 74 71 69 69 77 86 97 106 110 109 107 103 94 83 77 77 80 79 74 73 73 72 70 62 57 56 61 58 56 58 55 54 61 68 76 77 77 74 66 57 49 45 48 51 50 57 54 56 62 68 73 77 72 63 51 48 58 81 78 71 61 60 72 72 55 61 75 74 68 71 67 73 63 58 70 87 101 107 114 120 120 121 117 116 113 114 118 117 107 97 106 119 132 135 131 123 116 113 110 111 115 118 113 110 115 121 121 131 138 128 112 98 96 98 93 87 86 89 103 109 115 116 100 106 113 103 95 112 131 118 98 79 60 72 73 79 99 113 94 71 61 68 81 104 124 106 91 92 86 96 92 75 79 87 102 97 101 92 69 75 77 79 93 100 101 105 101 101 105 112 124 130 133 123 121 113 116 127 139 106 89 120 126 129 135 110 70 110 126 111 96 86 95 140 128 123 88 77 113 146 128 122 122 119 120 146 142 131 127 130 126 119 121 117 84 98 112 113 100 99 113 130 146 152 133 101 111 119 117 115 118 106 106 119 126 120 103 85 81 79 66 53 53 64 56 75 91 98 89 68 57 67 69 76 63 37 25 27 45 69 83 91 99 103 99 94 97 108 86 26 0 0 0 0 0 0 0 0 0 0 0 0 0 0 0 0 0 0 0 0 0 0 0 0 0 0 0 0 0 0 0 0 0 0 0 0 0 0 0 0 0 0 0 0 0 0 0 0 0 0 0 0 0 0 0 0 0 0 0 0 0 0 0 0 0 0 0 0 0 0 0 0 0 0 0 0 0 0 0 0 0 0 0 0 0 0 0 0 0 0 0 0 0 0 0 0 0 0 0 0 0 0 0 0 0 0 0 0 0 0 0 0 0 0 0 0 0 0 0 0 0 0 0 0 0 0 0 0 0 0 0 0 0 0 0 0 0 0 0 0 0 0 0 0 0 0 0 0 0 0 0 0 0 0 0 0 0 
0 0 0 0 0 0 0 0 0 0 0 0 0 0 0 0 0 0 0 0 0 0 0 0 0 0 0 0 0 0 0 0 0 0 0 0 0 0 0 0 0 0 0 0 0 0 0 0 0 0 0 0 0 0 0 0 0 0 0 0 0 0 0 0 0 0 0 0 0 0 0 0 2 55 55 53 51 50 49 48 48 51 54 57 62 68 75 80 84 86 90 92 94 94 94 94 95 94 94 96 99 103 101 98 99 100 100 100 97 92 88 82 75 70 64 64 68 75 84 91 96 98 97 90 83 77 79 79 78 74 68 63 63 66 66 61 54 50 50 51 52 52 47 48 56 63 67 68 66 64 62 53 44 42 53 54 60 69 68 66 66 72 80 88 80 76 70 60 57 74 87 81 68 62 66 79 70 61 71 74 69 79 71 72 75 57 54 74 101 114 121 127 129 122 127 130 135 140 131 119 112 117 105 105 118 131 127 125 124 122 123 122 124 126 118 110 113 123 122 118 129 144 141 122 109 113 118 116 114 113 110 113 116 111 93 85 101 117 118 112 115 115 103 87 65 71 83 86 87 102 109 96 74 73 71 84 112 114 92 95 83 80 89 72 76 91 98 86 84 84 60 68 71 75 85 92 87 94 94 94 91 105 131 118 124 127 119 116 117 124 134 73 96 124 129 129 118 93 85 129 107 91 94 99 126 144 138 128 110 116 149 130 130 128 110 108 121 129 117 117 125 127 116 108 104 90 81 99 111 111 106 118 126 138 144 132 116 112 129 120 105 117 115 104 110 119 119 106 82 53 51 53 53 58 64 60 56 65 82 92 85 75 73 73 75 74 55 31 21 26 44 66 82 89 95 99 94 86 85 97 104 117 95 31 0 0 0 0 0 0 0 0 0 0 0 0 0 0 0 0 0 0 0 0 0 0 0 0 0 0 0 0 0 0 0 0 0 0 0 0 0 0 0 0 0 0 0 0 0 0 0 0 0 0 0 0 0 0 0 0 0 0 0 0 0 0 0 0 0 0 0 0 0 0 0 0 0 0 0 0 0 0 0 0 0 0 0 0 0 0 0 0 0 0 0 0 0 0 0 0 0 0 0 0 0 0 0 0 0 0 0 0 0 0 0 0 0 0 0 0 0 0 0 0 0 0 0 0 0 0 0 0 0 0 0 0 0 0 0 0 0 0 0 0 0 0 0 0 0 0 0 0 0 0 0 0 0 0 0 
0 0 0 0 0 0 0 0 0 0 0 0 0 0 0 0 0 0 0 0 0 0 0 0 0 0 0 0 0 0 0 0 0 0 0 0 0 0 0 0 0 0 0 0 0 0 0 0 0 0 0 0 0 0 0 0 0 0 0 0 0 0 0 0 0 0 0 0 0 0 0 0 27 58 53 52 50 49 49 47 47 50 53 56 63 69 78 86 91 92 95 97 97 96 97 96 96 95 94 99 103 106 105 103 103 101 101 99 95 91 86 79 73 67 61 58 61 66 75 80 81 83 83 77 74 72 80 79 73 69 63 57 53 50 50 49 46 40 42 44 45 48 47 42 42 50 56 57 50 52 59 57 46 43 55 67 73 72 77 83 76 74 81 89 86 85 87 82 62 77 91 87 76 65 63 80 79 63 76 78 72 79 77 69 84 77 57 53 76 98 107 121 127 112 106 108 123 138 140 136 121 112 113 106 113 121 120 126 134 133 125 122 124 123 121 123 117 113 113 117 118 133 138 132 116 113 126 130 134 135 124 116 122 127 114 94 97 100 99 111 121 117 103 95 81 80 87 89 88 103 111 108 91 79 77 68 93 112 102 97 88 77 82 74 74 88 89 73 63 64 70 70 65 82 88 89 71 80 102 82 79 105 123 117 128 113 117 121 120 132 123 90 110 131 133 139 96 90 117 114 93 97 117 118 139 149 141 109 103 126 138 126 129 116 100 102 88 91 98 113 118 117 109 99 90 76 79 93 102 96 96 111 120 132 127 112 125 126 125 119 114 121 118 106 120 112 101 86 57 37 42 54 69 73 59 40 36 54 83 92 88 86 82 72 65 66 50 37 29 31 44 62 81 89 99 98 88 78 76 78 86 106 121 124 94 37 0 0 0 0 0 0 0 0 0 0 0 0 0 0 0 0 0 0 0 0 0 0 0 0 0 0 0 0 0 0 0 0 0 0 0 0 0 0 0 0 0 0 0 0 0 0 0 0 0 0 0 0 0 0 0 0 0 0 0 0 0 0 0 0 0 0 0 0 0 0 0 0 0 0 0 0 0 0 0 0 0 0 0 0 0 0 0 0 0 0 0 0 0 0 0 0 0 0 0 0 0 0 0 0 0 0 0 0 0 0 0 0 0 0 0 0 0 0 0 0 0 0 0 0 0 0 0 0 0 0 0 0 0 0 0 0 0 0 0 0 0 0 0 0 0 0 0 0 0 0 0 0 0 
0 0 0 0 0 0 0 0 0 0 0 0 0 0 0 0 0 0 0 0 0 0 0 0 0 0 0 0 0 0 0 0 0 0 0 0 0 0 0 0 0 0 0 0 0 0 0 0 0 0 0 0 0 0 0 0 0 0 0 0 0 0 0 0 0 0 0 0 0 0 0 0 52 54 51 51 50 48 47 46 45 48 50 55 63 71 80 89 96 96 98 100 98 96 97 98 97 96 97 102 105 110 111 109 109 106 103 100 95 90 83 75 69 64 59 56 56 63 70 71 70 67 68 63 60 63 68 73 69 62 54 53 50 46 41 40 41 38 38 45 47 40 41 37 34 36 40 44 44 46 54 57 56 58 70 75 72 68 79 95 93 79 82 84 88 86 90 91 73 81 92 92 77 71 65 76 82 77 80 83 86 86 84 75 81 84 65 44 49 67 83 97 106 101 87 79 82 99 120 125 133 128 134 129 123 118 112 123 131 134 132 133 132 126 116 114 119 110 103 102 100 96 103 110 104 104 112 122 126 135 141 138 129 124 130 128 114 111 105 94 99 115 115 103 97 100 100 101 86 89 98 107 102 99 95 69 68 89 77 80 94 86 82 77 73 75 73 64 55 55 75 92 75 96 104 87 69 76 106 81 87 90 107 116 112 106 116 121 120 140 120 111 126 131 136 125 88 99 136 106 101 110 122 128 147 146 121 85 95 134 132 119 98 78 78 74 81 94 116 131 119 97 94 85 67 62 77 84 87 75 66 78 106 108 108 109 121 123 126 125 129 123 117 119 126 114 89 64 46 45 52 63 68 74 63 42 38 58 87 85 89 86 75 60 56 63 61 54 38 36 43 62 78 86 95 96 86 73 66 59 70 94 107 110 117 133 108 41 0 0 0 0 0 0 0 0 0 0 0 0 0 0 0 0 0 0 0 0 0 0 0 0 0 0 0 0 0 0 0 0 0 0 0 0 0 0 0 0 0 0 0 0 0 0 0 0 0 0 0 0 0 0 0 0 0 0 0 0 0 0 0 0 0 0 0 0 0 0 0 0 0 0 0 0 0 0 0 0 0 0 0 0 0 0 0 0 0 0 0 0 0 0 0 0 0 0 0 0 0 0 0 0 0 0 0 0 0 0 0 0 0 0 0 0 0 0 0 0 0 0 0 0 0 0 0 0 0 0 0 0 0 0 0 0 0 0 0 0 0 0 0 0 0 0 0 0 0 0 0 
0 0 0 0 0 0 0 0 0 0 0 0 0 0 0 0 0 0 0 0 0 0 0 0 0 0 0 0 0 0 0 0 0 0 0 0 0 0 0 0 0 0 0 0 0 0 0 0 0 0 0 0 0 0 0 0 0 0 0 0 0 0 0 0 0 0 0 0 0 0 0 28 59 53 51 50 48 48 46 47 47 48 50 56 65 72 82 91 98 100 101 102 100 97 98 100 100 101 100 102 108 114 115 114 114 110 105 101 97 91 81 72 66 62 57 54 55 60 67 69 66 62 59 53 52 50 55 61 58 49 45 46 46 47 52 51 50 48 42 45 52 49 43 35 29 29 30 39 42 49 59 69 75 76 87 92 79 74 88 97 103 89 82 83 86 85 100 94 83 84 94 93 79 80 73 75 85 93 93 94 95 94 92 81 73 82 78 54 43 51 64 82 95 100 89 84 84 90 96 112 120 125 133 138 136 138 130 115 122 126 128 141 145 140 141 130 119 116 119 127 120 108 103 99 104 109 117 127 138 142 143 145 150 149 135 132 126 124 122 113 106 102 95 92 79 97 113 116 103 92 90 96 104 116 116 96 69 72 68 62 78 84 90 83 78 65 66 67 61 70 83 103 85 90 116 94 64 78 106 97 94 90 87 104 96 107 122 116 125 137 120 112 130 132 137 86 73 116 129 113 110 106 120 132 155 116 92 92 117 141 130 99 78 70 94 108 121 134 131 116 90 65 68 60 43 60 75 66 67 62 58 69 88 89 114 115 115 133 136 135 134 114 105 120 128 112 81 61 48 44 45 55 72 92 74 45 46 67 83 81 86 85 69 55 65 73 78 64 46 39 44 61 78 84 91 94 87 71 54 46 58 83 96 101 113 122 130 135 109 42 0 0 0 0 0 0 0 0 0 0 0 0 0 0 0 0 0 0 0 0 0 0 0 0 0 0 0 0 0 0 0 0 0 0 0 0 0 0 0 0 0 0 0 0 0 0 0 0 0 0 0 0 0 0 0 0 0 0 0 0 0 0 0 0 0 0 0 0 0 0 0 0 0 0 0 0 0 0 0 0 0 0 0 0 0 0 0 0 0 0 0 0 0 0 0 0 0 0 0 0 0 0 0 0 0 0 0 0 0 0 0 0 0 0 0 0 0 0 0 0 0 0 0 0 0 0 0 0 0 0 0 0 0 0 0 0 0 0 0 0 0 0 0 0 0 0 0 0 0 
0 0 0 0 0 0 0 0 0 0 0 0 0 0 0 0 0 0 0 0 0 0 0 0 0 0 0 0 0 0 0 0 0 0 0 0 0 0 0 0 0 0 0 0 0 0 0 0 0 0 0 0 0 0 0 0 0 0 0 0 0 0 0 0 0 0 0 0 0 0 1 68 66 61 56 53 49 47 46 46 48 50 55 62 68 75 85 93 101 103 103 101 99 97 99 101 103 103 102 104 112 117 117 118 117 114 108 102 98 94 83 73 66 63 56 53 52 54 59 62 65 64 61 57 50 46 50 53 50 43 39 39 42 48 54 58 62 59 50 47 52 57 49 42 35 32 34 41 49 56 62 74 86 89 90 95 96 92 98 98 105 104 92 93 99 96 106 102 92 90 94 90 80 77 80 78 83 100 101 102 98 104 94 86 73 74 87 75 57 56 58 64 81 93 94 106 113 108 107 110 117 124 130 134 139 143 146 143 142 140 140 136 135 144 150 146 145 132 131 127 137 149 135 119 117 120 125 134 142 151 156 150 148 151 154 152 136 122 130 130 122 110 91 78 73 73 91 122 127 109 93 86 100 115 119 125 93 69 69 56 57 80 92 89 90 77 68 69 67 73 84 101 88 83 120 108 64 72 107 110 117 84 78 94 96 113 124 106 126 138 98 108 127 139 124 70 63 119 109 114 107 112 130 147 136 91 98 114 143 136 108 88 91 97 118 125 132 123 103 86 80 59 51 44 39 53 61 54 63 62 66 69 85 114 131 125 124 143 134 147 131 105 109 126 124 97 64 41 31 42 54 67 88 97 75 48 56 68 67 76 83 85 75 71 79 79 78 58 50 43 52 69 84 89 91 96 93 69 45 40 55 76 87 98 113 121 122 127 125 123 99 40 0 0 0 0 0 0 0 0 0 0 0 0 0 0 0 0 0 0 0 0 0 0 0 0 0 0 0 0 0 0 0 0 0 0 0 0 0 0 0 0 0 0 0 0 0 0 0 0 0 0 0 0 0 0 0 0 0 0 0 0 0 0 0 0 0 0 0 0 0 0 0 0 0 0 0 0 0 0 0 0 0 0 0 0 0 0 0 0 0 0 0 0 0 0 0 0 0 0 0 0 0 0 0 0 0 0 0 0 0 0 0 0 0 0 0 0 0 0 0 0 0 0 0 0 0 0 0 0 0 0 0 0 0 0 0 0 0 0 0 0 0 0 0 0 0 0 0 
0 0 0 0 0 0 0 0 0 0 0 0 0 0 0 0 0 0 0 0 0 0 0 0 0 0 0 0 0 0 0 0 0 0 0 0 0 0 0 0 0 0 0 0 0 0 0 0 0 0 0 0 0 0 0 0 0 0 0 0 0 0 0 0 0 0 0 0 0 0 33 81 76 74 68 64 58 54 51 51 52 53 59 69 75 82 90 98 102 103 102 100 97 95 99 103 104 105 106 109 114 120 121 120 117 116 111 104 100 95 86 77 70 67 58 53 48 48 48 50 56 60 64 63 54 50 54 57 53 46 41 44 48 51 58 60 59 54 51 46 44 49 54 51 43 38 42 46 51 63 68 72 85 92 93 95 107 112 108 103 103 114 107 100 105 102 109 107 94 91 93 90 82 72 74 75 87 97 97 95 99 112 106 95 90 82 90 90 75 70 66 73 76 86 98 102 112 113 108 105 99 110 120 117 126 140 134 125 136 145 141 142 137 135 143 150 155 149 128 121 117 123 146 153 144 138 139 131 133 149 159 156 148 144 151 157 155 148 133 125 123 129 110 81 72 73 82 106 133 128 109 99 93 105 106 112 117 87 74 59 49 72 96 88 96 92 67 68 75 72 87 89 81 73 114 108 67 74 110 125 119 92 73 101 100 110 118 111 121 120 93 101 124 138 122 79 90 112 107 114 119 131 142 152 84 88 108 128 139 119 99 96 111 108 117 123 110 99 99 99 90 56 42 30 39 51 53 57 59 68 81 86 108 139 143 141 140 137 135 150 136 118 127 131 91 49 32 30 36 52 67 66 92 90 76 69 60 54 49 63 78 87 79 96 90 83 65 50 50 48 59 79 94 94 93 102 92 63 37 34 49 64 74 94 115 121 122 123 117 109 112 116 95 42 0 0 0 0 0 0 0 0 0 0 0 0 0 0 0 0 0 0 0 0 0 0 0 0 0 0 0 0 0 0 0 0 0 0 0 0 0 0 0 0 0 0 0 0 0 0 0 0 0 0 0 0 0 0 0 0 0 0 0 0 0 0 0 0 0 0 0 0 0 0 0 0 0 0 0 0 0 0 0 0 0 0 0 0 0 0 0 0 0 0 0 0 0 0 0 0 0 0 0 0 0 0 0 0 0 0 0 0 0 0 0 0 0 0 0 0 0 0 0 0 0 0 0 0 0 0 0 0 0 0 0 0 0 0 0 0 0 0 0 0 0 0 0 0 0 
0 0 0 0 0 0 0 0 0 0 0 0 0 0 0 0 0 0 0 0 0 0 0 0 0 0 0 0 0 0 0 0 0 0 0 0 0 0 0 0 0 0 0 0 0 0 0 0 0 0 0 0 0 0 0 0 0 0 0 0 0 0 0 0 0 0 0 0 0 0 57 68 70 75 79 78 73 72 66 62 61 62 68 75 81 88 97 100 104 103 101 99 96 95 99 104 107 110 111 114 118 121 124 122 119 117 111 105 99 93 86 79 75 72 66 59 52 48 43 45 48 54 64 65 61 56 56 58 58 57 53 49 48 54 63 64 57 46 42 43 44 47 60 68 62 59 63 67 67 75 76 75 77 89 102 102 106 114 111 108 104 115 118 104 101 105 112 116 102 92 96 92 87 77 69 73 91 96 95 90 98 115 115 101 104 95 85 92 79 72 75 85 78 65 85 103 110 119 126 122 113 108 107 102 99 112 127 134 128 134 136 134 133 133 137 143 152 159 162 150 137 131 133 141 152 160 153 144 135 144 159 162 162 153 143 146 146 144 135 125 112 105 109 92 80 88 98 90 108 137 122 104 105 108 113 113 134 125 94 69 48 63 86 91 99 105 76 66 83 80 86 83 70 71 103 103 61 76 114 127 131 92 78 112 109 104 115 112 125 113 114 120 128 131 124 86 99 110 93 120 125 119 131 114 56 94 117 138 131 98 81 102 112 116 123 117 110 123 116 100 81 53 38 33 39 44 44 65 72 85 82 88 114 142 144 144 139 137 141 141 136 134 132 105 49 27 38 40 59 73 63 71 91 95 92 83 52 41 50 65 79 88 99 109 87 84 64 50 57 60 70 89 100 97 91 98 86 50 30 30 38 47 61 88 112 119 124 125 113 108 111 112 110 113 94 41 0 0 0 0 0 0 0 0 0 0 0 0 0 0 0 0 0 0 0 0 0 0 0 0 0 0 0 0 0 0 0 0 0 0 0 0 0 0 0 0 0 0 0 0 0 0 0 0 0 0 0 0 0 0 0 0 0 0 0 0 0 0 0 0 0 0 0 0 0 0 0 0 0 0 0 0 0 0 0 0 0 0 0 0 0 0 0 0 0 0 0 0 0 0 0 0 0 0 0 0 0 0 0 0 0 0 0 0 0 0 0 0 0 0 0 0 0 0 0 0 0 0 0 0 0 0 0 0 0 0 0 0 0 0 0 0 0 0 0 0 0 0 0 
0 0 0 0 0 0 0 0 0 0 0 0 0 0 0 0 0 0 0 0 0 0 0 0 0 0 0 0 0 0 0 0 0 0 0 0 0 0 0 0 0 0 0 0 0 0 0 0 0 0 0 0 0 0 0 0 0 0 0 0 0 0 0 0 0 0 0 0 0 20 56 54 58 63 66 72 79 81 82 83 79 77 80 82 88 94 99 103 104 103 100 98 97 95 98 104 109 112 115 117 119 119 122 123 121 116 111 105 98 92 86 80 79 78 75 71 63 54 51 51 51 55 67 69 68 64 57 56 58 64 65 58 51 55 68 71 65 54 45 45 49 52 62 72 78 77 80 87 92 93 92 85 83 92 100 106 104 107 109 112 112 116 120 115 106 109 115 121 106 92 94 90 84 75 78 82 92 95 99 95 93 113 122 101 108 102 88 98 97 80 90 85 95 87 80 86 99 116 127 134 133 122 109 109 109 108 109 118 129 136 140 136 137 134 128 128 128 135 139 150 153 143 132 135 138 136 141 142 137 138 150 156 158 163 160 150 145 137 129 118 112 123 121 113 95 87 97 114 121 139 137 112 100 105 102 116 131 132 115 88 52 55 75 85 82 101 99 69 68 85 87 80 64 75 100 104 74 80 115 130 136 94 84 122 117 112 115 121 132 123 137 130 122 139 115 84 91 99 95 134 130 113 136 71 76 102 124 140 130 96 98 118 128 124 120 122 124 120 103 97 76 51 45 32 32 37 56 80 84 79 57 78 116 126 132 135 137 138 131 128 134 142 127 77 39 43 53 56 76 75 51 78 102 106 93 74 53 50 66 75 81 95 117 101 94 86 64 50 63 70 80 92 96 97 94 88 72 40 23 26 36 39 54 83 108 117 120 120 112 107 113 115 116 112 107 104 88 43 1 0 0 0 0 0 0 0 0 0 0 0 0 0 0 0 0 0 0 0 0 0 0 0 0 0 0 0 0 0 0 0 0 0 0 0 0 0 0 0 0 0 0 0 0 0 0 0 0 0 0 0 0 0 0 0 0 0 0 0 0 0 0 0 0 0 0 0 0 0 0 0 0 0 0 0 0 0 0 0 0 0 0 0 0 0 0 0 0 0 0 0 0 0 0 0 0 0 0 0 0 0 0 0 0 0 0 0 0 0 0 0 0 0 0 0 0 0 0 0 0 0 0 0 0 0 0 0 0 0 0 0 0 0 0 0 0 0 0 0 0 
0 0 0 0 0 0 0 0 0 0 0 0 0 0 0 0 0 0 0 0 0 0 0 0 0 0 0 0 0 0 0 0 0 0 0 0 0 0 0 0 0 0 0 0 0 0 0 0 0 0 0 0 0 0 0 0 0 0 0 0 0 0 0 0 0 0 0 0 0 46 51 50 51 54 57 61 67 74 83 89 94 96 94 95 99 103 105 106 104 104 102 101 98 96 97 103 109 112 116 119 119 120 121 121 120 115 107 102 96 91 86 82 81 83 84 83 74 66 60 57 59 64 69 72 73 72 67 67 64 68 78 79 69 63 71 78 75 69 57 54 54 60 65 73 85 91 88 90 104 113 104 94 89 99 110 115 119 111 114 118 121 122 118 115 113 114 115 120 104 97 94 88 78 71 83 88 95 91 98 97 98 113 125 110 106 112 100 107 109 98 95 92 102 104 91 94 94 99 114 124 125 136 137 130 131 128 132 132 131 127 138 139 139 142 139 129 128 124 121 129 137 143 144 141 158 156 138 137 134 135 136 149 154 153 152 156 160 141 133 124 93 89 107 101 98 91 87 109 122 136 144 126 104 103 96 106 137 141 126 95 64 55 66 77 75 77 107 83 56 80 82 74 71 71 100 110 90 92 114 125 135 100 87 131 126 120 124 131 125 137 141 119 116 136 111 75 87 93 120 138 130 133 135 85 105 108 131 145 127 115 125 133 126 107 114 122 108 93 103 98 76 60 45 25 31 52 83 80 83 60 42 58 92 114 126 123 118 120 113 122 137 141 117 75 61 68 56 78 78 55 45 74 103 99 82 72 65 78 77 79 87 101 110 95 103 88 61 56 58 73 86 91 93 97 93 83 61 35 25 29 37 39 51 74 102 113 117 116 111 110 117 123 122 115 112 111 107 103 92 50 4 0 0 0 0 0 0 0 0 0 0 0 0 0 0 0 0 0 0 0 0 0 0 0 0 0 0 0 0 0 0 0 0 0 0 0 0 0 0 0 0 0 0 0 0 0 0 0 0 0 0 0 0 0 0 0 0 0 0 0 0 0 0 0 0 0 0 0 0 0 0 0 0 0 0 0 0 0 0 0 0 0 0 0 0 0 0 0 0 0 0 0 0 0 0 0 0 0 0 0 0 0 0 0 0 0 0 0 0 0 0 0 0 0 0 0 0 0 0 0 0 0 0 0 0 0 0 0 0 0 0 0 0 0 0 0 0 0 0 
0 0 0 0 0 0 0 0 0 0 0 0 0 0 0 0 0 0 0 0 0 0 0 0 0 0 0 0 0 0 0 0 0 0 0 0 0 0 0 0 0 0 0 0 0 0 0 0 0 0 0 0 0 0 0 0 0 0 0 0 0 0 0 0 0 0 0 0 19 53 49 50 50 51 54 57 61 67 75 84 93 99 102 106 109 112 114 112 110 108 107 106 102 101 102 104 108 111 116 117 117 120 122 122 120 115 108 101 96 91 87 85 86 88 91 90 85 76 69 67 70 73 73 73 75 77 82 83 81 83 90 93 89 86 87 90 88 81 72 65 66 72 74 78 91 99 97 95 103 113 109 104 100 102 107 119 126 122 120 121 123 130 124 121 118 120 120 115 109 104 93 83 70 69 81 92 100 95 95 105 105 113 127 113 102 113 113 119 126 115 113 107 103 109 101 90 92 94 106 121 119 124 138 136 132 137 142 140 144 141 133 138 141 142 148 151 146 146 147 136 140 143 141 142 145 148 153 155 143 135 135 130 142 151 153 153 158 155 150 143 126 103 82 77 90 95 89 100 107 128 144 140 132 116 95 89 117 138 139 120 86 61 64 69 67 66 100 96 61 74 101 84 78 73 93 105 102 96 109 113 135 86 102 130 133 124 125 127 129 147 137 107 125 141 110 86 95 114 138 144 135 150 123 107 107 122 143 137 111 108 127 120 90 83 101 110 105 102 115 105 89 60 31 39 57 74 88 92 84 49 34 58 99 120 119 115 117 121 104 128 135 136 105 88 82 72 68 86 67 42 54 85 84 78 76 76 82 89 74 79 85 95 91 102 106 85 66 68 61 77 88 88 90 89 90 86 65 37 31 30 30 35 45 69 92 105 113 113 109 112 123 128 121 115 116 118 113 109 111 119 108 58 6 0 0 0 0 0 0 0 0 0 0 0 0 0 0 0 0 0 0 0 0 0 0 0 0 0 0 0 0 0 0 0 0 0 0 0 0 0 0 0 0 0 0 0 0 0 0 0 0 0 0 0 0 0 0 0 0 0 0 0 0 0 0 0 0 0 0 0 0 0 0 0 0 0 0 0 0 0 0 0 0 0 0 0 0 0 0 0 0 0 0 0 0 0 0 0 0 0 0 0 0 0 0 0 0 0 0 0 0 0 0 0 0 0 0 0 0 0 0 0 0 0 0 0 0 0 0 0 0 0 0 0 0 0 0 0 0 
0 0 0 0 0 0 0 0 0 0 0 0 0 0 0 0 0 0 0 0 0 0 0 0 0 0 0 0 0 0 0 0 0 0 0 0 0 0 0 0 0 0 0 0 0 0 0 0 0 0 0 0 0 0 0 0 0 0 0 0 0 0 0 0 0 0 0 0 46 53 49 50 51 52 54 59 63 67 74 81 88 95 99 103 109 113 116 117 117 115 115 113 109 105 104 104 106 111 113 114 116 120 122 122 120 115 108 100 94 90 87 87 90 91 94 96 95 87 81 80 82 82 81 80 82 83 86 89 89 90 92 94 98 99 100 105 100 91 79 75 78 84 85 85 94 103 106 100 104 110 112 113 110 109 109 113 123 131 129 121 121 132 134 130 124 124 130 118 110 108 93 76 71 73 81 95 109 103 104 113 105 102 120 118 96 105 114 123 126 129 130 119 107 118 113 103 105 111 110 107 110 110 118 129 130 129 139 142 141 145 151 152 149 146 140 132 142 140 153 162 159 152 150 145 135 127 129 140 160 164 155 148 143 135 130 145 151 156 152 141 133 119 118 109 79 84 94 97 94 100 122 141 145 134 120 95 90 124 142 132 101 69 68 66 60 69 92 109 81 86 101 87 70 63 95 96 98 101 109 113 111 75 98 142 141 118 114 118 130 145 131 110 132 145 112 103 115 133 142 137 138 141 111 113 112 141 128 82 90 114 119 93 69 80 117 116 125 120 101 102 87 54 37 80 65 66 95 90 60 43 47 77 111 122 117 135 141 123 124 133 133 130 107 93 88 73 76 84 60 51 74 88 65 66 78 91 81 75 78 79 77 84 85 109 107 90 82 69 63 78 92 95 90 85 91 96 71 43 29 26 28 34 43 65 81 94 103 108 109 115 125 126 115 112 116 116 113 114 117 119 117 123 118 67 8 0 0 0 0 0 0 0 0 0 0 0 0 0 0 0 0 0 0 0 0 0 0 0 0 0 0 0 0 0 0 0 0 0 0 0 0 0 0 0 0 0 0 0 0 0 0 0 0 0 0 0 0 0 0 0 0 0 0 0 0 0 0 0 0 0 0 0 0 0 0 0 0 0 0 0 0 0 0 0 0 0 0 0 0 0 0 0 0 0 0 0 0 0 0 0 0 0 0 0 0 0 0 0 0 0 0 0 0 0 0 0 0 0 0 0 0 0 0 0 0 0 0 0 0 0 0 0 0 0 0 0 0 0 0 
0 0 0 0 0 0 0 0 0 0 0 0 0 0 0 0 0 0 0 0 0 0 0 0 0 0 0 0 0 0 0 0 0 0 0 0 0 0 0 0 0 0 0 0 0 0 0 0 0 0 0 0 0 0 0 0 0 0 0 0 0 0 0 0 0 0 0 19 57 55 51 51 52 54 56 60 65 70 78 84 90 93 95 98 100 105 110 116 119 119 121 121 116 113 109 108 111 113 112 113 116 120 123 123 119 115 107 98 92 89 85 86 88 92 96 101 102 97 92 89 90 90 90 89 90 91 93 95 95 93 92 92 99 102 101 101 102 99 89 83 86 94 95 91 91 101 107 105 106 110 113 117 112 109 107 109 117 127 128 125 115 126 132 131 129 127 134 126 109 108 96 70 68 75 84 98 108 113 114 121 113 91 113 115 95 96 115 124 128 136 138 127 114 126 125 112 103 95 107 105 105 111 114 117 130 130 137 144 142 140 142 144 152 153 148 148 144 140 145 144 140 146 148 152 147 131 114 110 115 129 149 155 147 149 132 120 133 136 126 115 107 103 102 118 106 99 104 97 96 108 121 129 133 126 125 119 100 112 134 126 117 88 79 70 66 75 79 108 93 88 86 87 65 71 90 86 93 105 119 102 103 79 116 150 136 115 113 104 114 136 130 121 137 134 115 108 127 141 136 122 139 124 122 119 128 137 101 60 106 125 106 88 77 106 132 128 136 121 83 101 81 73 93 94 69 82 97 70 44 53 57 85 104 116 128 146 140 114 120 128 132 129 113 96 81 66 75 94 57 68 96 81 73 83 99 98 78 70 78 68 79 73 83 104 109 104 86 59 58 79 94 95 87 85 92 91 64 34 23 25 32 35 43 58 73 87 99 107 113 121 127 118 107 106 112 114 112 114 118 118 116 116 120 133 127 72 10 0 0 0 0 0 0 0 0 0 0 0 0 0 0 0 0 0 0 0 0 0 0 0 0 0 0 0 0 0 0 0 0 0 0 0 0 0 0 0 0 0 0 0 0 0 0 0 0 0 0 0 0 0 0 0 0 0 0 0 0 0 0 0 0 0 0 0 0 0 0 0 0 0 0 0 0 0 0 0 0 0 0 0 0 0 0 0 0 0 0 0 0 0 0 0 0 0 0 0 0 0 0 0 0 0 0 0 0 0 0 0 0 0 0 0 0 0 0 0 0 0 0 0 0 0 0 0 0 0 0 0 0 
0 0 0 0 0 0 0 0 0 0 0 0 0 0 0 0 0 0 0 0 0 0 0 0 0 0 0 0 0 0 0 0 0 0 0 0 0 0 0 0 0 0 0 0 0 0 0 0 0 0 0 0 0 0 0 0 0 0 0 0 0 0 0 0 0 0 0 57 64 61 57 56 56 57 59 64 69 75 82 90 93 94 95 96 96 99 103 107 113 117 122 124 124 122 118 115 116 117 114 114 117 121 122 120 117 113 106 96 91 89 85 84 87 92 97 104 106 105 102 98 94 92 94 97 98 99 103 104 102 100 100 99 99 101 99 96 96 101 101 101 101 102 105 100 93 100 106 110 112 114 113 116 114 111 106 108 114 119 124 123 116 118 125 127 134 130 130 126 108 102 99 81 73 79 86 97 105 114 114 121 115 93 110 122 104 93 112 130 136 140 141 130 118 127 130 115 108 100 86 82 92 96 104 117 124 135 141 143 144 138 135 133 132 139 143 144 144 143 139 140 137 136 141 151 153 150 145 124 100 103 120 142 142 138 144 144 127 130 117 97 98 98 103 127 133 129 125 115 94 88 117 132 128 114 115 122 116 112 131 121 98 88 86 72 78 82 79 95 101 87 82 83 66 74 97 88 95 115 119 108 111 91 123 147 132 125 107 80 101 137 138 125 146 129 119 117 131 138 126 120 134 125 124 117 137 120 87 85 98 100 89 83 92 131 134 133 128 117 106 112 95 96 119 92 88 106 93 61 50 61 68 90 102 126 127 128 122 114 117 124 126 122 115 109 83 84 90 75 56 80 107 81 78 92 106 97 79 71 70 66 74 64 79 105 111 97 69 52 57 77 92 93 88 88 95 77 50 27 19 25 33 34 41 53 71 89 102 108 113 123 127 112 98 101 107 110 111 113 115 114 114 115 117 120 123 129 118 69 10 0 0 0 0 0 0 0 0 0 0 0 0 0 0 0 0 0 0 0 0 0 0 0 0 0 0 0 0 0 0 0 0 0 0 0 0 0 0 0 0 0 0 0 0 0 0 0 0 0 0 0 0 0 0 0 0 0 0 0 0 0 0 0 0 0 0 0 0 0 0 0 0 0 0 0 0 0 0 0 0 0 0 0 0 0 0 0 0 0 0 0 0 0 0 0 0 0 0 0 0 0 0 0 0 0 0 0 0 0 0 0 0 0 0 0 0 0 0 0 0 0 0 0 0 0 0 0 0 0 0 
0 0 0 0 0 0 0 0 0 0 0 0 0 0 0 0 0 0 0 0 0 0 0 0 0 0 0 0 0 0 0 0 0 0 0 0 0 0 0 0 0 0 0 0 0 0 0 0 0 0 0 0 0 0 0 0 0 0 0 0 0 0 0 0 0 0 28 83 79 77 72 73 71 71 72 73 78 83 89 97 96 97 97 96 98 99 99 102 106 110 115 118 122 123 122 123 124 124 123 121 122 122 123 121 117 112 104 94 90 89 86 86 90 95 101 107 111 112 112 109 103 98 100 104 106 110 113 112 110 109 106 109 109 105 100 97 94 97 108 118 116 112 113 113 108 105 111 116 116 119 113 114 113 109 109 108 109 116 122 118 120 122 124 127 135 133 124 122 110 102 99 94 82 82 87 93 102 112 114 118 117 105 105 117 113 96 107 135 144 138 144 132 125 130 137 124 114 114 102 88 87 89 87 87 98 111 127 139 143 141 136 133 134 134 132 138 133 134 141 143 146 144 141 138 141 148 149 161 169 141 131 144 157 155 146 146 132 112 106 75 67 96 106 118 131 138 126 122 124 118 115 119 128 128 114 99 89 98 124 118 95 93 92 76 81 95 86 84 88 88 78 68 56 76 104 92 106 121 127 119 106 95 120 142 133 120 109 70 105 143 132 139 139 129 128 121 129 124 113 128 128 117 104 107 122 112 93 84 61 75 77 95 109 114 121 127 127 128 122 114 90 107 115 101 103 109 93 58 71 83 88 109 115 112 107 118 124 117 116 120 123 123 125 126 115 103 81 56 69 98 97 71 72 88 97 91 79 76 67 68 61 61 90 120 119 93 55 51 56 72 84 88 88 92 94 73 46 27 20 24 28 30 38 54 73 93 107 107 111 123 124 108 94 96 99 104 108 113 114 114 114 113 113 115 117 114 111 118 114 73 13 0 0 0 0 0 0 0 0 0 0 0 0 0 0 0 0 0 0 0 0 0 0 0 0 0 0 0 0 0 0 0 0 0 0 0 0 0 0 0 0 0 0 0 0 0 0 0 0 0 0 0 0 0 0 0 0 0 0 0 0 0 0 0 0 0 0 0 0 0 0 0 0 0 0 0 0 0 0 0 0 0 0 0 0 0 0 0 0 0 0 0 0 0 0 0 0 0 0 0 0 0 0 0 0 0 0 0 0 0 0 0 0 0 0 0 0 0 0 0 0 0 0 0 0 0 0 0 0 
0 0 0 0 0 0 0 0 0 0 0 0 0 0 0 0 0 0 0 0 0 0 0 0 0 0 0 0 0 0 0 0 0 0 0 0 0 0 0 0 0 0 0 0 0 0 0 0 0 0 0 0 0 0 0 0 0 0 0 0 0 0 0 0 0 0 67 83 83 84 85 85 86 87 88 91 93 97 102 103 103 103 102 100 100 101 103 105 106 107 108 109 113 113 116 121 124 129 132 131 129 127 126 123 119 113 103 94 91 91 90 91 95 101 107 111 116 120 122 122 119 114 110 112 114 118 122 122 122 117 114 118 120 114 109 107 101 99 108 119 124 121 120 125 124 119 119 117 120 123 120 117 112 106 109 114 109 114 122 126 129 132 128 126 134 133 116 114 116 111 101 95 87 87 90 95 99 104 112 117 120 112 103 111 116 97 104 136 146 135 143 139 131 139 144 132 118 123 127 111 100 95 98 103 98 97 116 127 132 140 143 135 135 144 142 146 151 151 155 158 154 155 148 144 138 139 143 148 153 162 163 158 162 163 158 154 154 151 136 129 108 103 112 99 97 116 123 124 124 132 139 134 129 127 124 105 81 76 100 112 87 87 99 85 80 106 100 83 68 71 76 87 71 69 100 94 109 125 132 119 100 89 131 147 127 129 108 86 105 128 125 138 129 133 121 123 119 107 116 138 121 97 86 112 120 104 77 58 56 80 81 86 90 96 110 122 133 130 113 103 90 118 110 109 91 100 91 75 88 93 108 124 107 97 105 123 126 117 111 117 128 135 141 138 118 93 73 69 87 107 92 72 83 92 90 87 85 83 77 66 51 64 111 129 114 80 53 47 51 67 79 83 87 93 87 69 46 29 20 21 25 30 39 56 75 93 103 103 107 120 121 106 94 91 94 101 108 114 117 117 116 112 112 114 113 110 109 110 112 123 122 74 15 0 0 0 0 0 0 0 0 0 0 0 0 0 0 0 0 0 0 0 0 0 0 0 0 0 0 0 0 0 0 0 0 0 0 0 0 0 0 0 0 0 0 0 0 0 0 0 0 0 0 0 0 0 0 0 0 0 0 0 0 0 0 0 0 0 0 0 0 0 0 0 0 0 0 0 0 0 0 0 0 0 0 0 0 0 0 0 0 0 0 0 0 0 0 0 0 0 0 0 0 0 0 0 0 0 0 0 0 0 0 0 0 0 0 0 0 0 0 0 0 0 0 0 0 0 0 
0 0 0 0 0 0 0 0 0 0 0 0 0 0 0 0 0 0 0 0 0 0 0 0 0 0 0 0 0 0 0 0 0 0 0 0 0 0 0 0 0 0 0 0 0 0 0 0 0 0 0 0 0 0 0 0 0 0 0 0 0 0 0 0 0 18 70 68 70 74 77 79 82 85 91 94 99 103 108 111 109 111 110 106 107 109 110 112 113 111 109 108 109 109 111 115 119 126 130 134 134 132 132 130 124 118 106 95 93 93 95 99 103 106 110 116 122 127 130 132 133 129 123 121 119 121 125 126 127 127 126 127 129 126 121 118 111 105 111 121 128 129 129 132 132 131 129 118 119 126 128 126 111 102 108 117 112 119 123 127 131 136 128 129 136 131 113 109 108 110 111 94 85 90 95 96 101 102 117 118 115 116 111 111 117 98 101 129 146 131 138 143 135 139 147 140 127 123 131 127 118 106 96 96 107 109 114 129 130 127 130 137 135 147 157 151 154 156 158 161 161 156 149 148 144 136 140 140 137 140 140 148 154 155 159 163 161 154 155 141 146 155 146 119 102 91 93 120 126 121 137 144 136 127 134 141 110 78 87 95 75 81 92 81 64 96 110 90 80 71 76 96 89 72 94 90 105 123 136 118 97 101 127 141 136 134 117 100 82 111 126 132 126 117 107 124 118 95 132 139 118 91 92 119 115 82 54 60 79 82 73 78 86 86 92 113 131 118 105 101 107 119 114 99 77 108 99 81 84 109 108 105 101 107 113 127 115 91 98 115 129 145 149 130 102 91 69 87 98 101 94 86 92 98 98 94 86 84 81 59 61 85 118 120 99 78 56 40 47 66 73 74 81 82 76 62 40 26 23 24 29 33 40 55 72 89 93 92 103 116 115 105 97 93 93 102 110 116 121 121 117 114 112 114 111 110 107 108 108 111 114 119 117 78 19 0 0 0 0 0 0 0 0 0 0 0 0 0 0 0 0 0 0 0 0 0 0 0 0 0 0 0 0 0 0 0 0 0 0 0 0 0 0 0 0 0 0 0 0 0 0 0 0 0 0 0 0 0 0 0 0 0 0 0 0 0 0 0 0 0 0 0 0 0 0 0 0 0 0 0 0 0 0 0 0 0 0 0 0 0 0 0 0 0 0 0 0 0 0 0 0 0 0 0 0 0 0 0 0 0 0 0 0 0 0 0 0 0 0 0 0 0 0 0 0 0 0 0 0 
0 0 0 0 0 0 0 0 0 0 0 0 0 0 0 0 0 0 0 0 0 0 0 0 0 0 0 0 0 0 0 0 0 0 0 0 0 0 0 0 0 0 0 0 0 0 0 0 0 0 0 0 0 0 0 0 0 0 0 0 0 0 0 0 0 43 55 57 60 63 66 69 71 75 80 85 92 97 102 106 108 111 109 110 113 116 119 120 119 118 116 115 113 111 113 116 119 123 127 129 130 132 134 137 133 125 113 104 96 95 98 103 108 110 114 119 125 130 134 137 139 138 135 128 125 122 122 126 129 129 132 134 134 133 132 128 119 113 115 120 126 130 131 130 133 134 133 126 122 123 124 133 125 111 107 111 114 119 128 132 131 134 131 127 137 128 117 112 105 104 114 94 83 85 103 92 91 104 124 123 115 110 112 110 122 111 100 117 141 133 136 147 134 132 148 150 139 126 124 135 131 120 111 102 97 107 105 109 122 114 108 113 116 123 132 139 143 148 153 153 156 153 144 136 146 145 140 141 139 135 125 125 128 129 137 147 161 157 146 136 137 143 152 152 137 120 109 110 116 113 112 124 145 149 130 131 135 115 91 91 83 68 74 72 68 84 111 106 102 86 71 92 104 81 89 85 97 122 130 116 89 105 113 142 141 134 126 97 71 115 133 125 104 104 109 127 114 104 139 135 107 82 105 120 94 74 67 83 87 72 84 91 64 63 89 121 125 112 117 117 114 118 111 84 99 119 94 74 91 120 97 93 107 123 124 111 87 75 105 122 128 154 137 123 106 90 85 103 101 100 107 102 104 115 108 94 81 76 70 55 81 102 116 110 98 77 49 33 45 64 67 75 80 80 69 54 33 25 27 32 36 37 44 56 68 77 80 81 96 113 111 101 98 97 96 102 111 116 121 123 117 115 119 118 111 107 107 108 109 107 109 112 115 124 123 84 21 0 0 0 0 0 0 0 0 0 0 0 0 0 0 0 0 0 0 0 0 0 0 0 0 0 0 0 0 0 0 0 0 0 0 0 0 0 0 0 0 0 0 0 0 0 0 0 0 0 0 0 0 0 0 0 0 0 0 0 0 0 0 0 0 0 0 0 0 0 0 0 0 0 0 0 0 0 0 0 0 0 0 0 0 0 0 0 0 0 0 0 0 0 0 0 0 0 0 0 0 0 0 0 0 0 0 0 0 0 0 0 0 0 0 0 0 0 0 0 0 0 0 
0 0 0 0 0 0 0 0 0 0 0 0 0 0 0 0 0 0 0 0 0 0 0 0 0 0 0 0 0 0 0 0 0 0 0 0 0 0 0 0 0 0 0 0 0 0 0 0 0 0 0 0 0 0 0 0 0 0 0 0 0 0 0 0 13 52 50 54 58 61 65 67 68 71 76 81 87 90 95 100 104 104 104 104 106 111 116 120 121 121 122 121 121 123 123 123 122 122 124 126 126 128 131 134 130 126 120 112 107 105 108 111 112 114 118 123 127 131 134 138 140 140 137 132 130 125 125 127 132 133 135 136 136 134 132 134 128 120 120 121 121 126 129 128 127 133 135 138 131 125 124 130 133 124 113 111 121 124 129 141 135 133 136 129 136 135 123 116 103 103 109 97 83 83 104 96 86 96 125 129 120 108 108 112 129 122 103 117 132 136 141 152 136 126 147 154 142 138 129 137 138 133 125 117 109 108 111 103 110 103 97 101 101 99 98 106 110 116 126 130 127 131 143 142 144 157 149 141 140 141 135 121 110 108 106 116 130 143 150 150 142 138 137 147 148 143 121 113 121 125 119 108 112 140 152 138 131 127 104 80 81 65 61 67 68 76 93 105 114 102 81 88 122 111 94 85 90 117 130 105 91 101 108 140 143 141 129 85 90 127 139 119 98 112 108 135 106 123 141 105 78 81 109 116 79 77 87 90 66 60 72 70 56 75 112 128 116 123 123 122 115 114 111 103 116 108 77 97 115 113 90 84 105 123 109 78 77 105 118 131 139 144 128 129 106 90 111 108 103 111 112 104 109 115 92 77 71 69 56 68 95 108 115 104 89 60 46 44 50 55 62 77 89 84 59 47 31 27 35 41 43 43 52 61 65 67 65 70 91 111 109 100 99 99 94 101 110 115 119 118 115 117 123 121 111 107 109 110 108 106 108 112 116 118 119 123 120 85 22 0 0 0 0 0 0 0 0 0 0 0 0 0 0 0 0 0 0 0 0 0 0 0 0 0 0 0 0 0 0 0 0 0 0 0 0 0 0 0 0 0 0 0 0 0 0 0 0 0 0 0 0 0 0 0 0 0 0 0 0 0 0 0 0 0 0 0 0 0 0 0 0 0 0 0 0 0 0 0 0 0 0 0 0 0 0 0 0 0 0 0 0 0 0 0 0 0 0 0 0 0 0 0 0 0 0 0 0 0 0 0 0 0 0 0 0 0 0 0 0 
0 0 0 0 0 0 0 0 0 0 0 0 0 0 0 0 0 0 0 0 0 0 0 0 0 0 0 0 0 0 0 0 0 0 0 0 0 0 0 0 0 0 0 0 0 0 0 0 0 0 0 0 0 0 0 0 0 0 0 0 0 0 0 0 37 47 50 55 58 63 66 69 72 73 78 83 85 88 92 95 99 101 101 99 101 105 110 113 115 117 117 119 125 131 133 134 130 128 127 127 127 125 129 128 124 120 114 112 115 116 120 121 121 122 123 125 128 130 131 133 134 137 138 135 132 130 130 132 135 136 135 137 137 136 134 132 129 126 128 125 123 128 132 129 123 129 135 140 138 134 131 129 136 132 125 119 123 127 131 145 142 135 137 134 139 139 125 118 109 104 108 99 95 83 99 106 84 84 115 137 128 114 107 106 120 119 114 125 134 146 147 155 139 128 143 151 146 135 129 135 141 140 133 133 124 116 109 103 103 98 89 91 85 71 58 55 64 72 77 92 103 103 107 119 129 136 149 146 135 138 142 146 137 123 122 114 117 121 132 143 154 154 139 131 130 137 132 112 104 124 136 116 112 115 140 147 136 128 112 72 76 76 70 65 70 79 76 94 109 99 89 91 123 133 103 83 83 122 130 99 96 96 109 142 150 147 121 77 85 137 137 108 103 107 122 131 113 134 134 67 69 85 113 92 61 71 88 73 54 54 59 68 85 96 112 125 124 129 117 126 125 126 121 123 124 107 91 128 121 100 71 94 102 95 78 70 86 114 126 139 140 135 133 124 108 108 125 111 105 105 95 91 103 86 67 59 59 59 49 77 97 109 108 94 71 52 62 73 75 59 70 92 100 85 60 42 32 31 40 43 45 57 66 69 67 60 55 62 88 109 105 99 103 102 98 102 108 111 112 109 108 116 122 119 112 109 109 109 106 105 109 115 118 120 120 119 117 122 125 90 26 0 0 0 0 0 0 0 0 0 0 0 0 0 0 0 0 0 0 0 0 0 0 0 0 0 0 0 0 0 0 0 0 0 0 0 0 0 0 0 0 0 0 0 0 0 0 0 0 0 0 0 0 0 0 0 0 0 0 0 0 0 0 0 0 0 0 0 0 0 0 0 0 0 0 0 0 0 0 0 0 0 0 0 0 0 0 0 0 0 0 0 0 0 0 0 0 0 0 0 0 0 0 0 0 0 0 0 0 0 0 0 0 0 0 0 0 0 0 
0 0 0 0 0 0 0 0 0 0 0 0 0 0 0 0 0 0 0 0 0 0 0 0 0 0 0 0 0 0 0 0 0 0 0 0 0 0 0 0 0 0 0 0 0 0 0 0 0 0 0 0 0 0 0 0 0 0 0 0 0 0 0 11 48 46 49 53 58 64 68 72 76 79 83 85 90 90 90 91 96 99 99 99 100 104 108 110 111 109 109 113 120 128 132 133 134 131 132 132 129 129 131 130 125 116 107 104 109 116 121 123 127 129 130 131 132 131 130 127 127 130 133 134 133 132 131 132 135 137 137 139 140 141 140 135 128 126 126 125 126 129 132 132 127 131 131 133 137 144 140 135 137 136 135 130 128 126 132 146 147 140 136 133 139 133 122 120 113 105 106 103 99 88 97 110 87 72 98 133 129 111 101 95 116 130 131 136 139 152 151 153 148 134 145 151 155 140 130 140 148 140 137 139 130 125 113 108 109 101 88 85 74 63 48 53 52 45 48 53 62 72 75 80 87 96 107 119 118 121 127 129 138 147 136 123 116 106 98 116 143 155 157 154 126 112 125 135 117 93 102 119 126 114 117 140 140 132 121 105 86 87 80 65 65 89 83 81 97 97 107 101 108 132 123 99 87 115 129 108 91 99 111 149 147 143 105 78 103 135 130 109 107 117 135 121 124 139 114 76 78 80 101 72 55 77 59 68 66 62 70 84 96 91 107 124 128 112 116 133 135 131 122 128 136 102 110 119 105 83 69 89 82 73 73 83 93 121 130 133 135 133 141 134 122 119 110 100 94 88 87 90 97 53 57 59 50 45 55 80 92 95 92 74 49 61 86 86 69 61 78 98 103 85 75 54 35 34 38 40 50 70 81 78 71 59 54 66 89 106 103 99 107 106 105 104 107 107 102 101 105 114 118 114 110 108 110 109 108 109 111 116 119 122 123 123 122 122 123 127 128 94 31 0 0 0 0 0 0 0 0 0 0 0 0 0 0 0 0 0 0 0 0 0 0 0 0 0 0 0 0 0 0 0 0 0 0 0 0 0 0 0 0 0 0 0 0 0 0 0 0 0 0 0 0 0 0 0 0 0 0 0 0 0 0 0 0 0 0 0 0 0 0 0 0 0 0 0 0 0 0 0 0 0 0 0 0 0 0 0 0 0 0 0 0 0 0 0 0 0 0 0 0 0 0 0 0 0 0 0 0 0 0 0 0 0 0 0 0 
0 0 0 0 0 0 0 0 0 0 0 0 0 0 0 0 0 0 0 0 0 0 0 0 0 0 0 0 0 0 0 0 0 0 0 0 0 0 0 0 0 0 0 0 0 0 0 0 0 0 0 0 0 0 0 0 0 0 0 0 0 0 0 32 43 44 48 53 59 65 70 75 79 83 86 88 90 90 90 89 92 97 97 98 102 105 108 111 111 106 106 110 117 124 129 131 128 125 126 125 127 130 133 135 131 122 113 105 109 114 115 118 123 127 133 137 138 136 134 129 128 125 127 128 128 130 131 131 134 137 140 142 142 142 144 142 133 124 121 120 122 125 129 131 131 127 128 128 132 139 141 138 138 142 142 137 136 131 132 146 151 145 139 134 135 128 121 117 115 109 108 110 104 95 96 107 101 76 80 121 128 113 101 100 116 136 142 143 150 154 150 156 157 143 146 151 155 143 139 142 150 142 136 135 132 125 121 110 106 103 93 89 73 64 55 49 43 36 39 42 46 46 51 50 52 57 61 74 86 94 100 115 122 130 130 130 127 124 126 113 114 135 146 150 148 141 130 131 142 131 108 79 87 126 139 132 124 134 125 120 117 98 79 57 53 77 93 72 90 97 105 102 104 124 129 116 92 102 117 106 89 92 122 144 142 132 103 93 128 127 121 118 122 130 130 122 125 136 109 93 82 90 85 67 59 66 53 83 68 70 83 86 90 96 113 114 97 99 131 130 127 130 128 133 131 107 109 105 86 81 75 80 73 71 75 88 111 130 122 134 144 150 151 138 121 112 105 102 98 94 80 79 64 50 72 75 54 51 60 80 78 81 79 64 49 69 87 66 51 71 88 97 96 93 94 73 42 31 34 37 59 84 92 87 81 68 62 75 95 105 102 103 106 108 107 104 107 105 96 98 101 107 110 111 109 108 114 113 114 111 111 113 119 124 126 127 126 126 125 126 125 129 131 101 35 0 0 0 0 0 0 0 0 0 0 0 0 0 0 0 0 0 0 0 0 0 0 0 0 0 0 0 0 0 0 0 0 0 0 0 0 0 0 0 0 0 0 0 0 0 0 0 0 0 0 0 0 0 0 0 0 0 0 0 0 0 0 0 0 0 0 0 0 0 0 0 0 0 0 0 0 0 0 0 0 0 0 0 0 0 0 0 0 0 0 0 0 0 0 0 0 0 0 0 0 0 0 0 0 0 0 0 0 0 0 0 0 0 0 
0 0 0 0 0 0 0 0 0 0 0 0 0 0 0 0 0 0 0 0 0 0 0 0 0 0 0 0 0 0 0 0 0 0 0 0 0 0 0 0 0 0 0 0 0 0 0 0 0 0 0 0 0 0 0 0 0 0 0 0 0 0 9 41 40 43 46 53 61 68 73 77 81 86 88 89 90 90 90 88 90 95 97 100 103 107 110 112 111 109 107 110 117 123 128 130 128 123 119 118 120 122 126 129 129 127 121 118 119 121 123 120 119 124 131 136 140 141 141 139 134 129 127 124 125 129 132 134 134 136 135 136 139 138 139 142 140 132 123 119 119 123 130 128 128 124 129 135 131 133 141 143 139 133 135 142 144 140 136 143 148 147 142 137 136 130 118 116 114 112 109 112 105 98 96 104 102 81 85 106 126 120 100 99 122 135 141 142 153 153 152 153 158 142 147 152 151 149 143 142 151 148 142 134 134 123 121 113 107 106 103 96 76 63 59 42 31 32 34 32 32 30 32 28 27 29 32 38 50 60 68 79 96 118 122 123 127 118 113 115 108 116 133 140 137 139 153 154 147 144 130 105 86 82 124 142 140 139 128 114 121 116 88 56 49 57 86 74 82 104 108 114 108 119 136 130 109 98 111 114 92 94 129 147 139 129 106 117 131 123 123 125 129 133 126 115 121 118 112 103 86 102 70 58 57 54 70 79 68 76 81 80 97 115 116 80 83 112 134 130 135 140 146 152 127 114 104 96 85 76 64 75 58 71 78 104 116 121 129 143 154 147 148 129 117 106 100 100 104 91 60 49 43 68 96 79 60 54 57 70 59 63 75 58 66 71 69 54 56 81 91 90 84 102 106 84 51 33 32 40 66 88 93 98 88 79 77 83 97 103 98 102 102 106 105 105 107 102 96 99 98 102 108 111 112 114 116 115 114 112 110 112 119 126 128 128 128 127 126 126 125 124 126 131 137 110 38 0 0 0 0 0 0 0 0 0 0 0 0 0 0 0 0 0 0 0 0 0 0 0 0 0 0 0 0 0 0 0 0 0 0 0 0 0 0 0 0 0 0 0 0 0 0 0 0 0 0 0 0 0 0 0 0 0 0 0 0 0 0 0 0 0 0 0 0 0 0 0 0 0 0 0 0 0 0 0 0 0 0 0 0 0 0 0 0 0 0 0 0 0 0 0 0 0 0 0 0 0 0 0 0 0 0 0 0 0 0 0 0 
0 0 0 0 0 0 0 0 0 0 0 0 0 0 0 0 0 0 0 0 0 0 0 0 0 0 0 0 0 0 0 0 0 0 0 0 0 0 0 0 0 0 0 0 0 0 0 0 0 0 0 0 0 0 0 0 0 0 0 0 0 0 29 40 42 44 46 53 62 68 74 78 84 89 91 91 91 90 91 90 90 94 97 100 104 109 112 113 112 109 107 111 116 123 129 131 128 124 119 115 116 116 117 119 120 118 117 119 123 128 132 131 129 128 130 135 138 141 141 141 139 135 130 126 126 129 135 140 143 140 135 134 134 132 132 137 142 141 134 125 120 126 131 130 127 124 130 140 144 140 140 142 140 131 127 139 146 142 133 140 148 144 140 138 135 132 120 115 111 107 104 107 102 96 95 98 94 88 95 101 121 130 101 95 118 135 139 134 154 153 151 150 148 138 139 151 156 157 152 146 149 152 149 139 134 129 123 118 112 100 99 92 77 62 51 35 31 33 31 27 23 23 21 20 19 19 21 18 21 28 47 59 62 77 103 121 124 118 108 99 94 97 105 122 137 134 129 139 139 133 127 121 102 76 98 144 150 144 136 113 100 121 109 77 55 55 93 100 85 99 106 128 123 114 129 134 125 110 112 122 97 105 132 142 134 121 112 130 129 132 126 124 129 132 121 105 114 100 101 83 89 84 61 58 64 57 77 73 75 75 81 91 112 113 88 59 105 140 129 137 143 150 156 147 106 96 89 103 107 69 53 49 52 71 76 95 111 120 125 132 132 136 142 131 121 101 92 99 117 94 57 37 54 90 109 79 79 64 61 54 52 70 80 68 76 82 74 60 76 83 86 85 90 107 112 89 55 35 37 52 70 87 98 106 96 88 85 90 97 96 92 94 97 101 102 102 102 99 99 96 97 103 110 115 118 117 114 112 111 110 109 112 120 127 128 129 128 127 125 123 121 121 122 126 129 135 142 111 42 0 0 0 0 0 0 0 0 0 0 0 0 0 0 0 0 0 0 0 0 0 0 0 0 0 0 0 0 0 0 0 0 0 0 0 0 0 0 0 0 0 0 0 0 0 0 0 0 0 0 0 0 0 0 0 0 0 0 0 0 0 0 0 0 0 0 0 0 0 0 0 0 0 0 0 0 0 0 0 0 0 0 0 0 0 0 0 0 0 0 0 0 0 0 0 0 0 0 0 0 0 0 0 0 0 0 0 0 0 0 
0 0 0 0 0 0 0 0 0 0 0 0 0 0 0 0 0 0 0 0 0 0 0 0 0 0 0 0 0 0 0 0 0 0 0 0 0 0 0 0 0 0 0 0 0 0 0 0 0 0 0 0 0 0 0 0 0 0 0 0 0 8 41 40 42 43 47 54 62 68 74 79 86 89 92 92 91 92 92 92 91 94 95 99 104 109 112 113 112 109 108 111 115 122 129 132 131 126 121 117 115 114 112 113 111 105 102 104 112 122 130 136 139 138 138 139 140 140 137 137 138 137 133 133 130 129 133 140 146 146 144 142 142 138 131 131 135 140 142 138 130 128 132 132 130 127 129 139 147 147 145 144 140 136 123 127 139 139 131 132 140 141 135 140 132 133 124 119 111 101 99 99 101 98 94 95 90 92 102 110 114 131 108 87 113 133 139 133 147 154 147 147 147 136 142 155 158 159 155 147 150 152 148 139 136 129 124 119 112 98 95 84 72 58 51 44 37 31 25 20 18 17 16 17 16 14 14 16 15 14 16 31 48 59 72 74 104 127 121 110 106 95 99 101 119 129 137 139 131 133 124 122 121 96 95 126 145 150 149 133 109 118 133 96 54 51 87 103 90 103 108 124 125 112 115 126 127 118 118 135 105 108 143 137 129 123 117 126 133 137 126 125 128 130 107 99 109 99 90 84 94 82 61 65 65 73 82 74 74 81 98 103 107 79 68 91 131 132 110 130 144 161 153 115 85 84 98 111 102 61 46 46 64 60 78 108 116 116 119 112 126 135 137 130 117 101 100 112 126 102 77 59 77 95 89 84 78 64 55 47 57 85 71 63 73 80 81 75 75 77 82 89 98 113 112 90 62 50 60 70 70 84 103 107 103 97 93 94 98 93 87 90 96 96 92 89 92 96 99 95 100 105 112 117 116 115 110 108 107 106 108 114 120 124 127 128 126 125 124 122 121 120 122 124 128 132 133 136 143 118 49 0 0 0 0 0 0 0 0 0 0 0 0 0 0 0 0 0 0 0 0 0 0 0 0 0 0 0 0 0 0 0 0 0 0 0 0 0 0 0 0 0 0 0 0 0 0 0 0 0 0 0 0 0 0 0 0 0 0 0 0 0 0 0 0 0 0 0 0 0 0 0 0 0 0 0 0 0 0 0 0 0 0 0 0 0 0 0 0 0 0 0 0 0 0 0 0 0 0 0 0 0 0 0 0 0 0 0 0 
0 0 0 0 0 0 0 0 0 0 0 0 0 0 0 0 0 0 0 0 0 0 0 0 0 0 0 0 0 0 0 0 0 0 0 0 0 0 0 0 0 0 0 0 0 0 0 0 0 0 0 0 0 0 0 0 0 0 0 0 0 32 46 44 44 45 49 55 63 70 75 80 87 91 93 93 91 92 92 93 93 93 94 98 103 108 112 113 111 109 109 111 115 123 129 132 131 125 122 120 118 115 112 110 104 95 90 91 98 109 120 128 134 140 144 144 145 142 137 135 134 133 133 132 130 129 130 133 139 143 146 147 148 146 139 135 133 136 141 142 139 137 137 136 136 135 131 136 143 148 152 150 142 135 127 122 128 133 134 124 131 136 135 138 129 128 124 124 122 106 98 94 103 106 94 86 90 90 107 117 113 121 114 89 107 132 140 138 140 148 141 140 146 143 144 158 158 155 153 150 147 148 144 141 138 131 126 122 115 100 87 77 63 55 53 43 25 19 18 15 15 15 16 19 23 26 26 24 22 19 20 21 32 45 59 50 68 96 110 121 123 113 96 81 74 95 124 136 138 142 147 140 129 120 105 113 138 133 133 138 121 106 119 115 65 54 73 100 93 109 111 111 124 120 119 122 126 125 125 134 110 115 139 131 133 130 111 127 140 140 130 129 134 127 105 97 108 89 80 81 88 85 68 58 60 73 81 80 84 105 111 94 77 64 90 115 133 102 122 141 156 155 134 103 85 102 115 108 90 73 57 54 55 57 94 113 107 114 114 123 139 141 135 127 117 107 113 120 119 110 86 66 71 75 73 88 64 54 45 51 65 76 60 54 60 65 81 66 60 67 81 94 108 117 113 93 69 76 77 68 68 85 101 102 100 98 97 98 96 89 86 90 92 88 78 74 84 97 99 99 104 107 110 112 109 110 105 105 105 105 108 114 119 123 126 127 125 123 123 123 122 120 121 122 127 131 133 134 136 141 149 125 54 0 0 0 0 0 0 0 0 0 0 0 0 0 0 0 0 0 0 0 0 0 0 0 0 0 0 0 0 0 0 0 0 0 0 0 0 0 0 0 0 0 0 0 0 0 0 0 0 0 0 0 0 0 0 0 0 0 0 0 0 0 0 0 0 0 0 0 0 0 0 0 0 0 0 0 0 0 0 0 0 0 0 0 0 0 0 0 0 0 0 0 0 0 0 0 0 0 0 0 0 0 0 0 0 0 0 
0 0 0 0 0 0 0 0 0 0 0 0 0 0 0 0 0 0 0 0 0 0 0 0 0 0 0 0 0 0 0 0 0 0 0 0 0 0 0 0 0 0 0 0 0 0 0 0 0 0 0 0 0 0 0 0 0 0 0 0 9 50 48 48 48 50 53 58 66 72 77 81 87 91 96 96 94 93 93 95 93 93 95 99 104 108 111 113 112 110 110 109 113 121 128 132 130 125 121 120 119 115 112 109 103 95 88 85 88 98 109 119 125 133 140 145 147 145 141 138 135 130 130 129 128 130 131 132 133 135 141 143 143 144 145 144 142 140 139 143 144 143 143 142 140 139 138 134 137 145 153 156 147 139 134 128 123 127 136 128 126 131 130 133 129 127 125 127 132 117 101 94 97 96 86 79 92 95 105 116 109 107 116 103 106 124 137 138 132 149 141 139 146 142 143 152 156 153 153 153 142 146 146 142 139 131 128 127 111 91 77 65 57 52 44 32 23 17 15 16 21 25 32 37 41 44 42 38 35 36 32 31 30 33 31 33 33 44 65 79 95 117 111 95 87 66 70 109 126 127 129 133 130 115 109 121 136 139 125 135 141 120 118 132 118 82 79 93 97 104 118 104 121 121 122 116 123 132 125 140 110 117 136 133 137 130 116 129 141 135 128 130 131 123 107 98 96 81 67 65 78 88 62 53 63 75 78 84 96 116 107 67 65 82 110 124 129 119 146 151 163 142 115 92 99 121 124 117 95 85 59 44 39 72 96 104 105 110 120 144 153 142 139 133 125 111 109 109 112 103 64 59 70 75 82 75 53 53 50 59 67 78 65 40 42 62 77 59 53 68 85 106 120 122 113 97 86 90 78 57 63 85 95 96 95 98 102 101 93 83 84 92 86 77 71 71 85 98 101 103 106 105 106 105 104 104 102 106 108 108 109 114 116 119 123 124 123 123 123 124 123 120 118 120 124 127 130 133 137 139 142 146 153 132 59 0 0 0 0 0 0 0 0 0 0 0 0 0 0 0 0 0 0 0 0 0 0 0 0 0 0 0 0 0 0 0 0 0 0 0 0 0 0 0 0 0 0 0 0 0 0 0 0 0 0 0 0 0 0 0 0 0 0 0 0 0 0 0 0 0 0 0 0 0 0 0 0 0 0 0 0 0 0 0 0 0 0 0 0 0 0 0 0 0 0 0 0 0 0 0 0 0 0 0 0 0 0 0 0 
0 0 0 0 0 0 0 0 0 0 0 0 0 0 0 0 0 0 0 0 0 0 0 0 0 0 0 0 0 0 0 0 0 0 0 0 0 0 0 0 0 0 0 0 0 0 0 0 0 0 0 0 0 0 0 0 0 0 0 0 37 54 53 54 55 58 60 63 69 75 80 83 87 91 95 96 95 94 92 93 94 95 97 101 106 110 112 113 113 113 112 111 112 119 126 131 131 125 120 118 115 112 110 108 102 94 87 87 87 93 103 111 117 123 132 137 142 144 143 142 139 134 130 129 128 129 131 131 131 132 134 136 135 136 139 145 148 146 144 146 149 150 148 146 145 144 148 146 143 146 153 156 150 144 134 128 128 125 136 134 124 125 125 131 131 128 127 129 134 125 107 96 91 84 84 77 93 100 103 121 113 100 109 119 109 120 137 137 126 142 143 137 144 151 145 152 156 151 149 152 148 146 144 139 137 133 127 124 98 81 70 60 51 42 31 24 18 18 22 30 39 47 56 60 59 55 55 58 59 57 53 49 47 45 42 37 37 33 26 31 43 55 88 107 108 117 99 93 121 124 118 126 123 114 86 98 129 140 131 113 131 135 115 110 121 100 98 107 96 95 121 116 124 125 115 101 113 136 136 130 110 116 136 133 145 127 112 130 140 135 129 129 129 120 101 97 88 78 67 69 83 84 54 57 73 93 78 96 103 102 91 71 82 93 109 127 142 134 139 152 156 135 109 88 113 127 131 130 114 75 38 34 48 83 77 104 99 112 134 150 152 140 142 137 128 81 78 98 98 82 71 86 96 89 83 57 58 53 48 59 81 97 76 33 39 63 68 56 53 66 84 110 122 119 105 95 97 88 65 50 55 76 88 90 91 98 103 102 89 80 85 95 87 73 72 76 87 97 102 103 103 102 100 99 101 102 105 109 109 109 111 115 117 117 119 120 121 123 122 122 122 121 118 119 122 125 128 131 134 136 140 143 143 148 157 136 63 2 0 0 0 0 0 0 0 0 0 0 0 0 0 0 0 0 0 0 0 0 0 0 0 0 0 0 0 0 0 0 0 0 0 0 0 0 0 0 0 0 0 0 0 0 0 0 0 0 0 0 0 0 0 0 0 0 0 0 0 0 0 0 0 0 0 0 0 0 0 0 0 0 0 0 0 0 0 0 0 0 0 0 0 0 0 0 0 0 0 0 0 0 0 0 0 0 0 0 0 0 0 
0 0 0 0 0 0 0 0 0 0 0 0 0 0 0 0 0 0 0 0 0 0 0 0 0 0 0 0 0 0 0 0 0 0 0 0 0 0 0 0 0 0 0 0 0 0 0 0 0 0 0 0 0 0 0 0 0 0 0 9 59 58 61 63 63 65 68 71 74 78 81 84 90 91 93 95 94 94 94 95 97 99 100 103 107 110 111 112 114 116 115 113 112 117 124 128 129 125 120 116 112 107 106 106 101 91 85 86 90 95 100 105 111 118 125 130 134 138 138 139 138 135 132 131 131 133 133 132 134 134 130 130 129 130 134 138 142 147 149 149 151 151 152 154 151 147 150 151 148 148 151 152 153 148 137 128 134 130 127 133 127 127 119 125 129 126 124 125 133 129 117 104 93 84 78 74 92 107 99 119 122 105 108 125 119 121 136 139 121 134 145 141 147 149 150 154 155 157 150 151 152 147 143 137 131 129 125 118 95 73 63 52 38 29 22 21 22 31 42 51 60 70 75 74 69 68 73 77 74 71 68 65 60 57 53 47 46 42 37 31 28 46 39 56 79 101 113 104 113 128 129 124 122 114 113 106 124 142 149 140 124 144 132 109 121 114 105 115 102 82 118 121 126 135 112 95 107 141 137 128 114 127 132 139 145 127 111 128 139 133 133 132 131 113 95 86 80 87 81 74 86 75 68 75 84 92 86 100 84 69 86 81 91 94 113 135 135 125 149 158 145 132 110 108 124 131 138 136 110 62 28 35 55 73 88 110 106 119 139 147 145 137 145 142 104 49 57 91 81 84 101 110 102 84 71 59 59 42 46 71 104 106 72 38 45 63 71 60 55 64 94 113 115 107 100 99 99 82 57 54 54 67 83 87 89 97 101 99 86 81 90 100 91 76 74 82 91 95 98 96 93 92 94 97 99 101 105 108 108 110 113 116 116 114 114 115 117 119 120 121 122 121 120 118 120 122 125 127 130 133 136 139 143 145 145 147 157 137 67 3 0 0 0 0 0 0 0 0 0 0 0 0 0 0 0 0 0 0 0 0 0 0 0 0 0 0 0 0 0 0 0 0 0 0 0 0 0 0 0 0 0 0 0 0 0 0 0 0 0 0 0 0 0 0 0 0 0 0 0 0 0 0 0 0 0 0 0 0 0 0 0 0 0 0 0 0 0 0 0 0 0 0 0 0 0 0 0 0 0 0 0 0 0 0 0 0 0 0 0 
0 0 0 0 0 0 0 0 0 0 0 0 0 0 0 0 0 0 0 0 0 0 0 0 0 0 0 0 0 0 0 0 0 0 0 0 0 0 0 0 0 0 0 0 0 0 0 0 0 0 0 0 0 0 0 0 0 0 0 42 63 63 66 69 70 73 76 78 79 80 81 84 88 90 91 93 94 94 95 97 100 101 101 104 106 108 109 111 114 116 116 113 114 116 121 125 126 122 119 115 109 103 101 102 97 89 83 83 91 97 100 104 107 114 122 126 132 134 135 134 134 132 130 132 133 136 137 136 137 138 132 128 128 131 134 136 139 145 148 149 150 151 150 153 154 153 152 150 147 146 148 150 152 147 137 126 130 132 122 126 128 126 116 113 125 129 124 125 135 131 120 108 94 86 84 73 94 108 97 100 123 116 109 121 121 123 133 141 135 130 144 149 148 153 147 154 156 158 152 147 153 150 144 138 132 126 124 118 91 62 48 38 26 25 18 23 36 50 64 72 78 81 82 79 79 86 88 86 83 80 78 71 66 64 62 58 52 48 45 40 36 38 25 29 39 49 84 110 106 108 127 124 121 118 104 101 109 133 142 145 120 104 134 132 131 113 100 115 116 89 112 132 124 141 122 103 111 137 137 124 118 126 134 139 135 125 115 127 132 132 131 127 129 100 90 71 93 88 71 68 83 81 75 84 82 79 95 92 74 71 92 88 100 99 128 123 122 137 153 148 133 119 112 131 140 134 135 122 86 48 26 38 56 65 105 109 106 122 137 139 140 143 150 127 70 49 69 80 82 103 116 111 96 84 73 60 56 55 59 78 99 91 66 59 69 73 64 56 59 74 100 113 110 103 108 108 96 73 60 61 54 59 82 90 90 99 105 100 88 82 91 105 93 76 76 85 90 88 85 82 78 78 85 93 97 100 103 105 108 113 116 115 110 106 105 108 112 116 118 119 120 122 121 121 118 119 120 122 125 129 131 134 139 141 142 144 144 146 155 140 73 5 0 0 0 0 0 0 0 0 0 0 0 0 0 0 0 0 0 0 0 0 0 0 0 0 0 0 0 0 0 0 0 0 0 0 0 0 0 0 0 0 0 0 0 0 0 0 0 0 0 0 0 0 0 0 0 0 0 0 0 0 0 0 0 0 0 0 0 0 0 0 0 0 0 0 0 0 0 0 0 0 0 0 0 0 0 0 0 0 0 0 0 0 0 0 0 0 0 
0 0 0 0 0 0 0 0 0 0 0 0 0 0 0 0 0 0 0 0 0 0 0 0 0 0 0 0 0 0 0 0 0 0 0 0 0 0 0 0 0 0 0 0 0 0 0 0 0 0 0 0 0 0 0 0 0 0 9 67 67 68 72 74 78 82 84 84 83 84 84 84 87 88 89 90 93 96 96 97 101 102 103 104 105 106 106 108 112 116 116 115 114 114 116 120 123 120 117 112 107 100 97 95 94 89 83 82 90 98 101 104 106 112 120 126 131 133 135 135 135 133 132 132 133 135 137 137 136 137 140 135 131 129 131 136 140 144 146 147 150 152 150 149 148 149 151 152 148 144 146 147 151 148 142 131 125 129 123 121 124 122 116 111 119 129 127 121 130 128 115 108 91 85 77 75 89 105 100 103 121 131 124 125 124 119 127 136 144 131 146 153 149 151 144 147 155 159 154 141 148 149 143 139 135 127 115 105 73 46 37 28 24 24 25 39 55 67 72 75 78 82 83 86 91 97 97 92 91 86 84 80 74 71 68 62 57 54 52 43 41 39 36 31 27 27 46 81 93 87 89 126 142 138 121 96 92 120 134 133 136 123 120 129 135 126 101 99 123 106 116 139 125 133 124 102 106 128 135 112 122 133 136 134 132 126 111 127 128 133 133 129 119 100 87 81 105 81 60 79 88 84 80 84 82 79 99 86 90 83 99 103 103 114 127 109 124 148 148 134 124 114 128 146 143 130 119 95 65 32 31 39 47 65 103 103 105 130 134 134 143 152 144 115 74 63 71 80 93 111 110 109 108 93 69 51 57 66 79 85 80 74 76 93 92 68 44 51 65 93 106 108 106 108 115 111 90 59 63 64 55 62 84 94 92 103 107 98 88 85 97 104 94 81 79 86 89 85 78 73 69 73 83 92 96 97 102 106 113 118 121 117 109 102 101 106 112 115 117 118 118 120 121 121 118 120 118 118 121 124 127 129 132 134 137 139 141 143 145 149 161 150 81 7 0 0 0 0 0 0 0 0 0 0 0 0 0 0 0 0 0 0 0 0 0 0 0 0 0 0 0 0 0 0 0 0 0 0 0 0 0 0 0 0 0 0 0 0 0 0 0 0 0 0 0 0 0 0 0 0 0 0 0 0 0 0 0 0 0 0 0 0 0 0 0 0 0 0 0 0 0 0 0 0 0 0 0 0 0 0 0 0 0 0 0 0 0 0 0 
0 0 0 0 0 0 0 0 0 0 0 0 0 0 0 0 0 0 0 0 0 0 0 0 0 0 0 0 0 0 0 0 0 0 0 0 0 0 0 0 0 0 0 0 0 0 0 0 0 0 0 0 0 0 0 0 0 0 48 75 73 75 79 81 86 90 92 89 90 91 89 86 87 87 87 89 93 97 98 98 100 102 105 105 104 104 103 104 109 116 118 116 115 113 114 117 117 118 115 112 106 99 95 93 91 88 84 82 87 96 101 104 106 111 117 124 129 133 135 136 137 138 137 134 133 133 135 138 139 138 142 143 138 133 131 135 140 143 146 148 152 153 149 148 145 138 146 153 153 148 145 144 151 149 142 131 123 124 126 120 121 123 118 113 115 120 132 126 126 129 121 108 93 89 74 76 90 102 94 98 111 130 133 128 128 116 122 127 137 134 140 148 143 151 144 143 149 153 153 143 142 148 143 137 136 126 105 74 48 35 29 24 22 27 42 55 68 76 82 83 88 90 94 96 98 101 96 93 94 90 87 83 79 75 71 68 61 59 56 49 46 43 39 37 34 30 28 39 65 90 81 72 110 134 124 90 62 88 128 134 126 128 120 119 136 138 114 100 130 126 107 132 125 123 119 105 113 129 135 115 124 131 132 133 128 125 116 122 128 133 132 123 111 102 72 86 93 67 61 86 90 82 87 78 85 100 95 87 91 86 103 108 113 128 109 108 135 150 144 135 134 135 152 147 147 130 106 86 58 24 29 32 51 80 90 90 102 115 119 132 148 154 141 109 77 61 75 96 103 107 106 114 114 95 55 49 59 75 90 86 73 73 91 109 94 60 50 60 81 107 108 96 93 107 118 108 80 59 63 61 61 73 89 93 96 106 108 97 86 87 98 100 89 81 82 87 89 86 78 74 73 80 89 93 96 98 103 110 118 123 123 118 111 105 105 110 115 117 120 119 119 119 119 119 119 118 119 120 120 121 123 125 126 130 132 133 135 138 143 148 155 158 164 146 79 9 0 0 0 0 0 0 0 0 0 0 0 0 0 0 0 0 0 0 0 0 0 0 0 0 0 0 0 0 0 0 0 0 0 0 0 0 0 0 0 0 0 0 0 0 0 0 0 0 0 0 0 0 0 0 0 0 0 0 0 0 0 0 0 0 0 0 0 0 0 0 0 0 0 0 0 0 0 0 0 0 0 0 0 0 0 0 0 0 0 0 0 0 0 
0 0 0 0 0 0 0 0 0 0 0 0 0 0 0 0 0 0 0 0 0 0 0 0 0 0 0 0 0 0 0 0 0 0 0 0 0 0 0 0 0 0 0 0 0 0 0 0 0 0 0 0 0 0 0 0 0 10 82 80 81 82 85 89 92 93 95 94 95 94 92 90 87 87 86 88 93 98 100 101 103 104 105 106 106 104 101 102 107 112 116 118 117 116 117 118 118 117 113 109 104 99 95 92 88 85 83 81 83 88 96 105 109 113 115 120 126 131 134 139 140 140 140 138 137 135 135 138 139 140 142 146 147 144 139 139 139 138 141 146 151 155 153 151 149 139 135 144 153 153 149 144 147 149 143 134 123 121 128 128 123 126 120 117 121 118 130 135 129 128 126 116 102 91 80 77 89 105 92 98 104 121 134 136 132 115 120 124 126 134 132 145 152 154 146 138 147 150 155 151 144 146 144 141 134 116 89 58 37 28 28 23 25 40 58 74 87 95 96 95 99 99 100 99 95 97 95 93 94 91 88 85 82 81 78 73 66 64 62 55 50 44 43 43 39 35 33 32 31 44 73 85 90 119 127 118 96 80 105 132 126 127 134 124 133 138 127 114 119 141 117 125 127 109 121 109 117 128 136 125 123 131 131 121 120 129 117 123 128 128 129 117 108 96 68 87 85 59 70 89 89 83 77 78 100 109 86 80 83 94 105 109 115 121 107 106 148 153 143 147 155 157 155 147 142 124 107 80 35 20 24 41 69 84 76 56 72 95 124 146 155 149 129 104 75 66 82 91 97 103 112 119 113 91 53 61 65 83 82 77 85 97 110 115 93 70 72 86 108 106 93 87 89 107 118 101 71 72 69 64 71 84 92 93 96 108 106 91 78 82 92 92 83 77 79 83 81 81 80 80 84 90 94 95 96 96 102 112 120 123 122 118 113 108 107 111 115 120 119 120 119 118 118 119 118 117 119 120 120 121 122 122 122 125 127 127 127 134 144 150 153 152 151 150 156 143 80 11 0 0 0 0 0 0 0 0 0 0 0 0 0 0 0 0 0 0 0 0 0 0 0 0 0 0 0 0 0 0 0 0 0 0 0 0 0 0 0 0 0 0 0 0 0 0 0 0 0 0 0 0 0 0 0 0 0 0 0 0 0 0 0 0 0 0 0 0 0 0 0 0 0 0 0 0 0 0 0 0 0 0 0 0 0 0 0 0 0 0 0 
0 0 0 0 0 0 0 0 0 0 0 0 0 0 0 0 0 0 0 0 0 0 0 0 0 0 0 0 0 0 0 0 0 0 0 0 0 0 0 0 0 0 0 0 0 0 0 0 0 0 0 0 0 0 0 0 0 55 94 90 90 90 92 95 98 97 98 100 98 97 95 93 90 88 86 89 94 100 104 105 105 106 107 107 105 103 101 100 102 107 113 117 118 117 118 121 121 120 115 108 103 98 95 90 86 84 81 80 80 84 92 102 109 114 117 120 125 130 135 141 143 144 143 141 139 140 141 140 140 142 146 147 146 146 147 146 144 143 141 144 149 155 154 153 154 150 142 140 144 149 148 143 140 137 139 136 124 117 122 131 128 128 121 117 124 121 119 129 131 128 121 121 112 102 85 84 83 102 102 94 96 112 132 133 135 108 114 127 123 136 136 139 158 157 158 149 150 154 153 153 148 146 145 139 130 104 74 47 29 25 27 25 38 57 76 93 101 104 103 106 110 110 107 102 99 99 100 97 96 92 88 87 89 87 85 79 75 72 67 57 55 47 44 45 41 38 38 38 34 33 42 59 66 83 115 136 132 107 108 130 147 141 142 135 127 137 134 128 110 139 131 114 124 120 130 113 107 123 137 121 131 135 132 123 127 127 118 124 127 122 125 113 100 73 71 80 77 62 70 93 97 89 72 88 106 96 75 75 95 104 104 86 106 110 110 124 150 148 147 158 159 156 148 147 138 125 104 66 21 21 25 51 79 80 59 52 73 104 142 156 153 135 119 78 51 48 72 85 86 91 114 114 100 72 62 69 74 86 79 79 110 121 122 113 100 89 92 112 121 98 82 100 108 117 111 90 74 82 84 74 76 90 95 92 95 100 96 82 70 75 87 83 78 74 74 77 78 83 85 84 89 91 93 94 93 95 103 114 122 122 119 116 113 110 109 112 114 116 116 119 118 119 119 119 119 118 118 118 119 122 123 125 124 122 122 123 127 134 142 142 141 144 148 152 151 147 150 139 81 14 0 0 0 0 0 0 0 0 0 0 0 0 0 0 0 0 0 0 0 0 0 0 0 0 0 0 0 0 0 0 0 0 0 0 0 0 0 0 0 0 0 0 0 0 0 0 0 0 0 0 0 0 0 0 0 0 0 0 0 0 0 0 0 0 0 0 0 0 0 0 0 0 0 0 0 0 0 0 0 0 0 0 0 0 0 0 0 0 0 
0 0 0 0 0 0 0 0 0 0 0 0 0 0 0 0 0 0 0 0 0 0 0 0 0 0 0 0 0 0 0 0 0 0 0 0 0 0 0 0 0 0 0 0 0 0 0 0 0 0 0 0 0 0 0 0 10 98 98 98 98 97 98 99 101 101 99 101 98 98 97 96 94 91 87 89 94 100 105 108 109 109 107 107 106 104 103 100 99 104 110 114 116 118 120 121 121 122 117 108 102 98 93 88 85 83 80 75 76 80 88 98 107 114 120 124 128 131 135 140 143 145 146 144 142 143 143 142 142 142 144 147 147 146 149 150 150 150 148 150 150 154 155 154 155 154 148 144 144 146 147 145 139 135 131 133 125 110 110 123 127 123 124 123 126 127 118 123 131 125 114 114 118 115 95 98 88 95 102 92 90 106 126 126 130 107 104 121 128 127 135 130 147 157 159 159 151 153 150 151 150 144 145 137 125 98 58 38 29 25 25 35 58 78 96 100 109 112 109 112 115 114 112 108 106 104 102 100 100 96 91 91 93 92 91 86 83 76 70 63 57 53 48 48 44 41 40 40 39 36 28 30 50 79 102 124 131 124 111 120 142 146 135 140 131 131 138 120 105 109 133 124 132 127 131 115 107 127 136 134 140 138 137 131 126 121 112 127 121 122 122 105 80 67 74 70 71 66 82 93 95 90 85 91 99 74 61 89 109 103 93 93 113 112 122 135 146 153 154 149 150 152 147 141 135 124 110 59 26 22 33 58 84 80 80 88 98 127 148 146 136 123 100 51 31 43 78 78 75 93 106 97 86 61 64 75 86 87 88 100 119 124 119 116 103 86 110 131 116 90 88 109 115 120 108 93 98 103 100 86 79 91 100 95 93 87 84 79 73 76 82 83 77 73 72 79 84 84 83 85 90 90 89 91 94 98 108 118 121 121 119 117 113 113 113 113 114 114 115 117 118 120 120 119 120 120 119 117 118 120 123 124 127 125 122 127 133 134 131 128 131 139 146 152 153 151 145 139 143 135 83 16 0 0 0 0 0 0 0 0 0 0 0 0 0 0 0 0 0 0 0 0 0 0 0 0 0 0 0 0 0 0 0 0 0 0 0 0 0 0 0 0 0 0 0 0 0 0 0 0 0 0 0 0 0 0 0 0 0 0 0 0 0 0 0 0 0 0 0 0 0 0 0 0 0 0 0 0 0 0 0 0 0 0 0 0 0 0 0 
0 0 0 0 0 0 0 0 0 0 0 0 0 0 0 0 0 0 0 0 0 0 0 0 0 0 0 0 0 0 0 0 0 0 0 0 0 0 0 0 0 0 0 0 0 0 0 0 0 0 0 0 0 0 0 0 61 108 105 106 105 103 103 102 101 101 99 98 99 100 97 97 97 96 92 92 95 101 105 108 111 112 110 109 107 107 105 101 100 102 107 111 114 117 121 123 123 123 118 108 100 98 94 88 85 82 79 73 71 74 82 95 104 111 118 126 130 132 133 137 140 144 145 144 143 144 144 144 144 145 146 147 149 151 152 153 155 155 154 154 149 150 155 154 154 156 155 150 148 146 146 145 143 140 130 126 124 112 101 109 122 120 128 128 127 128 117 115 119 115 112 109 108 115 109 108 100 86 96 93 80 95 119 116 120 116 105 123 139 140 140 131 142 158 157 162 157 153 150 145 151 144 144 134 104 70 43 33 27 27 30 51 71 91 100 102 111 116 116 117 118 114 113 111 110 107 103 101 102 98 93 91 91 97 98 99 94 85 77 66 61 56 51 49 48 44 42 42 42 41 38 31 33 52 76 91 109 113 103 98 109 142 144 140 146 138 137 113 112 104 129 132 141 131 127 125 112 133 143 137 144 139 138 131 126 117 113 129 120 119 117 99 75 74 62 73 82 64 72 74 86 93 92 97 90 71 71 104 116 99 116 127 130 121 130 145 159 156 144 129 147 148 137 141 132 115 103 71 42 42 54 86 106 104 94 94 116 139 145 131 117 105 72 48 43 60 86 78 75 89 80 84 74 61 62 75 87 91 104 115 125 123 113 104 96 99 124 133 104 90 101 119 126 122 109 106 119 116 106 86 81 94 103 98 87 79 84 90 87 82 84 90 84 75 75 83 85 79 77 86 93 89 88 93 97 102 111 118 118 120 120 119 118 119 118 117 117 115 118 121 121 122 123 123 123 122 121 118 119 119 122 125 127 127 131 135 136 129 121 120 126 133 139 146 151 153 150 143 136 131 140 137 87 17 0 0 0 0 0 0 0 0 0 0 0 0 0 0 0 0 0 0 0 0 0 0 0 0 0 0 0 0 0 0 0 0 0 0 0 0 0 0 0 0 0 0 0 0 0 0 0 0 0 0 0 0 0 0 0 0 0 0 0 0 0 0 0 0 0 0 0 0 0 0 0 0 0 0 0 0 0 0 0 0 0 0 0 0 0 
0 0 0 0 0 0 0 0 0 0 0 0 0 0 0 0 0 0 0 0 0 0 0 0 0 0 0 0 0 0 0 0 0 0 0 0 0 0 0 0 0 0 0 0 0 0 0 0 0 0 0 0 0 0 0 8 103 108 110 110 110 108 106 104 101 99 98 96 98 98 98 98 99 100 98 97 97 101 104 108 112 113 113 111 108 109 107 104 105 104 105 107 110 115 120 123 124 124 118 110 103 99 94 89 84 81 80 76 71 72 77 87 97 106 115 125 131 132 131 133 137 140 143 143 143 144 145 145 147 147 147 148 151 153 155 154 155 156 157 153 151 153 156 155 153 153 156 153 147 145 148 146 141 139 137 131 121 112 100 101 113 118 123 131 130 129 125 115 118 113 119 114 97 109 116 115 105 89 94 104 93 86 103 114 108 119 115 126 140 147 142 142 144 158 153 159 159 156 152 147 149 145 137 127 87 50 36 27 29 30 42 63 79 93 102 108 113 116 118 119 118 117 114 111 111 107 106 105 103 99 91 86 86 93 101 104 99 91 87 80 69 61 56 49 47 45 45 41 40 41 40 34 28 31 50 64 80 110 110 102 101 121 141 130 127 128 136 117 112 115 118 134 140 137 125 136 127 139 143 140 144 137 128 126 135 122 127 127 115 110 104 85 67 78 50 94 81 65 56 71 85 86 87 86 80 72 96 105 105 105 120 123 125 132 141 151 144 133 130 135 145 135 133 149 123 103 106 77 57 63 85 113 111 97 85 110 119 124 129 126 111 96 71 62 47 63 68 71 74 68 61 72 68 64 60 74 85 94 102 114 127 119 97 91 100 112 127 114 99 102 116 129 129 125 103 118 125 116 102 87 87 101 104 96 82 74 87 98 95 87 90 100 93 78 78 83 81 76 79 88 91 86 90 95 100 106 112 116 118 119 121 121 122 124 124 123 123 124 123 124 124 126 127 128 128 128 127 124 123 122 122 124 131 136 142 137 131 124 120 119 121 126 133 140 146 151 151 147 140 134 132 132 138 134 88 20 0 0 0 0 0 0 0 0 0 0 0 0 0 0 0 0 0 0 0 0 0 0 0 0 0 0 0 0 0 0 0 0 0 0 0 0 0 0 0 0 0 0 0 0 0 0 0 0 0 0 0 0 0 0 0 0 0 0 0 0 0 0 0 0 0 0 0 0 0 0 0 0 0 0 0 0 0 0 0 0 0 0 0 
0 0 0 0 0 0 0 0 0 0 0 0 0 0 0 0 0 0 0 0 0 0 0 0 0 0 0 0 0 0 0 0 0 0 0 0 0 0 0 0 0 0 0 0 0 0 0 0 0 0 0 0 0 0 0 60 113 112 112 112 113 111 108 105 100 96 95 95 96 97 98 98 100 102 104 103 102 103 103 106 110 114 114 111 109 108 105 105 107 105 104 105 108 113 119 123 125 123 118 112 105 100 95 89 81 80 81 80 77 73 75 81 90 98 111 124 131 132 131 133 136 138 140 143 145 146 148 149 152 152 150 149 153 154 154 155 157 158 157 152 151 157 157 155 152 152 155 155 149 143 146 147 142 136 135 133 122 114 103 95 103 116 120 127 132 129 125 115 110 111 120 118 95 101 113 104 102 98 94 107 105 93 93 109 104 114 118 121 133 142 144 136 145 149 152 155 159 159 155 148 150 147 131 117 89 52 32 27 30 31 53 70 83 96 105 112 115 115 117 118 117 121 118 114 109 105 107 104 101 97 91 88 89 88 90 96 99 99 94 80 66 60 58 49 44 42 41 39 39 40 38 32 30 27 27 38 45 70 98 108 98 100 122 131 128 122 114 120 99 125 112 128 143 138 123 136 138 145 144 140 140 131 123 126 129 122 125 123 108 107 87 70 71 72 68 90 74 68 43 84 89 85 82 86 84 86 105 97 107 112 122 124 137 141 138 137 112 122 139 153 153 149 154 143 115 103 104 69 52 80 97 84 81 95 111 124 106 113 113 123 107 104 80 52 37 48 49 53 62 57 64 71 72 73 67 71 85 101 100 115 122 108 90 91 104 108 110 94 107 121 128 129 130 119 105 122 124 108 96 94 100 101 94 87 79 72 89 98 94 90 100 104 94 82 79 80 75 78 85 91 88 88 92 97 104 112 114 115 117 118 119 121 123 124 125 126 126 126 123 125 126 128 130 132 133 135 135 132 129 127 126 129 136 140 139 132 128 125 124 122 121 122 127 133 139 145 148 148 144 139 133 130 131 132 136 137 91 25 0 0 0 0 0 0 0 0 0 0 0 0 0 0 0 0 0 0 0 0 0 0 0 0 0 0 0 0 0 0 0 0 0 0 0 0 0 0 0 0 0 0 0 0 0 0 0 0 0 0 0 0 0 0 0 0 0 0 0 0 0 0 0 0 0 0 0 0 0 0 0 0 0 0 0 0 0 0 0 0 0 
0 0 0 0 0 0 0 0 0 0 0 0 0 0 0 0 0 0 0 0 0 0 0 0 0 0 0 0 0 0 0 0 0 0 0 0 0 0 0 0 0 0 0 0 0 0 0 0 0 0 0 0 0 0 7 104 112 112 113 113 113 111 110 105 99 94 92 91 93 97 99 98 100 104 108 109 108 105 102 102 106 111 112 110 109 108 105 104 105 106 105 106 107 112 119 123 124 123 118 112 106 101 96 91 82 77 78 81 82 79 75 76 84 93 106 121 129 133 133 136 139 140 141 144 147 147 150 152 153 154 152 153 157 157 157 157 157 158 158 153 149 152 157 159 154 148 152 155 148 143 145 144 144 137 127 131 128 117 110 99 95 107 111 121 131 136 128 110 104 107 113 118 101 97 114 111 108 105 95 95 110 110 96 107 107 112 118 122 130 141 146 137 144 150 150 151 158 160 157 149 144 144 126 108 74 39 25 27 31 39 58 76 88 100 109 110 111 112 113 115 113 116 120 115 111 105 104 101 98 96 96 98 95 88 87 87 91 92 90 83 68 63 61 54 48 43 38 32 28 34 38 32 32 32 27 26 30 43 75 97 99 99 113 130 137 133 115 119 100 118 122 126 131 139 125 139 145 144 140 135 133 126 114 127 123 118 123 116 99 97 84 60 65 73 79 67 68 61 61 91 89 83 87 97 96 99 109 104 113 121 129 132 141 130 134 121 126 133 146 160 161 153 160 125 103 99 79 69 69 87 75 67 100 107 119 114 103 111 112 116 100 111 72 42 36 46 42 53 63 51 57 66 76 82 79 82 83 96 104 105 101 92 82 98 109 100 94 99 117 129 131 127 134 116 115 122 113 96 94 100 100 93 81 80 74 80 96 98 91 89 100 103 90 82 80 73 74 84 92 95 91 92 96 102 107 111 110 111 112 114 116 119 122 124 126 127 126 122 119 120 123 126 130 132 135 137 139 139 137 134 135 139 141 137 132 128 129 131 129 125 123 122 122 126 131 139 144 146 146 143 139 133 131 132 131 131 138 140 99 28 0 0 0 0 0 0 0 0 0 0 0 0 0 0 0 0 0 0 0 0 0 0 0 0 0 0 0 0 0 0 0 0 0 0 0 0 0 0 0 0 0 0 0 0 0 0 0 0 0 0 0 0 0 0 0 0 0 0 0 0 0 0 0 0 0 0 0 0 0 0 0 0 0 0 0 0 0 0 0 
0 0 0 0 0 0 0 0 0 0 0 0 0 0 0 0 0 0 0 0 0 0 0 0 0 0 0 0 0 0 0 0 0 0 0 0 0 0 0 0 0 0 0 0 0 0 0 0 0 0 0 0 0 0 59 114 112 112 113 113 111 110 108 103 98 93 91 89 91 93 97 100 102 107 112 113 111 108 102 100 101 105 107 107 109 109 107 103 104 106 107 108 109 114 120 123 123 123 120 113 106 100 96 92 83 75 71 75 78 80 80 79 79 88 102 118 129 133 134 138 141 145 144 144 146 147 147 149 150 149 149 153 156 158 160 160 159 156 155 154 151 148 151 158 160 154 148 148 147 144 143 139 139 142 130 124 128 117 112 110 96 97 103 109 121 133 124 104 100 97 95 110 110 94 102 110 109 109 104 97 109 118 106 102 104 112 122 126 117 133 142 146 140 147 147 149 155 159 157 148 141 135 119 100 67 32 24 31 38 50 64 84 96 103 110 110 109 110 115 113 113 112 111 111 113 108 102 99 97 98 104 104 104 100 94 82 78 81 88 88 84 80 69 61 52 41 28 17 10 21 30 30 30 31 30 26 19 20 48 72 89 92 106 123 130 138 120 125 111 117 137 128 127 133 128 141 143 134 130 132 132 114 115 128 121 117 121 107 90 98 76 55 64 73 67 66 77 70 84 84 78 90 98 100 104 106 113 98 128 128 136 141 141 131 132 127 140 139 157 163 146 149 141 112 99 96 72 90 81 62 75 97 101 95 112 113 90 110 120 107 116 104 68 49 39 48 49 68 50 42 56 74 79 79 82 88 87 112 109 94 83 83 87 99 109 97 102 117 123 129 126 126 126 110 111 115 101 85 98 91 87 85 79 78 75 88 99 97 86 84 97 98 86 78 76 71 77 89 91 92 94 96 99 101 102 104 104 105 107 111 116 121 126 129 130 127 123 119 116 115 120 125 130 132 134 136 139 141 141 143 144 145 141 135 130 128 130 131 131 129 127 125 123 123 126 131 138 143 146 146 142 136 132 130 131 131 133 135 141 140 102 29 0 0 0 0 0 0 0 0 0 0 0 0 0 0 0 0 0 0 0 0 0 0 0 0 0 0 0 0 0 0 0 0 0 0 0 0 0 0 0 0 0 0 0 0 0 0 0 0 0 0 0 0 0 0 0 0 0 0 0 0 0 0 0 0 0 0 0 0 0 0 0 0 0 0 0 0 0 
0 0 0 0 0 0 0 0 0 0 0 0 0 0 0 0 0 0 0 0 0 0 0 0 0 0 0 0 0 0 0 0 0 0 0 0 0 0 0 0 0 0 0 0 0 0 0 0 0 0 0 0 0 5 106 112 112 114 113 111 110 109 105 103 98 94 90 89 88 90 95 100 104 108 112 115 114 109 105 101 97 97 100 102 106 108 106 103 102 104 106 108 111 115 122 123 122 122 120 115 109 102 96 91 84 76 70 70 71 75 81 82 81 87 99 113 126 134 138 140 143 147 145 143 143 145 148 151 152 152 149 150 153 155 158 159 159 157 155 154 152 148 146 153 157 157 152 149 149 148 145 138 134 137 129 122 124 116 111 114 109 101 101 105 115 118 116 103 94 89 81 89 111 100 98 104 105 113 113 105 99 116 110 110 111 113 126 126 111 121 137 148 147 137 150 151 153 158 155 150 141 124 108 94 60 30 25 32 45 61 75 95 106 106 111 113 108 108 111 111 112 110 112 109 111 105 101 98 99 102 109 111 117 111 100 90 81 78 76 79 90 91 85 66 48 27 16 11 6 8 17 25 28 29 30 30 26 17 17 38 71 93 97 116 125 133 129 128 125 111 133 127 132 139 135 140 143 139 130 128 129 111 125 123 115 116 111 96 88 95 72 56 55 45 66 75 77 72 75 73 78 98 96 102 111 112 114 119 136 132 154 149 135 130 129 136 147 154 165 162 146 148 115 115 113 103 93 99 85 83 86 91 78 98 105 96 95 114 119 114 139 93 56 48 50 63 82 85 59 59 75 87 75 77 87 95 109 119 106 84 70 73 84 106 108 105 112 121 116 124 126 131 124 113 108 109 100 91 93 71 79 81 87 87 88 90 90 88 83 79 96 95 80 75 77 81 85 86 83 86 94 96 94 93 96 99 101 105 110 116 122 128 133 133 129 125 123 120 116 116 120 123 127 130 132 135 137 140 143 147 148 145 141 137 133 131 130 130 132 132 130 128 125 122 123 127 132 138 144 147 145 141 135 131 129 130 133 136 136 134 137 140 102 31 0 0 0 0 0 0 0 0 0 0 0 0 0 0 0 0 0 0 0 0 0 0 0 0 0 0 0 0 0 0 0 0 0 0 0 0 0 0 0 0 0 0 0 0 0 0 0 0 0 0 0 0 0 0 0 0 0 0 0 0 0 0 0 0 0 0 0 0 0 0 0 0 0 0 0 
0 0 0 0 0 0 0 0 0 0 0 0 0 0 0 0 0 0 0 0 0 0 0 0 0 0 0 0 0 0 0 0 0 0 0 0 0 0 0 0 0 0 0 0 0 0 0 0 0 0 0 0 0 56 116 112 113 113 109 109 108 105 102 100 100 97 92 89 86 87 92 99 104 108 112 115 115 110 105 102 97 93 93 94 99 103 103 103 102 104 105 107 110 116 121 122 121 121 120 118 113 105 97 92 86 80 74 71 67 67 70 78 88 94 99 109 121 132 140 144 147 148 147 143 142 144 148 152 153 154 153 151 152 153 153 154 155 156 155 156 154 149 145 148 152 157 158 152 149 149 147 136 130 128 124 120 122 112 102 108 118 111 101 105 117 105 98 103 101 93 77 72 90 99 87 99 102 112 123 117 92 100 105 102 114 111 117 126 115 110 127 144 155 141 153 160 149 156 152 147 142 127 103 80 48 28 28 36 51 70 82 103 114 111 111 113 109 104 106 109 108 108 108 105 105 101 102 102 102 108 113 120 124 117 107 100 89 83 68 61 64 73 78 60 44 19 11 8 8 5 10 21 25 27 28 30 28 24 14 17 38 64 85 108 124 125 127 128 133 118 130 132 133 138 135 136 142 142 127 127 129 121 123 119 113 120 111 92 95 83 67 58 52 45 70 77 75 68 68 73 83 87 94 114 126 120 137 133 134 151 153 138 132 140 136 144 154 163 163 158 156 141 125 129 114 100 93 99 92 80 71 78 85 110 91 83 93 114 119 131 128 86 60 71 77 98 108 87 71 74 81 89 85 84 99 107 121 111 94 73 55 55 76 108 111 115 123 117 116 126 136 138 129 116 107 106 99 91 68 65 76 84 92 96 95 89 78 79 81 84 92 91 79 78 84 92 91 85 83 87 92 90 86 85 92 97 104 111 117 122 128 133 137 134 128 126 124 121 118 116 117 121 125 130 130 132 137 142 145 146 145 142 140 140 138 137 134 133 133 133 131 130 128 126 124 124 127 133 140 146 148 146 142 136 131 129 130 133 136 135 133 132 135 136 101 36 0 0 0 0 0 0 0 0 0 0 0 0 0 0 0 0 0 0 0 0 0 0 0 0 0 0 0 0 0 0 0 0 0 0 0 0 0 0 0 0 0 0 0 0 0 0 0 0 0 0 0 0 0 0 0 0 0 0 0 0 0 0 0 0 0 0 0 0 0 0 0 0 0 
0 0 0 0 0 0 0 0 0 0 0 0 0 0 0 0 0 0 0 0 0 0 0 0 0 0 0 0 0 0 0 0 0 0 0 0 0 0 0 0 0 0 0 0 0 0 0 0 0 0 0 0 4 104 109 112 113 112 110 108 106 103 101 98 100 99 95 91 87 87 91 97 104 109 112 114 114 112 109 103 97 92 89 89 92 98 102 102 102 103 105 106 108 113 119 122 122 120 120 120 115 107 100 92 86 81 76 72 68 62 61 66 78 94 108 113 119 128 139 145 149 154 153 150 147 146 148 150 150 151 151 150 151 152 149 149 150 150 155 159 156 153 147 145 148 154 156 153 148 146 149 141 131 127 123 118 120 111 102 101 108 118 114 115 121 113 86 90 105 101 84 68 80 90 84 91 103 105 112 116 103 96 99 100 110 116 112 121 121 95 108 131 150 147 144 158 154 152 154 144 141 134 100 63 38 28 32 43 60 76 86 107 115 112 110 113 113 107 105 105 102 103 103 106 107 105 105 108 108 113 120 127 123 117 107 104 98 84 61 46 51 64 56 58 52 35 19 11 9 6 7 20 24 26 27 28 28 28 21 15 11 30 67 96 119 125 124 126 136 125 130 137 140 138 132 135 146 145 135 134 134 121 119 113 117 121 105 88 93 81 72 65 65 63 77 84 73 60 70 84 88 92 107 114 122 127 137 134 145 158 139 134 143 144 147 151 157 163 161 158 155 128 129 125 106 99 85 79 62 61 64 81 95 85 69 78 100 125 128 138 131 95 95 99 101 113 110 91 78 81 76 90 97 97 108 115 113 98 82 56 44 56 82 102 115 125 129 113 109 127 140 129 119 107 96 93 86 71 52 64 73 87 94 93 96 93 77 72 79 85 89 88 81 83 90 94 93 87 88 90 90 86 82 83 90 98 110 118 124 128 135 137 135 132 129 127 126 122 119 117 117 119 123 127 128 132 141 147 143 138 138 138 141 143 144 143 141 138 134 134 133 132 130 127 127 126 125 130 135 139 145 147 145 140 134 130 128 129 132 135 133 132 131 129 130 135 105 40 0 0 0 0 0 0 0 0 0 0 0 0 0 0 0 0 0 0 0 0 0 0 0 0 0 0 0 0 0 0 0 0 0 0 0 0 0 0 0 0 0 0 0 0 0 0 0 0 0 0 0 0 0 0 0 0 0 0 0 0 0 0 0 0 0 0 0 0 0 0 0 
0 0 0 0 0 0 0 0 0 0 0 0 0 0 0 0 0 0 0 0 0 0 0 0 0 0 0 0 0 0 0 0 0 0 0 0 0 0 0 0 0 0 0 0 0 0 0 0 0 0 0 0 51 113 109 111 110 110 109 108 105 102 100 98 99 99 97 93 90 90 94 99 105 108 111 113 114 114 110 104 100 93 90 89 87 92 99 100 103 104 105 105 105 110 115 121 123 119 120 120 118 112 102 94 86 80 75 74 69 66 62 56 61 80 101 113 123 132 138 143 149 153 157 158 155 151 151 151 150 150 150 148 148 149 150 152 151 152 156 158 157 153 151 147 146 149 151 151 148 147 146 140 131 126 124 112 112 108 105 105 103 113 117 118 121 120 96 83 97 93 87 75 76 75 72 84 97 98 105 111 108 98 102 107 102 107 112 119 126 107 106 124 149 154 146 152 161 155 155 150 138 128 103 63 34 27 35 47 66 76 89 107 115 115 113 113 114 108 104 101 101 101 101 106 106 106 106 112 113 120 126 126 120 114 108 106 93 69 45 71 115 88 45 62 76 65 40 20 10 6 6 15 22 25 27 28 29 29 30 21 11 10 35 77 103 114 120 121 136 137 132 139 138 134 129 134 140 142 136 135 133 120 113 114 114 114 94 86 85 83 80 76 75 69 86 88 64 68 87 92 93 103 106 105 124 115 123 138 147 147 140 142 152 153 152 150 158 160 162 161 152 137 136 124 128 92 56 48 50 52 64 78 78 63 53 71 117 127 127 136 131 112 110 109 99 106 91 83 85 87 82 89 99 97 108 118 102 84 58 43 50 68 91 110 123 137 130 119 115 125 126 103 99 100 89 86 71 54 54 61 71 91 98 93 100 99 77 67 75 82 82 85 87 88 95 91 86 87 89 91 89 85 81 83 89 100 110 119 126 131 135 135 134 132 130 127 128 126 123 120 119 119 122 128 133 143 147 144 137 133 133 136 142 145 147 148 146 144 140 137 134 134 132 130 128 127 127 127 129 134 140 145 146 145 138 134 131 127 128 132 134 135 133 131 126 126 134 139 113 44 0 0 0 0 0 0 0 0 0 0 0 0 0 0 0 0 0 0 0 0 0 0 0 0 0 0 0 0 0 0 0 0 0 0 0 0 0 0 0 0 0 0 0 0 0 0 0 0 0 0 0 0 0 0 0 0 0 0 0 0 0 0 0 0 0 0 0 0 0 
0 0 0 0 0 0 0 0 0 0 0 0 0 0 0 0 0 0 0 0 0 0 0 0 0 0 0 0 0 0 0 0 0 0 0 0 0 0 0 0 0 0 0 0 0 0 0 0 0 0 0 3 100 107 108 108 107 106 108 109 105 102 100 99 98 98 99 97 95 96 97 101 105 108 111 111 114 114 110 105 102 97 94 93 90 90 93 97 101 104 106 105 105 107 112 119 123 121 119 118 117 112 104 97 88 79 74 70 66 64 63 59 60 67 83 105 121 132 140 146 151 153 156 157 159 158 156 154 154 151 150 149 149 149 150 151 154 154 156 157 157 157 156 152 146 145 147 147 144 144 146 142 131 123 121 111 100 103 105 106 99 102 115 117 120 123 107 85 90 89 85 88 82 69 71 91 97 99 100 103 109 96 94 103 97 87 110 123 127 117 110 125 142 154 154 151 156 154 156 155 142 131 99 63 34 26 36 50 65 76 96 115 122 119 117 113 111 108 106 101 100 96 99 104 103 103 108 113 117 127 130 124 117 115 113 98 73 51 55 122 171 74 35 49 71 81 68 43 19 8 8 13 23 23 24 24 25 28 31 26 16 7 13 54 98 108 115 122 132 141 137 136 137 130 125 128 133 139 136 137 131 116 113 111 111 105 88 82 74 68 75 83 72 74 89 85 71 86 96 88 98 108 108 112 118 114 124 143 143 138 138 147 155 154 145 147 158 157 161 157 146 135 131 130 105 57 41 38 38 47 72 75 65 57 57 90 126 132 131 134 126 119 101 91 86 88 80 83 86 96 102 97 97 97 102 106 83 62 34 42 69 87 106 119 128 139 134 127 121 125 100 89 96 94 84 79 58 49 59 55 74 97 103 102 106 105 83 69 80 86 81 84 86 90 93 84 77 87 91 90 86 81 83 89 95 102 110 118 123 127 132 133 132 132 130 131 131 128 126 127 126 125 129 138 147 150 146 139 135 133 133 133 138 141 144 146 147 147 145 143 140 137 135 133 131 129 129 128 128 130 134 140 144 147 143 139 133 127 125 129 133 136 138 138 134 133 136 137 140 147 120 47 0 0 0 0 0 0 0 0 0 0 0 0 0 0 0 0 0 0 0 0 0 0 0 0 0 0 0 0 0 0 0 0 0 0 0 0 0 0 0 0 0 0 0 0 0 0 0 0 0 0 0 0 0 0 0 0 0 0 0 0 0 0 0 0 0 0 0 
0 0 0 0 0 0 0 0 0 0 0 0 0 0 0 0 0 0 0 0 0 0 0 0 0 0 0 0 0 0 0 0 0 0 0 0 0 0 0 0 0 0 0 0 0 0 0 0 0 0 0 49 112 107 107 107 108 106 108 109 107 103 101 100 98 97 100 102 103 103 104 106 108 112 113 111 114 114 111 105 101 99 98 98 95 94 94 94 100 103 105 106 107 110 113 118 122 122 119 115 113 111 104 97 89 80 72 67 64 63 64 64 65 70 78 92 110 126 138 147 150 152 154 156 158 158 157 156 155 154 152 149 148 149 148 147 149 153 156 156 155 158 158 155 148 146 145 145 142 140 142 143 134 124 120 118 98 93 99 105 99 93 107 120 125 126 114 93 90 83 74 82 88 73 67 92 95 91 87 100 109 98 87 88 103 80 101 116 126 126 122 132 139 151 155 156 150 151 152 153 142 126 94 55 32 26 34 45 65 84 101 113 116 117 119 117 116 115 108 104 100 97 101 104 99 102 111 113 122 129 127 120 116 117 111 74 49 37 84 170 165 62 36 27 44 69 83 68 43 22 10 11 22 24 25 26 25 28 32 29 24 13 8 30 87 105 109 120 130 139 139 137 137 136 126 137 137 136 136 134 129 118 106 106 109 87 82 77 67 67 76 85 74 77 76 78 87 88 90 93 102 117 120 126 122 129 136 139 132 135 146 157 165 150 138 153 161 161 156 148 137 133 137 116 68 56 42 36 36 50 69 66 53 57 66 114 138 140 139 137 127 107 63 55 58 76 87 82 86 106 115 96 90 97 95 82 59 39 37 60 90 99 120 119 130 142 142 131 123 114 85 80 95 80 77 62 51 58 63 61 82 103 105 103 110 106 91 81 89 92 81 82 84 92 92 80 83 92 94 89 82 80 89 98 103 106 113 118 120 123 127 131 131 132 133 135 134 131 133 136 136 137 144 151 150 145 142 139 138 137 133 129 132 134 139 143 146 147 148 148 146 143 140 138 135 131 130 129 127 126 130 135 140 145 146 144 140 134 131 134 136 142 144 144 143 140 138 136 135 134 135 141 113 47 0 0 0 0 0 0 0 0 0 0 0 0 0 0 0 0 0 0 0 0 0 0 0 0 0 0 0 0 0 0 0 0 0 0 0 0 0 0 0 0 0 0 0 0 0 0 0 0 0 0 0 0 0 0 0 0 0 0 0 0 0 0 0 0 0 
0 0 0 0 0 0 0 0 0 0 0 0 0 0 0 0 0 0 0 0 0 0 0 0 0 0 0 0 0 0 0 0 0 0 0 0 0 0 0 0 0 0 0 0 0 0 0 0 0 0 1 103 108 108 107 106 106 105 105 107 108 103 102 100 97 99 101 104 106 108 110 112 113 115 113 111 113 114 111 106 101 98 99 100 100 98 94 93 97 102 106 109 111 113 115 119 122 121 118 113 111 108 104 97 88 79 71 66 64 60 61 63 67 73 82 90 103 118 128 141 149 151 151 152 153 153 154 157 157 151 147 150 150 150 150 147 144 147 152 155 149 149 154 154 152 148 145 144 141 139 138 142 139 129 127 127 116 103 94 99 97 95 103 123 131 129 119 95 85 80 68 80 89 74 67 77 95 94 91 104 117 108 83 79 96 83 82 109 120 121 126 133 139 146 147 156 149 146 140 147 146 123 87 54 31 27 33 44 70 89 103 109 113 116 119 119 120 117 106 103 99 96 99 99 99 103 110 112 127 125 119 115 116 115 89 46 24 18 58 113 87 61 44 32 29 44 64 72 59 34 17 13 20 27 27 26 27 28 31 30 30 22 9 13 54 94 97 106 129 137 137 137 139 139 131 144 141 131 131 130 131 114 104 106 101 78 79 78 61 67 78 81 84 78 72 85 99 95 100 110 117 123 130 131 131 139 137 130 131 145 153 159 154 144 143 158 160 150 145 135 134 145 130 94 63 54 40 46 39 59 57 58 61 73 88 137 150 143 131 133 120 76 40 33 51 85 96 84 100 109 91 71 85 110 105 86 59 45 57 75 91 113 128 126 136 149 144 125 115 91 77 82 85 68 58 49 55 70 61 71 85 96 102 105 108 105 101 97 100 92 81 81 87 92 91 79 86 95 91 85 81 84 94 104 106 107 113 117 120 123 126 129 131 133 135 137 138 138 139 141 145 149 151 149 144 140 140 141 139 137 134 130 129 130 134 138 143 147 148 149 148 147 145 142 142 139 133 131 128 126 127 130 136 143 149 151 150 146 143 140 140 139 139 139 139 136 132 129 129 129 128 127 128 133 113 52 0 0 0 0 0 0 0 0 0 0 0 0 0 0 0 0 0 0 0 0 0 0 0 0 0 0 0 0 0 0 0 0 0 0 0 0 0 0 0 0 0 0 0 0 0 0 0 0 0 0 0 0 0 0 0 0 0 0 0 0 0 0 0 
0 0 0 0 0 0 0 0 0 0 0 0 0 0 0 0 0 0 0 0 0 0 0 0 0 0 0 0 0 0 0 0 0 0 0 0 0 0 0 0 0 0 0 0 0 0 0 0 0 0 49 119 108 107 106 104 105 105 105 107 107 103 101 99 97 99 102 104 108 111 115 116 118 119 117 113 111 109 109 106 100 97 98 100 101 101 98 95 96 102 108 113 114 117 119 119 121 121 117 113 109 105 102 96 87 79 71 70 68 63 61 63 66 71 83 95 107 115 124 133 143 149 152 150 149 149 150 153 156 155 151 150 150 155 156 153 147 144 146 149 148 145 145 149 152 153 152 145 141 139 134 134 134 129 127 129 126 115 101 100 98 92 99 117 127 125 115 93 87 85 73 79 90 77 87 76 90 99 97 91 108 117 100 75 89 86 80 99 115 126 116 119 137 149 146 153 154 144 143 141 138 122 88 55 29 28 34 47 72 93 106 108 111 112 111 110 110 111 109 104 98 95 99 97 98 104 107 118 127 124 118 114 116 104 64 25 11 9 12 29 36 51 51 44 31 28 37 51 48 35 23 16 22 27 29 27 27 27 30 30 31 31 19 9 32 77 94 97 127 139 134 140 137 141 135 142 140 131 129 129 128 114 107 107 85 79 83 78 57 61 72 73 88 76 81 87 106 113 117 122 123 127 134 138 138 138 131 137 148 157 159 156 148 142 153 157 148 144 148 142 139 149 113 87 47 44 56 55 45 55 47 67 91 108 123 146 146 128 108 113 108 48 33 37 70 101 103 97 102 92 63 61 96 112 114 92 62 53 64 78 89 120 128 124 141 152 146 127 100 72 74 84 67 48 41 46 61 66 56 62 68 80 101 111 104 107 112 111 107 95 83 85 85 94 85 76 84 92 89 85 84 89 100 103 103 103 107 114 120 124 126 127 129 131 133 135 139 142 145 149 154 155 148 144 141 140 142 141 139 136 134 134 133 132 133 135 139 142 143 145 147 147 147 147 147 145 140 135 131 129 131 135 139 146 151 154 153 148 142 137 131 131 130 131 133 132 129 127 128 129 127 126 125 124 125 132 114 53 1 0 0 0 0 0 0 0 0 0 0 0 0 0 0 0 0 0 0 0 0 0 0 0 0 0 0 0 0 0 0 0 0 0 0 0 0 0 0 0 0 0 0 0 0 0 0 0 0 0 0 0 0 0 0 0 0 0 0 0 0 
0 0 0 0 0 0 0 0 0 0 0 0 0 0 0 0 0 0 0 0 0 0 0 0 0 0 0 0 0 0 0 0 0 0 0 0 0 0 0 0 0 0 0 0 0 0 0 0 0 0 104 111 107 106 105 104 104 104 104 104 104 103 101 99 98 100 102 106 110 114 118 119 121 122 120 116 111 108 107 104 100 96 97 99 102 103 100 98 97 101 109 115 117 121 123 122 123 123 119 116 111 105 100 95 88 80 73 73 73 70 67 65 65 68 80 93 107 115 121 129 136 144 148 148 147 147 148 150 154 158 157 156 156 158 158 157 153 149 149 149 147 144 143 146 150 154 156 152 146 141 137 129 122 125 125 123 127 123 112 107 107 101 99 109 122 120 112 99 90 90 79 85 88 81 97 89 80 97 105 93 104 115 103 80 87 93 81 93 103 118 117 116 131 142 152 152 154 145 141 143 138 119 91 55 28 28 37 49 75 96 104 108 108 108 108 103 103 108 108 103 99 96 97 98 99 106 109 121 121 120 113 113 106 82 42 16 11 10 9 8 16 39 56 53 41 28 20 28 34 30 22 19 22 28 30 27 26 28 34 34 33 33 27 13 21 57 94 93 116 137 134 135 137 139 141 144 138 126 128 132 124 110 107 108 85 79 77 69 49 65 73 81 84 78 87 97 119 118 119 116 121 129 137 140 136 129 134 151 156 161 154 148 148 154 159 148 147 152 146 147 144 130 96 65 34 59 71 50 50 51 54 73 104 129 144 152 128 109 91 117 93 45 33 51 87 110 97 98 99 87 85 93 108 118 111 65 37 48 85 90 92 111 119 116 141 149 143 122 81 62 71 70 52 34 32 41 51 45 41 48 60 75 96 108 99 108 118 118 105 90 89 86 83 91 80 70 79 90 90 89 90 95 99 97 97 96 102 112 119 122 123 124 125 127 129 135 140 145 154 158 155 150 146 144 142 142 143 142 140 139 138 138 138 137 135 134 134 135 137 140 143 145 147 148 150 151 148 145 143 143 142 142 141 141 141 144 146 144 138 133 129 127 126 127 130 130 129 127 127 127 128 128 127 125 122 122 123 130 114 55 3 0 0 0 0 0 0 0 0 0 0 0 0 0 0 0 0 0 0 0 0 0 0 0 0 0 0 0 0 0 0 0 0 0 0 0 0 0 0 0 0 0 0 0 0 0 0 0 0 0 0 0 0 0 0 0 0 0 0 
0 0 0 0 0 0 0 0 0 0 0 0 0 0 0 0 0 0 0 0 0 0 0 0 0 0 0 0 0 0 0 0 0 0 0 0 0 0 0 0 0 0 0 0 0 0 0 0 0 46 118 109 107 105 103 103 103 104 102 103 104 102 100 98 98 101 104 106 110 116 119 120 121 124 123 118 112 109 106 103 101 95 96 97 102 102 102 99 99 103 108 113 117 123 123 124 124 122 120 118 114 107 100 94 87 79 74 74 78 78 74 70 67 68 76 88 99 107 114 122 129 135 140 143 145 147 148 149 151 155 158 157 157 158 156 157 159 156 153 151 149 146 149 150 150 153 155 151 149 143 140 133 125 117 118 118 117 119 121 115 112 108 104 100 115 124 109 103 98 97 93 89 106 89 94 91 80 95 106 93 92 114 104 86 87 89 82 86 89 106 131 132 128 135 148 147 149 148 142 145 137 119 95 58 27 26 39 54 76 98 105 109 106 107 108 108 106 106 104 103 102 98 94 101 105 106 117 122 117 114 108 111 93 59 24 11 8 9 9 7 12 38 63 57 51 38 19 18 26 27 22 21 27 31 31 29 26 28 35 37 36 34 33 21 16 41 83 97 101 126 132 133 139 139 144 144 136 125 128 132 121 113 112 99 88 80 74 61 48 66 71 82 85 93 99 110 123 123 118 117 131 136 145 139 133 139 147 155 152 152 153 147 149 156 150 149 155 150 139 152 144 119 72 42 55 73 65 52 60 63 73 76 104 128 145 140 118 104 101 129 76 47 42 66 97 109 99 97 111 113 107 105 111 118 80 40 39 70 109 109 105 121 111 123 144 148 135 109 70 65 71 61 44 33 33 32 33 31 36 47 65 83 93 96 103 119 127 118 97 82 96 86 85 88 76 69 81 93 93 93 94 97 92 90 93 97 102 113 117 119 119 121 122 126 132 138 146 155 161 157 149 146 146 146 145 146 143 141 140 141 140 140 139 139 138 136 133 132 133 134 136 141 145 150 155 158 157 156 154 149 141 135 131 127 128 133 138 141 137 132 129 127 126 125 126 127 127 126 125 126 127 127 128 126 124 122 122 120 121 127 114 58 4 0 0 0 0 0 0 0 0 0 0 0 0 0 0 0 0 0 0 0 0 0 0 0 0 0 0 0 0 0 0 0 0 0 0 0 0 0 0 0 0 0 0 0 0 0 0 0 0 0 0 0 0 0 0 0 0 
0 0 0 0 0 0 0 0 0 0 0 0 0 0 0 0 0 0 0 0 0 0 0 0 0 0 0 0 0 0 0 0 0 0 0 0 0 0 0 0 0 0 0 0 0 0 0 0 0 100 112 111 108 103 101 102 103 104 102 102 102 100 98 97 99 102 107 108 111 116 119 120 122 125 124 119 115 111 107 103 98 93 95 99 103 103 102 99 100 104 108 111 116 120 122 124 124 121 117 113 112 110 103 94 85 76 71 73 79 82 79 74 70 68 70 78 86 94 103 112 118 126 132 138 142 146 149 150 151 152 154 154 154 155 154 154 159 161 158 157 154 148 145 148 151 153 154 153 148 142 139 137 130 120 119 122 120 112 119 121 115 112 110 110 110 117 113 100 94 106 92 89 101 97 86 88 79 90 107 102 84 100 98 89 84 89 84 87 77 90 120 141 133 130 137 142 148 154 147 145 139 116 97 65 28 26 40 59 81 102 106 108 110 108 107 104 104 105 103 99 101 100 99 104 107 105 120 119 113 106 101 93 69 37 12 9 7 8 9 8 16 46 67 62 59 43 22 20 23 22 18 23 32 35 30 30 30 31 34 38 39 37 35 26 14 24 64 97 103 118 132 131 137 136 140 141 137 122 125 129 123 116 107 90 87 77 70 66 55 69 77 89 103 109 107 120 126 122 124 131 143 145 144 141 143 148 144 152 149 155 156 154 157 157 146 150 154 145 154 160 141 107 64 54 80 78 47 44 65 86 95 90 110 133 138 122 112 114 130 107 61 49 60 89 107 118 103 113 127 123 107 100 106 97 48 44 79 99 107 112 120 127 115 136 152 148 124 96 73 61 59 50 41 36 45 35 27 43 50 60 76 87 87 87 106 133 130 109 84 85 97 92 88 89 81 78 89 95 92 93 95 94 86 87 92 98 103 111 116 117 118 119 122 129 136 144 156 161 158 151 146 146 147 148 146 144 141 139 139 138 137 138 137 138 138 137 135 132 130 132 136 142 149 152 155 157 156 155 151 146 139 133 128 126 127 129 132 135 136 132 129 126 125 125 126 127 127 124 123 123 124 125 127 128 127 126 124 121 120 118 118 125 114 60 6 0 0 0 0 0 0 0 0 0 0 0 0 0 0 0 0 0 0 0 0 0 0 0 0 0 0 0 0 0 0 0 0 0 0 0 0 0 0 0 0 0 0 0 0 0 0 0 0 0 0 0 0 0 0 
0 0 0 0 0 0 0 0 0 0 0 0 0 0 0 0 0 0 0 0 0 0 0 0 0 0 0 0 0 0 0 0 0 0 0 0 0 0 0 0 0 0 0 0 0 0 0 0 44 120 112 112 109 105 103 103 105 105 104 103 101 99 96 96 101 105 110 111 113 118 119 120 123 126 124 119 116 115 111 104 95 92 95 100 105 105 103 101 101 104 107 110 112 114 118 122 122 121 116 110 108 108 102 94 85 77 72 72 76 81 81 76 71 69 66 69 77 86 95 104 108 115 124 132 139 145 150 151 150 151 152 150 150 151 151 151 156 160 158 160 159 155 148 146 145 147 152 154 148 139 136 133 133 124 119 124 124 111 110 118 113 114 110 113 114 102 112 107 97 107 96 93 102 101 94 85 83 79 86 111 84 81 91 85 81 86 85 83 76 81 105 139 146 134 132 141 146 149 152 151 144 114 95 63 32 31 47 65 85 105 112 113 113 108 106 103 102 103 100 93 95 98 97 104 105 104 105 100 92 76 63 44 30 16 9 6 5 6 7 8 21 65 67 70 61 41 25 21 20 21 17 22 36 38 33 29 30 33 34 39 41 37 37 34 20 14 40 87 103 112 127 125 133 134 137 139 135 122 123 123 120 111 97 92 92 80 71 67 55 76 80 103 101 104 119 126 122 124 134 143 152 147 147 147 149 150 153 156 145 160 161 161 162 156 147 144 149 150 161 152 129 100 76 70 79 70 47 51 83 97 101 104 126 126 121 118 120 130 134 70 47 55 79 104 125 127 111 123 127 114 100 105 94 63 47 65 91 97 93 104 126 127 127 141 147 128 98 77 59 39 46 43 36 41 55 46 34 59 65 71 80 84 80 92 116 134 120 96 76 95 97 91 92 94 89 86 97 99 92 93 95 89 85 87 94 99 105 111 114 116 118 120 126 134 144 152 158 157 152 148 145 147 147 147 145 142 139 137 135 135 135 135 134 134 136 138 138 138 140 142 146 146 146 142 142 143 145 146 146 143 141 136 134 130 128 127 127 130 134 134 130 126 124 124 126 126 126 123 121 120 121 123 126 127 128 127 126 124 122 120 117 116 115 122 113 62 7 0 0 0 0 0 0 0 0 0 0 0 0 0 0 0 0 0 0 0 0 0 0 0 0 0 0 0 0 0 0 0 0 0 0 0 0 0 0 0 0 0 0 0 0 0 0 0 0 0 0 0 0 
0 0 0 0 0 0 0 0 0 0 0 0 0 0 0 0 0 0 0 0 0 0 0 0 0 0 0 0 0 0 0 0 0 0 0 0 0 0 0 0 0 0 0 0 0 0 0 0 104 116 113 113 111 108 106 106 108 107 106 103 101 98 94 95 100 107 113 115 118 119 119 119 122 124 123 120 117 116 113 106 98 95 96 99 105 107 106 103 102 103 106 107 108 110 115 120 121 121 116 109 106 104 102 96 88 80 74 73 76 80 81 77 74 72 67 67 72 80 91 99 104 108 115 125 132 141 149 152 154 155 151 149 148 149 147 146 150 153 156 158 159 158 152 148 142 140 145 148 150 146 138 136 136 128 117 116 120 116 112 110 105 109 112 111 123 103 99 109 98 102 99 83 94 94 95 89 88 82 67 105 118 92 82 70 69 75 79 76 83 84 94 123 142 142 137 145 148 143 145 144 141 123 95 59 28 28 46 70 86 103 118 120 117 113 109 106 102 95 97 93 95 97 96 98 92 88 84 81 69 49 23 9 10 9 8 7 5 6 6 9 23 53 67 75 59 39 23 23 19 20 20 26 37 39 37 31 33 33 35 40 43 38 37 39 26 13 27 63 94 110 122 126 130 134 136 133 132 123 120 120 118 111 97 94 99 83 70 54 57 79 94 102 92 106 122 116 121 134 142 147 148 147 151 149 150 160 162 157 160 163 159 158 154 144 146 149 154 152 151 144 130 99 78 72 82 68 66 70 81 84 95 102 121 116 123 116 134 133 98 59 54 70 98 115 137 119 115 121 118 111 110 112 77 55 73 74 89 96 93 104 127 138 133 133 133 97 71 55 39 31 41 39 31 45 70 50 48 71 78 76 80 82 83 108 122 123 103 80 79 94 97 94 101 105 94 95 103 102 95 92 90 84 83 90 96 100 104 109 114 116 117 120 132 143 150 150 149 148 146 144 144 147 147 146 143 139 136 132 129 128 129 130 130 132 137 143 148 150 149 147 144 138 131 127 127 130 133 137 138 138 138 137 135 132 131 130 129 128 129 131 132 129 124 125 127 127 128 127 122 119 119 120 123 125 125 126 127 125 123 122 119 117 114 114 116 124 117 69 10 0 0 0 0 0 0 0 0 0 0 0 0 0 0 0 0 0 0 0 0 0 0 0 0 0 0 0 0 0 0 0 0 0 0 0 0 0 0 0 0 0 0 0 0 0 0 0 0 0 0 
0 0 0 0 0 0 0 0 0 0 0 0 0 0 0 0 0 0 0 0 0 0 0 0 0 0 0 0 0 0 0 0 0 0 0 0 0 0 0 0 0 0 0 0 0 0 0 41 124 114 115 113 113 111 107 108 110 110 108 104 100 97 95 95 99 108 115 118 121 120 119 119 121 121 121 118 116 116 114 108 103 101 100 100 104 107 108 107 104 105 106 107 107 110 113 117 120 121 117 110 104 102 102 96 88 80 77 76 78 83 83 78 74 73 72 71 73 79 89 96 105 110 115 121 127 135 142 149 154 157 156 151 149 149 147 146 145 147 152 156 156 156 156 154 148 141 142 142 143 148 146 139 133 134 123 114 114 117 119 111 101 100 106 109 115 114 96 99 105 104 103 79 87 93 82 90 91 89 64 97 116 100 63 63 56 66 79 69 90 94 90 104 134 144 144 148 151 147 143 143 137 124 96 62 30 28 47 72 86 100 120 125 119 116 113 110 106 98 99 99 100 98 95 89 83 79 77 75 60 34 12 7 8 7 5 5 5 6 7 9 15 22 53 72 58 37 22 26 20 19 22 31 39 44 43 38 38 36 39 42 40 39 39 40 32 18 21 52 80 106 123 124 130 132 131 133 132 126 119 116 112 111 100 94 95 84 71 63 73 86 91 88 97 108 115 120 133 137 139 143 146 148 153 154 155 160 162 163 163 155 156 147 141 141 147 153 155 138 139 143 108 88 69 73 82 74 70 51 68 76 102 117 118 119 127 128 141 125 106 80 74 84 112 127 123 105 113 123 116 118 123 88 59 67 82 75 90 106 97 105 132 136 132 126 116 76 53 42 29 35 46 41 39 58 75 63 71 95 90 89 87 88 97 110 111 104 88 76 87 94 93 102 113 111 98 97 101 98 92 89 85 81 85 93 99 100 105 109 112 113 119 130 141 146 143 140 141 141 140 140 140 143 145 144 139 137 133 129 127 126 129 131 134 140 147 150 150 146 142 137 135 131 126 123 121 122 124 129 132 134 136 137 137 134 133 131 130 129 127 129 132 131 127 126 127 128 130 129 125 123 121 120 120 122 123 123 126 125 124 123 121 120 117 116 117 121 124 130 122 72 11 0 0 0 0 0 0 0 0 0 0 0 0 0 0 0 0 0 0 0 0 0 0 0 0 0 0 0 0 0 0 0 0 0 0 0 0 0 0 0 0 0 0 0 0 0 0 0 0 
0 0 0 0 0 0 0 0 0 0 0 0 0 0 0 0 0 0 0 0 0 0 0 0 0 0 0 0 0 0 0 0 0 0 0 0 0 0 0 0 0 0 0 0 0 0 0 100 116 113 114 113 113 111 110 112 111 112 110 106 101 98 96 95 98 106 114 120 123 122 121 120 120 118 118 114 114 115 113 110 108 107 104 103 105 106 109 110 107 105 107 109 109 112 115 117 118 121 117 111 106 102 101 96 90 81 78 78 81 85 86 82 77 73 71 73 76 83 89 99 108 114 119 122 126 131 136 141 147 154 156 154 153 152 150 148 149 144 147 150 150 152 155 155 151 146 144 140 141 144 146 141 131 130 127 118 110 116 123 118 108 99 104 112 113 122 113 102 107 107 104 88 81 93 79 72 95 98 87 92 109 107 77 76 66 73 84 68 81 94 86 90 120 139 145 146 151 153 150 147 138 124 98 65 32 27 45 68 83 91 108 122 117 112 107 106 105 99 98 99 97 91 88 85 81 80 77 71 51 23 6 7 8 7 5 6 7 6 7 6 10 23 62 75 59 31 25 23 19 19 22 33 45 51 51 46 39 40 42 43 42 43 44 42 39 24 17 32 66 101 122 128 128 133 131 133 133 124 115 112 110 111 104 94 90 85 79 77 89 95 92 90 107 108 115 126 130 136 147 151 150 151 156 151 156 158 167 160 153 149 151 139 142 149 151 153 142 134 134 131 97 74 63 82 73 56 49 63 76 72 116 129 122 128 137 133 134 116 80 54 73 94 123 117 83 97 108 115 121 127 115 66 54 71 75 79 103 115 107 114 133 126 127 118 100 64 40 31 24 35 51 55 55 82 83 91 106 106 94 96 101 100 99 90 94 93 81 84 97 97 92 105 117 108 99 96 95 91 88 85 84 83 91 96 101 104 107 108 111 115 128 141 143 135 131 131 136 136 136 137 138 142 143 143 142 138 134 132 131 133 137 143 145 148 147 142 138 134 133 130 129 130 130 128 123 121 121 122 125 128 131 134 135 135 135 132 130 132 132 130 132 131 130 130 129 129 130 131 129 126 123 122 122 121 121 122 123 123 124 123 123 123 122 122 123 125 126 125 121 124 115 64 11 0 0 0 0 0 0 0 0 0 0 0 0 0 0 0 0 0 0 0 0 0 0 0 0 0 0 0 0 0 0 0 0 0 0 0 0 0 0 0 0 0 0 0 0 0 0 
0 0 0 0 0 0 0 0 0 0 0 0 0 0 0 0 0 0 0 0 0 0 0 0 0 0 0 0 0 0 0 0 0 0 0 0 0 0 0 0 0 0 0 0 0 0 36 121 111 111 110 111 110 111 110 111 112 110 109 105 101 97 95 96 99 106 116 121 124 124 124 123 123 119 117 115 113 112 113 113 112 113 109 107 105 106 109 112 111 111 111 110 113 116 119 118 118 119 116 112 106 103 100 96 90 84 79 77 79 81 86 86 83 78 74 71 73 82 88 101 112 118 123 126 127 130 133 137 141 147 150 153 153 151 148 149 152 149 146 145 145 150 153 152 151 150 149 142 139 139 144 143 139 131 121 112 109 110 118 121 114 105 109 115 113 121 119 101 102 107 107 98 84 90 86 56 78 97 102 102 108 105 78 81 79 70 91 75 62 88 86 80 105 126 141 140 144 153 156 151 147 131 105 68 33 26 38 59 82 86 98 114 115 105 100 100 102 101 101 101 90 88 86 81 80 81 77 65 41 11 6 7 8 7 7 7 6 6 9 9 9 37 67 72 52 27 23 21 21 22 23 35 48 55 57 51 43 42 44 45 44 45 45 44 42 29 15 22 50 95 118 122 125 131 129 131 133 122 117 111 105 110 106 97 93 88 78 74 107 91 90 97 106 111 121 130 135 139 148 148 150 155 157 156 158 159 166 146 154 154 145 141 143 144 149 146 132 136 125 120 87 75 75 74 51 41 72 81 70 84 116 124 127 136 142 133 123 85 37 68 93 107 104 83 71 102 97 119 124 121 99 74 61 63 71 83 110 122 116 123 128 123 115 109 98 60 27 21 23 34 61 71 81 101 97 109 122 99 98 113 119 112 90 72 82 88 78 93 107 93 87 102 109 103 95 95 92 91 92 89 87 89 95 98 101 104 104 107 116 129 138 139 129 122 123 128 133 136 136 138 140 142 143 145 144 141 141 141 143 147 149 150 146 141 136 131 130 126 128 128 129 132 134 131 129 125 122 118 118 121 125 128 130 132 134 134 132 131 132 132 132 133 134 134 132 129 130 132 131 128 126 124 124 123 122 121 122 124 124 124 126 127 127 127 128 128 127 123 117 110 102 99 87 46 8 0 0 0 0 0 0 0 0 0 0 0 0 0 0 0 0 0 0 0 0 0 0 0 0 0 0 0 0 0 0 0 0 0 0 0 0 0 0 0 0 0 0 0 0 
0 0 0 0 0 0 0 0 0 0 0 0 0 0 0 0 0 0 0 0 0 0 0 0 0 0 0 0 0 0 0 0 0 0 0 0 0 0 0 0 0 0 0 0 0 0 92 109 106 107 107 108 108 110 110 109 109 108 106 103 99 95 93 94 97 104 113 121 124 126 125 125 124 121 119 116 113 111 113 114 114 115 111 108 108 107 109 111 113 114 114 115 117 121 122 122 121 119 116 111 105 102 99 96 91 87 81 77 76 78 83 85 85 87 84 78 75 77 81 95 110 118 125 127 130 134 134 137 139 143 145 147 149 147 144 147 150 153 153 149 145 142 147 148 150 149 146 148 144 137 134 138 136 132 121 110 104 110 116 122 120 112 109 123 116 116 117 103 94 99 106 103 96 86 98 77 74 92 108 114 113 107 82 78 92 74 84 79 59 75 90 78 99 121 137 138 141 145 146 149 147 132 105 66 32 24 38 60 80 92 97 100 105 103 100 98 99 101 103 100 86 86 85 77 72 76 75 62 33 7 7 7 8 7 6 6 6 7 9 8 11 36 68 63 38 23 20 20 20 21 26 41 50 59 59 55 49 46 45 47 47 49 48 46 44 33 16 16 42 86 109 119 122 126 127 130 130 122 118 111 101 109 103 95 87 84 77 89 107 87 91 100 112 118 132 132 134 141 143 139 145 150 152 157 157 158 152 150 160 152 149 141 136 145 138 129 124 127 118 111 82 99 80 57 46 63 75 78 96 105 128 129 144 140 138 135 107 62 46 98 106 99 67 69 99 106 108 124 118 108 102 99 73 64 77 94 114 129 123 120 126 125 111 115 90 50 30 34 37 43 71 83 102 96 104 116 113 99 111 128 133 115 84 75 80 80 83 105 113 87 78 97 99 96 93 94 96 99 98 93 91 95 97 99 102 104 107 118 130 141 136 122 116 116 121 127 133 135 136 138 139 141 144 145 146 148 150 151 153 150 144 139 133 129 127 126 128 126 127 127 128 130 132 133 135 132 127 121 118 119 121 122 125 129 131 132 132 131 129 130 130 133 136 136 134 132 131 131 131 130 128 127 127 125 124 123 123 125 127 127 129 130 132 131 129 126 123 117 109 98 88 77 66 62 53 30 6 0 0 0 0 0 0 0 0 0 0 0 0 0 0 0 0 0 0 0 0 0 0 0 0 0 0 0 0 0 0 0 0 0 0 0 0 0 0 0 0 0 0 
0 0 0 0 0 0 0 0 0 0 0 0 0 0 0 0 0 0 0 0 0 0 0 0 0 0 0 0 0 0 0 0 0 0 0 0 0 0 0 0 0 0 0 0 0 31 110 103 103 103 104 106 106 107 107 106 106 105 106 101 96 92 92 94 98 104 112 123 127 130 130 127 126 124 120 117 114 110 112 113 114 113 111 111 111 111 112 113 115 115 117 119 120 122 124 125 124 122 116 108 103 100 99 96 92 89 83 78 75 78 81 82 83 85 88 90 86 81 80 88 101 111 119 124 128 133 133 135 138 139 140 139 139 142 142 143 145 150 154 152 150 146 142 143 147 150 146 145 146 140 134 132 130 130 121 109 95 101 114 120 124 125 117 117 118 109 116 108 95 87 101 108 106 96 97 88 77 91 105 113 113 115 96 75 93 82 79 87 72 65 94 97 99 112 126 141 141 141 144 141 138 133 114 74 33 25 32 57 78 94 98 101 105 104 100 99 96 94 94 93 88 86 84 77 68 69 71 57 22 8 7 8 9 8 7 8 9 8 9 7 25 54 69 54 27 17 18 19 16 21 36 50 57 64 65 60 54 49 47 51 52 55 54 49 47 40 16 14 35 75 101 114 120 124 124 125 129 125 120 108 102 109 103 91 88 89 95 111 94 93 94 104 115 126 127 124 138 144 143 144 141 146 152 152 151 151 148 156 156 153 147 148 151 148 136 124 114 132 131 111 104 98 66 46 52 62 67 100 116 125 140 143 140 135 134 130 89 55 91 117 94 62 53 87 113 109 125 121 108 101 108 98 76 74 86 105 130 135 121 121 123 116 107 112 77 49 55 57 54 52 76 97 103 90 105 115 103 114 129 136 131 112 86 77 74 70 94 119 112 83 78 95 97 92 91 98 108 108 102 96 96 97 99 101 103 108 121 135 138 133 120 111 110 114 122 126 131 134 136 137 138 141 144 146 151 157 156 152 145 137 131 129 126 124 125 124 126 126 126 126 127 128 129 131 135 135 131 126 122 120 120 121 123 126 127 127 128 128 127 128 129 132 134 135 135 134 133 132 131 132 130 129 128 127 126 127 127 128 130 130 131 132 132 129 126 122 116 108 97 85 73 61 51 45 39 39 37 24 5 0 0 0 0 0 0 0 0 0 0 0 0 0 0 0 0 0 0 0 0 0 0 0 0 0 0 0 0 0 0 0 0 0 0 0 0 0 0 0 0 
0 0 0 0 0 0 0 0 0 0 0 0 0 0 0 0 0 0 0 0 0 0 0 0 0 0 0 0 0 0 0 0 0 0 0 0 0 0 0 0 0 0 0 0 0 86 104 102 103 103 103 104 105 104 104 103 102 102 102 98 94 91 91 95 99 103 113 122 128 130 130 127 126 125 121 119 115 112 112 112 112 111 111 112 112 113 115 116 116 116 119 119 121 122 122 123 123 122 116 106 99 96 97 94 92 88 83 78 77 79 81 81 83 86 87 88 86 83 83 87 96 104 111 119 123 129 132 132 136 137 137 136 132 133 138 141 143 145 147 148 148 147 143 141 144 149 149 147 146 147 143 135 125 124 123 113 105 104 110 112 121 129 128 121 112 100 110 116 106 87 89 103 99 98 94 98 79 86 99 95 103 115 102 80 90 94 88 90 76 59 83 104 109 105 110 130 140 139 147 146 140 134 120 77 37 24 31 53 76 89 93 98 105 109 105 94 90 93 91 93 95 89 85 80 75 71 65 48 19 6 6 7 9 8 7 8 8 8 8 7 26 56 64 38 20 17 18 20 19 28 47 60 63 69 67 63 57 53 50 53 54 58 59 56 51 40 21 13 26 61 93 112 120 120 121 122 128 127 120 101 105 120 108 87 84 97 114 115 98 99 94 113 112 121 131 135 141 141 143 142 140 153 136 147 145 146 148 152 155 150 149 158 155 146 136 124 125 143 123 110 107 81 61 51 49 56 77 113 125 133 147 142 140 133 124 114 86 76 102 106 67 39 71 91 97 100 114 114 106 108 116 71 76 88 100 123 139 130 115 120 110 107 110 97 75 64 67 55 60 63 94 114 91 88 102 110 113 128 138 140 129 108 87 71 66 76 105 124 108 75 85 99 100 92 95 108 119 114 105 97 92 93 98 105 114 127 137 141 130 121 110 106 109 116 121 125 130 133 135 136 137 142 148 152 155 155 148 141 135 130 126 125 125 124 124 124 125 126 125 124 124 126 127 129 132 136 134 131 128 125 123 123 124 125 125 125 125 125 126 127 128 129 131 134 134 134 133 133 133 134 132 131 129 128 128 129 130 131 132 132 131 129 128 124 120 113 103 94 81 71 59 50 43 39 36 34 32 34 34 24 7 0 0 0 0 0 0 0 0 0 0 0 0 0 0 0 0 0 0 0 0 0 0 0 0 0 0 0 0 0 0 0 0 0 0 0 0 0 0 
0 0 0 0 0 0 0 0 0 0 0 0 0 0 0 0 0 0 0 0 0 0 0 0 0 0 0 0 0 0 0 0 0 0 0 0 0 0 0 0 0 0 0 0 30 110 101 101 103 104 104 104 104 103 102 102 100 99 98 95 92 90 90 95 99 104 115 124 130 133 131 129 127 125 123 121 116 113 112 112 110 110 111 112 112 113 116 119 119 119 118 119 120 121 121 122 123 121 116 107 97 93 92 91 89 87 83 79 79 82 84 85 85 85 88 88 81 75 75 80 88 96 106 114 120 125 128 129 131 133 134 133 131 128 131 138 140 142 145 142 142 141 140 137 139 144 149 147 143 143 145 144 132 119 116 112 104 106 111 109 116 122 131 133 118 96 103 113 114 99 91 97 100 99 93 106 100 83 98 89 93 110 108 90 93 98 103 88 85 68 88 106 111 108 103 119 140 137 144 154 144 132 117 83 37 23 28 49 70 83 94 101 104 111 107 98 90 95 92 91 94 90 86 81 76 73 65 44 14 5 6 6 7 8 8 7 8 10 9 8 14 34 47 26 15 16 21 19 24 42 60 67 66 70 67 62 60 54 53 56 56 57 60 56 50 46 24 15 23 53 88 107 115 117 121 118 133 132 115 105 113 121 109 89 98 113 121 116 111 114 119 130 125 135 142 145 144 138 131 142 147 143 126 144 133 146 142 151 145 147 154 156 147 139 127 137 143 135 112 101 88 70 61 55 48 58 93 119 132 136 140 139 140 130 100 101 93 90 93 84 55 41 79 79 79 94 102 116 119 117 95 60 77 99 114 134 137 125 110 100 99 102 95 80 76 60 51 58 68 86 113 120 92 99 112 119 130 138 144 140 127 107 79 64 64 86 116 119 98 79 87 100 105 100 105 120 121 114 104 93 89 95 103 119 132 140 136 126 115 109 104 106 113 117 121 126 129 131 134 138 144 152 156 154 148 142 137 135 133 131 129 126 124 127 129 128 126 125 125 123 122 124 126 129 133 133 134 133 133 130 127 126 126 125 125 125 124 125 125 126 126 126 128 130 131 133 134 134 134 135 134 133 130 129 129 130 131 132 132 131 128 124 121 116 108 98 89 77 66 56 49 44 40 38 37 35 34 33 33 34 35 23 7 0 0 0 0 0 0 0 0 0 0 0 0 0 0 0 0 0 0 0 0 0 0 0 0 0 0 0 0 0 0 0 0 0 0 0 0 
0 0 0 0 0 0 0 0 0 0 0 0 0 0 0 0 0 0 0 0 0 0 0 0 0 0 0 0 0 0 0 0 0 0 0 0 0 0 0 0 0 0 0 0 86 108 102 103 104 107 107 106 104 101 101 101 99 97 95 92 89 88 90 96 103 107 116 123 130 134 132 129 128 125 125 122 118 115 113 111 111 110 110 112 112 114 116 118 121 122 121 120 120 120 121 122 122 120 116 109 99 94 89 89 88 85 81 79 82 87 90 91 89 90 89 87 82 77 71 67 73 81 93 106 115 123 128 129 131 133 130 127 128 131 131 132 136 140 145 141 141 135 136 133 131 135 145 148 142 135 136 141 138 126 117 111 102 101 112 111 111 115 128 132 128 114 94 97 108 109 100 94 105 101 101 107 114 89 101 110 93 104 104 87 83 101 115 98 99 82 90 104 97 101 105 110 130 142 136 143 144 131 123 94 51 24 26 44 66 81 97 104 105 107 106 98 90 93 91 84 88 88 85 83 80 76 64 38 9 7 5 6 6 7 6 8 22 30 19 10 13 20 21 16 13 17 21 20 29 51 62 66 68 69 67 62 60 58 59 59 61 60 57 54 50 45 25 11 18 44 81 100 113 116 116 120 135 132 119 118 119 126 109 102 114 122 123 126 125 127 128 135 137 137 141 145 146 138 134 145 142 132 136 139 136 143 140 144 132 152 147 135 136 137 142 146 132 126 101 92 93 69 63 67 62 77 114 133 132 126 124 133 138 112 98 101 84 82 91 71 37 52 71 73 82 92 100 122 118 113 78 68 94 116 127 133 127 118 106 89 94 77 65 60 52 41 45 69 78 103 120 109 106 120 129 127 131 139 149 140 125 105 83 67 68 89 116 115 97 87 90 103 108 106 113 120 114 106 95 86 91 106 123 139 142 133 118 113 107 102 103 108 114 119 124 126 129 133 140 149 157 158 153 145 139 134 134 134 136 137 136 132 130 131 131 131 129 126 124 122 122 124 128 131 133 133 135 134 134 132 130 129 128 128 127 127 126 125 125 125 124 125 125 126 127 130 133 134 136 135 136 134 132 130 130 130 130 129 128 125 120 116 110 101 93 83 74 65 55 49 45 43 41 39 37 36 36 34 33 33 33 34 33 24 8 0 0 0 0 0 0 0 0 0 0 0 0 0 0 0 0 0 0 0 0 0 0 0 0 0 0 0 0 0 0 0 0 0 0 
0 0 0 0 0 0 0 0 0 0 0 0 0 0 0 0 0 0 0 0 0 0 0 0 0 0 0 0 0 0 0 0 0 0 0 0 0 0 0 0 0 0 0 27 113 104 102 104 105 109 110 108 104 101 100 99 97 95 93 90 86 85 90 98 107 111 116 123 130 134 134 133 130 127 126 124 121 117 114 112 110 109 108 109 110 113 116 117 121 122 121 120 121 121 122 124 122 120 117 112 104 95 88 87 86 83 79 79 84 90 96 98 97 96 94 91 86 82 76 71 66 64 75 91 104 114 119 124 129 134 133 128 124 125 129 130 132 131 134 142 142 135 129 128 126 125 132 140 143 141 132 131 138 138 126 115 104 95 93 106 115 114 112 114 121 129 103 90 97 97 101 109 114 103 100 105 117 97 90 121 100 90 100 84 70 86 120 106 99 94 81 94 92 99 104 108 116 138 140 147 149 139 125 102 58 24 24 45 70 84 102 112 113 111 108 103 97 92 89 88 86 80 76 80 77 73 62 29 8 7 6 7 7 10 10 17 36 47 34 20 15 12 13 14 12 19 19 28 44 57 61 64 70 71 66 61 63 64 63 63 62 60 58 56 51 41 21 12 14 35 71 94 110 112 118 123 132 128 123 120 120 129 114 113 129 120 132 131 128 131 137 138 132 133 143 142 146 142 138 136 138 141 149 142 143 140 138 139 140 145 136 131 138 147 152 132 123 115 106 106 104 75 78 86 82 112 126 133 135 123 111 127 129 106 112 100 78 84 88 61 36 54 66 80 105 97 103 101 101 96 75 81 109 131 135 131 130 123 103 81 74 54 43 33 31 42 58 75 89 105 109 108 121 139 135 130 128 137 148 140 121 99 84 76 75 96 113 113 101 95 99 112 109 111 115 112 106 94 85 86 100 122 141 150 134 119 113 109 105 104 107 110 115 120 125 130 137 145 154 157 155 150 143 138 135 135 137 137 138 141 140 136 133 131 131 130 129 126 122 122 123 126 129 133 132 133 134 134 133 132 132 131 131 130 129 128 127 126 125 125 125 125 124 125 127 130 132 134 137 136 136 135 133 129 127 126 125 122 119 115 109 101 95 84 76 69 62 55 51 48 46 44 43 41 38 38 38 36 35 33 35 34 32 32 33 25 8 0 0 0 0 0 0 0 0 0 0 0 0 0 0 0 0 0 0 0 0 0 0 0 0 0 0 0 0 0 0 0 0 
0 0 0 0 0 0 0 0 0 0 0 0 0 0 0 0 0 0 0 0 0 0 0 0 0 0 0 0 0 0 0 0 0 0 0 0 0 0 0 0 0 0 0 83 109 103 102 103 106 110 112 110 105 101 99 98 96 93 91 87 84 83 89 101 110 117 121 126 130 134 137 137 133 131 128 125 123 118 115 114 112 109 107 106 109 113 115 116 119 121 119 119 121 122 125 127 125 122 120 114 105 95 88 86 85 82 78 79 83 89 96 100 102 102 99 93 89 85 81 76 70 67 69 77 90 100 106 113 122 131 132 130 126 126 125 124 128 128 127 130 132 135 132 126 120 119 123 130 138 144 138 132 133 136 132 116 104 95 85 92 112 115 114 109 108 123 129 111 95 99 106 120 125 108 87 96 106 106 76 106 124 93 101 99 71 71 104 117 105 100 83 83 93 94 104 113 120 138 145 142 150 143 125 107 69 30 25 38 67 82 99 114 121 121 118 113 106 95 91 97 90 83 79 75 74 70 55 23 6 7 5 5 7 10 11 10 17 18 18 28 17 10 12 14 15 18 24 42 59 61 63 68 73 75 70 66 69 67 67 66 66 63 59 57 52 38 19 10 12 29 68 85 98 112 121 124 129 122 124 125 126 125 119 123 130 126 136 130 133 138 134 134 132 137 143 142 143 133 134 130 137 146 145 141 135 132 140 151 147 124 135 130 134 140 140 123 124 115 111 120 92 89 91 95 106 128 132 138 130 97 110 120 115 110 113 96 71 88 92 62 50 46 65 94 104 77 88 95 97 84 87 104 124 135 132 133 136 125 87 69 53 42 31 22 30 52 68 82 98 106 112 122 137 148 142 138 135 146 150 134 114 95 85 85 92 109 117 109 102 105 113 115 115 116 113 105 102 91 89 104 121 140 146 138 121 116 114 110 110 111 114 115 118 123 128 138 151 156 153 147 142 140 139 138 138 137 135 134 136 139 139 137 133 129 128 126 125 121 119 119 123 125 128 130 131 133 133 134 133 132 131 130 130 130 130 130 129 127 127 127 127 126 124 125 127 129 131 134 136 136 134 132 130 125 122 119 117 113 108 102 95 87 80 72 66 59 55 53 50 48 47 45 44 44 41 41 40 38 37 37 37 35 33 33 33 33 34 25 9 0 0 0 0 0 0 0 0 0 0 0 0 0 0 0 0 0 0 0 0 0 0 0 0 0 0 0 0 0 0 
0 0 0 0 0 0 0 0 0 0 0 0 0 0 0 0 0 0 0 0 0 0 0 0 0 0 0 0 0 0 0 0 0 0 0 0 0 0 0 0 0 0 23 111 103 101 101 102 104 110 112 111 107 102 97 96 96 92 88 85 81 80 88 102 114 120 123 128 131 135 138 138 136 134 129 128 124 119 115 115 114 110 107 106 108 113 115 117 119 119 117 118 120 122 127 129 127 124 120 113 104 95 88 85 83 80 77 77 80 86 93 98 103 105 105 98 92 87 83 79 75 72 70 74 82 89 97 102 110 121 127 128 127 127 125 123 124 125 125 125 125 126 127 128 125 120 119 123 128 134 142 137 130 133 135 123 105 100 90 81 88 108 115 115 109 113 126 118 98 98 112 124 126 117 82 74 85 108 89 91 126 107 95 115 77 64 85 111 111 102 89 76 82 81 96 115 127 141 151 149 149 145 130 115 89 39 24 32 59 80 90 105 118 122 124 121 112 103 95 95 95 95 88 79 77 68 49 19 6 5 5 6 4 7 7 6 6 6 7 9 9 9 14 20 24 30 43 55 63 65 66 72 74 76 70 70 72 73 70 69 69 70 65 61 52 35 19 12 11 23 58 75 94 111 120 131 125 119 124 127 126 125 125 135 131 133 133 133 135 134 128 138 135 139 131 134 133 131 133 133 141 144 135 138 125 134 145 139 128 131 146 131 136 145 141 135 125 123 124 121 95 98 98 102 120 127 140 135 116 109 124 119 106 117 104 83 75 97 103 71 55 49 82 107 80 70 90 97 82 71 98 123 131 132 135 144 142 111 69 57 45 35 22 20 38 62 77 87 101 112 122 135 147 145 145 143 147 152 145 120 106 94 85 91 108 120 116 104 103 112 118 117 122 119 109 104 102 101 109 127 142 146 136 125 118 116 117 117 118 118 120 120 122 130 142 152 153 147 140 136 134 135 137 139 137 133 131 130 130 132 133 131 130 126 123 121 120 117 116 117 120 122 125 128 130 132 132 133 132 132 130 131 131 131 131 132 132 130 130 129 130 129 128 128 127 129 131 132 133 134 132 127 123 118 114 110 106 102 97 89 81 74 68 63 59 55 54 54 51 50 48 46 46 45 43 42 41 40 40 38 38 36 35 35 34 32 32 31 33 26 10 0 0 0 0 0 0 0 0 0 0 0 0 0 0 0 0 0 0 0 0 0 0 0 0 0 0 0 0 
0 0 0 0 0 0 0 0 0 0 0 0 0 0 0 0 0 0 0 0 0 0 0 0 0 0 0 0 0 0 0 0 0 0 0 0 0 0 0 0 0 0 79 105 100 99 100 101 105 108 110 112 108 103 98 96 95 91 88 84 81 81 88 103 116 122 125 128 133 135 138 138 138 135 132 129 125 119 115 114 115 113 110 108 110 113 116 119 119 117 117 117 118 121 125 128 129 127 122 112 102 93 87 83 81 79 77 77 78 79 87 94 100 106 107 104 98 92 86 81 76 71 69 70 75 84 91 94 103 113 122 125 128 129 126 124 123 122 121 123 125 126 124 124 124 124 122 121 124 127 131 134 130 127 131 128 112 101 97 88 84 94 111 118 125 116 115 119 109 106 120 129 121 108 88 71 77 107 102 92 114 112 91 111 101 69 70 94 118 108 91 79 79 74 81 104 123 138 146 152 151 151 145 132 108 60 30 27 55 77 89 97 109 118 120 121 115 110 103 99 94 94 89 82 78 68 50 18 7 5 4 4 5 5 6 5 5 7 5 7 8 11 16 26 40 53 64 63 63 66 69 74 77 74 69 69 72 74 71 78 80 76 69 62 52 35 18 10 10 17 47 75 94 108 117 131 127 120 119 123 131 132 136 141 137 140 130 135 131 134 136 138 133 131 126 130 137 131 141 143 132 133 129 127 129 142 137 137 148 144 134 133 144 146 141 133 119 121 137 130 110 97 100 110 121 133 147 114 120 122 123 116 111 111 84 63 73 115 102 70 58 72 102 108 81 83 99 79 56 85 122 132 127 128 138 149 135 87 60 58 41 27 21 31 53 74 86 101 112 121 129 139 143 141 142 142 149 141 122 108 101 94 90 100 115 120 109 99 107 116 116 119 126 120 109 104 109 117 133 142 142 134 128 120 115 117 121 124 125 126 126 128 135 146 153 148 140 134 133 133 135 135 135 135 132 130 129 127 127 127 128 128 128 125 122 121 119 118 116 117 118 120 123 125 128 129 132 132 132 131 131 131 130 131 132 132 132 132 132 132 132 131 131 131 129 130 129 128 127 127 126 122 116 110 104 99 93 89 84 77 72 68 64 59 57 57 55 55 53 52 51 49 48 47 46 44 43 43 42 40 39 38 38 36 34 32 32 32 30 32 33 26 11 0 0 0 0 0 0 0 0 0 0 0 0 0 0 0 0 0 0 0 0 0 0 0 0 0 0 
0 0 0 0 0 0 0 0 0 0 0 0 0 0 0 0 0 0 0 0 0 0 0 0 0 0 0 0 0 0 0 0 0 0 0 0 0 0 0 0 0 20 105 99 97 97 97 99 103 107 110 111 106 102 98 96 93 91 90 87 84 84 89 103 116 124 127 129 133 134 136 138 139 137 135 133 128 122 117 115 116 116 113 111 112 115 117 119 119 118 117 118 118 119 122 124 127 128 124 113 101 92 86 81 78 76 79 79 77 77 83 91 100 104 106 106 102 98 93 88 82 75 67 64 66 73 82 92 102 111 117 120 128 130 128 123 123 122 117 118 123 131 129 121 118 121 120 120 119 124 129 133 135 130 124 127 117 101 95 96 99 88 93 104 121 117 106 111 111 115 113 122 118 105 101 92 82 93 106 97 104 117 103 112 121 102 82 82 115 122 99 70 69 70 79 74 100 133 145 151 153 154 150 139 122 89 41 23 41 71 89 95 103 117 125 123 116 112 108 101 95 94 89 85 81 69 50 21 5 4 5 3 4 5 7 6 6 6 5 8 6 7 14 27 48 70 76 70 64 68 72 80 77 69 67 69 74 76 78 85 82 78 69 60 45 30 16 10 10 14 40 74 92 107 116 125 127 122 118 127 135 136 141 141 140 132 127 129 129 137 137 133 127 134 135 132 133 137 147 130 120 130 120 128 136 143 147 150 139 124 127 143 146 132 128 121 121 129 139 126 117 113 116 121 133 142 133 107 119 123 130 117 114 90 55 66 98 126 97 59 59 84 102 107 99 96 92 70 67 108 136 125 117 133 143 136 112 77 64 77 44 29 29 52 74 86 98 117 123 130 133 136 143 145 142 143 141 126 112 110 103 95 103 108 116 114 104 99 108 115 113 124 128 116 106 110 124 137 149 143 131 127 121 114 115 122 128 129 128 132 136 144 152 151 143 134 131 130 132 135 136 136 134 134 132 130 129 127 127 126 128 129 129 128 125 122 119 119 117 117 117 119 122 124 126 127 129 131 132 131 131 129 129 130 132 132 131 132 134 135 135 135 133 132 130 129 125 123 119 117 117 113 107 99 93 88 82 78 75 72 69 65 63 60 59 58 57 56 55 54 54 52 50 50 49 47 46 45 45 43 41 40 39 37 36 35 34 34 33 32 32 33 33 27 11 0 0 0 0 0 0 0 0 0 0 0 0 0 0 0 0 0 0 0 0 0 0 0 0 
0 0 0 0 0 0 0 0 0 0 0 0 0 0 0 0 0 0 0 0 0 0 0 0 0 0 0 0 0 0 0 0 0 0 0 0 0 0 0 0 0 70 98 93 93 94 94 96 100 104 107 107 107 102 97 95 94 93 91 87 87 86 91 102 114 123 127 131 134 135 136 137 139 138 136 134 130 124 121 118 118 117 116 114 114 115 117 120 118 118 119 120 120 119 118 118 123 126 125 115 104 95 89 84 80 78 79 80 78 77 83 93 101 106 109 108 104 102 99 96 93 85 76 70 65 68 73 83 97 111 113 116 120 124 123 120 120 120 116 115 117 122 127 125 119 115 114 116 113 114 123 130 130 128 123 122 121 106 87 86 101 101 88 96 114 120 110 106 108 113 114 109 114 107 98 98 77 82 95 103 92 109 112 109 114 116 114 89 93 104 103 81 61 64 71 56 76 121 145 147 156 155 150 140 127 102 54 28 31 58 84 96 103 111 119 126 120 111 104 101 94 90 87 82 79 72 50 18 5 5 6 5 6 6 5 6 6 5 4 5 9 17 28 40 52 68 74 72 72 72 78 79 74 68 72 78 81 80 84 86 82 75 65 57 41 27 15 9 10 15 39 71 90 104 116 128 128 123 129 132 137 139 142 143 136 124 128 134 135 138 136 132 132 139 135 131 134 141 126 121 122 124 126 141 136 147 146 128 117 129 147 152 142 124 127 125 133 135 120 122 120 119 127 131 139 138 116 118 123 129 127 112 101 75 49 101 128 119 70 43 56 78 98 109 104 84 79 81 98 123 129 117 118 145 146 128 94 78 84 67 39 34 40 68 92 96 112 128 124 128 137 143 149 150 140 140 124 115 116 116 106 99 104 107 114 111 107 109 113 118 122 128 126 112 109 125 145 149 144 131 123 118 114 113 122 130 133 132 136 144 152 154 149 138 130 127 131 133 134 135 136 134 134 134 133 133 132 130 129 128 129 129 129 130 127 123 119 118 116 115 116 117 121 123 124 126 127 129 131 132 131 130 129 130 131 131 132 132 133 135 136 134 134 130 127 125 119 113 109 107 106 102 98 89 85 80 77 73 70 69 69 66 64 62 61 60 58 57 56 56 55 53 52 52 51 49 48 47 46 45 43 42 41 39 39 38 36 36 35 33 32 33 32 31 32 27 13 0 0 0 0 0 0 0 0 0 0 0 0 0 0 0 0 0 0 0 0 0 0 
0 0 0 0 0 0 0 0 0 0 0 0 0 0 0 0 0 0 0 0 0 0 0 0 0 0 0 0 0 0 0 0 0 0 0 0 0 0 0 0 17 96 91 90 89 90 90 92 96 101 103 105 106 101 95 93 93 95 93 90 90 90 95 103 114 121 129 133 135 137 137 137 139 138 137 132 129 126 123 120 119 118 118 117 116 117 119 120 118 119 120 122 122 120 117 118 121 126 125 116 107 96 90 86 84 83 81 80 80 81 85 92 102 109 112 113 109 104 101 101 97 91 85 81 77 75 72 73 82 94 101 111 116 114 117 118 115 113 110 110 113 115 117 122 123 120 115 110 107 108 115 124 126 125 123 120 118 108 88 81 87 100 89 86 105 122 119 104 116 114 112 100 102 119 96 96 75 67 77 97 90 95 108 112 106 104 128 116 79 69 89 90 63 65 77 77 79 99 137 143 152 154 152 138 127 107 72 38 26 48 78 95 101 103 111 122 123 115 107 103 94 87 82 78 73 67 50 23 6 5 6 5 6 6 5 4 4 5 8 14 25 34 43 48 54 59 61 61 63 71 78 75 69 73 84 87 85 82 83 83 79 69 61 49 37 24 12 8 11 17 38 66 83 102 119 129 128 125 131 131 138 139 141 142 129 125 137 140 129 134 135 141 140 131 129 131 135 129 121 126 128 133 139 137 138 141 129 123 131 143 149 154 145 138 133 138 144 124 101 128 121 130 135 144 134 114 104 118 118 121 121 98 92 67 80 120 126 104 67 46 68 80 105 114 92 73 82 92 112 133 120 116 135 145 138 113 91 89 89 43 42 42 58 85 96 101 122 134 118 129 139 148 152 143 130 120 105 108 114 115 103 99 104 109 113 115 117 121 123 126 124 129 124 119 126 140 146 140 133 120 113 109 111 121 128 132 136 141 152 158 152 142 133 128 127 129 134 135 135 136 136 135 135 137 137 136 133 132 130 129 127 127 128 128 126 121 117 113 111 110 112 115 119 122 124 126 127 128 130 132 132 132 130 129 128 129 130 130 131 131 131 131 130 126 121 116 110 104 98 96 94 93 89 84 80 76 74 72 70 70 69 68 67 64 64 62 60 60 59 58 57 55 55 54 52 52 50 48 48 47 45 46 43 41 41 40 39 37 37 35 34 34 33 32 31 30 34 28 13 0 0 0 0 0 0 0 0 0 0 0 0 0 0 0 0 0 0 0 0 
0 0 0 0 0 0 0 0 0 0 0 0 0 0 0 0 0 0 0 0 0 0 0 0 0 0 0 0 0 0 0 0 0 0 0 0 0 0 0 0 66 95 87 85 86 88 87 89 93 96 100 103 103 99 94 91 92 97 95 92 92 95 97 105 114 120 130 135 138 138 138 138 139 138 136 132 131 128 124 122 119 119 118 119 118 120 122 122 120 119 121 122 123 121 118 117 119 124 123 118 109 98 90 85 83 83 83 81 82 86 90 94 103 112 115 116 112 109 106 103 99 93 87 85 86 82 78 77 74 77 87 95 103 108 110 112 106 105 104 103 105 110 112 114 121 127 122 115 111 109 111 115 119 119 114 117 115 105 87 78 81 99 99 88 97 121 122 103 107 111 94 87 90 114 106 104 82 63 69 87 88 76 90 104 107 75 94 124 113 76 74 88 78 72 81 89 83 80 121 147 150 152 151 143 131 115 96 55 29 38 68 93 101 104 110 110 116 120 113 108 101 91 82 77 75 72 55 29 9 6 6 6 5 6 6 8 11 22 32 40 43 43 47 51 51 53 58 58 61 70 75 74 73 77 84 85 84 81 79 81 79 71 61 47 34 21 10 11 12 18 35 57 76 100 117 124 123 126 129 133 136 137 140 141 128 129 139 126 129 136 137 143 139 130 128 126 131 130 127 128 136 145 145 131 116 126 135 137 131 140 151 151 139 143 138 147 124 101 110 133 131 139 140 140 114 92 102 107 107 110 110 97 95 76 113 116 112 107 89 80 85 95 115 105 73 83 90 103 127 135 119 128 148 138 124 99 108 107 71 38 48 58 73 92 89 111 129 129 126 138 149 154 146 130 124 104 95 102 105 102 94 100 108 110 121 125 128 128 126 122 119 125 125 133 143 137 136 138 132 117 106 106 116 126 133 138 146 154 156 149 135 128 124 128 131 133 133 136 137 137 137 138 138 139 139 137 136 134 132 129 126 123 123 124 122 118 113 109 106 106 108 112 118 122 124 126 127 128 129 132 132 132 129 129 126 126 125 125 126 127 127 126 124 119 114 106 99 93 89 86 84 83 82 81 78 76 73 71 70 71 70 69 67 67 64 62 62 63 63 61 59 58 57 55 54 54 53 51 50 48 48 47 45 44 43 42 41 39 38 38 37 36 32 33 32 31 31 31 32 27 14 0 0 0 0 0 0 0 0 0 0 0 0 0 0 0 0 0 0 
0 0 0 0 0 0 0 0 0 0 0 0 0 0 0 0 0 0 0 0 0 0 0 0 0 0 0 0 0 0 0 0 0 0 0 0 0 0 0 15 97 89 84 83 84 85 86 88 90 93 99 102 101 97 92 88 89 95 96 93 91 97 102 107 116 124 130 136 141 141 140 139 138 139 138 134 131 128 126 123 121 121 118 117 119 122 126 125 124 121 121 122 122 120 120 119 119 121 121 119 111 102 92 84 79 81 83 83 85 88 92 94 102 109 114 114 114 114 111 106 99 95 91 86 81 79 79 79 79 80 85 90 93 97 100 103 100 99 99 99 99 104 110 107 107 116 122 120 119 118 112 110 112 119 118 112 103 96 84 76 80 97 104 89 92 108 118 108 96 110 101 83 98 116 94 90 102 76 74 83 91 100 87 91 104 81 66 99 121 101 91 89 91 81 81 103 89 80 103 137 148 152 149 145 135 121 107 74 40 31 49 78 99 106 105 102 107 119 114 112 104 96 88 81 74 69 62 44 23 13 13 12 17 22 31 32 37 43 50 50 48 47 48 51 51 56 63 65 65 67 73 74 79 82 83 84 86 81 79 84 81 71 60 44 31 20 10 11 13 16 30 53 76 102 118 121 120 126 127 133 135 139 140 138 134 134 136 128 138 140 139 140 133 126 126 127 134 125 125 134 143 148 132 119 118 136 143 129 125 153 152 144 136 141 140 127 92 109 132 141 140 146 145 130 100 86 99 97 100 102 104 100 94 99 111 104 109 110 87 91 97 117 109 83 77 100 109 128 145 131 130 141 134 118 106 96 116 102 52 47 57 68 81 89 96 119 129 129 136 150 152 150 142 138 130 105 94 101 97 90 94 105 105 109 124 127 125 121 124 126 128 135 140 142 137 132 138 144 135 116 103 108 121 132 142 150 156 154 143 132 125 125 127 130 133 133 133 137 139 138 139 139 139 139 139 138 137 134 131 127 124 122 121 120 118 115 110 106 103 102 105 110 116 121 125 126 128 128 131 132 132 131 129 126 124 123 119 117 117 118 118 117 114 110 104 97 93 87 83 82 80 79 79 78 77 76 73 72 72 71 70 68 68 69 67 64 63 65 64 62 61 60 59 57 56 57 56 54 51 50 50 50 49 47 45 43 43 41 40 39 38 37 35 36 35 33 32 32 31 31 32 28 14 1 0 0 0 0 0 0 0 0 0 0 0 0 0 0 0 
0 0 0 0 0 0 0 0 0 0 0 0 0 0 0 0 0 0 0 0 0 0 0 0 0 0 0 0 0 0 0 0 0 0 0 0 0 0 0 66 100 89 85 83 81 82 86 88 88 91 96 99 100 97 92 86 86 91 96 97 96 100 106 110 116 126 131 137 141 141 140 140 140 140 140 136 133 129 127 125 124 123 120 118 117 122 126 127 127 124 123 122 121 119 119 120 121 120 120 119 114 105 93 81 76 77 80 83 86 90 90 92 97 104 111 112 114 116 114 111 105 100 96 92 85 77 70 69 70 77 89 94 92 91 91 93 94 93 93 94 97 100 99 98 97 100 108 117 122 117 111 109 109 115 119 112 95 84 80 74 75 85 99 95 98 103 114 113 100 100 98 92 110 132 118 95 104 87 87 93 98 105 94 80 100 111 83 65 88 115 107 89 83 86 69 95 93 77 84 117 141 154 153 142 136 124 114 98 61 31 33 61 86 98 98 105 110 114 117 113 105 98 88 80 72 63 57 52 48 41 35 38 39 48 51 55 52 48 48 50 51 51 52 56 59 65 66 67 69 72 76 80 81 83 84 85 85 81 78 80 78 70 59 42 26 14 9 11 13 16 32 59 85 105 116 118 120 129 130 131 135 140 137 136 141 139 138 141 141 138 132 133 126 127 137 138 120 121 130 134 145 145 130 121 126 143 135 139 148 154 141 141 133 144 131 117 112 126 144 152 153 156 145 125 107 105 100 96 93 93 100 95 94 108 96 118 121 96 82 94 106 122 93 74 98 109 129 148 150 138 141 138 108 96 95 113 112 80 46 49 61 74 90 89 110 127 131 135 145 156 150 144 150 147 126 108 106 102 92 84 87 100 91 100 115 121 113 118 131 140 148 151 144 128 124 136 145 141 131 116 104 112 132 148 156 155 147 138 129 122 124 129 131 133 133 133 134 136 136 136 136 136 136 135 134 135 134 132 127 123 121 120 117 116 116 113 109 106 102 100 103 108 113 120 124 127 128 129 130 131 130 128 125 122 120 116 113 110 110 108 108 107 104 100 95 90 86 83 80 79 79 79 77 79 78 77 75 74 73 72 71 69 69 69 68 66 65 66 65 64 63 62 61 59 57 58 57 56 53 53 52 51 50 49 48 47 45 43 42 40 41 39 38 38 37 35 33 33 32 32 30 29 31 27 14 1 0 0 0 0 0 0 0 0 0 0 0 0 0 
0 0 0 0 0 0 0 0 0 0 0 0 0 0 0 0 0 0 0 0 0 0 0 0 0 0 0 0 0 0 0 0 0 0 0 0 0 0 13 103 99 93 88 86 84 84 85 87 89 91 95 97 98 97 93 87 84 87 93 101 103 104 109 114 119 125 132 137 141 142 140 139 139 140 141 139 136 132 129 126 125 126 125 121 118 120 124 128 129 128 126 123 120 119 119 120 120 119 118 117 114 108 97 87 78 74 77 82 86 90 89 95 99 104 108 110 114 116 116 115 112 107 103 98 89 82 76 66 60 66 83 93 94 92 87 91 95 94 91 88 92 98 95 93 92 89 86 96 114 117 112 107 107 108 110 116 107 83 66 62 78 81 89 99 107 109 108 107 99 109 109 100 116 133 129 110 113 101 89 98 103 106 97 84 91 99 88 76 81 106 119 85 67 74 63 70 99 86 70 85 121 142 153 147 142 137 128 119 91 45 28 49 73 87 100 111 115 115 118 120 112 99 86 78 74 67 58 52 53 49 46 45 48 52 54 55 54 52 53 54 57 57 55 61 65 68 67 71 72 74 73 79 79 80 81 83 84 83 80 75 74 67 53 37 21 10 8 13 14 16 38 64 84 103 115 118 117 130 132 130 138 139 136 138 143 138 141 146 138 136 129 132 132 131 133 126 116 133 141 135 140 136 120 118 129 142 138 151 145 141 141 129 135 141 126 126 120 138 156 154 156 144 135 129 120 116 110 104 87 94 101 97 93 99 103 128 119 92 101 96 104 98 76 79 103 114 141 159 155 153 144 114 90 92 108 130 111 72 66 61 66 76 86 92 118 132 134 146 156 155 140 144 150 138 118 110 122 112 92 82 86 83 75 90 114 121 108 126 141 151 151 142 125 115 128 146 144 136 127 114 112 129 151 156 150 137 130 124 118 121 127 131 132 133 133 136 137 136 137 133 132 131 128 127 127 128 127 123 120 118 117 114 112 112 112 111 108 104 102 100 102 107 112 117 123 127 128 130 130 129 129 125 120 117 113 110 107 104 102 101 100 99 97 93 88 86 83 81 80 80 79 77 78 78 78 78 77 75 73 74 72 70 70 69 69 68 67 67 67 66 64 64 63 61 59 58 58 57 56 56 55 53 52 51 50 48 47 46 45 43 43 42 40 38 38 36 36 35 34 33 32 30 30 29 31 28 16 2 0 0 0 0 0 0 0 0 0 0 0 
0 0 0 0 0 0 0 0 0 0 0 0 0 0 0 0 0 0 0 0 0 0 0 0 0 0 0 0 0 0 0 0 0 0 0 0 0 0 63 101 100 97 93 92 91 89 89 90 89 92 94 95 97 97 94 90 86 85 91 100 107 109 112 117 122 125 133 138 140 141 141 140 140 140 141 141 138 136 132 128 127 128 128 125 122 120 123 126 130 132 128 125 121 119 118 120 121 119 116 114 112 107 101 91 79 73 75 80 86 93 96 101 109 110 109 112 113 115 115 117 116 113 110 104 95 86 79 72 67 63 65 78 80 78 81 88 92 91 89 88 91 94 94 92 87 87 89 88 93 102 109 108 104 108 106 104 108 99 75 59 71 81 78 90 112 119 112 109 99 103 113 103 113 129 120 105 115 121 102 98 109 118 100 87 97 97 87 92 90 85 100 83 66 75 92 77 91 104 77 73 105 127 145 146 138 137 134 126 105 63 28 38 61 82 97 106 110 109 115 122 118 107 92 83 76 71 67 57 50 50 49 49 50 54 52 52 51 53 58 60 62 66 64 65 68 67 71 77 77 77 75 83 84 84 82 86 91 89 85 76 73 62 46 31 17 10 10 12 14 23 45 71 93 107 117 116 124 132 131 133 143 139 138 141 139 135 143 142 135 141 140 136 134 132 128 125 134 137 134 128 131 112 111 113 120 142 147 140 133 133 128 117 144 137 135 131 134 149 155 149 141 123 132 134 122 113 113 107 92 107 102 85 78 93 115 124 116 109 110 97 102 83 69 89 110 123 144 156 158 156 139 112 106 108 125 129 103 78 80 71 77 77 82 110 125 129 139 155 158 152 140 149 143 127 115 121 122 102 86 80 84 65 65 92 116 118 120 139 153 147 133 125 116 127 140 142 134 129 126 120 131 152 150 133 122 118 118 116 116 122 129 131 133 134 135 137 137 134 132 128 127 126 122 120 121 121 119 116 114 112 111 109 107 108 108 109 108 104 102 101 102 105 110 116 122 126 128 130 129 128 126 121 116 110 106 103 101 98 96 95 95 94 92 89 85 83 82 81 80 79 78 78 78 78 78 78 77 75 73 74 74 72 71 70 69 69 68 68 66 67 65 64 63 62 61 60 59 58 58 58 57 55 54 53 52 50 50 48 47 45 45 44 42 40 39 38 38 37 36 35 35 33 32 32 31 30 31 28 16 2 0 0 0 0 0 0 0 0 0 
0 0 0 0 0 0 0 0 0 0 0 0 0 0 0 0 0 0 0 0 0 0 0 0 0 0 0 0 0 0 0 0 0 0 0 0 0 11 96 94 96 96 93 92 92 91 90 92 92 94 95 96 96 97 97 95 90 87 89 100 109 114 115 118 124 129 135 139 140 141 142 142 141 139 139 141 140 138 134 130 129 129 128 126 124 122 122 123 127 129 128 126 123 120 118 118 119 119 117 114 111 106 102 94 81 74 74 79 86 92 96 103 111 117 118 118 116 115 114 117 119 117 113 108 101 93 84 75 70 69 71 72 70 69 69 74 81 82 85 86 88 86 91 94 89 87 88 86 87 89 96 102 98 94 100 98 101 102 85 74 78 86 86 83 94 110 119 111 100 103 113 114 106 115 115 97 100 124 129 109 91 107 105 92 107 114 99 103 105 70 87 91 76 81 108 99 97 114 104 79 99 113 135 149 141 133 134 137 127 92 53 30 40 67 86 100 107 107 113 121 120 111 101 90 81 74 70 65 57 56 56 55 56 58 56 56 55 57 63 64 66 68 65 66 68 69 71 76 79 80 86 92 91 88 87 93 95 90 81 73 63 52 37 23 13 10 14 14 16 23 46 79 104 113 119 119 133 135 135 140 142 139 139 140 142 135 142 140 146 141 137 132 133 133 134 131 134 121 122 128 123 106 102 93 119 141 138 127 128 114 115 127 147 142 136 140 147 139 152 135 127 123 130 128 110 114 119 95 103 102 99 87 81 103 122 129 123 121 107 107 97 78 77 102 122 130 147 159 162 155 140 129 123 115 123 116 77 78 79 80 75 73 87 114 128 137 150 156 154 144 140 141 135 126 124 129 116 94 81 80 71 59 71 100 115 121 136 145 142 125 116 116 119 133 139 133 125 129 135 142 150 146 128 110 111 110 113 113 117 124 131 133 135 135 137 136 134 131 129 127 125 123 120 119 118 116 115 112 110 110 109 108 107 107 107 107 108 106 103 103 104 106 110 116 122 124 128 128 127 125 122 116 109 103 100 98 96 96 95 95 92 91 90 88 85 83 82 83 82 80 80 79 80 78 78 78 79 77 75 74 74 73 72 71 70 70 71 69 67 67 68 66 63 63 63 63 62 60 59 58 58 56 56 55 54 53 52 51 49 48 47 45 45 43 43 41 40 38 37 37 37 35 33 32 33 31 30 29 31 29 17 3 0 0 0 0 0 0 0 
0 0 0 0 0 0 0 0 0 0 0 0 0 0 0 0 0 0 0 0 0 0 0 0 0 0 0 0 0 0 0 0 0 0 0 0 0 57 94 91 92 93 92 88 89 87 87 88 88 93 98 99 99 100 100 99 96 92 91 98 108 114 115 119 125 132 137 141 141 141 142 142 141 140 139 140 141 138 136 132 129 128 127 126 125 123 120 119 121 124 127 126 124 121 119 117 117 117 115 113 110 107 103 96 87 80 77 79 85 90 95 102 108 116 120 121 122 119 117 118 120 119 117 113 107 99 88 80 73 68 71 76 75 70 68 64 67 72 78 80 79 74 79 85 88 86 85 83 83 82 83 91 99 94 93 91 91 88 80 75 73 85 101 89 75 87 110 115 98 94 104 114 102 96 113 118 107 110 127 119 92 99 120 98 99 116 109 98 109 91 88 98 104 89 96 108 107 115 115 91 102 111 127 147 150 148 143 139 135 112 70 35 27 47 69 89 101 104 110 115 118 116 110 104 95 86 79 70 65 64 65 62 63 63 63 62 62 63 65 66 69 71 70 73 73 74 75 77 79 81 89 94 94 95 97 98 95 86 75 65 52 41 29 17 11 12 16 16 18 28 49 86 109 116 123 129 137 137 137 138 141 141 140 144 144 142 144 146 147 127 132 132 134 132 135 131 118 110 126 132 133 110 99 107 129 134 132 127 122 102 121 141 142 138 146 147 143 145 153 126 132 131 139 113 111 121 110 87 98 93 99 102 101 102 120 131 133 131 118 119 92 78 102 115 131 144 157 164 162 148 140 140 125 120 115 100 79 83 74 76 71 76 98 115 134 150 156 157 153 138 134 131 133 137 140 133 117 95 81 76 65 71 85 106 124 135 139 131 120 104 109 111 120 127 132 132 133 143 152 149 143 128 116 113 113 111 112 112 117 123 131 137 139 137 135 133 130 128 128 127 124 123 121 119 118 117 116 113 111 112 112 111 112 110 109 108 108 106 105 104 105 107 111 117 121 124 127 126 123 121 117 110 104 99 96 95 94 95 95 95 93 91 88 87 85 83 83 83 83 82 81 81 79 78 78 78 78 76 77 75 75 74 73 72 72 72 71 70 70 68 69 67 66 65 64 64 63 62 61 60 59 59 58 57 56 54 53 53 51 50 49 48 47 46 46 43 41 40 39 38 37 37 35 35 35 33 32 32 31 30 31 29 18 3 0 0 0 0 0 
0 0 0 0 0 0 0 0 0 0 0 0 0 0 0 0 0 0 0 0 0 0 0 0 0 0 0 0 0 0 0 0 0 0 0 0 8 88 88 89 90 90 89 86 86 85 82 81 80 86 92 97 97 98 102 104 104 100 98 101 109 113 115 118 122 131 137 141 144 144 144 144 142 141 141 141 142 140 136 133 130 128 126 126 125 123 119 117 119 122 124 127 127 125 121 119 116 115 113 111 110 108 104 98 91 86 81 79 84 90 94 99 105 112 118 119 122 122 121 122 123 122 119 116 113 105 94 85 77 70 69 77 81 76 71 65 59 65 74 76 73 70 67 67 78 86 88 82 75 76 79 81 89 92 88 86 82 85 78 69 64 63 80 105 94 80 97 125 109 92 98 112 113 93 101 117 111 111 124 124 112 96 96 87 75 106 118 103 97 112 92 79 100 102 90 99 102 111 118 100 88 104 114 132 152 154 148 142 133 120 84 45 26 31 52 75 92 100 103 108 113 114 112 109 105 102 90 79 74 71 69 68 68 69 66 62 67 68 68 69 73 77 78 79 78 80 83 85 86 90 95 96 97 103 102 97 93 81 69 56 42 31 20 12 12 15 16 16 19 33 58 87 107 115 127 134 136 135 134 136 141 140 141 146 144 147 152 145 131 131 135 138 140 135 135 122 108 123 134 134 120 100 110 124 134 118 138 131 121 113 131 139 129 138 151 147 147 153 137 130 137 140 140 98 106 123 105 94 100 95 98 104 103 101 124 126 133 127 130 115 93 92 118 123 143 154 157 160 149 135 136 136 123 122 110 99 86 67 71 81 87 92 109 119 141 152 156 158 149 141 138 140 146 147 145 127 112 95 82 75 76 86 99 122 133 128 125 115 105 101 110 113 117 120 129 140 150 149 145 137 134 123 119 117 111 109 108 114 120 125 134 139 140 136 133 133 129 127 126 125 124 124 122 120 122 121 119 117 116 116 116 116 115 112 112 109 107 105 104 105 106 107 112 118 122 124 125 124 120 116 111 103 100 96 95 96 96 97 97 96 94 91 88 88 87 85 83 84 83 83 83 81 80 79 79 79 79 78 76 77 76 75 73 72 74 73 71 71 71 70 70 68 68 67 68 66 63 63 63 63 62 60 58 59 57 56 55 54 53 53 50 49 49 48 47 46 45 43 42 40 39 39 38 38 36 35 33 33 32 31 30 30 31 31 20 4 0 0 0 
0 0 0 0 0 0 0 0 0 0 0 0 0 0 0 0 0 0 0 0 0 0 0 0 0 0 0 0 0 0 0 0 0 0 0 0 51 89 85 87 88 88 89 85 84 81 81 79 77 79 85 91 91 91 96 103 108 108 107 108 112 116 117 119 121 126 133 139 143 145 145 144 142 141 141 142 143 140 137 134 132 130 127 125 124 122 120 118 119 121 121 126 127 125 123 121 118 113 111 111 110 107 103 97 93 89 86 84 84 86 90 96 102 108 115 119 123 125 124 125 126 126 125 121 116 111 103 95 87 80 73 70 70 76 77 74 70 68 71 73 75 79 70 64 67 74 80 81 74 68 74 78 71 76 86 89 83 84 81 66 59 58 69 92 106 90 86 120 132 107 104 123 128 108 98 113 114 108 118 125 120 103 97 85 69 91 117 117 86 94 100 78 85 123 115 91 103 107 112 107 92 102 110 118 142 152 152 146 133 114 92 67 41 27 38 61 84 97 104 105 106 107 109 108 108 107 100 91 86 82 78 76 76 79 78 73 73 73 73 75 78 80 83 82 84 90 95 97 98 96 99 99 102 104 101 96 87 76 64 52 38 23 13 10 12 17 19 18 22 36 60 85 106 120 132 135 134 133 135 138 141 136 143 140 143 150 147 135 130 144 140 144 141 138 130 124 119 131 132 123 111 115 130 130 124 118 133 120 122 116 127 125 127 147 159 149 137 139 128 145 141 146 126 117 123 124 105 97 106 100 103 106 99 114 130 130 135 134 137 105 98 109 122 140 155 152 147 149 131 126 137 129 122 114 109 97 74 57 82 91 95 100 115 130 146 151 152 152 148 150 148 154 153 147 136 117 104 88 81 82 84 106 122 127 120 111 112 105 104 111 114 114 119 127 139 148 148 138 134 133 131 128 123 114 105 104 108 118 124 130 137 138 138 136 135 134 130 126 125 124 124 124 124 124 125 125 122 120 119 118 118 117 115 113 111 108 106 105 103 104 105 109 114 118 122 124 124 122 117 112 104 100 98 96 96 97 98 98 97 96 94 91 88 87 88 86 86 86 84 84 83 82 80 79 79 79 79 79 78 77 76 75 75 74 74 73 72 71 71 72 71 69 70 70 69 67 65 65 65 64 64 61 59 61 59 58 57 56 55 54 53 51 50 50 49 48 48 45 44 44 41 41 41 38 38 37 36 35 35 32 32 31 30 31 32 29 19 5 0 
0 0 0 0 0 0 0 0 0 0 0 0 0 0 0 0 0 0 0 0 0 0 0 0 0 0 0 0 0 0 0 0 0 0 0 7 85 85 83 82 86 87 85 82 82 81 81 79 78 78 83 87 88 86 89 96 102 108 111 114 116 121 123 124 124 125 130 137 141 144 145 143 143 143 141 142 142 141 138 136 134 131 127 125 123 121 121 120 121 121 121 124 125 124 125 123 121 116 112 110 108 108 104 97 94 91 92 90 86 85 87 92 99 106 114 119 122 126 127 128 129 129 128 125 121 115 111 105 99 92 82 72 65 63 64 73 78 76 71 69 71 76 79 74 67 66 73 72 71 66 68 77 77 72 71 83 86 84 84 76 67 69 71 80 101 116 110 111 126 117 101 118 140 134 109 108 113 106 107 128 120 101 91 88 68 86 109 119 104 91 102 99 84 103 118 111 108 115 107 102 91 94 102 107 126 144 154 148 138 124 104 83 60 32 26 39 62 84 98 105 106 106 105 106 107 107 105 103 99 96 96 92 90 87 83 85 82 77 78 85 87 87 87 93 98 102 106 105 104 101 100 100 98 96 94 86 76 67 58 46 33 19 11 12 16 19 20 21 23 32 56 87 108 120 133 134 133 133 139 140 137 137 144 135 147 152 137 139 142 144 142 139 127 134 133 126 129 135 122 112 118 137 143 111 113 117 119 120 98 97 110 120 125 151 155 139 136 128 137 150 145 141 115 123 136 115 100 106 114 109 109 112 100 124 132 141 139 143 130 107 105 119 134 156 162 148 149 138 129 132 139 130 120 112 113 96 60 69 85 87 91 99 120 137 149 153 149 149 155 159 154 154 148 137 123 104 87 79 81 91 103 124 123 110 99 98 106 111 109 108 109 116 135 144 147 147 140 134 132 133 132 131 123 111 105 110 116 122 128 133 137 139 139 139 137 134 131 127 125 124 125 125 124 124 126 125 124 122 120 119 117 115 114 112 109 107 106 104 101 102 105 109 113 119 123 125 124 120 114 107 101 98 97 97 99 99 101 100 99 97 95 92 91 88 87 87 86 86 85 84 83 82 81 80 80 81 80 79 78 78 77 77 77 76 75 74 74 74 73 72 71 70 71 70 69 68 67 67 66 65 65 62 62 62 62 61 59 58 57 56 55 53 52 52 50 50 49 48 47 45 43 44 43 41 40 38 37 37 37 34 35 32 32 30 30 29 31 21 0 
0 0 0 0 0 0 0 0 0 0 0 0 0 0 0 0 0 0 0 0 0 0 0 0 0 0 0 0 0 0 0 0 0 0 0 53 92 84 82 79 81 86 86 85 85 83 82 82 80 80 84 87 87 85 85 91 99 105 111 115 120 123 127 130 129 129 131 136 139 143 146 144 145 144 144 143 142 141 140 138 136 133 128 125 121 120 121 122 124 123 123 124 123 124 125 126 124 120 115 110 107 107 102 98 94 93 94 94 94 92 89 91 96 103 112 117 120 127 130 128 128 130 131 130 126 121 116 111 103 95 90 82 72 65 60 62 67 73 75 67 68 70 73 72 71 68 72 74 71 65 63 64 73 75 67 71 79 78 85 87 76 68 70 68 76 96 109 112 109 118 116 109 127 138 120 106 110 103 89 92 104 96 83 94 88 81 94 102 107 99 105 96 84 85 98 105 109 122 120 104 86 98 102 105 113 133 148 148 136 126 121 103 72 45 31 27 39 56 77 100 114 113 110 107 107 109 108 111 112 109 109 109 104 99 97 97 95 89 91 93 95 96 97 99 104 108 111 111 111 107 101 98 93 88 84 76 66 60 51 38 22 13 11 15 17 18 18 23 25 38 71 96 110 122 132 136 133 132 141 132 136 143 143 145 153 148 134 140 141 144 134 130 130 136 133 127 135 136 128 129 136 140 121 104 117 114 105 103 73 103 113 121 137 146 145 135 126 120 149 137 137 133 124 133 136 119 107 111 116 112 117 115 119 131 134 136 132 145 127 113 107 126 149 162 160 153 152 135 139 138 138 124 120 121 122 102 57 88 88 83 96 104 122 142 153 156 151 154 158 158 156 148 136 126 114 92 81 75 86 108 114 112 103 94 87 95 108 109 100 99 112 131 144 143 142 145 134 131 134 136 133 129 121 114 111 116 118 123 130 134 139 141 140 140 137 135 131 128 125 123 123 123 121 121 121 121 122 119 118 117 116 113 111 109 107 105 104 102 100 101 105 108 113 120 124 126 125 120 113 105 99 97 98 101 104 104 102 101 99 97 95 92 91 89 88 89 86 86 86 85 85 84 82 81 82 82 81 80 78 79 78 78 77 76 75 74 76 75 74 72 71 71 71 70 70 67 69 69 67 67 66 65 65 65 64 62 60 61 59 58 58 56 53 53 52 51 51 51 49 48 46 45 45 44 42 40 39 39 36 36 37 34 33 32 31 31 32 6 0 
0 0 0 0 0 0 0 0 0 0 0 0 0 0 0 0 0 0 0 0 0 0 0 0 0 0 0 0 0 0 0 0 0 0 8 106 101 90 87 83 79 83 85 87 89 89 88 86 83 83 86 87 87 87 85 88 95 102 108 113 117 122 127 131 130 130 131 134 138 142 145 145 146 146 146 145 143 143 142 140 137 134 130 126 122 121 121 123 124 125 126 125 123 123 124 124 123 121 117 112 108 107 103 99 93 91 91 93 96 98 98 98 99 102 109 113 119 124 130 131 130 129 130 132 131 127 122 119 110 102 97 91 83 75 65 61 60 58 58 64 69 68 64 65 69 70 71 75 73 67 63 59 63 75 82 71 70 73 74 83 86 75 69 73 71 75 95 112 115 110 115 107 112 130 129 116 110 104 85 71 90 113 97 98 107 84 93 94 112 115 112 100 85 78 100 96 104 116 126 118 105 106 98 102 112 125 141 147 140 132 130 119 96 70 51 27 25 35 50 75 93 105 107 108 110 110 114 119 123 118 113 112 111 110 109 107 106 105 103 100 99 98 102 105 104 105 107 110 112 106 100 96 89 81 75 67 58 49 39 28 22 21 19 18 20 21 22 22 28 52 88 102 112 127 130 133 133 135 138 136 141 145 146 151 149 139 134 141 143 137 127 130 133 127 128 136 141 142 141 142 140 143 120 103 115 101 98 104 101 119 128 153 150 139 137 118 115 130 138 122 132 141 144 140 134 125 110 106 117 121 121 119 129 135 134 135 140 136 122 115 114 141 156 156 153 153 148 146 148 138 131 116 126 133 129 89 72 95 97 88 93 92 122 141 154 155 155 155 155 154 148 139 126 122 109 91 83 87 100 110 99 93 88 93 96 101 103 98 98 116 131 139 136 140 143 138 133 135 140 137 131 126 119 118 117 112 113 119 127 133 138 140 140 141 140 136 131 127 122 120 119 119 117 116 115 116 117 117 117 116 114 112 111 109 107 105 104 103 101 101 106 109 116 121 125 127 126 122 115 106 99 99 101 105 107 107 104 102 99 96 94 93 91 90 90 89 88 87 87 86 86 85 84 83 83 82 81 81 80 80 79 79 78 78 77 76 76 75 75 73 72 73 72 71 70 69 70 69 68 69 67 67 68 67 64 63 62 63 61 59 58 58 56 55 54 54 52 52 50 49 48 47 47 46 44 43 42 41 38 38 37 36 35 34 34 35 25 0 0 
0 0 0 0 0 0 0 0 0 0 0 0 0 0 0 0 0 0 0 0 0 0 0 0 0 0 0 0 0 0 0 0 0 0 62 123 113 115 106 99 98 91 89 92 93 93 91 87 87 87 87 88 87 87 85 86 91 99 106 112 119 121 124 128 130 130 129 131 135 139 142 146 146 148 148 147 144 143 143 141 139 135 132 129 125 124 123 124 124 124 126 125 123 120 121 122 122 120 116 112 109 107 105 100 95 89 87 88 90 97 102 103 104 107 109 113 120 124 129 131 131 131 132 131 130 130 129 126 120 111 104 97 91 85 76 71 67 59 55 56 54 62 64 65 67 70 74 74 77 78 70 58 54 57 69 82 87 78 76 81 85 80 71 74 80 80 81 91 104 115 113 108 98 108 115 118 115 106 92 81 75 93 109 107 117 96 93 94 114 122 122 104 82 88 105 102 98 98 110 117 108 106 99 96 105 117 129 142 147 142 139 135 128 113 79 41 27 23 30 41 59 82 102 111 113 114 114 115 124 124 118 117 116 114 113 113 113 112 109 108 107 101 99 105 107 106 102 101 104 107 101 92 84 73 63 54 45 39 33 42 44 41 29 22 23 23 23 23 32 59 92 107 118 128 132 137 137 143 141 140 140 144 146 144 139 130 138 146 133 130 132 127 126 129 133 138 139 143 143 149 151 131 108 108 123 99 87 106 112 124 135 137 136 133 134 129 137 142 114 116 136 151 148 137 138 134 119 112 117 117 117 123 133 139 142 142 144 126 123 122 132 147 154 151 149 156 147 158 150 138 127 121 132 139 130 98 93 108 94 86 81 92 121 141 154 152 157 152 143 148 142 134 122 118 113 97 98 106 100 90 86 87 90 102 104 101 96 104 123 127 122 119 131 146 143 136 141 138 135 132 127 120 113 113 115 113 111 114 122 131 137 141 144 145 143 135 133 126 120 117 115 113 112 111 111 112 111 112 113 112 111 112 111 110 110 106 104 103 103 104 108 112 117 122 125 128 127 124 117 110 104 102 104 106 108 107 104 100 98 97 94 93 92 91 91 89 89 88 88 88 87 86 85 84 83 82 82 82 81 81 81 80 79 78 77 78 78 76 75 73 74 74 74 72 72 71 71 70 69 70 69 67 68 68 65 65 64 64 62 61 60 59 59 57 56 55 56 54 51 50 50 49 49 48 46 43 44 43 41 40 40 39 38 36 35 37 7 0 0 
0 0 0 0 0 0 0 0 0 0 0 0 0 0 0 0 0 0 0 0 0 0 0 0 0 0 0 0 0 0 0 0 0 5 93 98 98 96 104 106 105 112 113 107 111 104 97 94 93 91 89 89 88 88 85 83 87 96 104 111 119 122 124 125 128 129 129 131 134 137 139 142 144 148 149 148 147 144 143 142 140 138 135 132 129 127 125 123 123 124 125 124 122 120 121 122 121 117 115 112 109 106 103 100 95 91 86 84 85 91 96 100 104 110 112 117 122 125 126 129 130 130 132 133 131 130 128 127 126 121 113 107 100 93 87 82 77 76 71 61 50 51 57 66 66 69 74 75 75 77 77 70 56 49 60 66 71 82 82 80 83 81 73 73 75 72 70 74 79 103 120 112 97 97 109 116 121 114 113 110 103 95 100 107 113 116 106 112 114 124 130 113 81 93 99 97 100 87 89 120 114 109 105 95 92 107 121 134 145 149 148 143 137 124 103 69 39 20 21 26 37 52 77 98 111 112 107 102 105 111 117 115 115 115 116 116 115 113 112 113 116 111 109 108 110 106 103 99 97 99 89 74 63 57 49 41 35 38 52 70 67 56 32 24 23 23 25 28 36 63 96 107 123 134 139 141 145 148 146 143 140 147 142 140 137 140 142 136 128 132 130 122 129 137 134 138 136 130 131 146 141 104 117 113 89 94 107 123 130 133 126 122 124 126 142 144 141 131 108 117 138 154 137 130 131 131 125 119 116 113 120 134 138 139 144 142 134 126 131 135 145 153 147 140 152 153 156 166 152 135 133 131 138 135 131 116 112 110 88 88 87 113 129 143 146 150 157 150 140 146 135 133 122 123 115 107 104 96 85 82 86 85 94 99 99 104 112 126 131 115 105 117 138 147 145 142 142 136 130 127 122 113 107 113 118 116 113 115 121 130 137 142 146 146 141 136 131 124 118 114 113 112 110 109 109 109 109 110 111 110 109 110 111 111 110 108 107 106 106 107 110 115 119 123 127 130 129 125 119 113 108 106 107 108 108 106 103 99 96 96 94 93 93 93 91 90 90 89 90 90 87 86 86 85 84 83 84 83 82 81 81 81 80 80 79 79 78 77 75 75 74 74 74 73 72 72 72 71 71 70 70 69 67 67 67 66 65 65 63 62 61 60 60 59 58 57 57 56 55 52 52 52 50 49 48 47 46 46 44 44 43 41 39 38 38 28 0 0 0 
0 0 0 0 0 0 0 0 0 0 0 0 0 0 0 0 0 0 0 0 0 0 0 0 0 0 0 0 0 0 0 0 0 47 97 89 87 86 86 88 88 87 96 109 109 118 122 112 113 108 97 96 92 86 85 82 83 92 100 109 117 123 125 125 126 130 132 134 135 137 138 139 141 143 146 148 148 146 144 143 141 140 137 134 133 130 129 125 124 123 124 123 120 119 119 119 119 115 111 110 107 103 101 99 94 89 85 85 85 85 89 95 100 108 114 119 124 126 126 128 128 129 131 131 130 131 129 126 126 126 125 119 111 103 94 88 83 85 85 81 66 54 54 62 66 66 64 70 76 78 78 75 63 55 57 59 63 75 82 80 80 79 72 71 80 82 70 72 64 75 113 133 114 97 96 104 105 107 107 116 125 115 82 83 97 105 112 112 123 120 121 116 93 89 98 94 95 95 66 91 117 102 103 97 83 90 112 122 138 150 153 148 136 126 114 92 67 35 22 22 23 32 46 64 82 95 99 91 88 92 101 106 111 113 116 119 116 117 116 114 116 118 117 113 111 108 102 94 85 74 64 53 47 44 39 35 38 60 85 91 81 56 29 22 24 23 28 28 43 71 94 112 125 136 138 140 147 150 143 141 144 143 141 142 144 143 128 130 131 128 131 134 137 134 128 127 118 122 137 141 129 118 119 87 80 115 129 136 135 124 120 121 127 142 148 141 133 120 122 129 143 147 134 128 128 133 126 123 128 123 127 135 137 141 145 134 129 133 138 144 152 155 144 142 160 158 168 164 149 142 138 136 134 124 130 119 117 96 90 95 115 135 137 145 146 157 157 151 148 145 137 131 124 124 102 95 89 83 80 82 85 87 97 106 114 125 128 129 120 109 111 124 140 145 142 135 137 136 131 128 123 116 115 121 119 110 109 112 123 132 139 144 145 145 141 138 131 124 118 114 113 112 111 109 107 107 108 109 110 111 110 111 112 113 112 112 110 110 111 112 115 119 122 126 129 130 130 127 123 117 111 108 107 108 108 105 101 98 97 96 95 93 94 93 92 91 90 91 91 90 88 87 87 86 85 85 85 85 84 82 81 81 81 80 80 79 79 77 76 76 77 76 74 75 74 74 73 72 72 71 71 69 69 68 68 67 66 66 66 65 63 61 61 59 59 59 58 58 57 54 53 54 53 51 50 49 48 47 46 45 45 43 43 41 41 8 0 0 0 
0 0 0 0 0 0 0 0 0 0 0 0 0 0 0 0 0 0 0 0 0 0 0 0 0 0 0 0 0 0 0 0 3 85 87 83 83 82 83 84 83 84 82 87 95 97 102 113 116 119 125 118 111 107 94 87 86 86 95 108 116 122 125 127 128 130 134 135 136 138 138 139 138 141 143 144 146 146 145 144 143 141 139 136 135 134 131 128 126 125 124 122 120 118 118 116 116 114 111 108 105 101 98 94 91 86 82 83 85 86 88 92 97 101 106 113 119 123 127 129 129 130 129 128 128 129 129 127 126 126 124 122 120 114 104 96 85 80 86 92 83 73 66 61 62 68 70 68 71 79 79 77 73 63 63 62 64 75 84 83 84 85 80 72 72 78 79 72 70 71 82 116 118 95 80 92 89 94 115 120 127 119 117 100 103 113 116 111 120 130 123 124 109 96 113 104 95 104 97 98 125 126 108 106 92 89 107 117 131 144 152 151 147 136 128 112 88 61 33 22 19 20 24 36 50 67 78 82 84 82 89 99 111 116 116 118 119 119 118 117 116 115 116 110 106 97 89 75 63 53 49 47 39 35 36 44 61 84 103 99 77 42 24 21 26 29 30 33 52 81 98 117 129 133 135 140 147 151 146 148 145 144 146 147 146 140 131 134 129 128 140 139 132 130 121 114 118 133 144 136 125 127 90 92 112 131 134 136 130 122 130 137 142 131 143 141 132 133 133 131 147 142 138 131 126 128 125 127 138 128 136 136 140 146 139 135 135 134 139 150 154 151 145 154 161 163 169 163 148 146 144 141 116 117 119 111 100 91 97 108 135 144 142 144 151 157 157 157 153 149 144 133 128 107 83 80 83 83 82 83 91 99 110 120 125 125 121 120 111 112 120 127 132 132 131 131 138 143 139 136 129 124 120 114 103 98 101 111 128 136 143 145 144 144 140 135 130 125 120 118 117 115 113 111 109 108 108 109 110 110 111 112 113 115 115 116 115 115 117 119 121 125 127 129 131 133 131 128 125 119 113 110 108 107 105 103 100 98 97 97 96 94 95 95 93 93 92 91 91 89 89 89 89 87 87 86 84 84 84 83 83 82 81 81 81 79 79 77 76 77 77 76 75 75 75 76 74 73 73 72 71 71 69 69 69 68 68 67 66 66 66 64 63 62 61 61 59 59 58 56 56 55 55 53 51 50 50 49 47 46 46 45 45 46 34 0 0 0 0 
0 0 0 0 0 0 0 0 0 0 0 0 0 0 0 0 0 0 0 0 0 0 0 0 0 0 0 0 0 0 0 0 44 93 84 81 80 79 83 85 87 86 85 88 92 93 95 96 102 104 103 114 118 116 123 120 107 105 103 103 112 122 127 130 132 133 135 136 138 139 140 140 139 140 141 142 145 145 145 143 142 141 140 138 137 137 134 131 129 127 124 123 121 119 116 115 116 114 113 108 104 100 96 92 90 85 78 78 82 83 87 91 96 97 101 106 110 117 123 126 128 129 128 128 129 128 129 128 127 125 123 120 118 116 110 104 95 84 84 84 88 90 85 79 74 70 69 72 75 79 85 86 78 67 70 71 67 73 82 88 89 85 81 77 73 72 80 81 69 61 58 76 109 117 92 70 81 75 107 125 123 109 102 100 80 83 99 105 109 114 127 129 120 97 102 114 102 102 92 97 105 118 117 104 96 86 94 120 128 138 144 145 146 143 138 121 97 77 60 35 21 21 20 23 28 36 52 63 69 72 78 89 105 112 114 117 117 118 115 111 104 97 93 86 78 70 61 51 47 45 41 36 32 37 53 67 79 92 101 82 56 35 24 24 26 29 30 38 56 80 104 123 132 133 133 140 152 153 144 146 149 150 144 147 141 137 140 134 137 139 140 136 138 133 126 125 138 140 138 119 106 95 81 118 135 136 137 121 125 136 144 147 136 110 141 139 141 143 142 141 145 138 136 127 112 124 126 136 133 132 139 140 138 140 130 137 137 135 145 156 155 149 147 161 162 165 167 159 155 155 151 134 107 121 109 93 98 103 116 126 141 146 140 146 156 155 160 159 156 150 145 132 118 92 88 88 88 81 84 93 104 113 121 124 116 116 116 119 120 123 127 126 124 123 131 142 149 150 147 141 134 126 112 101 94 94 102 116 129 135 139 140 140 140 139 134 130 128 125 124 121 119 116 114 112 111 111 111 110 110 112 111 114 115 117 119 119 120 122 124 127 130 132 134 135 135 132 129 125 120 115 111 108 106 104 102 100 99 99 99 98 95 95 95 95 94 94 92 91 90 91 90 90 89 88 87 86 86 85 84 84 83 81 81 81 81 80 79 79 78 77 78 75 75 74 75 74 74 73 72 72 71 70 69 69 70 69 68 67 67 68 65 65 64 63 61 61 61 60 58 58 56 56 55 54 52 52 51 50 49 48 46 46 49 12 0 0 0 0 
0 0 0 0 0 0 0 0 0 0 0 0 0 0 0 0 0 0 0 0 0 0 0 0 0 0 0 0 0 0 0 1 88 88 86 83 80 79 83 85 91 91 89 89 92 94 96 98 99 99 98 96 99 102 99 110 120 118 120 125 122 122 129 132 134 135 136 137 138 139 141 142 140 141 141 142 143 143 144 143 141 138 137 137 138 139 138 135 133 131 128 126 125 121 116 115 114 114 112 110 106 102 97 94 91 84 78 75 76 78 82 88 94 98 103 106 109 112 116 122 124 127 128 129 129 127 129 130 128 124 122 121 120 117 114 111 107 99 93 89 87 83 87 94 90 78 72 73 76 78 80 88 87 80 77 76 72 70 77 95 98 92 91 86 76 69 64 73 80 64 60 66 77 88 102 102 93 85 100 120 117 111 111 104 90 75 72 83 109 111 124 135 128 98 93 112 103 92 94 99 103 98 128 114 88 79 81 107 125 136 143 139 139 140 139 132 118 103 88 63 35 24 24 21 20 22 30 38 46 50 56 70 83 86 85 86 93 93 92 87 75 66 65 61 55 48 45 40 39 34 30 34 44 57 69 76 81 84 83 54 41 30 24 24 25 28 31 41 65 89 106 127 134 128 132 146 156 149 135 148 153 152 151 146 139 143 143 141 146 142 144 146 143 136 137 140 140 129 115 92 100 104 117 132 136 135 125 108 134 147 141 135 125 122 138 140 144 149 150 136 137 134 127 122 123 133 129 138 136 142 141 137 137 133 131 142 141 135 150 159 151 148 154 158 159 165 169 162 161 159 151 123 122 128 110 97 112 116 136 137 143 141 139 148 156 154 159 159 156 147 144 129 108 94 94 94 92 80 91 105 112 118 115 110 108 113 117 129 133 134 133 127 129 135 148 155 155 150 147 142 136 128 115 102 95 98 106 117 126 133 137 140 141 140 140 137 134 132 131 128 125 121 119 118 116 113 112 113 113 112 114 116 116 117 120 123 123 125 127 131 134 135 137 137 137 136 133 130 125 120 114 110 107 105 103 102 101 101 100 99 98 97 96 96 96 94 94 93 92 92 91 91 91 90 89 88 87 85 85 85 84 84 82 82 82 83 82 81 79 79 79 78 77 76 75 76 74 75 74 74 74 73 72 71 72 72 69 69 68 67 66 66 67 66 64 63 62 60 61 61 60 58 57 57 56 55 54 53 52 52 51 51 50 38 0 0 0 0 0 
0 0 0 0 0 0 0 0 0 0 0 0 0 0 0 0 0 0 0 0 0 0 0 0 0 0 0 0 0 0 0 45 101 92 90 85 82 81 84 87 92 94 92 90 91 93 98 98 99 96 96 96 96 98 99 96 94 103 108 113 128 138 137 139 141 138 136 138 139 139 140 142 142 143 143 143 143 144 144 143 141 137 134 133 133 136 137 135 134 132 132 131 129 125 118 116 113 112 112 111 109 105 101 97 92 85 81 75 74 74 77 81 89 97 104 110 114 115 118 122 125 126 126 128 130 129 129 130 128 124 123 123 123 121 119 116 111 107 105 101 97 90 84 86 93 94 88 80 78 79 80 86 97 97 94 87 79 75 75 82 97 101 100 100 91 74 66 64 72 67 52 53 70 92 90 92 101 102 101 98 110 116 121 111 97 83 73 83 105 117 119 126 128 114 100 104 103 81 75 97 109 90 95 110 100 94 86 97 120 131 139 148 147 141 139 139 136 125 104 84 61 45 30 22 21 19 20 27 32 30 31 39 42 49 51 55 53 56 59 56 49 43 45 43 40 36 35 32 30 32 39 49 58 61 68 74 77 68 54 40 34 25 21 22 26 31 37 48 68 93 114 130 138 130 141 154 149 145 143 148 155 154 145 141 145 139 140 143 143 142 145 144 133 131 138 143 125 115 107 107 126 124 127 115 126 121 121 132 134 133 134 132 133 132 132 129 133 147 134 116 128 126 117 123 137 134 133 133 138 141 132 132 140 132 137 144 130 135 154 158 145 138 147 151 156 163 163 164 165 156 143 125 136 137 117 105 120 135 149 149 148 137 135 151 150 156 158 156 150 144 143 122 107 105 100 87 78 83 101 112 113 107 101 106 107 115 121 130 137 141 139 135 138 148 156 150 142 140 140 139 135 129 114 105 95 96 106 118 127 135 139 143 145 143 142 140 137 135 133 129 125 122 120 119 117 115 112 112 111 112 114 117 119 121 124 126 127 130 133 136 138 140 141 140 138 136 132 128 124 119 112 109 106 104 103 103 102 102 101 99 100 98 98 97 96 95 95 93 92 93 92 93 90 90 89 88 87 86 87 86 85 85 85 85 84 84 82 81 80 80 79 78 78 77 77 77 76 75 74 74 75 73 73 73 72 71 70 70 70 68 68 68 67 67 66 66 64 63 62 60 61 59 58 58 58 57 56 55 54 54 52 52 54 15 0 0 0 0 0 
0 0 0 0 0 0 0 0 0 0 0 0 0 0 0 0 0 0 0 0 0 0 0 0 0 0 0 0 0 0 1 92 96 94 92 89 85 82 84 87 91 94 93 91 89 91 95 98 98 94 95 94 94 98 99 97 96 95 98 100 97 109 128 139 145 150 147 143 142 140 141 143 144 145 146 145 144 144 144 143 140 138 134 132 132 133 134 132 130 129 131 132 132 128 122 119 116 113 111 110 110 108 105 99 94 88 83 78 75 73 75 78 84 91 100 109 115 121 126 127 129 129 130 128 129 130 131 133 131 128 126 127 125 124 122 120 115 110 106 105 106 100 91 85 86 90 95 98 92 81 75 78 86 97 101 97 89 81 81 82 91 104 107 102 99 86 73 69 69 71 66 56 64 90 101 98 107 110 109 79 95 125 135 122 106 98 94 97 102 103 114 115 119 121 113 102 99 96 65 88 112 105 94 105 116 118 105 104 118 135 138 140 146 148 142 140 140 135 123 110 92 68 43 30 24 21 20 23 24 27 26 22 25 29 30 33 31 32 32 32 31 31 32 31 29 29 32 33 40 46 51 59 63 68 71 71 61 45 34 32 27 23 21 24 28 32 39 52 76 109 121 133 141 142 147 152 138 143 146 151 151 143 143 146 148 137 142 148 141 147 138 123 123 135 141 131 113 111 111 115 121 129 120 110 116 119 133 140 111 117 127 129 130 128 121 116 119 148 122 117 116 114 122 133 135 131 134 137 150 135 128 132 136 134 141 144 119 137 155 146 133 132 140 148 155 160 157 159 156 140 135 136 137 129 113 107 130 131 149 155 142 127 138 155 152 158 152 151 144 149 138 121 118 118 98 72 72 94 106 106 100 100 105 109 109 117 121 136 143 143 140 138 140 146 141 133 127 132 131 124 117 109 103 99 99 106 115 121 126 134 141 145 146 144 144 141 139 137 133 128 124 123 122 121 118 114 111 112 112 113 116 118 121 124 127 128 130 133 136 139 141 143 144 142 139 135 131 126 120 114 110 107 106 105 103 102 102 103 102 102 100 99 99 98 98 97 95 95 94 94 94 93 91 90 89 89 88 87 88 88 87 86 85 85 85 83 82 83 82 81 80 79 78 78 78 78 77 76 76 75 75 74 75 73 72 72 71 70 70 70 70 69 67 67 66 66 65 65 64 63 63 62 60 61 61 59 57 57 57 55 53 54 44 0 0 0 0 0 0 
0 0 0 0 0 0 0 0 0 0 0 0 0 0 0 0 0 0 0 0 0 0 0 0 0 0 0 0 0 0 40 99 92 93 92 90 85 83 84 86 89 92 92 90 87 86 90 92 92 92 91 91 91 96 98 98 97 97 100 99 98 98 104 122 135 141 148 153 150 147 147 147 145 145 147 147 146 145 144 142 141 140 136 134 132 132 132 131 129 127 127 129 129 129 128 125 123 119 114 111 110 110 108 102 97 91 87 80 75 73 75 78 80 84 93 98 109 120 127 131 133 133 134 131 134 133 133 133 133 132 130 129 126 124 122 123 121 113 107 105 105 101 96 89 83 85 90 93 98 101 90 75 74 83 95 100 95 89 85 85 90 100 111 109 103 95 84 77 73 74 75 66 63 81 103 109 105 103 113 111 96 109 117 129 120 103 94 93 96 101 106 109 103 103 113 116 105 103 84 67 86 116 107 97 109 124 104 96 109 116 133 146 145 148 148 144 142 133 120 119 105 84 65 45 36 27 22 18 19 22 22 21 24 29 29 23 23 21 21 23 23 26 30 31 37 39 44 48 52 57 61 73 87 94 77 54 38 30 28 27 24 23 22 25 27 33 41 56 81 108 118 133 142 146 139 131 134 145 154 154 150 139 151 141 135 141 148 147 145 145 129 125 141 142 123 115 104 105 100 100 129 127 102 107 121 127 133 129 112 118 124 133 133 123 127 114 131 143 116 110 104 111 144 132 138 133 133 144 147 133 130 131 131 132 145 134 130 140 147 135 126 126 130 147 156 158 158 156 149 133 134 141 138 128 124 130 125 126 146 147 125 120 152 152 157 158 150 146 144 150 139 129 131 104 78 74 88 102 99 94 100 106 104 102 109 117 128 137 138 136 135 135 136 135 135 135 135 125 114 108 106 110 110 116 117 116 114 116 123 134 139 141 141 141 142 142 140 138 133 127 126 125 124 122 119 115 113 112 114 117 119 122 124 128 131 133 134 136 139 142 144 146 146 143 139 133 128 123 117 111 109 108 106 105 104 104 103 103 103 103 101 98 99 99 99 97 96 96 95 95 93 94 91 91 91 91 89 88 89 89 87 86 86 85 85 84 83 83 83 83 81 80 79 80 79 78 78 77 77 76 75 76 75 73 73 73 73 72 73 71 71 69 68 68 67 66 66 66 65 65 64 62 61 63 63 60 59 59 58 56 55 58 18 0 0 0 0 0 0 
0 0 0 0 0 0 0 0 0 0 0 0 0 0 0 0 0 0 0 0 0 0 0 0 0 0 0 0 0 0 82 87 85 87 90 90 87 83 82 82 84 85 87 89 86 84 84 86 86 85 85 83 86 89 94 97 98 98 102 104 101 98 100 112 126 135 140 144 149 152 151 152 151 149 147 148 149 147 145 144 143 140 135 132 132 133 132 129 129 130 128 126 125 127 127 128 128 126 121 117 114 112 110 105 100 94 88 82 76 74 75 76 78 81 85 88 99 108 117 123 129 132 133 133 135 135 136 135 132 133 134 131 129 126 124 123 122 120 114 110 107 103 98 93 90 89 87 86 94 100 99 92 83 79 84 94 100 95 97 90 93 97 107 114 106 98 95 89 81 82 77 72 65 66 85 101 105 105 101 117 117 106 98 94 99 96 90 98 85 100 103 96 97 100 102 115 120 112 105 79 80 107 117 97 93 116 116 105 111 104 109 127 143 151 154 148 144 138 127 121 117 103 91 72 56 43 31 24 21 21 20 20 20 23 23 22 24 19 22 27 32 36 41 45 49 51 54 58 62 70 79 92 97 87 56 34 28 26 27 25 22 20 20 25 29 36 44 60 85 104 122 131 138 141 137 147 153 158 161 160 153 149 148 144 145 148 145 144 145 142 143 146 140 123 109 124 101 92 89 111 117 102 97 117 137 130 133 127 105 121 131 136 130 123 129 117 146 134 129 121 122 131 143 131 138 129 130 139 133 130 132 132 133 136 148 127 138 138 139 127 114 111 122 144 156 161 162 155 147 137 141 142 143 142 140 138 117 134 146 131 121 133 153 153 160 156 148 142 149 151 147 136 114 82 77 93 100 86 87 96 107 106 96 90 97 108 117 123 123 119 123 129 141 150 150 145 132 117 108 111 116 121 124 121 117 111 109 113 122 127 129 133 136 140 143 143 142 138 134 130 129 127 125 122 120 117 116 116 119 121 124 127 130 132 134 137 138 139 143 146 146 146 144 141 135 130 125 119 114 110 108 107 106 105 104 104 104 104 103 103 102 100 101 99 99 99 97 97 96 96 94 94 92 93 93 91 90 90 90 89 88 87 87 87 87 86 85 84 83 82 81 81 81 81 80 80 78 78 77 77 76 76 74 73 73 73 72 73 72 72 71 70 71 69 69 67 68 66 66 66 64 64 63 62 62 61 61 61 59 58 57 49 0 0 0 0 0 0 0 
0 0 0 0 0 0 0 0 0 0 0 0 0 0 0 0 0 0 0 0 0 0 0 0 0 0 0 0 0 36 93 83 81 82 86 90 88 84 82 79 79 80 84 88 85 82 81 82 83 80 79 78 81 85 90 94 98 102 106 109 107 103 103 109 121 132 140 143 144 143 147 150 153 156 155 152 149 149 147 145 144 141 138 135 132 132 131 131 131 132 130 128 126 124 122 124 127 128 128 126 123 118 115 110 104 97 91 84 77 74 74 76 78 79 80 83 88 94 102 110 119 127 130 132 133 135 137 136 134 136 137 136 134 130 127 124 123 122 119 118 115 111 105 99 94 91 93 92 91 91 96 103 97 86 83 85 92 96 96 94 96 100 100 108 104 98 105 104 95 84 78 72 64 55 62 76 93 112 98 93 123 120 104 96 83 76 90 114 105 98 111 102 96 94 98 103 119 126 121 89 81 83 101 114 103 100 103 112 121 108 103 120 129 143 150 153 152 148 140 129 117 110 102 96 74 57 47 35 29 26 23 22 22 20 20 21 22 21 23 28 31 36 43 46 52 61 70 79 80 76 71 69 56 44 32 26 24 24 25 21 21 20 22 25 33 38 50 74 99 117 133 129 142 147 153 158 161 160 160 154 150 144 150 156 154 150 143 139 141 143 146 141 127 122 126 120 99 101 104 103 102 110 121 117 126 124 121 107 97 133 130 139 117 120 120 122 122 115 128 134 137 143 128 131 137 137 138 140 129 129 136 134 134 147 141 131 136 135 135 121 111 118 127 146 160 162 157 150 147 135 144 141 151 150 143 137 127 138 138 123 135 150 155 158 158 153 148 146 154 156 152 126 92 82 92 103 96 83 91 97 105 95 82 84 92 99 107 116 116 122 138 153 160 158 150 136 129 123 122 119 117 121 120 117 111 108 107 113 118 125 126 132 137 141 143 145 144 138 134 132 131 128 125 122 120 119 119 121 124 125 127 130 133 135 138 140 141 143 145 146 147 145 141 136 130 125 120 115 111 108 107 107 106 105 106 105 105 105 102 103 103 101 101 100 100 99 98 97 98 97 95 95 93 92 92 90 90 91 91 90 89 89 89 88 87 86 86 85 84 83 83 82 81 81 81 80 79 78 78 79 78 76 76 75 74 73 73 72 72 72 71 71 70 70 70 69 69 68 67 66 66 66 65 65 64 62 62 63 61 59 62 19 0 0 0 0 0 0 0 
0 0 0 0 0 0 0 0 0 0 0 0 0 0 0 0 0 0 0 0 0 0 0 0 0 0 0 0 0 83 87 82 80 80 83 88 90 89 85 79 76 77 80 85 83 79 77 79 80 81 77 76 77 82 87 94 98 103 108 115 114 110 109 110 116 128 137 142 145 145 143 144 147 149 152 157 158 154 150 148 144 142 140 136 134 132 130 130 131 133 133 128 125 123 121 121 122 125 126 128 126 125 121 118 111 104 98 90 82 77 74 75 78 80 81 80 82 85 92 99 108 118 125 129 131 132 133 134 133 135 136 135 135 134 131 128 123 120 119 121 121 117 111 107 102 96 94 91 92 92 91 92 96 94 90 89 89 95 101 102 102 106 106 105 104 101 113 112 108 104 97 90 78 62 56 58 56 97 122 107 111 123 116 103 81 69 89 117 121 112 103 108 99 91 96 98 105 111 131 122 99 89 83 92 92 92 101 105 106 105 104 109 118 135 142 148 154 156 148 139 129 122 119 110 93 77 72 56 51 40 30 27 28 26 23 23 21 22 21 22 24 27 28 35 53 68 83 85 73 51 35 28 28 27 27 26 23 24 24 22 23 22 24 28 33 37 48 73 106 126 133 136 146 145 154 156 162 157 158 155 150 145 152 151 148 144 143 136 140 137 135 135 133 135 130 98 98 119 123 112 114 121 123 112 128 116 111 108 113 127 128 120 99 108 112 116 90 103 128 138 137 138 130 133 138 142 138 133 134 136 136 135 136 144 130 130 132 139 137 125 122 126 135 154 162 162 155 151 142 139 143 143 153 149 142 139 135 136 132 134 148 155 159 160 156 150 148 152 157 157 145 118 88 83 90 99 90 87 92 97 97 88 89 96 102 108 117 120 130 144 156 161 161 155 149 144 138 134 129 125 125 125 120 110 102 106 108 113 117 123 128 135 141 144 145 144 141 137 133 129 125 124 121 119 120 122 122 124 127 129 131 134 136 139 141 143 144 146 147 147 146 142 138 132 127 121 116 112 109 107 106 107 107 106 106 105 105 104 104 105 104 103 102 101 101 100 100 99 98 97 96 95 94 94 93 93 92 91 91 90 90 90 89 87 86 86 86 86 85 85 85 84 83 82 81 81 80 79 79 79 78 77 77 76 75 75 75 74 74 73 72 71 72 71 70 70 69 69 69 69 67 67 66 66 66 66 65 63 62 62 53 0 0 0 0 0 0 0 0 
0 0 0 0 0 0 0 0 0 0 0 0 0 0 0 0 0 0 0 0 0 0 0 0 0 0 0 0 37 100 88 85 86 83 86 89 92 92 88 83 79 77 78 81 79 78 76 75 78 81 81 78 78 81 88 95 101 106 111 117 120 119 115 115 116 124 133 140 144 146 146 146 145 146 147 148 153 158 157 154 149 146 140 138 135 132 131 131 131 132 134 131 128 123 121 119 119 120 122 124 124 125 124 121 118 114 108 99 91 86 81 78 79 83 83 81 80 81 86 91 99 109 118 123 127 130 133 133 132 132 132 132 131 132 132 129 127 125 122 121 122 122 119 116 112 106 103 96 87 88 91 90 90 91 93 98 93 88 96 105 106 106 108 104 100 101 113 118 110 100 102 109 97 84 76 69 54 68 88 97 99 109 129 125 99 104 113 116 123 139 127 112 100 95 87 86 91 86 114 133 116 93 79 73 84 80 82 98 102 98 101 104 111 127 138 144 148 152 150 146 140 137 129 124 114 102 91 80 73 60 45 32 32 29 26 27 27 25 22 22 24 22 24 25 30 42 50 47 43 29 23 24 26 26 26 25 23 24 24 22 22 23 26 29 35 41 46 67 106 128 130 122 136 144 156 154 151 152 159 153 146 143 146 150 151 152 149 145 139 134 141 140 141 133 115 109 128 142 132 113 116 108 115 121 126 125 125 118 114 126 102 89 84 101 116 108 94 122 144 137 131 131 132 136 141 144 137 136 139 143 138 138 140 135 127 130 138 145 147 133 135 132 144 158 163 163 160 150 140 144 140 149 146 140 140 139 133 139 142 147 157 159 159 159 153 151 154 158 159 151 135 113 96 92 94 93 82 84 91 96 99 105 111 114 118 123 127 127 138 151 156 157 158 159 158 156 144 141 138 137 128 121 108 102 103 110 113 115 115 124 132 138 144 147 146 145 140 133 129 125 122 121 120 120 122 124 126 128 129 131 134 137 140 143 145 148 149 148 147 145 142 138 133 127 123 118 114 110 107 106 107 108 108 107 106 106 106 105 105 105 105 103 102 102 102 101 100 99 99 98 97 96 95 94 94 93 93 93 91 92 92 91 89 88 87 87 87 86 85 85 86 84 84 84 83 82 81 80 80 79 78 78 78 77 76 77 76 75 75 75 73 73 73 71 72 71 70 69 70 69 68 68 66 66 66 66 65 65 63 68 23 0 0 0 0 0 0 0 0 
0 0 0 0 0 0 0 0 0 0 0 0 0 0 0 0 0 0 0 0 0 0 0 0 0 0 0 0 88 95 90 89 87 86 88 89 92 91 91 88 84 81 79 79 76 77 73 72 76 82 84 82 82 84 92 99 105 110 115 118 124 125 121 119 118 121 129 136 142 146 147 147 146 145 145 147 149 150 152 155 156 152 147 143 137 133 132 130 132 132 132 131 128 123 121 119 118 117 117 119 119 119 120 119 118 117 114 109 103 97 92 88 88 88 87 85 83 81 83 86 92 98 108 115 123 127 129 131 132 130 129 129 130 130 131 129 131 128 127 123 121 123 124 123 120 114 108 104 99 91 86 87 89 91 92 97 100 99 95 98 98 98 101 104 104 99 103 112 120 113 100 106 110 106 99 105 84 68 84 91 110 115 114 119 105 79 114 133 122 123 131 110 98 99 93 82 71 70 78 109 130 121 103 79 83 104 102 97 99 95 103 105 103 119 133 140 143 145 149 147 146 146 140 134 130 122 104 97 96 88 70 53 51 43 39 35 33 30 27 26 24 21 21 20 21 23 24 25 24 23 25 23 24 23 23 25 25 24 23 23 22 23 28 35 39 51 58 80 107 121 126 130 144 150 159 149 148 150 150 146 142 150 153 161 153 145 144 141 141 139 141 137 132 132 127 137 139 134 122 102 98 97 111 115 129 131 118 116 128 120 91 97 113 124 130 101 115 141 140 123 124 135 136 144 151 144 143 141 144 143 142 147 145 136 129 137 144 154 151 141 142 138 153 162 162 160 157 141 138 142 145 151 137 131 138 134 135 144 150 152 158 156 156 159 151 155 160 158 152 141 127 113 109 108 97 86 79 81 92 102 110 116 120 121 124 132 136 135 140 148 157 163 167 167 166 157 149 142 136 130 123 117 112 112 117 116 112 108 110 120 128 134 143 144 145 143 137 131 128 125 123 121 120 122 125 126 128 130 132 134 137 140 143 145 147 149 150 148 145 142 137 133 128 122 118 114 112 109 107 106 106 107 108 107 108 108 106 106 106 106 105 103 104 103 102 102 101 100 99 99 99 98 96 95 93 94 94 94 93 92 92 93 90 87 88 88 88 88 87 85 85 83 83 84 84 83 82 82 82 80 80 79 79 78 78 77 76 76 76 75 74 73 72 72 72 72 71 70 71 69 69 69 68 67 67 65 66 65 65 59 0 0 0 0 0 0 0 0 0 
0 0 0 0 0 0 0 0 0 0 0 0 0 0 0 0 0 0 0 0 0 0 0 0 0 0 0 34 101 92 89 90 88 86 87 88 88 88 90 89 87 84 79 76 74 75 72 70 74 80 83 84 82 85 92 100 109 115 118 121 125 127 125 123 120 121 125 131 137 142 146 148 146 146 146 147 148 149 150 147 149 153 153 151 148 141 133 129 131 131 130 130 128 124 121 120 118 114 113 114 115 115 115 114 112 111 110 107 104 102 98 95 96 96 96 92 90 88 87 88 90 94 100 108 118 124 126 126 127 128 126 125 126 127 129 132 133 130 130 126 124 124 125 122 120 119 115 111 107 101 94 91 89 90 92 95 103 107 101 95 98 92 88 93 97 95 94 101 119 122 104 99 106 99 97 113 116 84 90 83 69 100 110 108 119 92 76 103 116 112 128 124 101 112 110 100 85 87 85 88 105 124 129 107 82 92 110 109 101 98 111 107 98 108 115 129 143 146 151 150 150 148 147 144 141 131 118 113 109 106 86 80 82 67 54 46 40 39 37 32 28 26 25 22 22 24 26 23 23 22 23 23 22 23 23 23 26 25 24 22 23 25 32 38 44 55 67 85 110 130 137 142 146 152 150 146 145 150 160 158 158 158 160 158 151 147 148 147 140 131 131 125 133 137 134 134 131 122 106 93 100 118 116 126 134 128 119 136 140 115 109 105 120 133 129 106 121 133 108 106 129 132 138 146 147 144 147 143 144 139 144 152 148 142 137 140 146 151 145 142 140 145 155 160 157 158 162 142 143 145 149 143 135 131 135 135 140 147 149 152 151 151 156 158 155 162 163 156 146 137 124 122 113 102 89 77 70 77 98 108 113 117 120 123 129 141 144 139 145 157 165 164 161 152 145 141 138 132 130 129 131 133 129 126 124 116 103 102 106 114 124 133 142 145 144 140 135 131 130 127 125 122 122 123 127 128 131 134 135 136 139 142 144 145 146 146 145 144 140 136 133 126 120 117 114 111 110 108 107 106 106 106 107 107 108 108 108 107 107 107 105 104 104 103 102 101 102 103 100 100 99 99 98 96 95 95 94 94 94 93 91 90 89 89 89 89 89 87 88 87 86 85 85 85 85 84 83 82 83 82 81 81 81 80 78 77 77 78 76 76 75 74 73 73 73 72 72 71 70 70 69 69 70 69 68 68 68 66 69 27 0 0 0 0 0 0 0 0 0 
0 0 0 0 0 0 0 0 0 0 0 0 0 0 0 0 0 0 0 0 0 0 0 0 0 0 0 79 91 86 85 86 84 81 82 85 83 84 88 91 89 85 82 77 73 72 71 70 72 76 80 82 80 82 91 101 110 117 121 123 127 129 127 124 121 123 125 129 133 138 143 147 149 149 147 147 148 150 150 149 148 146 146 150 150 150 148 142 133 129 129 128 127 125 121 118 116 113 111 109 110 112 113 111 109 107 103 100 96 92 91 92 93 99 100 98 99 98 95 94 95 96 99 105 114 121 123 125 126 126 125 125 126 125 124 129 133 132 131 130 126 124 124 123 120 118 117 116 113 108 103 98 96 93 90 92 98 103 106 103 101 97 86 73 75 88 93 93 103 122 121 105 103 99 89 93 121 109 93 100 85 84 97 96 99 86 54 56 103 129 133 130 105 107 112 112 105 96 100 87 77 100 130 127 95 86 102 94 89 81 88 116 113 114 120 129 140 147 151 153 151 149 149 149 143 136 130 128 128 122 110 101 93 80 66 59 56 51 47 42 35 33 32 28 27 29 28 25 23 21 19 22 22 23 23 23 23 23 21 21 23 26 32 40 45 52 65 89 114 130 140 140 148 144 143 152 158 162 159 156 154 161 157 154 155 151 144 135 132 132 131 122 133 132 123 109 116 121 123 124 124 117 108 129 126 122 135 149 143 130 119 104 130 128 123 125 117 100 90 114 142 137 138 144 147 147 147 146 142 138 144 151 143 144 143 143 142 144 142 146 146 153 158 157 158 167 162 149 146 147 146 141 146 134 135 144 147 145 147 150 148 149 157 158 161 164 161 152 145 143 131 124 99 85 73 65 66 80 97 106 113 120 125 131 139 144 147 147 151 152 143 133 129 132 131 134 136 135 131 129 133 129 126 121 117 111 104 104 108 117 128 137 144 146 144 141 135 132 131 128 126 124 124 127 129 132 134 135 137 138 140 142 143 143 142 140 139 136 133 129 125 119 114 111 110 109 108 107 106 105 105 106 106 107 108 108 107 108 107 106 106 106 105 104 103 103 103 103 101 101 99 99 98 97 98 96 95 95 95 94 93 91 91 91 90 90 90 88 88 88 86 86 86 86 86 84 84 84 83 82 81 80 81 79 79 78 78 78 77 77 76 75 75 74 74 73 72 72 72 72 72 71 70 70 69 69 68 68 61 0 0 0 0 0 0 0 0 0 0 
0 0 0 0 0 0 0 0 0 0 0 0 0 0 0 0 0 0 0 0 0 0 0 0 0 0 29 94 85 81 80 81 79 75 75 77 77 77 82 88 88 88 84 80 75 73 71 71 71 75 79 81 79 79 87 98 107 115 124 127 131 131 129 127 125 127 129 132 133 136 140 146 150 151 150 148 148 148 149 149 149 147 144 141 142 145 146 149 150 143 131 126 125 124 122 120 117 114 111 109 110 111 111 109 108 105 100 96 91 84 80 78 80 84 88 95 98 102 103 100 101 102 102 106 111 117 120 122 125 125 125 124 123 122 123 124 125 128 126 127 125 126 124 121 120 116 116 115 112 110 108 103 98 94 91 92 93 98 102 107 103 99 88 72 64 84 100 100 101 118 124 111 96 98 98 101 111 130 115 105 98 99 97 99 100 91 68 62 74 103 134 137 113 103 110 101 92 83 95 105 105 89 100 124 121 100 104 102 96 87 68 90 109 115 116 124 135 142 150 157 153 153 154 155 142 131 137 143 143 138 126 116 106 95 83 80 74 64 62 57 50 46 46 43 38 35 34 32 26 23 21 22 23 23 24 23 20 21 21 22 25 33 39 42 46 59 83 101 125 138 140 144 149 149 157 165 162 156 143 148 151 155 156 157 154 146 137 141 142 140 129 124 124 118 111 105 124 131 126 108 108 107 116 124 114 118 132 140 139 118 93 97 118 126 135 136 91 94 116 135 138 129 130 138 147 150 148 144 139 137 147 147 142 145 143 143 135 143 145 147 151 154 158 158 160 167 159 149 150 149 147 148 144 133 140 150 149 146 146 145 146 150 157 159 159 161 156 148 150 145 131 106 80 69 67 72 80 86 95 105 116 124 132 138 140 144 144 139 133 125 122 125 135 138 135 134 132 128 127 123 122 117 117 116 111 106 110 113 118 125 132 137 142 145 141 138 136 133 130 128 127 127 128 129 130 133 134 136 138 138 138 139 137 135 135 134 130 129 126 122 117 114 111 108 107 108 109 107 104 103 104 106 107 107 109 109 108 109 108 106 106 107 106 105 105 104 103 102 102 101 100 100 98 98 99 97 96 95 95 94 94 92 92 93 91 89 90 89 89 89 88 87 88 87 86 85 84 84 84 84 83 82 81 79 80 80 78 79 78 77 77 76 75 74 75 74 74 73 72 72 72 72 71 70 71 70 67 73 30 0 0 0 0 0 0 0 0 0 0 
0 0 0 0 0 0 0 0 0 0 0 0 0 0 0 0 0 0 0 0 0 0 0 0 0 0 75 92 86 81 77 76 74 69 67 69 70 71 76 82 85 87 86 85 78 75 73 73 73 76 81 83 81 78 82 91 103 113 122 130 135 134 132 130 131 131 133 136 137 137 139 143 149 152 151 149 149 149 149 149 149 148 146 144 141 138 136 139 142 147 150 144 129 123 123 122 119 117 113 110 110 111 111 110 106 103 100 97 92 84 78 72 70 71 76 80 86 91 94 99 103 103 104 107 110 114 118 118 119 119 121 121 119 117 120 121 122 122 122 123 125 126 124 122 121 122 119 114 112 112 111 106 104 97 92 91 92 95 98 101 106 106 95 83 70 68 86 99 99 107 122 123 103 92 97 100 99 106 118 103 100 106 104 99 91 96 95 85 94 107 120 131 109 80 98 114 102 98 113 112 111 99 91 110 115 111 102 99 106 107 75 76 100 112 112 105 112 127 139 152 164 163 156 156 153 151 150 155 151 138 133 126 114 107 96 93 92 85 75 65 70 62 57 47 45 48 44 40 37 33 29 27 25 24 24 23 22 22 22 24 29 38 44 47 57 74 95 113 129 136 143 145 153 161 165 159 154 150 148 142 142 149 148 150 150 154 155 153 144 133 123 122 121 113 116 112 122 120 109 103 116 124 135 105 116 121 124 133 134 107 82 80 125 140 143 105 89 115 134 137 131 116 125 147 148 147 148 144 138 140 149 143 138 144 141 138 136 142 148 149 150 148 157 153 155 157 153 150 151 149 146 146 128 141 149 151 144 140 143 140 142 154 158 158 159 158 155 152 153 143 118 93 72 71 78 82 87 91 99 106 116 121 126 126 129 131 134 134 132 136 143 149 149 143 133 127 125 125 125 126 122 117 112 109 110 114 119 125 127 126 125 129 134 135 135 135 136 135 133 131 132 131 131 129 129 131 132 134 136 135 134 133 131 127 125 125 123 121 119 115 112 108 108 107 106 106 107 106 104 103 105 106 108 108 109 109 108 108 108 107 108 108 106 105 105 104 104 103 102 101 101 101 100 99 98 97 97 96 95 94 94 93 94 93 92 91 91 90 89 89 89 89 89 87 86 85 84 84 84 85 84 83 82 82 81 81 79 81 81 79 78 77 76 75 75 74 75 75 73 73 72 73 71 70 70 70 70 65 0 0 0 0 0 0 0 0 0 0 0 
0 0 0 0 0 0 0 0 0 0 0 0 0 0 0 0 0 0 0 0 0 0 0 0 0 26 97 93 90 83 77 74 71 65 61 60 64 66 70 76 80 84 87 86 83 80 75 73 76 80 85 90 90 87 84 87 98 109 121 131 135 138 137 137 135 134 136 138 139 140 140 142 147 150 152 151 149 148 149 149 149 147 146 144 141 139 134 131 132 134 140 146 152 145 131 125 122 119 116 112 112 111 110 111 108 104 101 98 94 89 84 76 69 69 73 76 77 76 81 87 94 98 99 101 107 115 120 122 119 117 118 118 118 121 122 121 121 119 117 119 122 125 126 124 123 122 122 121 116 112 108 105 104 101 95 91 90 92 98 102 104 107 101 92 81 70 72 82 94 96 104 117 119 102 92 105 106 97 103 113 115 114 109 93 86 89 78 78 75 105 124 125 112 81 75 103 112 102 111 122 115 109 106 107 111 123 116 101 84 91 99 104 108 103 105 105 113 117 127 139 146 155 158 157 153 151 153 151 150 149 144 137 127 118 111 110 112 104 96 89 84 87 80 69 53 49 49 49 45 42 35 32 28 26 25 24 23 25 24 26 33 38 45 49 58 80 102 121 131 137 145 152 163 164 159 143 153 155 158 157 150 146 152 160 163 162 155 143 130 118 106 108 116 112 125 124 136 132 130 120 123 128 129 109 126 117 129 141 120 106 105 118 143 144 130 81 114 130 138 131 122 115 130 156 148 143 153 143 141 145 142 135 135 147 140 135 146 156 153 151 148 151 157 152 153 148 151 148 147 143 140 134 127 148 149 148 138 143 139 138 147 157 157 157 158 157 154 152 136 122 109 91 77 82 86 83 88 95 99 103 110 116 117 119 127 135 144 153 153 150 148 139 134 127 127 133 139 142 140 134 126 118 114 115 119 123 126 126 124 119 118 123 130 130 135 137 140 139 138 137 136 134 132 129 128 128 128 130 130 129 127 125 122 119 118 116 116 113 112 111 107 104 105 105 105 105 105 104 102 103 104 105 105 107 108 109 109 108 108 108 108 108 106 106 106 106 104 104 103 103 102 102 101 100 99 98 98 97 96 96 96 95 95 95 93 92 92 91 91 90 89 88 90 88 87 86 86 85 84 84 84 84 84 83 82 82 81 79 79 80 80 78 76 77 76 76 75 75 74 73 72 73 72 72 70 70 75 32 0 0 0 0 0 0 0 0 0 0 0 
0 0 0 0 0 0 0 0 0 0 0 0 0 0 0 0 0 0 0 0 0 0 0 0 0 74 93 94 93 87 81 75 71 66 62 59 60 64 68 72 76 81 85 84 84 81 77 74 76 82 88 95 99 97 93 92 96 105 118 130 136 140 142 142 140 139 140 140 141 142 142 142 145 148 152 151 149 148 148 149 149 148 146 144 143 140 137 133 130 127 127 131 139 146 155 149 132 123 119 115 114 113 112 110 108 106 103 100 95 91 88 82 75 73 74 78 78 78 77 77 85 91 94 93 100 110 120 124 125 123 120 118 117 118 119 122 121 119 118 118 120 122 124 124 124 122 122 122 121 116 110 105 102 103 99 94 91 89 91 98 103 104 102 99 90 74 64 71 85 94 99 101 116 122 101 97 122 116 90 103 116 119 115 103 105 115 95 82 88 102 125 131 123 100 73 77 99 102 97 118 123 104 102 123 118 124 132 121 102 91 98 103 112 118 107 111 119 121 122 129 134 141 148 155 154 150 152 153 150 149 145 140 139 135 134 131 130 119 113 107 102 108 106 87 73 63 55 50 47 46 39 38 33 31 29 23 21 25 30 31 39 41 50 54 66 87 112 129 134 134 145 156 160 155 149 147 151 151 162 163 162 162 169 168 161 151 136 123 107 107 92 99 114 128 132 138 139 129 124 112 126 115 124 118 113 122 135 123 98 121 136 140 142 133 103 99 126 135 133 117 125 128 146 155 152 157 155 140 144 148 143 130 138 143 134 134 148 157 156 153 151 155 155 154 146 145 150 141 136 131 132 122 140 147 144 142 141 147 138 137 154 156 155 156 155 154 153 143 117 115 109 84 81 79 86 88 83 89 98 106 113 119 125 134 143 150 160 163 157 148 141 136 132 132 137 143 150 149 142 134 130 124 123 124 125 126 126 124 120 120 124 130 136 139 140 141 142 142 141 140 136 134 131 126 125 124 123 122 122 121 119 117 113 112 110 108 108 107 106 105 104 104 103 103 104 104 103 102 101 102 103 104 105 107 108 108 109 108 109 109 109 108 107 107 107 106 105 105 104 104 102 102 101 100 100 99 100 97 98 97 96 96 96 96 95 93 92 92 93 92 90 89 90 89 89 87 87 86 85 85 85 84 84 84 82 83 82 80 80 79 80 80 79 78 77 78 77 76 76 75 75 73 74 74 73 72 68 1 0 0 0 0 0 0 0 0 0 0 0 
0 0 0 0 0 0 0 0 0 0 0 0 0 0 0 0 0 0 0 0 0 0 0 0 25 97 92 93 93 89 84 77 73 70 65 62 61 65 69 73 78 79 81 82 84 82 79 74 75 78 87 97 104 105 103 105 104 107 117 128 134 140 144 146 145 143 143 143 143 145 144 143 144 146 148 151 150 150 149 148 148 147 146 144 144 142 140 136 133 130 126 125 128 132 137 146 156 148 132 121 117 115 115 114 111 109 107 104 98 91 87 84 81 79 78 81 84 87 85 84 86 90 95 96 102 107 114 121 126 127 124 122 120 119 115 113 112 114 115 118 120 121 121 122 124 122 121 122 123 121 113 108 103 100 99 99 93 90 89 94 99 103 105 104 99 87 72 67 76 91 98 99 99 120 137 111 93 110 98 88 95 95 108 111 110 122 107 87 85 101 113 125 125 108 103 95 87 93 91 91 115 123 123 130 120 107 105 120 116 101 94 92 90 106 113 122 122 123 118 117 125 132 135 144 153 153 157 160 156 151 146 143 144 141 137 132 128 121 117 119 119 119 116 99 86 67 62 58 51 45 40 43 42 39 35 26 25 27 32 38 42 45 51 57 78 97 116 126 134 139 150 155 151 144 142 151 151 161 165 169 169 168 167 160 146 143 137 125 118 114 113 115 126 137 132 126 117 115 125 131 120 102 112 113 123 127 120 85 108 133 136 132 126 116 103 112 129 121 119 121 133 140 157 152 143 161 147 147 153 155 147 133 134 142 140 135 149 156 156 153 152 153 150 155 142 150 140 132 126 125 126 123 145 139 135 140 143 145 140 143 155 155 151 149 149 150 149 132 123 121 110 90 86 83 87 78 78 91 101 107 117 125 132 139 146 150 155 153 151 150 150 144 140 142 141 143 143 146 139 136 134 127 124 125 121 121 121 120 120 123 130 137 141 146 143 145 143 141 139 138 137 132 126 122 120 117 115 115 114 112 111 110 108 105 102 101 102 102 101 101 102 102 101 101 101 102 101 99 99 100 101 103 103 106 108 109 108 108 108 109 109 109 108 108 108 107 106 105 104 104 103 103 101 101 101 101 100 98 98 97 97 97 96 97 96 94 93 94 94 93 92 92 92 89 89 90 88 87 87 88 87 85 85 85 83 84 83 82 82 81 80 81 80 78 78 78 77 77 77 75 76 75 75 74 73 78 36 0 0 0 0 0 0 0 0 0 0 0 0 
0 0 0 0 0 0 0 0 0 0 0 0 0 0 0 0 0 0 0 0 0 0 0 0 75 95 94 95 94 90 83 78 75 71 68 64 63 65 70 75 81 83 82 81 82 82 78 75 74 75 81 90 102 108 111 114 116 115 118 126 130 137 143 147 148 147 146 145 145 146 146 147 146 145 146 148 150 150 149 148 149 147 146 145 142 142 141 138 136 132 128 126 126 127 127 130 135 146 157 150 131 121 118 116 113 113 111 107 103 94 89 87 86 86 87 89 91 96 99 101 98 99 104 107 108 111 114 119 124 127 129 127 126 123 119 115 108 105 108 115 119 125 124 123 122 121 119 119 119 117 115 112 108 102 103 101 97 94 91 93 100 105 105 104 103 96 89 90 82 79 93 100 92 88 109 131 122 109 104 91 90 96 97 114 116 116 117 99 91 89 99 109 120 114 100 100 99 96 103 94 106 100 105 127 128 105 91 100 112 113 113 99 81 82 110 127 126 129 128 121 130 139 140 137 141 148 153 155 156 156 156 150 148 147 140 131 126 130 130 125 118 117 109 98 89 79 71 63 51 44 41 42 46 46 37 30 33 33 34 45 42 41 49 64 80 96 112 126 141 147 147 149 151 149 154 158 161 159 163 161 162 162 159 154 150 148 144 139 130 124 125 128 127 126 117 115 119 129 141 126 108 98 102 106 106 99 86 88 140 122 125 123 111 113 116 117 125 115 127 126 128 152 160 147 143 155 145 158 157 156 143 132 133 143 142 138 152 158 154 153 153 142 141 146 148 146 126 119 124 125 120 132 134 130 134 140 139 148 143 144 150 152 146 145 150 154 150 132 132 117 107 100 96 91 85 81 88 102 103 107 116 125 133 138 140 137 138 143 151 151 149 142 136 136 134 128 131 137 138 131 129 124 122 125 124 119 120 122 125 128 133 137 142 146 145 146 142 140 139 137 132 126 120 116 113 109 107 108 106 105 104 103 101 100 99 98 98 99 99 99 100 100 100 100 99 100 99 98 98 99 100 101 103 105 107 108 108 108 109 108 108 107 107 108 108 109 107 107 107 105 104 103 103 103 102 102 100 99 98 99 100 98 97 96 96 95 95 94 93 94 93 92 92 91 90 88 89 90 88 88 86 85 85 86 85 85 84 83 82 82 82 83 81 79 79 79 78 79 77 77 77 77 76 75 73 70 3 0 0 0 0 0 0 0 0 0 0 0 0 
0 0 0 0 0 0 0 0 0 0 0 0 0 0 0 0 0 0 0 0 0 0 0 24 97 93 95 97 95 89 81 77 75 72 70 67 66 66 70 78 85 85 84 82 82 82 75 75 73 74 76 82 92 103 114 122 124 125 125 127 130 134 140 145 147 148 149 148 147 147 148 149 148 146 146 148 149 149 150 149 148 147 147 145 143 142 140 139 137 134 130 127 127 128 128 125 124 130 135 145 154 150 132 120 116 117 114 113 109 102 97 94 93 91 93 97 99 101 105 106 106 109 111 112 112 113 114 118 122 126 127 128 128 127 122 118 115 110 107 107 113 122 126 126 127 124 122 121 118 117 114 111 110 105 106 104 101 100 95 92 98 104 104 105 106 101 86 84 92 90 93 102 102 82 84 106 113 104 94 89 86 95 87 89 109 109 106 98 87 95 99 111 117 125 123 108 106 100 98 87 98 107 91 109 127 128 117 97 106 119 115 111 99 83 82 98 115 125 129 129 131 141 142 143 147 145 143 148 155 159 162 162 159 152 139 132 128 124 122 123 117 114 105 97 93 85 78 64 54 50 43 37 41 42 36 40 43 36 38 45 44 43 53 70 81 90 112 125 139 150 157 162 155 151 160 160 159 156 164 163 160 159 157 157 155 152 142 135 129 125 124 134 124 120 119 117 131 134 125 111 117 116 120 101 95 86 107 130 135 117 123 115 110 110 119 115 100 120 137 134 139 161 161 147 153 147 155 158 160 157 143 131 132 137 138 139 153 152 152 155 148 135 137 145 150 135 108 114 125 120 118 127 120 129 131 134 142 143 135 137 147 147 140 149 157 154 144 132 125 114 111 102 99 93 91 95 101 102 101 103 112 125 136 138 137 134 139 145 150 152 152 149 149 150 145 143 140 140 133 123 117 116 117 119 118 120 123 126 129 132 135 139 143 145 145 144 143 144 142 138 131 121 111 108 105 102 101 101 99 98 97 97 97 98 98 98 97 98 98 97 98 98 99 99 98 98 97 96 97 98 99 100 102 105 106 107 107 108 109 109 108 108 108 108 108 108 107 105 105 105 105 105 104 104 103 102 101 101 99 98 99 98 98 97 96 95 95 94 94 95 93 92 92 91 91 90 90 90 87 87 88 87 87 85 86 86 85 84 84 83 83 82 82 80 79 79 79 79 78 78 78 78 77 76 79 38 0 0 0 0 0 0 0 0 0 0 0 0 0 
0 0 0 0 0 0 0 0 0 0 0 0 0 0 0 0 0 0 0 0 0 0 0 72 95 91 95 97 95 89 79 74 73 72 71 69 68 68 71 79 87 90 90 88 87 82 75 74 74 76 76 79 83 97 113 124 130 132 132 131 131 133 136 140 143 147 149 149 149 149 149 150 151 149 148 149 148 148 150 149 150 148 147 146 144 142 139 138 137 135 131 127 128 128 129 128 125 124 125 126 130 143 156 152 133 121 118 117 113 110 104 100 94 90 89 93 94 95 97 99 101 104 108 111 112 112 112 116 120 122 124 125 127 126 123 119 118 115 112 110 112 116 124 129 132 131 130 127 125 123 121 116 112 107 105 105 105 99 97 98 100 105 106 106 109 106 93 78 86 92 91 91 103 97 82 86 102 101 89 88 96 98 91 82 88 95 89 98 85 104 115 123 130 122 122 116 112 106 101 84 85 110 104 86 102 124 136 122 114 123 121 115 105 83 83 88 92 104 109 112 119 122 126 137 145 148 143 145 151 154 153 152 149 144 136 129 126 118 119 120 120 120 112 103 98 85 74 59 57 51 40 36 37 41 44 47 44 37 43 44 45 46 52 67 82 90 114 132 145 157 154 155 154 153 149 148 140 146 153 152 150 154 157 157 156 149 136 127 129 120 133 133 119 116 119 122 140 115 96 119 124 120 103 97 114 116 138 126 114 122 93 107 118 117 123 107 85 131 145 143 152 162 152 146 150 146 154 149 162 149 142 136 133 138 140 139 153 152 153 153 140 138 142 146 147 127 101 123 125 118 115 118 126 132 126 131 140 131 129 140 142 140 147 156 154 146 135 126 122 118 108 100 96 91 90 97 100 104 108 114 122 128 134 136 136 142 148 154 162 163 162 158 157 153 148 140 136 129 123 117 116 117 119 116 115 118 124 127 130 130 135 138 143 145 144 144 144 143 141 134 126 117 107 101 99 98 97 96 95 93 93 94 94 96 96 95 95 96 97 96 96 96 96 98 97 95 93 93 96 97 97 98 101 103 105 106 107 107 108 109 107 107 108 108 108 107 107 105 106 106 105 105 105 104 103 102 101 101 100 101 100 99 98 98 97 95 96 95 95 95 95 93 93 92 92 91 92 90 90 88 89 89 88 86 87 87 85 85 85 84 84 84 83 81 80 79 80 80 80 79 79 78 78 77 75 4 0 0 0 0 0 0 0 0 0 0 0 0 0 
0 0 0 0 0 0 0 0 0 0 0 0 0 0 0 0 0 0 0 0 0 0 21 98 91 91 94 97 95 88 79 71 70 69 70 70 69 69 70 76 86 90 92 92 90 85 77 74 76 80 80 79 81 93 111 124 131 135 136 135 134 133 134 136 138 143 147 147 148 150 151 151 151 150 150 150 149 149 149 148 149 149 148 147 146 143 140 139 137 136 132 129 129 128 129 127 125 123 122 120 120 126 131 143 157 153 134 117 111 109 103 95 88 83 80 82 86 88 89 91 95 98 99 103 109 111 112 114 118 120 122 122 125 125 123 119 115 112 115 117 116 117 123 127 132 134 135 134 130 128 126 121 117 113 108 106 109 108 103 103 104 109 112 107 107 109 106 89 77 82 88 85 92 98 90 77 86 97 87 83 86 88 94 86 66 75 90 95 86 72 102 104 110 110 90 107 110 112 116 99 75 89 114 100 82 83 113 127 120 114 115 116 111 87 81 84 90 99 103 105 113 116 114 119 129 139 141 139 144 144 140 140 138 140 134 131 130 134 130 127 121 119 110 102 89 81 68 54 52 47 40 38 39 48 52 48 42 41 46 48 50 56 60 68 94 106 125 137 144 152 154 152 145 143 145 142 143 144 151 158 161 156 159 157 156 148 135 130 131 125 131 131 124 121 131 137 124 112 117 128 120 116 94 124 141 130 108 102 105 99 80 122 114 120 109 91 103 138 147 141 152 160 142 141 150 154 149 151 159 142 140 142 135 143 142 141 149 152 153 153 142 141 144 145 142 124 115 123 120 111 111 127 139 124 128 136 135 128 132 141 139 140 153 150 145 136 131 125 116 102 88 84 79 80 86 101 112 118 122 128 133 139 140 143 142 145 147 155 161 163 156 153 153 148 143 141 130 127 122 115 121 124 123 123 121 121 124 126 126 126 128 136 142 145 144 144 143 139 135 127 122 115 105 100 97 96 95 95 94 94 92 92 93 93 93 92 93 94 95 96 96 95 95 96 95 91 90 92 94 95 95 97 100 102 104 105 106 107 107 107 107 106 108 108 108 107 107 107 107 106 106 106 105 105 104 103 102 101 101 101 102 100 98 99 98 96 96 96 95 95 95 95 93 93 93 92 92 91 92 91 90 90 90 89 88 88 86 86 86 85 84 84 83 82 82 80 81 80 79 79 80 78 77 82 41 0 0 0 0 0 0 0 0 0 0 0 0 0 0 
0 0 0 0 0 0 0 0 0 0 0 0 0 0 0 0 0 0 0 0 0 0 64 94 91 90 91 95 96 90 79 70 68 69 70 71 71 71 70 74 80 86 92 95 91 85 79 78 82 84 81 82 82 90 107 123 132 136 138 138 137 137 136 135 135 137 141 145 148 151 153 153 152 151 150 150 150 150 148 149 149 148 149 148 146 144 142 140 138 136 133 131 129 128 127 125 123 122 122 122 122 123 124 126 130 140 155 151 126 105 98 93 86 78 72 73 78 81 86 88 90 93 94 97 103 108 111 114 115 118 119 121 124 125 123 120 117 112 112 118 119 120 122 126 130 134 137 140 137 131 128 125 121 119 114 110 108 111 110 108 108 111 114 114 113 112 109 100 91 80 89 93 82 79 91 90 84 96 92 85 79 74 87 90 84 79 91 94 100 88 87 101 91 97 87 93 113 95 87 107 106 97 100 107 92 81 83 93 113 131 125 120 116 112 106 93 86 86 106 109 107 110 109 105 111 122 133 129 136 145 146 143 138 136 124 118 118 125 122 115 114 113 100 84 76 75 71 51 51 44 41 42 47 55 56 47 41 43 47 53 57 59 62 74 89 111 140 140 146 151 149 150 157 163 164 162 155 154 160 158 161 159 156 150 148 141 137 138 135 124 122 128 126 131 146 143 121 122 128 136 128 125 117 138 143 98 93 115 107 101 126 139 113 95 86 101 130 141 143 141 152 156 142 137 153 159 144 157 152 143 142 142 139 142 142 142 145 143 153 152 143 142 147 146 140 128 120 113 112 112 120 132 133 123 134 139 132 125 134 139 141 147 148 142 137 132 128 111 92 77 72 73 75 80 95 112 121 128 129 135 140 144 146 141 135 127 134 144 149 148 143 145 145 144 144 143 144 137 132 130 124 122 120 116 118 123 124 125 126 127 132 140 144 147 144 142 140 136 130 125 121 115 108 105 101 98 97 96 96 95 94 93 92 92 93 93 92 94 95 96 95 94 95 95 92 88 88 91 92 93 95 97 100 102 103 104 105 106 106 106 108 107 108 109 109 108 107 107 107 108 107 106 105 105 105 104 102 102 102 102 102 101 100 100 99 99 98 96 97 97 95 95 95 95 94 94 92 93 93 91 91 91 90 90 89 88 87 87 86 86 84 84 83 83 83 83 82 81 80 79 80 79 79 77 4 0 0 0 0 0 0 0 0 0 0 0 0 0 0 
0 0 0 0 0 0 0 0 0 0 0 0 0 0 0 0 0 0 0 0 0 16 90 90 93 93 90 93 96 91 82 74 71 71 71 72 74 73 73 73 76 80 85 90 88 86 82 80 85 86 84 83 85 90 104 120 131 136 139 139 139 139 139 137 135 134 137 141 145 150 152 153 153 153 152 151 151 150 150 150 149 149 149 148 147 145 143 141 139 136 134 131 129 126 127 125 124 123 122 122 120 120 119 118 117 118 123 136 152 149 120 96 87 79 72 68 71 76 81 85 88 91 92 93 96 102 109 112 114 117 119 120 123 124 124 122 120 116 115 117 120 122 123 127 131 134 137 136 135 134 132 130 127 124 122 117 112 112 114 113 113 116 120 120 117 116 109 105 97 81 81 90 93 82 87 96 88 84 89 85 74 59 69 87 90 82 71 73 84 81 72 86 80 68 78 90 110 95 77 96 121 116 108 109 115 104 86 89 106 122 123 115 114 118 121 103 79 77 96 107 102 106 109 116 113 113 118 127 133 147 148 145 138 132 125 115 104 107 109 103 100 95 80 78 73 74 70 54 47 43 43 49 57 58 50 42 41 45 47 46 51 62 68 91 103 117 131 136 140 147 163 166 163 156 152 146 148 153 157 156 158 155 145 142 142 143 142 135 131 123 118 125 118 127 133 132 129 133 138 139 117 123 124 136 113 102 115 125 115 126 149 134 111 80 100 130 135 133 139 135 156 155 139 147 159 149 144 156 148 140 142 143 142 139 146 145 135 135 151 152 141 134 144 147 143 124 110 113 128 128 129 129 125 129 135 134 129 130 139 145 147 149 145 143 141 133 115 92 75 74 79 81 89 95 104 112 119 126 130 137 142 144 141 139 136 138 140 143 143 139 140 134 134 135 133 132 127 127 129 130 131 126 119 115 114 118 121 118 119 124 131 140 146 147 145 143 138 131 127 122 119 114 110 108 104 101 100 99 97 96 95 93 94 95 94 94 93 94 95 95 93 93 92 91 88 86 86 88 90 92 96 97 100 101 102 103 105 106 106 108 108 107 107 108 109 109 109 108 108 109 108 106 105 105 106 104 102 103 104 103 101 101 101 100 99 99 99 97 98 98 96 96 96 95 95 94 93 95 93 92 91 92 90 90 90 90 89 88 88 87 88 85 85 84 84 83 83 82 81 81 80 81 85 45 0 0 0 0 0 0 0 0 0 0 0 0 0 0 0 
0 0 0 0 0 0 0 0 0 0 0 0 0 0 0 0 0 0 0 0 0 63 86 88 93 95 92 91 93 91 84 78 75 74 74 74 76 76 76 74 72 73 76 80 82 81 80 81 86 92 87 85 88 92 100 113 128 133 137 139 140 140 139 138 137 136 136 138 142 147 149 152 153 154 154 153 152 151 151 151 150 150 149 148 147 146 144 142 139 137 136 133 130 129 129 128 126 122 120 120 118 116 115 116 116 114 112 115 122 137 149 144 111 82 72 70 68 71 76 79 85 90 91 90 93 98 104 109 111 116 119 120 121 122 122 123 124 118 113 113 116 120 125 128 131 134 136 135 134 133 133 134 133 129 125 122 119 114 115 118 119 120 122 122 119 116 113 105 101 90 82 82 87 81 76 79 85 83 86 95 87 67 63 86 103 91 81 70 85 93 90 88 89 81 76 82 106 121 92 75 76 90 93 102 102 107 107 93 108 128 120 112 114 111 113 123 112 92 93 104 115 118 105 107 114 115 113 124 130 125 126 130 129 123 123 120 107 102 96 96 91 83 74 71 73 72 60 59 54 47 48 53 56 56 48 40 41 44 43 42 53 65 72 96 112 112 123 132 137 143 148 145 140 129 140 151 157 160 155 151 151 155 154 146 142 136 126 127 127 122 118 122 121 123 124 128 134 133 126 112 101 106 110 108 96 102 107 110 117 128 128 115 112 109 139 147 137 143 139 145 155 149 138 147 155 133 145 154 142 135 140 144 137 140 152 144 134 140 151 152 134 124 139 144 141 117 116 123 131 131 126 122 121 127 131 126 128 136 144 143 140 141 138 141 139 131 111 87 83 88 92 95 97 96 103 109 121 128 134 138 142 146 149 150 152 153 152 154 152 153 149 145 146 147 142 131 124 119 116 122 124 123 120 113 114 119 123 121 120 121 126 133 140 143 142 140 138 133 127 122 118 113 112 110 108 104 103 102 100 100 99 96 96 96 94 93 93 93 94 93 92 90 89 87 85 84 86 87 89 92 94 96 99 98 101 103 104 104 106 107 106 106 107 108 108 109 109 109 109 109 108 107 106 106 107 105 104 104 104 104 102 102 101 101 100 100 99 98 98 98 98 96 95 95 95 94 95 94 94 94 93 93 91 90 90 90 89 87 86 87 88 86 85 85 84 84 83 82 82 83 81 81 81 6 0 0 0 0 0 0 0 0 0 0 0 0 0 0 0 
0 0 0 0 0 0 0 0 0 0 0 0 0 0 0 0 0 0 0 0 21 116 114 103 106 107 98 94 91 86 82 76 73 73 74 77 78 78 78 77 72 68 68 68 68 71 75 81 86 91 89 87 89 93 97 107 120 130 135 137 138 139 139 139 141 140 138 139 141 144 147 151 152 154 155 154 153 151 152 152 151 152 149 149 147 145 144 141 138 138 137 135 135 131 130 127 125 122 119 119 118 117 117 116 117 116 114 111 111 117 123 133 147 140 102 74 66 68 72 76 82 86 86 87 89 93 100 107 110 115 119 122 123 121 121 123 123 122 120 115 111 116 123 126 128 131 133 134 134 136 135 135 135 132 129 127 123 119 118 121 125 124 123 124 121 117 115 113 111 106 101 87 78 76 70 63 71 77 85 86 86 73 63 67 89 105 99 81 71 94 104 93 96 96 85 86 106 133 121 93 76 62 85 107 121 118 117 100 77 88 107 113 107 111 111 112 115 100 95 102 103 110 103 94 104 109 117 120 125 126 121 120 115 113 105 108 105 97 102 101 98 87 86 78 66 63 56 53 55 52 50 54 58 59 50 40 38 42 43 47 57 64 74 92 107 111 122 133 132 133 132 139 150 154 157 155 155 161 157 149 154 160 149 146 139 132 124 123 128 126 122 129 134 129 126 128 134 134 124 103 87 83 85 101 98 101 111 114 114 109 100 118 117 131 153 154 144 147 144 154 147 142 141 148 142 132 142 152 141 137 145 140 136 142 151 143 135 143 151 148 122 128 137 141 132 118 121 127 131 126 128 112 113 121 125 123 129 142 140 132 134 136 140 139 134 124 111 102 101 92 97 96 92 101 114 121 129 132 134 137 143 149 151 151 148 146 148 150 153 153 149 145 150 153 148 139 136 135 135 133 132 130 127 121 119 122 127 128 126 125 126 129 132 135 134 134 133 131 131 128 124 121 119 114 111 109 105 104 102 101 100 99 99 97 95 95 94 93 93 92 91 89 86 84 83 83 85 87 89 91 93 96 98 100 101 101 103 103 105 105 105 106 108 109 109 109 109 109 109 109 108 107 107 106 106 105 105 104 104 104 103 103 102 102 101 100 99 99 99 98 98 97 97 97 97 95 96 94 94 94 94 94 93 92 92 91 90 88 89 90 88 88 87 86 86 85 85 84 84 84 83 87 50 0 0 0 0 0 0 0 0 0 0 0 0 0 0 0 0 
0 0 0 0 0 0 0 0 0 0 0 0 0 0 0 0 0 0 0 0 75 116 110 121 119 121 127 116 116 111 95 92 79 70 74 78 81 82 81 79 73 67 62 59 57 62 68 74 82 86 87 84 86 88 92 102 114 123 131 135 137 137 139 141 144 143 142 142 142 144 147 150 152 154 154 155 155 153 152 152 152 152 150 149 147 146 145 141 140 139 137 136 134 131 127 125 123 122 119 118 119 119 119 119 120 118 116 113 114 111 108 111 120 131 142 137 101 73 70 75 80 83 84 85 86 90 97 104 111 116 120 123 126 126 123 122 123 122 123 120 116 115 117 123 128 129 131 131 131 134 135 132 132 134 133 131 129 126 124 124 126 127 126 125 123 118 114 116 118 113 107 103 94 83 76 70 64 68 84 96 83 67 65 71 76 94 102 102 96 93 106 110 108 114 108 97 101 122 131 124 107 68 74 104 128 133 125 108 96 87 88 104 97 100 114 109 100 84 83 107 112 100 99 100 105 107 110 117 115 118 120 119 117 111 109 98 97 92 87 89 80 75 78 71 66 66 57 57 55 57 56 58 58 61 49 38 39 42 45 49 59 71 79 91 92 111 132 144 142 130 126 148 154 161 158 162 159 164 163 162 159 155 146 146 137 132 132 132 134 136 132 139 147 138 130 133 137 125 110 108 103 105 123 117 102 117 129 120 109 101 107 128 115 135 150 145 146 142 147 148 137 139 142 151 136 140 145 144 140 144 148 139 138 142 154 135 137 148 150 141 125 131 139 140 119 121 121 127 125 125 123 104 98 111 126 129 136 139 133 130 134 137 140 133 129 116 111 106 100 98 104 102 105 116 125 126 130 132 135 137 145 148 148 143 136 135 135 137 140 143 143 142 138 147 146 144 141 139 135 137 139 135 133 129 126 126 127 130 130 130 129 129 132 133 134 133 131 129 126 127 126 123 125 124 118 111 107 105 104 102 100 99 98 97 96 96 95 93 93 91 88 86 82 81 81 82 84 86 89 91 92 95 98 100 100 101 102 102 104 105 106 107 107 108 108 109 109 108 109 109 108 108 107 106 105 106 106 106 105 104 103 104 103 101 101 101 99 99 100 100 98 98 98 99 98 97 96 96 96 95 94 93 94 93 93 93 91 90 91 90 89 88 88 87 87 87 86 86 85 84 84 85 8 0 0 0 0 0 0 0 0 0 0 0 0 0 0 0 0 
0 0 0 0 0 0 0 0 0 0 0 0 0 0 0 0 0 0 0 15 94 93 94 95 102 100 98 111 108 114 120 111 115 112 100 108 102 93 95 85 77 70 60 56 55 54 56 63 73 80 83 81 82 84 87 94 104 115 126 131 134 136 138 141 144 145 144 144 145 146 148 149 151 153 153 154 155 154 153 154 153 152 151 150 148 146 144 142 142 140 137 133 131 127 124 121 120 119 117 116 117 118 120 121 121 120 118 115 114 112 109 105 102 107 120 132 141 132 102 77 77 81 84 86 86 88 93 99 106 113 120 126 127 126 126 126 125 122 123 122 118 118 120 124 125 127 131 131 128 129 135 138 135 132 133 133 132 131 130 127 128 130 130 128 126 123 116 113 120 116 109 103 100 95 82 76 80 76 73 79 91 77 63 70 73 77 91 98 103 96 95 106 123 126 116 101 90 110 129 129 119 104 90 115 137 140 128 118 113 104 81 91 112 122 123 127 111 83 76 97 113 111 106 113 115 111 111 116 112 108 110 106 112 112 106 108 104 98 90 84 75 73 71 71 71 69 64 64 58 62 66 61 61 56 44 34 38 39 41 45 65 81 89 101 99 112 134 141 143 148 154 160 166 165 164 161 157 160 159 160 157 149 146 141 136 132 134 140 135 134 138 144 138 135 133 129 118 107 118 117 114 122 120 123 124 127 136 124 115 115 128 117 113 127 139 145 148 139 151 142 140 137 145 146 139 149 149 140 135 148 149 140 143 146 149 136 143 150 141 136 118 121 134 129 117 122 121 133 120 130 116 94 98 117 134 136 136 136 134 137 140 137 131 128 128 119 111 99 99 105 108 112 117 124 128 131 134 136 141 143 142 142 142 140 140 134 126 122 117 115 118 115 114 117 126 128 125 122 123 122 119 122 127 133 133 132 129 129 129 131 133 136 136 135 134 135 135 131 128 124 122 121 122 122 125 124 116 109 106 104 102 101 100 98 96 96 93 92 89 87 85 82 79 79 80 82 83 85 89 91 93 95 96 98 99 101 101 102 103 105 107 106 105 107 108 109 110 109 110 109 109 109 108 106 106 107 105 106 105 106 105 105 103 102 102 102 100 101 100 100 99 99 99 98 98 99 97 98 99 97 95 95 94 94 93 92 92 91 91 92 90 90 90 88 86 88 86 86 86 85 87 51 0 0 0 0 0 0 0 0 0 0 0 0 0 0 0 0 0 
0 0 0 0 0 0 0 0 0 0 0 0 0 0 0 0 0 0 0 67 98 92 93 94 95 93 86 83 86 84 85 90 85 93 107 106 122 126 118 124 113 95 89 70 59 61 54 55 62 70 76 77 80 83 84 88 97 104 117 127 132 134 137 140 143 144 148 147 146 148 150 150 150 151 152 154 155 153 153 153 153 152 151 150 148 148 145 144 142 137 133 129 127 124 121 117 116 115 114 114 115 117 119 121 122 122 120 117 113 111 109 106 103 98 96 105 124 135 139 129 103 83 84 88 90 90 94 98 104 109 115 122 127 129 127 128 128 126 125 123 119 117 119 123 122 126 130 132 131 130 132 135 138 135 135 135 135 135 134 131 130 131 130 129 128 126 122 116 117 121 115 105 102 99 91 74 68 80 84 75 79 77 65 66 78 85 93 96 101 104 100 90 106 125 127 108 96 97 113 121 106 92 100 114 130 133 120 119 125 119 82 68 100 117 116 121 131 125 102 92 101 115 120 114 114 111 112 111 106 100 106 114 103 106 96 100 99 95 90 85 75 71 62 69 75 73 67 71 70 72 68 55 54 49 41 31 29 34 44 51 65 82 94 106 120 124 133 139 148 148 152 154 151 157 158 157 154 156 158 158 156 149 150 144 138 133 137 133 125 128 139 136 130 133 119 116 120 122 120 112 128 132 119 114 94 118 122 124 121 118 119 102 111 118 136 143 142 140 146 146 146 142 147 140 139 151 150 138 138 151 147 135 149 150 144 139 147 146 138 132 107 107 120 120 120 122 128 130 126 129 107 91 112 136 137 136 139 140 141 142 139 134 129 128 122 113 101 97 103 111 116 121 124 131 134 132 133 134 140 141 139 137 134 139 138 136 131 125 120 113 109 115 112 110 112 111 113 113 116 121 116 113 114 127 135 137 138 134 128 129 134 137 137 134 132 132 133 133 130 127 126 122 120 121 121 121 125 125 117 110 106 104 103 100 99 98 95 92 88 85 83 81 80 79 80 82 83 86 89 91 94 95 96 98 99 101 101 102 103 104 106 106 106 108 108 109 110 109 109 109 110 109 109 108 107 106 106 107 105 106 105 104 104 104 103 102 102 101 101 101 101 100 99 99 99 98 98 98 98 99 96 95 96 95 94 94 93 92 92 92 92 92 91 91 89 89 88 86 85 85 88 10 0 0 0 0 0 0 0 0 0 0 0 0 0 0 0 0 0 
0 0 0 0 0 0 0 0 0 0 0 0 0 0 0 0 0 0 14 105 99 96 94 97 97 94 87 81 80 80 83 78 75 68 68 79 87 97 109 111 122 126 113 119 111 92 95 81 69 78 72 73 78 81 85 88 92 101 111 125 131 133 135 137 140 143 147 146 149 149 152 151 150 150 151 152 153 153 153 153 152 152 152 151 150 148 147 145 141 135 131 128 126 123 119 115 114 113 113 111 112 114 117 119 121 121 121 120 114 112 109 106 102 99 98 94 92 103 127 142 138 126 107 93 93 98 99 101 104 107 110 115 123 127 129 131 132 133 130 126 122 119 119 121 122 125 129 133 134 133 131 131 136 140 140 137 136 137 135 133 132 132 132 131 128 126 126 122 115 116 117 112 104 105 102 96 83 78 87 85 77 73 74 73 77 91 98 93 96 107 92 83 82 108 122 110 95 89 88 104 109 90 97 110 117 118 114 112 118 133 123 82 74 102 89 77 108 125 123 119 108 92 95 111 111 105 108 108 107 104 91 92 93 85 91 85 97 90 85 86 84 73 68 67 64 63 75 73 74 72 70 73 61 55 48 33 26 31 46 57 70 80 90 100 118 124 137 142 153 155 152 153 151 152 151 154 158 158 161 157 157 157 149 140 142 146 134 120 121 129 130 132 137 132 128 129 126 103 119 135 131 134 117 98 94 114 119 122 113 113 115 115 112 119 142 147 143 140 150 143 145 146 146 140 136 150 147 138 150 149 142 139 146 148 146 146 153 146 143 132 114 109 119 124 124 125 133 129 130 121 111 113 128 138 133 136 141 141 140 139 138 136 130 118 105 96 99 106 113 120 122 123 127 133 135 136 136 140 144 148 145 141 140 147 151 149 147 144 133 127 128 131 131 125 119 114 112 115 118 125 127 122 117 120 130 134 131 129 130 129 133 137 134 130 128 129 130 130 129 129 128 126 125 123 122 121 121 123 127 126 117 109 106 105 103 101 98 95 92 86 82 81 80 79 80 81 83 86 88 91 92 94 96 98 99 100 101 102 103 104 105 106 107 107 107 109 110 109 109 110 110 110 110 107 107 106 107 106 106 106 106 106 105 105 104 103 102 101 102 102 102 102 100 100 99 101 100 99 99 98 96 96 97 96 95 93 94 94 93 93 93 92 92 91 89 91 90 88 88 91 56 0 0 0 0 0 0 0 0 0 0 0 0 0 0 0 0 0 0 
0 0 0 0 0 0 0 0 0 0 0 0 0 0 0 0 0 0 63 105 101 99 93 94 98 96 90 83 81 81 82 81 78 74 73 75 78 82 90 97 96 96 96 86 95 101 96 114 119 107 115 107 96 101 94 91 95 98 107 116 125 130 135 135 138 141 144 147 147 149 153 152 150 150 150 149 150 152 153 153 152 152 151 150 150 149 148 145 140 136 132 129 126 124 119 115 112 112 112 112 111 112 113 114 116 119 121 119 117 114 111 107 102 98 96 95 92 90 90 105 134 149 139 125 111 104 105 106 108 110 111 113 117 120 125 127 130 132 132 130 127 125 124 124 124 124 126 132 136 136 133 131 132 139 143 141 138 137 136 135 135 133 132 133 132 129 127 124 119 118 119 119 110 103 109 102 90 82 87 94 97 81 60 63 74 81 103 118 111 107 93 85 88 81 91 105 100 89 96 105 100 78 76 97 106 105 109 108 104 123 135 127 107 112 121 97 86 99 107 104 110 115 91 79 92 104 115 114 117 119 120 115 110 111 111 111 101 99 88 90 89 79 76 71 73 78 79 80 80 81 74 66 55 52 48 32 27 32 43 54 66 78 89 106 125 132 138 151 158 154 153 152 149 150 148 153 156 159 158 155 154 147 136 142 141 135 129 125 123 127 130 136 141 139 136 129 127 128 134 129 116 130 108 106 112 120 123 123 119 121 121 117 120 138 149 147 137 138 151 145 147 142 149 141 141 142 138 141 147 139 139 136 143 152 147 149 151 142 142 138 123 121 125 127 125 127 130 128 127 122 125 131 136 134 136 137 138 138 137 139 136 134 124 111 109 112 106 101 106 118 120 123 129 136 139 138 140 144 150 155 156 152 152 157 158 158 156 152 146 137 137 138 139 136 129 121 115 116 122 128 132 130 125 127 133 135 135 131 127 126 123 126 131 132 129 128 128 129 128 128 128 129 126 126 125 124 123 122 120 120 124 124 118 110 106 104 102 97 93 87 85 82 81 81 82 82 83 86 88 91 91 95 96 98 100 100 101 102 103 104 105 105 106 107 108 109 110 109 111 110 111 111 109 109 108 107 107 106 107 106 106 105 105 105 104 104 104 103 103 103 102 103 102 101 101 101 101 100 100 98 98 96 97 96 95 94 94 95 94 94 94 93 93 92 90 90 90 89 89 90 12 0 0 0 0 0 0 0 0 0 0 0 0 0 0 0 0 0 0 
0 0 0 0 0 0 0 0 0 0 0 0 0 0 0 0 0 10 95 93 95 96 92 91 93 93 92 85 83 81 80 80 78 79 79 77 78 80 83 91 96 97 91 85 76 70 70 61 75 92 91 110 125 122 133 131 118 120 119 117 124 128 132 138 140 141 144 146 147 150 152 152 153 153 151 149 150 152 153 153 153 152 150 148 148 149 146 144 143 138 133 129 127 125 122 118 114 112 113 113 111 110 110 109 111 114 118 118 118 116 112 108 102 97 94 93 92 91 90 89 89 107 139 151 141 125 117 111 112 114 115 117 117 118 118 119 122 125 128 130 130 130 129 130 129 127 128 130 133 135 137 136 134 136 142 143 140 138 136 135 135 135 135 135 135 133 130 126 122 120 120 119 115 106 109 117 107 88 80 83 88 92 78 66 83 86 94 114 120 99 90 72 76 74 71 91 109 92 91 108 107 94 79 85 90 93 108 108 104 111 131 134 118 111 127 128 124 119 92 77 86 90 94 92 92 91 100 106 103 113 121 121 117 113 102 92 87 85 89 82 75 78 80 84 84 84 86 86 86 74 68 59 49 43 45 32 29 38 54 58 63 83 105 116 128 130 135 145 150 153 148 151 152 159 161 166 163 161 159 153 147 138 132 136 131 135 132 131 134 138 142 146 136 124 113 126 131 131 121 120 113 102 97 95 101 106 118 130 133 119 108 112 127 138 153 141 128 145 148 152 150 147 149 143 140 138 135 147 136 135 139 139 144 148 143 145 145 137 139 128 116 122 128 125 125 131 128 126 127 132 133 134 137 136 138 137 137 135 139 141 134 126 120 118 124 113 99 100 107 114 119 119 122 130 133 135 138 143 145 148 150 145 147 150 155 157 156 153 152 146 141 139 138 139 136 128 120 120 127 132 130 127 126 133 136 138 137 136 133 128 126 127 129 132 133 132 130 128 129 131 130 130 128 126 124 125 126 124 123 120 118 119 123 124 115 107 103 100 96 91 87 84 84 84 85 85 85 87 88 91 93 96 97 98 100 100 101 102 103 104 105 105 106 107 109 109 109 110 111 110 111 110 109 110 110 109 108 108 107 107 106 107 106 105 105 105 104 104 103 103 103 103 102 103 101 102 101 101 100 98 98 98 98 97 97 97 97 96 95 95 95 93 93 92 92 92 90 88 92 60 0 0 0 0 0 0 0 0 0 0 0 0 0 0 0 0 0 0 0 
0 0 0 0 0 0 0 0 0 0 0 0 0 0 0 0 0 54 90 85 86 91 89 86 88 90 90 88 85 82 80 80 78 79 81 80 78 76 78 85 92 98 98 91 86 80 72 64 60 62 66 68 81 98 106 123 135 134 141 144 137 141 142 139 142 143 143 145 147 149 153 154 155 156 154 152 151 151 153 153 152 153 150 147 146 146 146 144 143 139 135 131 128 126 124 121 118 114 114 114 112 111 109 108 108 111 114 117 118 115 112 108 103 97 95 91 91 90 89 88 88 91 94 112 143 158 142 124 117 115 117 122 124 123 121 118 118 120 123 125 127 127 128 132 133 132 132 130 130 130 133 135 137 134 136 139 140 139 139 137 134 134 134 135 135 136 133 130 126 122 123 122 119 113 106 109 116 113 96 86 85 96 98 79 69 81 93 109 123 117 105 94 91 88 74 73 88 95 86 99 90 91 110 112 97 95 115 118 112 106 104 124 128 103 98 121 130 129 127 110 97 104 105 99 90 81 85 92 95 91 104 111 109 112 109 105 105 109 100 77 77 84 83 74 71 75 81 78 64 63 61 53 48 40 39 37 37 46 61 70 71 81 104 116 119 122 111 125 130 140 143 152 159 160 163 160 156 156 149 146 146 138 136 136 131 127 131 131 139 140 139 127 107 107 127 137 136 129 126 127 105 94 93 83 87 106 123 133 127 97 98 118 130 144 139 130 136 148 149 159 151 149 143 136 138 144 145 147 134 142 141 140 144 142 131 129 136 136 138 123 115 125 124 125 126 130 127 125 129 136 137 136 138 136 135 135 135 135 139 136 127 125 128 121 113 108 107 112 118 123 121 123 124 125 131 139 147 145 144 146 146 147 149 152 153 156 156 154 157 153 148 145 144 144 145 140 134 132 136 136 129 123 122 123 129 135 133 133 133 134 134 134 135 136 135 135 134 135 132 130 132 132 131 129 128 127 126 125 125 123 121 119 118 119 122 122 113 103 97 94 91 89 87 87 88 88 89 91 91 92 94 96 98 98 100 100 100 101 102 103 105 106 107 107 109 110 110 110 111 111 111 110 108 109 110 110 107 108 107 108 107 106 107 107 106 105 104 104 104 104 103 103 103 103 102 103 101 102 100 100 99 99 99 98 98 99 97 96 95 96 95 95 94 94 94 93 91 90 92 14 0 0 0 0 0 0 0 0 0 0 0 0 0 0 0 0 0 0 0 
0 0 0 0 0 0 0 0 0 0 0 0 0 0 0 0 9 93 86 80 80 84 84 82 84 88 89 87 85 82 79 76 74 76 80 79 78 76 76 82 88 95 97 96 96 92 85 76 70 68 67 70 74 84 97 103 111 121 125 132 142 143 149 157 154 152 154 149 148 150 151 154 157 156 156 154 153 152 153 154 153 151 150 149 147 146 147 143 141 140 136 133 131 128 126 124 123 118 117 115 114 114 112 109 109 110 111 115 116 115 113 109 104 99 97 92 91 88 87 88 88 88 92 93 96 117 146 159 143 123 118 123 127 128 128 125 124 122 121 122 124 126 127 129 132 134 135 134 132 128 129 132 134 134 134 137 141 142 144 142 137 136 134 134 135 136 134 132 129 126 122 121 120 118 111 104 107 116 112 107 103 100 104 101 94 92 91 105 118 114 115 105 105 115 96 66 72 93 102 98 106 94 100 119 123 101 104 113 108 105 83 82 103 112 101 102 113 121 117 123 122 115 115 110 101 106 98 86 90 96 101 114 112 111 107 99 96 92 97 90 88 90 85 85 79 91 84 77 68 63 58 54 45 37 39 37 44 50 61 70 80 85 95 108 119 136 138 138 152 153 158 157 163 160 161 158 152 149 147 145 145 140 139 138 135 133 150 148 137 140 137 125 118 131 139 138 130 129 133 130 117 108 106 124 117 118 120 123 95 88 111 132 131 132 126 131 144 145 151 154 149 144 140 133 142 144 151 143 146 148 139 138 142 141 124 127 131 137 134 125 122 127 122 124 126 130 130 130 135 138 138 137 137 135 135 131 135 138 137 132 126 125 120 114 110 110 109 114 119 123 124 128 131 132 135 135 139 146 150 149 150 150 150 149 147 151 154 156 155 153 150 146 145 145 142 145 144 142 142 138 134 129 122 117 121 127 129 130 132 134 137 137 134 135 138 137 137 137 138 137 135 134 134 132 132 132 131 129 127 125 123 121 121 119 118 117 118 118 110 98 94 95 93 90 91 91 93 95 94 94 96 98 99 98 99 101 102 102 102 104 105 107 106 108 109 109 110 111 112 110 111 109 110 108 110 109 109 109 108 108 108 107 106 105 105 106 106 105 104 103 104 103 102 103 104 103 103 102 101 101 101 101 100 99 99 99 98 96 97 97 97 96 95 96 94 94 92 95 65 0 0 0 0 0 0 0 0 0 0 0 0 0 0 0 0 0 0 0 0 
0 0 0 0 0 0 0 0 0 0 0 0 0 0 0 0 63 104 92 87 84 83 84 84 85 87 86 85 86 84 78 74 70 70 73 76 76 77 77 79 82 88 93 98 103 103 96 90 85 79 73 73 77 84 96 105 110 117 122 126 130 133 136 141 150 152 156 162 160 157 159 157 157 158 158 157 155 154 152 152 154 152 151 149 149 148 147 145 142 141 139 135 132 130 127 125 125 123 121 119 118 116 114 112 111 111 113 115 117 116 114 111 106 101 98 94 92 88 87 86 85 84 87 89 91 95 104 122 151 163 142 122 124 129 132 131 130 127 124 123 123 125 128 129 130 133 136 138 137 134 134 133 132 133 134 135 139 143 145 144 142 140 136 133 135 135 134 134 131 129 125 121 119 119 119 110 100 106 113 113 113 108 101 102 104 107 100 102 124 126 112 100 91 110 113 92 83 82 92 89 93 89 92 104 119 108 67 74 96 100 97 95 95 107 117 114 113 125 139 134 134 119 106 109 107 90 91 99 102 129 128 105 111 105 92 83 82 92 86 83 81 79 86 81 78 70 66 72 72 71 54 49 42 42 40 38 41 47 64 73 88 92 93 107 124 134 144 148 156 156 154 157 159 161 159 156 150 141 139 138 142 144 140 135 135 141 143 133 133 143 135 118 114 119 123 121 122 114 127 127 129 140 157 150 133 114 108 104 99 110 124 126 124 126 129 133 139 140 147 146 142 146 145 142 142 143 151 143 152 149 133 135 143 139 126 127 132 135 129 121 121 117 119 125 128 130 132 134 135 139 140 137 136 135 136 136 140 141 136 132 129 121 119 118 120 116 117 121 124 128 130 130 131 134 135 134 133 134 139 141 139 141 143 142 140 146 149 150 148 149 149 145 142 142 139 138 140 141 139 135 134 131 129 124 119 121 124 127 128 131 135 140 140 136 136 137 137 138 138 139 141 140 138 136 135 135 134 134 133 130 128 126 122 120 119 115 113 112 114 114 106 99 96 96 96 96 96 96 96 96 97 97 99 99 100 101 102 104 105 104 105 106 106 108 108 109 111 111 112 112 111 111 111 110 110 110 110 108 108 108 107 107 108 107 105 105 106 106 105 104 104 104 104 104 104 104 104 102 101 102 102 102 102 101 101 100 98 98 97 97 96 95 94 95 95 95 94 98 16 0 0 0 0 0 0 0 0 0 0 0 0 0 0 0 0 0 0 0 0 
0 0 0 0 0 0 0 0 0 0 0 0 0 0 0 9 110 107 103 99 95 91 90 89 88 88 86 86 89 87 81 76 71 68 68 68 70 73 75 76 80 83 87 95 102 104 104 102 98 92 84 80 81 86 96 107 114 119 122 127 131 133 134 136 138 142 147 151 156 159 159 163 166 163 164 163 158 156 154 153 153 153 152 149 149 150 148 147 145 142 140 137 135 132 130 128 128 126 124 123 123 122 119 118 116 113 113 116 120 118 116 114 110 106 100 95 91 89 87 85 83 82 83 86 88 91 95 103 115 132 154 158 143 128 127 130 131 131 131 128 126 127 129 131 132 133 135 137 139 138 138 138 135 133 133 133 135 140 143 143 143 142 140 135 134 135 135 133 130 129 126 124 121 120 122 120 106 100 105 102 107 117 106 96 101 115 116 103 108 129 127 111 83 90 116 109 100 106 101 81 70 85 106 100 90 111 131 117 104 94 116 129 110 98 109 136 133 119 122 136 138 124 113 112 125 105 71 75 86 79 92 103 102 114 106 98 94 93 95 92 97 97 92 89 74 70 71 71 70 60 50 48 52 55 46 38 41 45 61 77 93 110 115 128 135 135 149 159 160 157 150 151 150 154 155 148 142 146 143 143 140 135 128 129 133 136 131 133 141 136 121 114 120 132 118 112 113 111 113 118 127 144 151 121 121 119 114 129 138 135 129 127 129 126 132 136 137 145 147 141 143 153 151 146 141 145 142 142 147 141 131 134 141 132 119 124 134 133 120 113 115 114 124 135 131 134 133 136 138 139 138 137 138 140 142 144 141 137 132 133 129 125 121 120 119 114 114 117 117 119 120 118 121 123 126 128 126 123 124 127 127 129 133 135 141 144 145 145 143 145 145 144 144 140 136 139 141 141 139 134 130 128 128 126 121 118 121 125 127 129 132 138 142 141 140 139 140 140 140 140 141 142 141 139 138 137 136 136 136 135 132 131 128 125 123 119 114 111 111 112 113 111 105 100 99 99 98 98 98 98 99 98 99 100 102 102 101 101 104 105 106 106 107 108 109 110 110 111 111 112 112 112 111 111 111 110 109 108 108 108 109 108 108 107 107 107 106 106 106 104 104 105 105 105 104 104 104 103 103 103 102 102 102 101 101 99 98 99 99 99 98 97 96 96 96 95 97 69 0 0 0 0 0 0 0 0 0 0 0 0 0 0 0 0 0 0 0 0 0 
0 0 0 0 0 0 0 0 0 0 0 0 0 0 0 60 115 110 110 110 106 101 97 96 94 92 89 88 91 91 86 81 76 71 69 68 68 69 70 72 74 77 80 87 95 100 104 106 106 104 98 91 90 91 98 108 118 123 126 130 131 134 138 138 139 141 144 148 150 151 153 152 156 162 162 167 171 165 160 159 154 152 152 152 151 151 148 147 147 145 143 139 136 133 131 131 129 128 126 125 126 125 124 123 120 117 114 116 117 118 118 117 114 109 102 96 92 90 87 85 82 81 81 84 87 89 93 99 105 113 128 143 156 156 141 129 128 131 132 132 134 131 131 134 136 136 135 135 138 136 138 139 139 135 132 131 133 136 141 142 144 144 143 140 136 135 136 134 130 130 129 126 125 123 123 125 121 110 107 107 99 107 111 96 96 107 110 104 90 107 126 124 97 77 102 112 101 97 107 95 74 68 95 116 115 108 117 124 133 111 91 108 115 104 93 108 134 142 135 124 121 116 107 100 94 99 101 92 82 73 74 76 93 98 109 104 107 97 98 100 80 80 75 68 70 70 75 74 69 51 50 59 71 62 44 41 55 55 56 58 89 107 117 127 134 140 148 158 160 156 156 153 154 154 148 142 141 142 141 137 132 138 138 130 130 131 134 143 146 144 138 133 129 117 111 118 120 108 114 118 119 126 125 109 122 120 127 145 142 132 134 136 131 130 136 135 145 151 146 143 142 149 148 146 143 139 138 145 142 136 136 136 132 122 113 119 132 128 113 110 114 123 135 140 136 138 137 140 141 138 136 140 145 146 145 140 133 131 125 126 122 117 113 111 108 103 104 103 104 105 107 105 104 109 113 118 120 122 125 124 125 127 134 135 137 140 140 140 141 139 142 145 149 150 143 140 142 142 140 136 130 125 123 124 126 120 119 123 126 127 129 133 138 143 146 145 147 146 144 142 139 139 139 138 138 136 135 136 137 137 135 133 131 129 126 124 120 117 112 112 113 114 113 108 103 101 101 101 100 100 102 101 100 101 102 102 101 102 103 104 105 106 107 108 109 110 111 111 112 112 112 112 112 111 111 110 109 109 108 107 108 109 109 107 107 108 108 107 107 106 106 107 105 105 105 103 103 103 104 104 103 102 102 101 101 100 100 99 99 99 99 99 98 98 96 96 101 18 0 0 0 0 0 0 0 0 0 0 0 0 0 0 0 0 0 0 0 0 0 
0 0 0 0 0 0 0 0 0 0 0 0 0 0 6 96 103 107 111 113 112 108 105 102 100 100 94 89 90 92 91 88 83 79 75 74 71 69 68 66 66 68 72 79 85 91 98 105 112 112 107 104 101 102 106 113 124 130 133 134 135 135 137 139 139 141 143 147 149 151 151 150 152 153 155 157 160 166 167 164 166 165 156 155 154 151 149 147 147 145 144 142 139 134 132 131 130 130 129 128 126 125 124 124 121 119 116 114 113 114 116 116 115 112 108 102 96 92 88 85 83 83 83 86 87 87 93 101 106 108 111 119 137 152 156 149 137 128 127 130 131 132 135 136 136 137 137 136 136 135 136 139 141 140 137 134 134 133 134 138 141 144 143 141 139 135 135 132 132 132 130 128 127 126 126 126 124 120 110 108 102 97 110 105 99 108 105 103 104 94 104 121 117 83 79 109 110 106 105 113 101 66 73 98 106 107 87 97 103 103 91 91 107 110 95 90 100 113 116 123 125 113 108 100 97 106 118 119 114 109 112 107 95 96 101 109 103 108 101 91 83 86 86 83 75 79 77 71 63 56 61 67 77 61 53 44 45 55 67 66 74 97 110 119 124 130 138 143 149 153 154 153 156 148 142 141 141 140 135 134 144 151 134 127 128 135 137 137 137 138 125 128 122 128 136 128 104 103 122 122 110 111 116 94 108 124 128 132 133 133 129 134 135 145 140 135 142 150 148 144 138 146 142 145 139 137 142 143 134 128 135 131 125 118 114 119 125 119 111 113 122 133 141 140 139 142 141 141 140 139 140 145 144 138 133 128 122 117 110 108 104 100 90 87 82 79 78 81 80 81 80 76 82 87 97 103 109 119 128 134 130 128 133 136 136 134 136 139 140 138 134 134 140 141 144 148 148 145 142 142 140 132 126 125 125 124 123 123 123 123 125 128 133 139 143 148 150 150 149 147 142 140 136 136 138 140 137 136 137 137 136 135 134 132 129 126 125 122 118 115 113 112 114 117 113 107 104 104 103 102 103 103 102 103 103 102 103 103 103 103 104 105 106 108 109 110 111 112 113 112 111 112 112 111 111 110 110 110 109 108 108 109 109 108 108 108 108 107 108 107 107 105 105 106 105 104 103 104 105 104 102 102 103 103 101 101 102 101 100 100 101 99 99 99 98 101 72 0 0 0 0 0 0 0 0 0 0 0 0 0 0 0 0 0 0 0 0 0 0 
0 0 0 0 0 0 0 0 0 0 0 0 0 0 47 95 94 100 106 109 110 110 109 108 105 103 97 90 89 90 92 91 91 85 81 80 77 72 70 66 62 61 66 73 78 81 86 96 106 111 113 112 111 111 114 119 126 133 137 141 141 139 139 141 142 142 144 146 148 150 152 153 153 153 152 155 156 156 158 161 160 162 168 165 161 161 157 150 149 146 144 142 139 136 131 129 129 130 129 127 126 124 122 122 122 120 118 115 111 111 113 114 115 114 112 107 101 96 91 86 83 84 84 85 86 89 95 102 107 107 109 110 114 125 147 160 154 142 132 128 127 128 131 133 135 136 136 136 134 135 135 136 137 138 139 139 139 134 135 135 137 142 141 140 139 136 135 133 133 134 131 130 129 127 126 126 124 125 119 112 114 109 106 103 97 102 102 92 103 105 102 105 115 103 68 84 120 126 102 71 94 101 74 75 101 114 91 90 102 107 107 100 105 116 113 105 85 73 89 103 117 111 101 106 104 105 120 123 128 115 113 90 84 92 97 102 93 77 86 90 89 91 84 80 82 85 76 74 71 74 61 70 74 59 52 46 48 54 60 73 87 104 117 120 121 129 136 134 138 144 145 146 145 139 133 133 130 132 136 145 149 145 132 132 139 132 126 118 122 134 138 134 131 132 128 117 101 128 137 137 131 125 124 117 137 139 126 117 127 123 123 138 144 148 144 138 140 145 151 147 147 145 142 141 136 141 142 136 125 132 136 131 124 121 120 119 118 111 113 124 133 141 143 141 141 142 141 141 137 138 140 138 132 120 113 103 95 82 78 68 64 53 48 43 43 44 44 46 50 48 46 48 52 60 65 72 81 90 107 120 123 126 126 125 124 125 132 138 141 141 138 135 133 132 134 142 148 150 146 143 142 139 133 126 123 123 126 125 123 122 122 126 131 137 140 142 146 149 150 148 146 143 140 138 137 138 142 142 140 138 137 137 136 135 132 130 129 125 122 119 117 115 112 114 118 119 113 107 105 105 105 105 104 104 105 104 105 104 104 104 105 106 107 108 110 111 112 113 114 113 112 112 113 111 112 112 110 109 109 109 109 108 108 108 108 108 107 107 108 107 107 105 107 107 107 106 104 104 106 106 105 104 104 105 102 102 102 102 102 101 101 99 99 99 99 103 22 0 0 0 0 0 0 0 0 0 0 0 0 0 0 0 0 0 0 0 0 0 0 
0 0 0 0 0 0 0 0 0 0 0 0 0 4 84 83 84 90 96 99 102 104 107 108 107 103 96 90 87 88 89 90 91 89 87 85 82 79 75 70 63 59 62 67 74 76 81 86 93 101 107 112 114 114 118 122 127 133 139 143 145 144 143 142 143 143 145 146 147 149 151 152 153 153 153 153 156 158 158 158 157 155 154 157 160 159 166 166 158 154 151 145 140 138 132 128 128 129 127 125 124 122 122 121 121 121 120 116 112 111 111 111 111 112 111 107 104 98 93 89 84 83 84 86 90 94 97 101 106 108 110 110 112 116 119 130 152 164 153 135 128 126 127 128 130 134 136 135 133 134 133 132 133 135 137 137 137 138 138 138 137 140 141 138 139 138 136 134 134 135 134 134 133 129 126 123 120 122 126 120 115 112 107 106 97 98 100 86 86 97 105 99 92 114 110 91 105 132 132 91 64 86 89 64 83 119 118 101 101 120 139 131 127 133 123 109 116 116 100 95 109 119 104 109 123 101 102 117 114 120 108 115 116 122 107 103 93 91 90 87 83 78 75 75 73 77 74 76 77 80 61 58 62 54 51 65 62 63 67 68 83 103 116 120 126 130 128 127 136 140 142 143 146 143 138 123 126 132 140 135 143 141 143 142 134 136 134 131 131 134 131 127 126 126 126 129 133 133 130 120 129 132 135 131 123 113 106 120 132 127 124 138 145 152 143 140 144 150 155 151 150 148 148 137 139 143 142 135 126 130 139 137 121 121 124 121 112 112 124 134 140 146 142 139 140 139 138 136 134 133 129 116 100 86 71 61 50 43 35 30 22 18 14 14 13 13 17 21 30 34 35 38 45 49 51 53 55 61 68 80 90 99 105 111 115 116 124 131 135 138 140 142 141 136 133 136 142 148 148 144 141 138 131 126 124 122 121 123 122 123 123 127 133 139 140 140 142 144 146 148 148 147 147 144 142 142 142 143 144 141 139 140 138 136 134 133 131 128 126 124 122 118 117 115 114 115 118 115 109 107 107 106 105 105 105 105 105 105 105 106 106 107 108 109 110 111 112 113 114 114 113 112 112 112 113 112 111 111 109 109 109 109 109 108 109 109 108 107 108 108 107 107 108 108 108 107 106 105 106 106 105 105 105 105 103 103 102 103 103 103 102 100 100 99 102 76 0 0 0 0 0 0 0 0 0 0 0 0 0 0 0 0 0 0 0 0 0 0 0 
0 0 0 0 0 0 0 0 0 0 0 0 0 41 86 78 77 81 87 92 93 97 101 103 103 99 95 88 84 82 83 87 89 90 88 86 85 82 78 73 69 66 65 68 72 75 81 84 85 89 96 103 109 112 116 120 125 130 136 142 144 145 144 143 144 145 146 146 148 149 151 151 152 153 154 155 155 157 158 158 157 156 154 152 152 152 153 156 163 162 161 164 157 144 138 132 127 126 124 122 121 120 119 119 120 121 120 117 114 112 110 109 108 109 108 105 103 100 97 92 85 82 84 86 90 95 98 102 108 110 111 111 113 116 118 119 121 134 156 166 149 129 123 124 125 127 129 132 134 135 133 132 132 134 136 137 136 136 137 139 138 138 140 139 139 139 139 135 134 136 135 137 136 131 128 119 118 114 119 126 123 115 113 112 103 97 101 107 83 81 96 110 106 105 121 120 128 141 135 102 97 114 105 75 72 96 115 126 113 98 109 140 157 154 151 136 111 101 118 118 114 128 119 109 107 120 112 125 123 124 119 120 119 112 98 94 92 86 80 82 83 84 80 79 84 82 69 73 80 78 56 49 59 58 55 64 58 56 60 68 87 100 102 110 119 113 121 122 129 127 135 140 142 141 128 118 126 137 139 130 127 135 135 124 122 131 130 127 125 126 127 124 130 130 131 137 136 124 121 127 124 120 118 112 117 122 132 123 122 116 122 138 149 153 142 144 145 156 153 149 151 150 144 136 141 137 141 139 132 131 138 136 121 122 126 118 115 125 136 142 147 147 140 137 137 135 134 131 124 112 95 76 63 49 43 38 32 25 18 15 12 10 9 11 11 8 9 17 28 35 37 42 48 51 52 52 53 53 53 53 55 58 69 81 96 116 125 128 132 136 142 148 151 147 142 141 139 143 149 151 147 142 134 129 126 125 125 125 125 125 126 129 132 137 140 143 143 141 143 146 148 149 151 149 149 147 146 146 146 146 144 141 139 139 137 136 133 131 129 127 125 122 120 118 116 116 116 118 116 112 109 107 107 106 107 107 105 105 106 107 107 108 109 111 111 112 113 114 114 113 112 112 113 113 112 112 111 109 110 110 110 109 109 108 109 108 108 108 108 108 108 108 108 107 107 107 107 106 107 106 106 106 106 104 104 104 104 104 103 103 102 102 102 101 105 25 0 0 0 0 0 0 0 0 0 0 0 0 0 0 0 0 0 0 0 0 0 0 0 
0 0 0 0 0 0 0 0 0 0 0 0 3 82 82 80 77 79 85 89 89 91 94 97 96 92 89 85 80 76 78 82 84 86 86 83 84 82 78 73 69 68 70 73 73 74 82 88 88 85 88 92 99 106 113 119 123 128 132 136 139 142 143 144 145 145 147 147 148 148 149 149 152 153 152 154 155 157 157 158 157 156 154 153 152 151 150 150 150 152 155 155 162 167 157 148 144 133 124 122 119 118 117 115 116 118 118 118 117 115 111 109 108 105 104 102 101 100 97 93 89 87 86 85 83 86 93 101 107 109 110 112 114 116 117 118 120 122 127 140 160 165 146 126 123 125 126 130 132 135 136 136 136 136 137 137 136 134 134 136 138 139 139 140 139 138 139 135 133 136 139 139 137 131 128 122 118 117 118 124 129 122 115 118 113 98 97 112 99 87 92 100 105 109 117 132 138 143 147 119 96 119 132 109 82 89 92 85 96 107 107 107 132 148 145 141 146 121 90 87 97 117 115 124 123 122 131 114 115 111 116 112 103 94 103 98 92 86 81 86 77 79 85 88 81 70 63 67 68 66 52 63 62 56 58 52 52 54 58 70 84 95 91 99 111 115 113 117 127 127 126 128 137 133 131 132 132 145 144 129 137 139 141 129 128 120 108 105 112 123 123 131 127 120 122 130 133 126 121 116 118 117 112 124 135 132 117 109 116 112 131 141 149 149 143 142 145 155 146 138 153 146 140 137 139 137 143 141 135 130 134 131 131 132 129 128 130 141 145 147 150 148 142 137 136 131 121 108 92 73 61 53 47 44 40 35 31 31 31 24 19 17 20 21 19 15 12 17 30 36 41 46 50 53 56 58 60 57 55 50 47 44 39 45 63 87 110 126 134 138 143 148 151 151 151 150 145 145 148 154 152 148 142 135 130 128 128 130 131 130 131 132 132 134 139 143 144 145 143 144 147 149 150 150 150 150 149 149 149 149 150 147 143 142 141 139 135 134 132 129 126 125 123 121 120 118 116 115 120 122 116 110 108 109 109 107 107 105 106 106 107 108 109 111 112 113 113 115 114 113 113 112 112 112 112 112 111 110 109 110 110 111 111 109 109 109 109 108 108 109 108 109 108 107 107 107 107 107 107 107 107 106 106 105 105 106 105 104 103 102 103 103 103 105 82 0 0 0 0 0 0 0 0 0 0 0 0 0 0 0 0 0 0 0 0 0 0 0 0 
0 0 0 0 0 0 0 0 0 0 0 0 44 94 86 85 83 80 84 88 90 89 88 91 92 90 84 81 79 77 77 80 81 82 82 82 82 81 75 69 66 67 71 75 74 75 81 87 89 89 86 87 93 102 112 119 124 128 132 135 134 135 139 144 145 146 147 149 149 148 147 148 149 151 152 153 155 157 156 155 155 156 155 154 154 152 151 150 149 148 147 147 145 145 154 157 155 159 153 135 125 120 114 110 110 112 115 118 118 117 113 111 109 107 105 102 100 100 97 95 91 88 83 79 76 79 84 92 100 105 108 111 114 116 118 119 121 121 123 128 137 148 160 160 144 130 126 127 131 133 135 138 140 139 137 137 136 134 133 134 138 141 139 138 139 137 137 138 134 135 138 138 137 134 132 128 122 119 120 119 126 135 135 126 116 104 90 101 122 120 114 120 112 108 113 123 125 126 129 125 107 106 115 110 95 100 91 88 98 121 126 109 122 139 151 135 112 124 114 105 89 91 102 96 124 134 137 133 128 117 121 113 105 93 104 111 94 90 91 90 80 74 77 73 61 63 58 57 54 60 63 70 70 55 60 50 49 55 61 71 79 84 102 110 120 120 118 115 120 123 124 137 143 144 139 144 143 137 138 130 123 126 125 134 129 128 122 120 118 127 130 131 122 121 119 118 125 119 114 113 114 116 106 106 132 115 111 104 114 129 141 141 144 144 152 142 150 152 139 140 150 142 142 137 139 137 139 139 134 131 133 131 127 134 133 140 146 147 148 150 151 148 142 136 130 114 91 74 62 55 53 49 46 45 37 31 41 51 52 43 34 27 22 25 25 21 19 22 31 40 45 47 52 55 60 63 63 61 59 56 51 45 36 30 34 49 76 102 124 138 144 145 146 151 155 154 153 150 148 150 153 153 149 142 135 130 131 131 132 133 134 135 137 137 139 142 144 144 145 146 147 149 150 150 150 151 151 150 150 149 148 149 148 146 144 143 140 137 136 133 132 128 127 125 122 121 119 118 117 118 119 117 112 108 108 108 107 105 105 106 108 109 110 112 113 113 113 113 114 113 113 113 112 111 112 111 111 111 111 111 109 110 111 111 109 110 110 109 109 109 109 108 109 108 108 108 108 108 108 108 108 107 107 107 107 106 106 104 103 103 104 103 103 108 27 0 0 0 0 0 0 0 0 0 0 0 0 0 0 0 0 0 0 0 0 0 0 0 0 
0 0 0 0 0 0 0 0 0 0 0 2 87 92 91 91 91 87 86 89 90 89 86 88 90 90 87 83 79 76 77 81 81 79 79 80 81 80 75 68 64 64 67 71 75 76 78 82 88 91 90 91 93 100 111 119 126 131 134 136 135 136 136 140 144 146 148 149 149 149 148 148 148 149 151 152 154 155 155 154 155 155 155 155 155 154 152 151 150 149 147 147 144 143 140 140 144 145 150 162 157 141 132 123 114 110 113 117 118 117 116 115 113 110 107 105 102 100 99 98 92 85 78 74 72 71 75 80 87 96 101 108 112 115 119 121 122 123 125 125 125 131 144 156 160 153 140 130 129 131 132 136 140 140 138 137 137 137 135 133 135 139 140 139 138 136 136 140 138 136 135 140 138 136 132 129 128 122 121 117 123 133 139 135 122 111 103 100 105 112 120 130 126 121 119 108 99 100 102 113 121 109 108 115 115 110 107 91 92 104 129 127 132 130 132 154 150 138 142 130 144 133 118 120 116 121 126 119 109 107 95 100 92 109 117 99 76 78 97 104 91 69 66 59 69 76 63 67 74 65 60 72 54 50 55 55 52 56 59 64 75 94 96 100 97 101 100 105 110 113 115 123 134 141 146 149 148 144 142 133 128 129 133 132 138 130 126 131 137 143 134 129 120 124 118 121 120 119 130 132 126 120 123 128 130 112 112 119 120 117 123 128 133 140 143 136 145 146 136 147 141 145 143 137 136 137 138 134 126 132 136 134 130 129 133 143 148 148 151 152 151 145 135 123 106 85 64 58 57 54 50 48 43 35 27 27 50 67 64 57 47 33 25 24 24 21 20 24 33 43 48 52 55 59 63 66 64 62 62 59 57 49 40 29 24 30 43 66 95 120 136 145 150 152 154 154 154 153 151 146 149 153 153 149 141 135 132 130 129 131 135 136 137 140 143 144 146 147 147 148 148 148 150 150 150 151 151 150 150 150 148 149 149 148 146 144 142 140 138 137 135 132 130 128 125 123 122 121 118 117 117 118 116 112 110 109 107 105 106 107 109 110 111 112 113 114 113 114 114 114 114 115 114 113 112 111 113 112 111 111 111 111 110 110 111 110 110 109 109 109 108 108 109 108 109 109 108 108 108 108 108 107 107 106 107 106 105 105 105 104 104 103 105 85 0 0 0 0 0 0 0 0 0 0 0 0 0 0 0 0 0 0 0 0 0 0 0 0 0 
0 0 0 0 0 0 0 0 0 0 0 42 99 95 97 99 98 98 95 93 91 89 86 86 87 87 87 85 81 78 80 82 82 82 80 79 81 81 77 70 66 62 63 69 75 79 81 83 88 93 95 96 96 98 107 116 124 132 136 137 137 137 138 140 142 144 147 148 149 149 149 149 149 150 151 152 152 152 152 153 154 154 154 155 154 155 154 151 150 149 148 147 145 145 143 140 137 137 135 134 145 158 155 149 148 132 116 117 119 117 118 119 119 116 113 109 107 104 102 98 93 86 79 75 71 68 69 71 75 81 90 100 107 111 116 122 124 125 125 125 125 126 130 139 152 162 159 149 140 135 135 135 137 138 137 137 140 141 139 136 134 136 140 140 137 137 138 139 140 138 136 140 140 137 132 130 133 131 124 124 126 129 137 140 135 114 106 108 109 106 102 108 124 129 128 125 104 85 93 105 116 122 133 118 114 117 108 101 84 82 101 103 118 126 108 119 127 131 126 121 115 134 133 122 135 136 125 126 109 100 108 105 113 110 91 76 85 98 101 94 88 77 74 77 79 59 60 76 72 63 67 68 42 47 57 48 44 44 57 68 71 77 81 86 84 82 95 103 111 109 115 120 133 147 146 140 141 130 131 134 126 121 130 118 122 125 126 130 133 127 126 128 121 125 128 123 118 130 130 118 103 108 129 124 105 113 120 130 124 124 117 119 129 136 132 126 137 144 142 141 139 148 140 132 134 130 134 132 125 127 132 134 128 125 133 145 149 151 153 152 146 135 115 95 76 64 59 57 55 52 48 45 36 24 16 27 56 71 70 62 54 39 26 23 22 21 20 24 35 47 52 56 57 59 65 67 67 66 65 62 62 55 45 33 25 22 27 37 58 85 110 133 146 151 152 153 154 155 153 149 149 152 153 150 147 141 134 131 130 131 135 139 137 140 141 144 147 148 150 152 151 152 152 153 153 151 151 150 150 151 150 149 149 149 149 147 144 144 141 139 138 136 133 129 127 126 124 122 120 118 115 115 118 118 113 109 106 105 106 108 109 111 112 113 114 113 113 114 115 115 114 114 114 113 113 112 112 112 112 112 111 110 110 111 111 110 110 109 109 109 109 111 110 109 108 109 109 108 108 108 108 109 107 106 107 107 106 106 106 105 105 104 111 30 0 0 0 0 0 0 0 0 0 0 0 0 0 0 0 0 0 0 0 0 0 0 0 0 0 
0 0 0 0 0 0 0 0 0 0 0 87 97 100 100 100 103 106 104 101 96 91 88 84 82 83 84 84 84 81 84 84 84 86 86 85 84 82 79 75 70 67 68 70 75 83 88 90 91 93 97 102 103 104 107 113 121 130 138 139 140 140 141 141 141 142 145 147 149 149 150 149 151 151 152 153 152 151 151 152 154 154 155 155 154 154 153 152 151 149 149 148 147 146 144 142 139 137 136 135 133 132 140 148 149 157 160 144 129 127 121 118 121 120 119 116 111 107 103 100 97 91 84 78 73 70 70 71 72 77 84 90 99 106 112 119 124 127 127 127 127 129 131 132 134 141 159 169 162 149 142 139 137 137 138 137 140 142 143 141 137 136 138 141 139 136 135 138 142 141 135 137 143 139 135 131 134 139 130 126 129 129 133 140 138 120 103 110 115 108 107 107 102 105 119 123 125 117 116 110 109 112 116 107 97 115 120 116 122 118 100 103 110 119 121 111 122 129 131 133 135 128 127 120 116 115 118 108 123 124 125 121 113 104 97 98 109 104 105 91 97 79 75 75 70 60 62 77 71 64 69 59 45 45 46 46 42 50 50 59 69 74 78 78 80 82 100 112 116 108 98 108 115 126 132 130 135 141 132 142 138 123 125 131 133 130 132 132 132 134 133 141 138 125 123 136 123 120 115 97 92 112 117 118 119 115 112 119 120 118 119 127 131 131 128 126 137 145 140 133 142 140 128 125 126 113 120 126 123 122 131 130 125 127 139 148 150 152 152 148 136 115 89 70 63 58 58 58 54 52 47 40 27 14 11 27 59 76 73 67 58 42 28 22 20 20 22 25 38 50 56 59 59 61 65 68 68 69 68 69 67 61 51 39 29 22 24 27 32 49 74 100 126 143 148 149 150 154 156 156 155 153 151 149 150 147 139 132 131 134 137 140 141 140 140 141 142 145 149 151 152 154 154 155 155 155 154 153 153 152 152 151 150 149 150 149 148 146 143 141 139 137 135 131 130 128 127 123 122 120 117 115 114 116 114 109 107 105 106 107 109 110 111 113 113 114 113 113 114 115 114 113 113 113 113 113 112 112 111 111 111 111 111 111 110 111 110 111 110 111 110 110 111 110 109 110 110 110 110 109 108 108 108 107 106 107 107 106 106 106 106 108 88 0 0 0 0 0 0 0 0 0 0 0 0 0 0 0 0 0 0 0 0 0 0 0 0 0 0 
0 0 0 0 0 0 0 0 0 0 40 100 99 101 101 100 103 107 110 108 103 97 92 86 83 82 83 84 85 86 88 89 88 89 90 90 89 86 84 80 78 76 75 74 76 85 92 97 97 97 100 105 110 113 113 114 121 130 138 141 143 145 147 146 144 144 145 147 148 149 150 150 152 152 154 154 154 153 152 153 153 153 155 155 155 154 153 152 151 151 150 148 147 147 145 143 142 139 137 135 133 131 131 134 136 139 144 160 162 151 144 137 127 121 120 118 113 110 105 101 98 92 86 82 77 74 75 74 75 79 84 90 97 103 110 118 125 127 129 131 131 132 134 136 135 135 136 144 165 174 162 146 140 139 138 139 138 139 141 143 142 138 136 138 141 139 135 134 138 143 138 136 138 137 131 128 128 139 139 129 130 136 134 138 137 135 122 106 104 105 98 107 124 123 115 118 122 115 121 131 131 113 106 114 116 114 113 109 115 131 133 128 125 126 135 156 147 130 130 132 131 129 128 122 100 109 116 122 120 126 121 120 105 112 108 102 104 102 107 104 103 74 88 85 77 75 81 92 79 63 63 53 45 52 40 39 43 49 53 57 58 68 80 82 95 119 124 123 110 114 121 116 129 136 133 138 131 138 138 137 133 125 129 132 126 121 112 125 126 132 136 129 129 122 115 108 112 118 127 135 135 135 117 118 119 112 115 120 124 119 125 137 133 135 135 130 133 138 130 121 133 124 105 117 114 105 108 120 121 119 127 120 122 135 146 150 152 153 148 139 117 88 69 62 59 58 58 58 56 53 46 35 18 9 11 24 49 69 75 72 61 42 26 22 20 20 22 28 40 53 60 61 61 65 69 70 70 72 73 77 73 66 58 44 32 23 22 26 27 33 44 67 96 120 134 141 144 147 153 157 157 154 151 150 149 146 140 132 130 134 137 140 143 143 142 141 141 142 146 149 151 153 154 155 156 156 156 155 155 155 154 154 153 152 151 151 150 148 145 143 141 139 137 134 133 130 128 124 123 121 119 116 115 114 115 114 110 108 107 108 110 112 112 113 114 114 113 113 114 114 113 114 114 113 113 113 113 113 112 111 111 112 111 110 111 112 110 110 110 110 109 109 110 110 110 111 110 109 109 108 109 108 108 109 108 107 108 107 106 107 106 113 35 0 0 0 0 0 0 0 0 0 0 0 0 0 0 0 0 0 0 0 0 0 0 0 0 0 0 
0 0 0 0 0 0 0 0 0 0 84 94 94 97 99 98 99 103 108 109 108 103 97 93 90 86 85 86 88 89 94 95 93 91 91 92 91 88 86 84 84 83 83 81 81 86 91 97 100 101 103 109 116 120 121 121 126 132 139 142 144 149 151 152 150 149 147 148 150 150 151 152 152 153 154 155 156 154 153 153 154 153 154 154 155 155 154 154 153 152 149 148 148 147 146 144 143 141 139 136 134 132 131 132 131 132 134 133 139 152 157 153 155 147 127 119 115 109 105 101 99 91 86 83 78 75 75 75 79 81 85 91 98 103 108 115 121 128 129 132 134 135 136 138 139 138 137 138 138 148 167 173 161 145 140 141 139 136 140 144 144 140 135 135 139 141 138 135 136 140 140 139 138 137 134 130 131 140 148 141 132 132 136 136 134 131 134 126 118 115 110 102 115 133 127 116 122 119 111 112 134 140 123 121 124 114 103 94 77 95 121 114 115 130 120 110 131 141 132 134 140 133 130 125 119 119 122 109 98 98 108 111 115 126 120 103 79 87 96 106 103 101 110 101 79 74 83 81 71 51 51 50 44 47 44 39 44 54 70 66 66 79 86 89 105 115 121 111 107 109 119 125 133 143 138 134 136 136 134 124 117 116 124 127 126 130 124 125 127 121 113 113 116 122 128 131 125 132 136 126 123 120 120 123 126 114 126 123 133 135 135 134 127 131 137 131 140 134 119 116 121 116 112 120 119 111 110 118 113 117 119 123 133 144 151 151 151 152 142 117 90 69 61 60 59 59 56 57 54 50 40 26 12 8 11 19 41 65 76 74 59 39 24 22 22 23 23 32 44 57 65 65 65 69 72 73 73 74 78 80 77 72 65 52 37 23 22 28 31 33 38 51 71 94 114 129 138 143 149 155 159 157 154 152 147 144 141 134 128 130 135 137 142 144 145 145 142 143 145 147 150 152 153 154 156 157 157 158 156 155 155 156 155 154 153 152 151 150 147 144 142 140 138 137 136 133 130 127 124 122 120 118 116 114 111 112 113 110 109 109 109 111 113 113 114 114 114 113 114 114 114 115 115 114 113 113 113 112 112 112 113 114 111 110 111 111 110 110 111 111 111 110 110 110 111 110 110 110 110 109 110 109 109 108 109 109 109 109 107 107 109 92 0 0 0 0 0 0 0 0 0 0 0 0 0 0 0 0 0 0 0 0 0 0 0 0 0 0 0 
0 0 0 0 0 0 0 0 0 36 95 89 88 89 92 92 93 96 100 104 107 105 105 102 97 94 91 91 92 94 98 99 96 94 92 93 91 88 83 82 85 88 91 88 87 88 90 93 97 100 104 111 120 125 127 130 132 136 141 143 145 150 152 155 156 155 152 152 152 152 153 154 154 155 154 155 155 154 153 154 154 153 153 153 154 154 155 153 153 152 150 149 149 148 146 145 144 142 141 138 136 134 132 132 132 133 136 135 133 131 134 140 144 150 162 152 133 125 114 103 98 91 86 82 76 74 74 75 79 82 87 92 99 104 108 112 117 121 125 129 132 133 135 136 139 140 140 138 138 141 146 154 167 169 157 146 140 138 140 142 141 142 137 136 135 138 139 138 138 140 141 139 138 137 136 132 132 141 151 144 144 139 139 148 141 126 131 132 128 118 107 101 86 113 132 126 120 122 114 107 115 128 125 111 110 116 104 94 98 91 99 107 87 110 132 120 106 112 119 121 130 137 123 110 118 118 107 93 95 107 120 125 118 117 113 92 81 91 115 117 112 99 84 80 68 66 76 77 61 37 53 63 46 43 51 50 52 67 83 73 79 88 101 104 111 106 104 102 106 113 121 133 140 133 130 121 129 132 124 118 111 114 130 131 125 124 122 129 133 129 127 124 122 119 131 125 124 118 121 108 109 121 126 112 121 125 126 124 135 132 137 129 130 139 139 141 146 133 118 121 122 115 113 119 120 111 111 117 110 112 111 129 144 150 150 150 149 143 124 90 70 62 61 60 59 59 57 57 52 46 32 17 10 8 10 20 43 67 78 73 57 37 24 21 22 23 25 34 48 62 68 68 67 72 74 76 76 78 80 82 81 76 71 58 41 25 22 30 37 41 42 50 61 79 100 119 132 140 146 152 157 158 158 154 149 143 140 136 133 132 135 137 140 143 145 146 146 146 146 147 149 151 153 155 156 157 158 158 158 158 157 158 157 156 154 153 151 150 149 148 145 142 140 138 137 134 130 129 126 123 120 119 117 113 111 110 111 113 110 109 108 109 112 113 112 113 113 113 113 114 114 115 114 114 115 115 114 113 111 112 113 112 111 112 112 112 111 110 112 111 112 112 110 110 110 110 110 110 110 110 109 110 109 109 109 109 109 109 109 108 114 38 0 0 0 0 0 0 0 0 0 0 0 0 0 0 0 0 0 0 0 0 0 0 0 0 0 0 0 
0 0 0 0 0 0 0 0 0 77 87 86 85 83 83 85 86 89 90 95 99 104 108 107 104 101 99 97 96 97 100 101 100 97 94 92 87 84 81 80 83 89 94 93 92 93 91 92 93 98 102 110 118 124 131 134 136 141 143 144 145 147 150 154 156 158 158 155 154 154 156 156 157 156 155 154 153 153 154 155 155 154 153 153 153 153 153 154 153 153 152 151 150 149 148 146 144 143 141 139 137 135 133 133 133 135 136 137 133 133 130 125 124 128 132 145 160 154 142 134 117 105 96 85 80 74 70 73 77 82 88 95 100 106 110 114 118 124 126 128 131 132 133 134 137 138 140 139 141 141 141 144 150 157 165 166 155 144 140 140 140 142 140 138 132 134 137 139 138 142 142 141 139 140 140 136 134 138 153 149 134 138 136 139 154 146 134 128 129 135 123 114 104 101 112 125 118 114 121 116 107 110 116 121 114 109 99 97 97 116 121 119 113 107 116 120 116 102 97 98 109 128 127 125 129 118 105 107 113 124 113 104 103 116 118 106 97 101 98 100 89 78 74 81 65 62 79 74 59 50 55 58 55 58 64 61 64 69 77 73 80 91 97 100 96 93 92 101 108 125 126 126 126 125 119 123 113 121 120 127 125 129 127 120 117 119 118 124 130 130 121 123 121 114 119 128 122 127 122 117 118 121 120 122 125 135 134 124 131 133 133 129 135 147 141 144 145 128 123 127 122 115 111 118 120 106 113 120 111 103 113 139 150 154 150 149 146 128 100 76 65 61 59 58 57 59 58 58 52 41 25 12 9 7 11 20 48 69 75 70 51 32 22 21 20 22 27 38 54 66 71 71 69 76 78 78 78 80 83 85 83 78 74 62 46 28 25 33 43 48 50 54 59 75 93 112 126 136 142 145 149 154 157 155 150 145 143 141 138 137 138 140 140 142 145 145 147 149 149 150 153 152 153 156 158 158 158 158 158 158 158 157 157 157 156 155 152 149 149 149 147 144 141 140 138 135 132 129 127 124 121 118 116 113 110 109 109 111 114 113 111 111 111 111 112 113 112 111 113 113 113 114 114 114 114 115 114 113 113 113 113 111 112 113 113 111 112 111 111 111 112 113 111 111 111 111 110 110 110 110 109 111 110 110 111 110 109 109 109 110 96 0 0 0 0 0 0 0 0 0 0 0 0 0 0 0 0 0 0 0 0 0 0 0 0 0 0 0 0 
0 0 0 0 0 0 0 0 31 89 83 82 81 79 82 82 83 83 83 87 90 97 103 105 106 105 103 101 98 98 101 103 102 100 99 94 86 81 78 76 80 85 93 98 99 98 98 97 97 99 102 109 118 124 131 136 140 144 146 147 146 145 147 151 155 157 158 157 157 158 157 158 159 158 156 155 154 154 154 155 155 154 154 153 152 151 152 153 154 153 153 153 151 150 149 147 145 143 141 140 137 136 132 132 132 132 131 130 130 132 131 128 126 124 122 119 119 135 150 150 152 150 132 112 98 94 89 78 80 85 88 96 103 105 111 114 119 126 130 132 133 132 132 132 134 136 137 139 141 142 142 143 143 147 155 162 165 163 153 143 139 142 143 141 136 134 138 140 138 139 141 139 139 139 140 138 136 136 147 161 147 142 144 138 146 153 145 137 130 136 132 127 122 121 114 120 124 103 100 105 102 96 95 100 109 113 107 104 92 87 95 118 126 115 120 125 117 110 106 120 104 103 104 116 121 128 130 119 105 109 110 121 119 104 111 105 87 89 97 115 112 109 83 78 70 72 74 65 62 56 55 65 63 63 64 63 65 66 75 77 79 89 93 96 98 95 99 108 103 108 126 126 127 134 136 135 128 128 134 136 125 108 114 118 124 127 123 126 129 125 126 120 124 133 136 137 137 130 134 133 130 135 121 115 113 114 115 125 138 134 131 128 139 149 142 139 138 119 117 126 117 107 109 117 114 110 119 122 105 98 123 148 156 155 152 147 136 106 80 70 64 61 57 55 54 57 56 55 50 39 20 10 7 8 12 23 51 69 74 64 45 27 20 21 21 22 29 43 60 71 74 71 74 79 80 80 80 82 84 86 84 80 74 64 48 30 27 36 47 54 62 64 66 75 90 105 117 128 139 145 145 146 151 154 151 148 146 145 144 141 139 140 140 142 145 146 148 150 150 152 154 156 157 157 158 159 160 160 160 160 161 160 158 157 156 155 153 151 150 149 148 146 143 141 138 135 133 130 128 124 122 118 115 113 111 109 109 109 111 113 112 111 112 113 112 111 112 112 113 114 114 113 114 114 114 114 114 114 114 114 113 112 113 114 113 111 112 112 112 111 112 113 112 111 111 111 111 111 110 110 110 110 110 110 110 110 109 109 109 115 41 0 0 0 0 0 0 0 0 0 0 0 0 0 0 0 0 0 0 0 0 0 0 0 0 0 0 0 0 
0 0 0 0 0 0 0 0 73 87 85 83 82 83 85 85 86 82 82 84 86 90 95 99 103 104 102 101 96 95 97 99 100 100 100 100 92 83 79 78 78 82 90 97 102 104 105 108 106 108 110 113 119 124 131 136 141 144 146 147 148 146 145 148 151 154 156 158 159 159 159 159 160 160 159 158 156 155 154 154 155 155 155 154 152 151 152 152 152 153 154 153 152 151 149 148 146 144 142 141 139 137 135 134 131 131 128 129 129 132 131 129 127 126 121 118 116 112 111 122 133 139 155 157 133 107 102 105 96 97 105 101 101 106 109 112 116 122 127 130 130 129 130 133 135 137 139 140 141 143 143 143 143 143 144 148 156 165 165 157 148 142 143 142 137 134 137 141 138 137 140 140 139 139 139 138 139 133 141 160 158 143 136 133 130 139 147 144 132 133 136 139 134 134 132 112 114 105 94 96 106 107 97 88 95 96 96 98 101 105 103 114 129 115 118 132 99 104 108 101 107 108 101 122 132 114 124 121 120 112 106 99 101 103 113 87 77 98 109 111 103 94 69 73 75 87 86 58 55 59 60 64 53 50 61 73 67 67 80 84 88 95 102 90 86 87 95 99 113 114 123 128 123 120 128 130 127 115 108 119 125 113 113 125 125 116 120 131 127 113 114 127 137 139 131 125 123 121 122 128 119 114 111 91 105 109 114 123 135 134 134 133 139 150 140 134 128 111 115 120 110 105 111 116 114 120 125 121 109 108 131 154 159 156 154 146 116 88 73 69 66 62 59 56 56 58 57 55 48 34 16 8 7 8 11 25 48 68 70 55 34 22 20 21 20 23 33 49 64 74 76 72 77 83 83 81 82 84 86 88 89 83 75 66 49 33 31 40 50 61 71 76 79 80 88 100 111 123 137 145 146 144 148 152 153 150 148 146 145 144 143 142 141 142 144 146 148 151 151 153 154 156 158 161 161 161 160 161 162 162 162 161 159 158 157 155 154 153 151 148 147 146 145 143 138 135 132 130 127 123 121 117 115 113 110 109 109 109 108 111 113 113 112 112 112 111 111 110 112 113 113 113 113 114 114 114 115 115 114 114 113 113 113 114 114 112 112 112 112 111 111 111 112 111 111 112 112 111 111 111 111 111 111 110 110 111 110 110 110 98 0 0 0 0 0 0 0 0 0 0 0 0 0 0 0 0 0 0 0 0 0 0 0 0 0 0 0 0 0 
0 0 0 0 0 0 0 27 89 90 93 90 89 89 91 92 92 87 86 87 87 89 92 95 99 100 98 95 92 88 88 91 94 96 99 100 97 90 86 83 84 85 87 92 101 107 110 113 114 117 119 119 122 128 132 137 141 143 145 147 149 148 148 149 151 152 154 157 158 159 160 161 163 162 161 159 159 158 157 156 155 155 156 155 154 153 153 153 153 153 154 153 152 151 150 149 147 145 143 143 141 139 138 136 133 131 130 130 129 130 130 128 127 125 123 121 118 114 110 104 102 108 117 126 153 159 130 109 106 93 92 111 115 114 119 119 117 121 123 126 129 130 131 134 136 137 140 143 145 144 143 143 143 142 144 145 145 150 162 169 163 151 145 142 136 134 137 140 140 135 142 143 140 140 137 138 141 132 132 151 158 148 138 132 121 120 132 138 129 129 133 136 139 135 136 126 112 118 120 108 105 115 121 116 108 97 92 94 107 123 114 94 99 114 109 124 134 123 123 117 111 116 121 124 127 111 101 120 115 108 99 85 87 97 106 90 87 100 82 79 66 74 84 79 80 83 83 48 52 70 67 56 53 61 66 72 70 73 79 75 82 100 92 83 88 91 97 102 114 102 89 92 110 117 118 108 111 117 110 111 106 113 125 129 128 125 114 127 133 129 118 113 122 136 134 132 133 123 132 131 120 112 116 128 129 124 125 137 135 135 136 132 138 145 131 124 119 108 123 115 110 111 114 115 116 122 129 124 119 125 143 156 159 156 150 135 99 75 71 70 67 63 62 60 60 60 59 55 45 25 11 8 8 8 11 19 40 61 62 44 26 19 18 18 19 26 40 57 69 77 76 75 81 85 84 83 84 85 88 91 90 84 77 68 51 34 35 45 55 65 77 86 88 88 92 100 110 122 133 143 148 148 147 151 154 153 149 145 143 144 144 143 143 143 144 146 149 150 152 153 155 157 159 161 161 163 162 163 163 163 162 161 160 159 157 156 154 152 151 148 146 146 146 144 139 135 131 129 126 123 119 117 114 111 109 108 109 108 106 108 111 113 112 111 111 111 110 111 111 112 112 114 114 113 113 114 115 114 115 115 114 114 113 114 114 114 113 113 112 112 112 111 112 112 112 112 113 111 112 111 112 112 112 112 112 111 110 110 117 44 0 0 0 0 0 0 0 0 0 0 0 0 0 0 0 0 0 0 0 0 0 0 0 0 0 0 0 0 0 
0 0 0 0 0 0 0 67 86 92 97 98 99 98 98 99 97 94 92 91 92 92 93 95 98 97 95 92 88 84 82 83 86 88 92 98 99 97 96 92 89 88 88 89 98 105 112 117 121 124 126 125 127 131 136 139 143 144 144 146 147 148 151 153 153 153 155 156 158 160 161 162 164 163 161 161 160 160 159 158 157 156 156 155 155 155 154 153 152 153 154 153 153 152 150 149 148 145 145 145 144 142 141 139 137 134 133 132 131 131 130 128 129 128 125 124 121 119 114 107 102 98 98 99 99 112 144 152 136 130 117 91 94 109 111 120 129 127 128 131 129 128 129 131 133 135 139 142 143 143 141 141 140 141 141 141 144 145 147 152 165 173 162 144 136 138 139 140 142 136 136 141 142 142 137 136 140 139 134 135 144 154 153 144 137 127 119 125 128 120 128 132 135 129 122 123 114 113 124 122 105 104 110 117 127 128 118 117 108 120 128 120 107 111 113 104 105 119 115 112 96 95 113 134 123 126 104 106 102 109 101 89 75 80 99 83 69 84 91 88 77 86 89 73 76 77 59 48 53 68 53 46 45 71 72 80 66 65 66 71 82 89 82 84 92 92 100 103 106 103 97 97 107 115 119 117 115 107 101 110 114 111 116 124 121 126 126 127 133 125 126 131 121 120 128 133 135 131 132 132 127 129 121 122 137 140 131 128 126 127 134 129 128 138 129 115 114 119 121 110 108 104 111 118 114 125 131 129 128 139 154 157 158 154 143 113 86 72 70 69 67 63 63 62 62 61 61 56 42 22 9 11 16 17 12 15 30 46 48 33 18 17 17 18 22 31 47 64 75 80 79 78 84 86 85 85 85 87 90 93 92 85 79 68 49 36 38 49 58 69 80 92 96 95 97 103 111 121 132 142 146 147 146 149 154 154 149 144 142 142 143 145 146 145 145 147 148 149 151 152 156 157 159 161 162 162 163 164 165 163 162 162 160 160 158 156 155 153 151 149 148 145 145 143 140 136 131 129 125 122 119 117 114 111 109 109 108 107 107 107 109 111 112 112 110 109 110 111 111 112 111 112 113 113 114 114 114 114 114 114 114 115 114 114 114 114 113 112 113 113 113 113 113 113 112 113 113 112 113 112 113 111 112 112 111 111 110 111 100 1 0 0 0 0 0 0 0 0 0 0 0 0 0 0 0 0 0 0 0 0 0 0 0 0 0 0 0 0 0 
0 0 0 0 0 0 23 79 83 91 98 104 106 106 104 102 101 98 95 94 95 97 97 99 100 100 97 94 90 85 79 79 78 80 86 94 98 100 101 101 98 96 95 93 96 104 111 118 124 128 130 132 133 135 139 143 147 148 147 147 147 149 151 154 155 155 156 156 158 159 160 162 163 162 161 162 162 161 159 159 158 158 157 157 157 156 156 154 154 153 153 152 152 151 150 150 148 147 147 146 144 143 143 142 140 138 137 136 134 134 130 129 129 127 125 125 123 121 116 111 105 102 98 94 89 85 79 92 123 138 143 150 133 107 105 108 115 124 128 131 137 136 132 134 133 131 135 138 137 140 140 139 139 140 138 136 136 138 141 144 146 155 166 168 155 140 136 138 141 137 137 139 140 139 137 130 133 139 142 146 144 148 153 153 147 146 143 128 115 115 114 116 125 126 111 104 116 126 115 119 103 96 96 101 103 127 136 133 112 100 124 133 130 123 117 123 122 112 118 114 99 96 105 117 127 126 108 112 106 102 96 96 101 99 88 59 81 112 110 119 94 89 75 72 73 65 63 67 61 78 78 55 64 74 74 86 68 82 72 82 95 103 93 86 87 91 108 101 117 118 120 118 110 105 115 124 127 114 100 97 108 123 126 129 137 133 130 129 125 124 126 136 131 122 121 132 136 140 140 135 137 132 118 116 114 122 131 132 125 126 132 132 124 127 119 106 120 131 126 113 113 105 106 120 117 124 131 133 140 149 156 157 156 148 126 94 76 72 69 69 67 66 64 63 63 62 62 55 39 18 10 17 29 31 18 13 20 28 29 20 14 17 19 20 26 37 56 69 78 81 81 81 86 88 87 86 88 90 92 95 92 87 79 66 45 33 36 47 59 71 83 94 100 103 104 106 111 119 129 139 147 148 146 148 152 154 150 144 140 140 142 144 145 146 146 148 147 149 151 154 155 156 158 160 161 162 163 165 164 163 163 162 161 160 158 157 155 153 152 150 148 145 143 141 139 136 132 127 124 121 118 116 113 112 109 107 106 105 106 108 108 109 111 111 109 108 108 109 110 111 111 112 112 113 113 113 114 115 114 114 114 115 114 113 113 114 113 113 113 113 113 113 114 114 113 113 112 113 113 113 113 110 111 111 111 112 111 119 48 0 0 0 0 0 0 0 0 0 0 0 0 0 0 0 0 0 0 0 0 0 0 0 0 0 0 0 0 0 0 
0 0 0 0 0 0 51 72 78 84 93 100 106 109 109 105 105 101 97 96 97 99 99 101 104 105 102 99 94 88 82 80 76 77 80 87 93 99 103 103 104 104 102 101 100 105 110 118 125 132 135 137 138 140 141 144 148 151 151 150 148 149 152 154 156 157 158 158 158 159 160 162 162 161 161 161 160 161 161 159 159 159 158 158 157 157 156 156 155 154 154 152 152 151 150 150 149 147 148 146 144 143 144 142 141 141 140 138 137 136 133 131 129 127 126 124 123 121 118 113 108 104 100 97 91 84 77 71 67 80 106 122 142 163 151 126 120 119 120 123 125 134 140 138 141 143 138 136 137 137 138 140 141 139 135 134 134 133 134 137 141 145 149 158 166 161 148 140 139 139 139 137 138 137 134 131 128 133 140 144 148 153 153 147 147 149 148 146 146 142 136 128 126 131 118 103 115 126 115 111 120 119 118 105 100 117 132 131 126 106 110 131 138 136 114 97 106 114 108 112 110 115 111 104 93 94 117 117 109 105 108 125 100 71 67 90 105 108 98 106 73 83 70 81 90 90 80 78 78 81 77 52 56 63 82 84 81 92 90 90 99 103 92 99 92 92 102 109 115 116 115 122 120 111 115 119 126 134 124 123 119 124 128 127 134 136 131 128 133 135 126 133 133 127 123 125 133 131 133 132 137 135 126 123 122 120 124 130 129 136 136 140 124 126 117 108 123 131 123 118 127 112 107 122 124 125 132 140 150 156 157 157 156 139 105 81 72 71 70 69 68 69 67 67 65 63 59 50 33 14 8 16 23 23 18 13 14 16 16 14 15 17 19 22 32 48 63 73 81 82 82 84 88 91 91 91 92 95 95 96 92 88 80 61 40 32 35 45 58 71 83 94 102 106 109 109 111 115 124 135 144 148 148 148 150 151 149 144 140 138 139 141 142 144 146 147 148 150 151 154 156 157 158 160 161 162 162 164 165 163 163 162 161 158 157 156 154 153 152 150 147 145 142 139 137 135 133 127 123 119 117 114 111 109 107 105 104 104 105 107 107 107 108 110 109 108 108 108 109 109 110 111 112 112 112 113 113 115 115 114 114 114 114 113 114 115 115 115 113 113 113 114 113 114 114 113 113 113 112 113 113 113 112 111 111 113 113 105 1 0 0 0 0 0 0 0 0 0 0 0 0 0 0 0 0 0 0 0 0 0 0 0 0 0 0 0 0 0 0 
0 0 0 0 0 14 55 61 68 74 82 90 99 107 110 109 109 105 102 96 97 99 100 101 104 106 107 104 99 95 90 85 79 77 78 82 88 94 100 104 108 110 111 110 108 108 112 118 127 136 140 142 143 145 145 144 148 151 152 152 150 152 153 153 155 158 159 160 158 160 161 161 160 160 160 161 161 161 160 160 160 159 159 159 158 157 155 156 156 156 154 153 153 153 152 152 149 148 147 146 145 145 144 143 143 142 141 138 136 135 133 131 129 127 126 124 123 120 118 115 110 105 102 100 95 88 78 73 70 66 65 75 95 112 141 166 155 139 135 128 125 127 132 136 136 140 146 146 144 144 142 139 139 139 135 134 135 133 133 134 136 139 141 144 156 166 163 153 147 141 139 139 139 137 135 133 129 129 133 135 140 142 148 149 148 153 148 146 143 151 148 138 131 135 129 113 108 108 112 122 134 124 112 115 117 120 135 132 130 117 102 106 115 114 121 113 103 102 108 119 128 129 122 100 97 83 92 102 102 104 105 105 95 103 103 107 102 100 99 95 93 84 74 87 97 84 79 75 75 81 65 54 57 68 95 94 101 94 86 85 94 99 94 92 97 103 109 118 109 108 111 111 106 106 112 119 105 112 130 137 131 127 121 120 130 133 136 133 119 126 121 119 131 127 129 135 136 133 129 130 127 134 138 126 111 118 122 122 123 129 140 140 127 122 119 112 124 125 124 128 130 121 115 124 126 125 130 143 154 158 157 156 151 127 86 75 76 75 74 71 70 70 68 67 65 63 58 44 24 10 7 9 11 11 10 10 13 13 13 17 18 19 21 26 41 57 68 78 81 82 84 87 91 94 93 92 96 97 97 96 93 88 77 57 35 32 34 45 57 70 83 93 102 106 111 111 111 110 118 130 139 145 148 149 151 151 149 146 141 136 136 139 140 139 140 144 146 149 151 154 155 157 159 159 161 162 162 162 163 163 163 161 160 158 157 156 154 152 151 149 146 144 141 138 135 133 131 127 121 118 116 113 109 106 105 103 102 102 104 104 105 106 106 108 109 108 107 107 107 108 108 110 111 110 112 113 114 114 114 113 113 114 113 113 115 115 114 114 114 113 114 114 113 114 114 114 113 114 113 113 112 113 113 112 111 112 119 52 0 0 0 0 0 0 0 0 0 0 0 0 0 0 0 0 0 0 0 0 0 0 0 0 0 0 0 0 0 0 0 
0 0 0 0 0 36 47 50 57 64 70 78 87 96 105 109 110 110 106 100 97 97 99 100 103 105 107 106 105 103 96 92 87 83 81 82 85 89 95 102 107 111 114 113 115 114 115 119 125 132 140 144 147 150 150 148 149 151 152 153 154 154 153 153 155 157 159 160 159 159 160 159 159 160 160 161 161 161 161 161 160 159 158 159 158 157 155 155 156 156 155 154 154 153 153 153 152 150 147 146 145 144 145 144 144 143 141 139 136 135 133 132 130 128 126 124 122 119 117 114 111 106 103 101 96 90 82 77 74 72 72 76 78 94 104 118 144 159 157 151 147 138 132 133 138 137 139 142 144 144 147 149 144 141 139 136 134 135 135 134 130 134 139 140 139 144 162 172 164 150 141 138 134 135 137 136 139 133 131 132 136 143 142 136 140 149 151 140 130 134 144 138 124 121 130 123 112 116 107 104 133 142 126 115 132 135 132 128 118 117 117 118 119 119 121 110 113 124 119 105 106 103 95 91 108 101 108 113 96 112 103 113 107 98 93 102 104 99 97 90 95 81 85 91 92 79 70 71 72 71 63 62 62 87 97 94 97 99 101 91 99 107 95 90 103 112 115 120 115 100 105 105 99 109 113 115 119 119 113 112 114 120 120 123 130 132 134 138 121 117 127 125 138 139 130 135 139 143 138 136 126 117 124 135 137 129 124 124 131 120 135 142 123 111 115 117 117 120 118 128 124 118 119 127 129 128 132 144 155 159 155 154 141 105 77 74 77 76 74 72 72 70 67 66 66 63 57 42 20 7 6 6 5 6 7 8 10 13 16 23 24 23 26 37 51 64 73 80 82 82 84 89 93 96 96 97 97 97 98 98 94 85 72 50 34 34 40 51 60 74 84 95 102 105 108 110 109 106 113 125 134 141 147 150 151 151 148 146 143 140 135 135 137 137 136 140 143 148 150 152 154 156 158 158 160 161 162 163 162 161 161 160 158 157 157 156 154 152 150 148 146 144 140 137 134 131 128 127 121 116 115 111 107 106 104 101 101 102 103 103 104 104 105 105 106 106 105 105 106 106 108 109 110 110 111 113 113 113 113 114 114 114 114 114 115 115 115 115 114 114 114 113 113 113 114 113 113 114 113 113 113 113 112 112 112 114 107 2 0 0 0 0 0 0 0 0 0 0 0 0 0 0 0 0 0 0 0 0 0 0 0 0 0 0 0 0 0 0 0 
0 0 0 0 13 49 47 49 55 57 61 66 73 83 93 101 106 110 111 107 102 99 98 98 100 102 106 108 109 107 104 99 95 92 91 90 88 89 95 100 107 112 114 115 117 118 120 122 125 129 135 141 146 151 153 154 154 153 154 154 155 156 156 155 156 156 159 158 160 160 160 159 159 160 160 160 160 161 163 162 160 160 159 159 158 157 156 156 156 156 155 155 154 154 154 153 151 151 149 146 145 144 145 146 144 144 142 141 139 136 135 134 133 131 128 125 123 120 117 114 111 107 104 102 98 93 90 86 86 85 86 89 92 96 102 107 111 119 136 154 158 159 158 142 130 133 133 133 135 136 140 142 146 149 146 143 143 139 138 137 135 132 135 139 140 138 143 154 168 171 157 138 130 130 135 131 127 124 117 119 126 132 135 129 129 133 141 145 135 122 123 130 128 110 107 112 116 124 134 132 130 137 134 117 108 123 117 122 135 130 132 130 137 143 141 133 120 128 133 128 122 110 107 92 91 104 96 104 100 109 110 99 91 71 77 77 97 86 75 76 80 76 74 87 86 78 69 72 76 76 75 80 80 87 90 98 101 102 97 98 103 103 90 95 105 107 104 107 112 108 104 108 109 117 123 112 110 121 126 119 106 110 119 122 119 123 126 128 127 118 121 131 138 136 139 141 138 136 143 142 137 125 118 121 136 141 133 138 137 126 121 132 119 106 106 120 120 116 115 117 111 115 125 132 132 130 136 148 154 155 153 146 126 87 75 75 77 76 73 73 72 69 67 66 66 62 54 38 17 6 5 6 5 5 5 7 9 12 18 25 29 31 36 50 60 69 75 80 81 82 86 91 95 97 98 97 99 99 100 99 93 83 67 43 34 40 50 60 69 79 88 96 102 104 106 109 107 106 113 124 132 138 145 149 151 150 148 146 142 139 136 133 134 137 136 138 143 147 149 150 152 155 157 157 159 161 162 162 161 160 160 160 158 157 156 154 153 151 149 148 145 143 139 136 134 129 125 124 123 117 112 109 107 104 101 99 99 100 101 100 101 103 104 102 102 104 104 104 104 105 107 108 110 111 111 113 112 112 112 114 114 114 114 115 115 115 115 115 115 115 114 114 114 114 114 113 113 114 113 113 113 113 113 113 113 119 55 0 0 0 0 0 0 0 0 0 0 0 0 0 0 0 0 0 0 0 0 0 0 0 0 0 0 0 0 0 0 0 0 
0 0 0 0 40 52 50 52 56 58 60 62 67 70 79 90 97 104 108 108 106 101 98 97 98 100 103 105 108 107 107 105 105 102 100 99 97 97 99 103 108 114 116 118 117 120 122 125 126 127 130 135 142 148 152 154 157 157 156 155 156 156 156 156 156 157 158 158 158 159 160 159 159 159 159 160 160 161 162 162 161 161 160 159 158 157 156 156 156 155 154 155 155 154 153 152 151 151 150 148 146 145 144 144 144 144 143 142 141 138 137 136 135 134 131 128 125 122 119 116 113 110 107 105 102 99 95 91 88 85 80 83 82 86 93 100 104 111 113 120 137 150 155 164 164 148 139 137 136 136 137 139 141 143 146 146 145 150 148 144 142 137 133 139 143 141 141 145 148 154 164 165 149 132 129 129 126 118 108 107 108 111 118 121 121 122 127 128 131 135 125 117 115 109 94 99 107 120 116 117 118 120 125 123 103 87 101 101 101 115 106 104 109 122 138 136 122 118 124 126 124 115 109 119 118 118 115 102 103 106 104 93 95 98 95 91 94 82 74 86 86 72 68 74 68 67 74 78 77 75 72 84 90 79 83 96 97 96 93 98 96 92 92 91 97 104 91 91 103 109 95 101 108 105 98 105 113 117 118 117 122 118 112 106 111 122 125 127 128 129 120 132 138 131 133 143 143 132 137 139 141 139 122 113 126 139 132 143 138 132 127 124 118 103 104 110 111 110 111 117 116 119 127 129 129 133 141 153 154 153 150 136 105 80 76 80 81 80 76 74 71 68 67 66 65 61 55 36 15 5 5 5 5 5 6 6 6 10 17 26 31 39 49 61 68 74 76 78 79 83 88 93 95 97 97 98 100 102 101 100 93 80 58 40 38 48 60 72 79 86 91 94 98 102 105 106 106 108 114 126 133 137 142 146 148 148 149 145 142 138 136 133 132 134 137 139 142 146 147 149 151 153 155 157 158 159 160 160 160 159 160 159 157 156 155 153 151 150 148 146 143 141 139 136 132 127 123 120 121 118 111 106 103 101 98 98 98 97 98 100 98 100 102 102 102 102 102 103 103 104 106 107 108 108 110 112 112 112 112 113 114 114 114 116 115 115 116 116 115 115 115 116 114 115 115 114 114 114 114 113 113 114 113 113 114 108 3 0 0 0 0 0 0 0 0 0 0 0 0 0 0 0 0 0 0 0 0 0 0 0 0 0 0 0 0 0 0 0 0 
0 0 0 13 57 54 55 58 57 58 60 63 66 67 72 77 86 93 100 104 103 102 98 96 95 94 97 101 105 107 106 106 106 106 107 106 106 105 106 110 113 115 117 118 118 120 125 127 129 130 132 134 138 143 147 151 155 155 157 158 157 158 158 158 159 159 158 159 161 161 160 160 159 159 159 160 160 161 161 161 162 162 162 159 157 157 158 158 156 155 154 155 155 154 154 153 152 152 150 149 147 146 145 145 144 144 144 143 141 139 138 137 136 135 133 130 128 125 123 119 116 114 110 106 101 95 92 87 82 76 75 75 79 83 91 98 103 109 114 119 120 124 133 140 150 168 173 158 147 145 143 140 141 141 142 142 141 139 143 147 146 144 141 140 144 144 143 143 140 140 151 161 163 155 140 127 126 125 121 114 117 116 110 119 123 122 122 133 132 134 137 130 128 127 123 121 120 124 128 120 117 120 122 114 115 115 101 109 102 99 108 100 98 102 87 98 106 92 92 111 110 113 119 127 131 118 92 88 97 111 112 116 114 118 106 92 95 86 81 85 82 67 60 70 80 65 64 76 73 70 68 83 89 87 83 98 90 90 89 92 93 83 72 84 92 109 101 103 104 98 90 105 111 101 97 97 114 124 126 121 118 122 125 114 120 128 138 135 125 136 136 129 132 127 117 128 144 137 132 133 127 127 130 129 133 143 141 133 128 129 125 114 115 92 114 116 114 111 112 122 123 122 126 126 132 141 149 154 154 150 145 126 92 74 76 80 83 83 80 77 73 71 66 68 68 65 57 38 17 6 5 5 4 4 5 6 7 9 14 23 33 43 54 65 73 78 78 78 79 85 91 95 95 97 100 101 103 104 102 100 92 73 48 39 44 56 71 84 89 91 94 93 94 101 104 104 106 109 115 127 133 138 140 142 144 144 143 143 141 137 134 131 132 135 136 138 141 144 146 149 150 152 153 156 158 158 159 159 158 158 158 156 156 155 154 152 151 149 146 146 143 140 137 135 130 126 123 119 117 117 112 105 101 98 97 96 97 95 95 97 98 100 98 99 100 99 100 102 102 103 104 105 108 108 109 110 111 112 113 113 114 115 116 116 115 115 116 115 116 116 116 116 115 115 115 114 115 115 114 114 115 114 113 113 120 58 0 0 0 0 0 0 0 0 0 0 0 0 0 0 0 0 0 0 0 0 0 0 0 0 0 0 0 0 0 0 0 0 0 
0 0 0 39 53 53 56 58 58 61 61 64 66 68 69 70 75 83 90 98 101 101 99 97 94 93 95 98 103 106 104 106 106 107 107 111 110 111 112 116 120 118 119 119 121 121 125 129 130 136 137 137 137 141 144 147 151 154 156 157 158 157 158 158 159 160 159 159 159 161 160 161 160 161 161 160 160 161 161 161 161 163 161 160 159 158 158 157 157 156 155 155 154 154 155 154 154 152 151 149 148 148 146 145 144 144 144 143 141 140 138 138 136 136 133 132 129 128 126 122 118 116 111 106 100 94 90 85 81 76 72 72 73 81 87 95 102 106 111 114 116 119 120 124 130 138 150 168 174 162 154 148 140 137 139 139 140 138 137 136 136 141 145 144 146 151 150 148 144 138 133 137 149 159 155 142 133 125 125 131 134 135 126 120 130 126 109 110 130 138 139 137 135 141 143 146 151 134 118 118 123 121 121 117 98 91 97 98 110 108 107 125 127 128 128 104 92 92 89 98 99 90 115 108 112 94 87 93 105 119 111 100 91 83 87 87 98 87 77 72 77 80 79 74 75 79 87 88 74 75 69 63 80 85 78 84 78 81 74 87 84 79 86 94 101 106 107 118 115 89 102 108 105 105 108 108 121 123 137 133 133 132 129 120 122 126 142 141 130 125 131 136 131 129 131 120 128 130 125 120 119 122 132 130 131 134 144 136 131 129 126 115 115 104 117 125 124 117 116 122 124 123 127 128 135 146 151 151 149 147 139 111 83 73 77 79 83 84 83 80 77 73 70 69 69 67 60 43 19 6 4 5 5 6 6 5 6 10 16 25 36 47 58 69 77 82 83 84 86 90 96 98 98 100 102 105 107 106 105 102 89 65 42 40 50 65 80 92 96 97 93 91 92 98 102 101 104 109 116 124 132 137 140 142 143 141 139 138 137 135 132 131 132 135 136 137 139 140 144 147 149 151 152 154 155 157 158 158 157 157 156 155 154 154 152 151 150 148 145 144 141 137 134 132 128 124 121 118 113 110 110 104 98 94 95 94 94 94 95 96 96 97 97 98 98 97 98 101 102 103 104 104 106 108 108 110 110 112 113 113 113 114 116 115 115 115 116 116 116 116 116 116 116 115 114 114 116 115 114 114 115 114 115 114 111 6 0 0 0 0 0 0 0 0 0 0 0 0 0 0 0 0 0 0 0 0 0 0 0 0 0 0 0 0 0 0 0 0 0 
0 0 10 47 48 49 53 55 56 59 63 64 69 70 73 75 78 85 91 100 104 108 107 109 105 110 108 116 116 123 122 122 123 121 127 124 128 126 132 132 134 136 133 136 133 139 139 141 143 143 146 146 148 149 150 150 151 155 157 159 160 159 159 161 161 160 160 161 161 160 160 161 162 162 161 161 160 162 161 161 161 162 160 160 160 160 159 157 157 156 156 154 154 155 155 154 154 153 152 150 149 148 146 144 144 144 144 143 141 140 139 138 137 136 134 132 131 129 126 124 121 118 113 108 102 97 92 86 81 76 72 71 69 76 82 92 98 102 108 112 114 116 118 120 125 130 134 137 146 163 169 163 158 149 137 134 137 138 138 141 136 129 135 141 144 150 156 156 153 148 141 136 125 129 150 156 146 130 118 126 133 133 130 120 122 131 127 117 109 116 121 117 118 118 124 140 147 145 129 114 105 109 120 117 118 109 115 122 120 125 115 112 117 123 119 123 130 117 110 114 116 118 125 128 117 105 103 96 93 85 57 55 52 59 69 78 85 81 74 77 85 86 88 89 80 87 95 91 72 70 68 53 66 76 74 72 72 74 70 76 78 69 88 96 95 95 112 124 122 106 116 112 106 108 118 113 106 112 127 126 128 135 137 129 127 136 141 138 139 137 126 134 136 128 140 131 125 126 117 115 128 118 127 128 127 131 137 138 133 129 129 123 119 112 120 127 124 122 127 129 124 115 129 132 143 150 151 151 148 143 130 96 78 78 80 81 82 84 84 82 79 75 72 69 69 68 62 46 21 7 4 4 6 6 6 7 10 17 26 36 45 54 61 70 77 85 89 90 92 96 100 102 102 106 108 110 110 111 109 102 81 53 39 45 59 74 91 102 105 105 98 93 92 95 97 97 101 108 113 120 128 136 140 142 140 137 136 133 129 130 129 128 131 134 135 137 138 140 141 144 147 150 151 153 153 154 156 156 156 155 155 153 152 151 150 149 148 145 142 140 138 136 134 129 126 123 117 114 109 105 106 106 96 91 92 93 93 92 94 94 94 95 94 95 98 98 97 100 101 102 102 104 105 107 109 110 111 111 112 112 113 115 116 116 116 117 117 116 117 117 115 116 116 116 115 116 116 114 114 115 115 114 113 120 62 0 0 0 0 0 0 0 0 0 0 0 0 0 0 0 0 0 0 0 0 0 0 0 0 0 0 0 0 0 0 0 0 0 0 
0 0 40 51 49 52 54 63 67 75 75 86 87 99 97 104 103 108 108 112 113 116 116 115 116 115 120 117 120 115 120 119 121 116 116 122 119 124 118 124 127 132 132 132 136 134 142 142 145 149 147 150 150 153 155 156 159 158 162 163 164 165 164 167 164 164 165 164 166 163 164 164 164 164 162 162 162 162 161 161 161 161 160 158 159 160 160 158 157 156 156 155 154 154 153 152 153 153 152 151 148 147 147 146 145 145 144 144 143 142 141 139 137 135 134 133 132 130 128 125 124 120 116 112 107 101 95 91 82 77 72 70 69 72 78 89 95 101 109 114 117 119 120 122 126 130 132 135 136 135 144 158 164 164 165 156 139 135 139 141 142 138 134 133 136 138 141 149 155 157 156 148 135 131 133 140 146 150 125 98 103 121 124 130 136 134 138 131 118 112 112 110 108 108 109 108 123 127 120 116 108 104 107 109 120 118 114 117 113 119 127 125 115 104 109 108 122 130 122 124 123 113 109 111 112 125 129 134 122 113 90 72 79 78 77 75 85 85 83 89 90 89 92 99 91 93 91 87 64 61 52 44 59 71 70 70 71 82 75 70 70 77 91 108 106 87 96 112 106 110 114 111 114 116 127 124 106 117 127 116 112 125 129 136 137 140 137 122 131 136 128 125 133 135 147 140 126 128 122 122 128 124 129 130 131 136 129 130 130 128 124 129 124 113 116 122 124 125 130 130 126 120 130 138 148 151 151 147 143 135 117 89 77 79 83 84 83 85 86 86 82 77 73 67 64 62 60 46 23 7 4 4 7 8 11 16 23 33 40 45 52 59 67 73 80 87 92 94 97 101 105 109 110 115 116 115 116 117 112 96 68 46 42 54 69 88 102 110 112 110 104 98 93 93 92 90 94 102 110 117 125 131 137 139 137 133 132 131 128 124 123 124 128 132 135 136 137 139 141 143 144 146 149 152 152 153 153 154 153 153 153 151 150 149 147 147 146 143 140 139 137 134 131 126 122 119 114 110 108 102 100 103 96 91 91 90 89 90 91 92 92 94 94 94 94 95 96 98 100 101 101 103 104 106 107 109 111 111 111 112 113 115 117 115 116 117 117 118 118 118 116 117 116 116 115 116 117 116 115 115 116 115 113 112 8 0 0 0 0 0 0 0 0 0 0 0 0 0 0 0 0 0 0 0 0 0 0 0 0 0 0 0 0 0 0 0 0 0 0 
0 19 83 78 86 85 91 89 95 94 100 96 101 96 101 96 98 93 93 92 94 96 99 102 103 103 104 104 101 100 102 104 104 102 103 107 107 106 106 108 114 120 120 124 125 126 129 135 138 140 142 140 142 145 149 152 154 156 157 158 157 159 161 160 161 161 164 167 165 167 166 167 170 168 169 169 168 168 165 165 164 162 161 160 159 159 158 158 157 156 156 155 153 154 153 152 153 152 152 152 150 148 148 147 147 146 145 145 143 142 142 141 140 139 136 134 132 130 128 126 125 123 120 116 112 105 99 93 86 80 74 71 68 70 78 86 95 103 110 115 119 122 125 125 127 128 132 134 134 135 136 134 139 151 157 164 170 160 143 140 143 141 141 137 138 141 140 133 135 152 159 157 152 139 137 136 132 133 138 119 96 94 111 119 117 117 119 129 128 123 115 114 114 112 114 119 122 125 119 112 110 109 110 110 106 107 111 111 118 134 144 145 132 110 104 97 86 109 113 110 102 99 93 109 118 124 131 127 122 108 107 98 86 82 78 85 96 91 88 92 86 96 95 92 87 80 79 72 54 45 42 33 52 56 48 57 66 70 70 65 70 79 89 98 104 90 94 103 110 109 111 113 120 123 124 116 116 121 123 125 113 126 124 132 138 133 140 131 126 133 135 133 132 130 136 135 127 122 124 126 133 136 129 134 138 145 141 135 127 118 122 123 114 111 117 115 108 118 129 131 132 126 137 145 148 149 150 146 138 123 103 74 70 76 82 84 85 86 87 88 84 78 72 68 62 58 56 46 23 9 7 8 11 17 23 30 38 46 50 53 57 60 67 76 82 88 93 97 101 106 108 112 118 120 121 119 119 118 107 83 53 43 49 64 81 99 111 117 118 115 111 105 98 94 89 84 85 93 104 111 118 124 128 131 133 132 130 130 129 123 119 120 123 130 134 136 135 137 140 142 142 144 146 148 150 151 151 150 150 150 149 150 150 147 145 145 143 141 139 137 134 131 128 124 121 116 111 106 105 99 95 95 97 91 89 89 88 90 90 91 92 92 93 93 92 93 95 96 99 100 101 102 103 104 106 108 109 110 111 113 114 114 115 115 117 117 118 118 118 118 118 117 117 117 116 116 116 116 116 116 116 116 121 64 0 0 0 0 0 0 0 0 0 0 0 0 0 0 0 0 0 0 0 0 0 0 0 0 0 0 0 0 0 0 0 0 0 0 0 
0 75 109 101 98 91 84 80 79 79 80 82 82 82 82 84 88 88 86 86 86 90 94 98 102 102 102 103 100 100 99 101 100 102 103 106 106 107 107 109 116 121 124 127 129 127 130 135 139 142 144 144 143 144 147 150 152 156 158 156 156 157 159 157 159 160 160 160 160 160 161 160 163 165 164 166 167 167 169 168 170 170 168 171 167 165 166 163 163 161 157 157 156 155 155 151 153 152 151 150 150 150 148 148 147 146 146 145 143 144 143 142 141 138 137 135 134 131 130 128 127 125 122 119 116 110 104 98 92 85 78 73 70 71 77 84 93 102 107 112 117 122 125 126 130 132 133 134 134 132 134 134 132 131 135 142 148 158 170 162 148 146 147 144 143 147 147 150 149 140 144 152 154 144 131 131 132 132 138 138 118 108 114 121 121 114 114 119 124 124 122 117 122 121 109 100 114 123 127 127 124 122 121 120 119 106 96 98 98 108 135 134 131 121 105 104 101 92 107 118 132 129 132 118 115 109 98 101 117 113 93 86 84 99 97 82 73 81 98 93 80 85 91 79 79 72 66 56 41 36 31 25 30 34 35 55 59 62 68 75 80 87 90 83 95 89 90 96 96 107 104 100 112 117 124 118 121 111 117 113 124 131 121 123 137 118 125 135 135 132 133 137 139 140 128 119 125 128 129 129 131 137 131 141 141 154 156 153 137 127 126 134 119 106 120 116 101 109 122 130 131 130 141 149 150 149 146 140 126 106 81 60 63 71 79 83 86 88 90 91 87 83 77 71 65 61 56 45 28 16 17 20 28 34 39 43 48 51 54 58 62 64 71 79 84 90 95 100 105 110 113 117 123 122 123 123 121 114 93 65 47 48 59 75 91 108 117 122 122 120 116 112 106 102 96 89 86 88 96 104 110 114 117 121 123 123 124 127 130 128 121 115 118 125 132 135 135 136 138 140 141 143 144 145 147 148 149 149 148 148 148 147 147 144 143 141 140 138 136 134 131 128 125 121 118 114 110 104 101 96 92 90 94 93 87 87 87 86 88 88 88 89 88 89 91 92 94 95 97 99 100 100 103 104 105 106 107 109 110 113 113 113 114 115 116 117 118 117 118 118 118 118 117 117 116 116 116 117 116 116 116 116 116 9 0 0 0 0 0 0 0 0 0 0 0 0 0 0 0 0 0 0 0 0 0 0 0 0 0 0 0 0 0 0 0 0 0 0 0 
0 21 60 92 89 82 76 73 74 74 76 81 84 84 84 89 90 92 90 88 90 91 93 95 99 104 108 106 102 101 101 101 99 100 104 107 107 106 109 114 119 122 127 130 134 133 134 136 139 143 145 146 147 149 147 150 153 155 156 158 159 161 160 159 159 160 161 160 160 160 160 160 160 159 159 160 161 161 162 164 162 162 164 164 167 165 167 171 167 169 170 165 168 164 160 161 156 157 154 152 151 151 148 148 147 147 147 145 146 145 145 143 141 140 138 137 136 133 132 130 128 125 123 122 119 114 111 104 96 89 82 76 72 73 76 81 89 97 102 109 114 119 122 124 126 129 132 132 136 137 138 135 137 136 133 131 132 134 140 155 163 162 160 160 152 149 149 148 151 148 145 142 147 154 152 142 131 134 133 131 134 126 121 118 118 120 116 112 116 115 119 127 129 131 123 112 106 105 117 123 121 123 123 108 102 114 120 109 100 100 101 109 108 115 121 120 125 117 122 123 124 128 124 111 106 100 86 105 115 98 72 86 96 95 93 87 79 75 90 91 78 83 89 87 77 67 59 50 36 24 21 25 26 32 47 61 60 57 65 77 86 90 90 93 94 99 97 95 95 101 113 102 92 105 124 125 118 100 119 116 134 120 118 137 141 122 118 127 121 123 126 131 142 141 128 122 126 132 128 133 137 140 143 147 153 160 157 152 149 140 116 115 118 105 113 118 108 106 110 120 120 127 139 147 149 147 138 124 107 84 58 49 56 68 77 82 86 91 95 96 95 91 85 77 70 64 57 50 40 35 34 37 42 47 50 51 54 57 61 65 68 73 78 85 89 94 98 103 110 115 118 122 125 126 125 123 118 104 74 52 49 55 68 86 102 115 122 125 126 126 124 121 115 111 106 101 96 90 92 94 98 100 104 110 115 118 120 121 128 132 126 121 119 120 126 132 135 136 137 138 140 141 142 143 144 145 146 146 146 145 145 145 142 141 140 139 137 136 134 130 128 126 122 118 115 110 106 100 96 92 88 85 87 93 88 84 84 84 86 87 86 86 85 86 88 90 91 93 96 97 98 100 102 103 105 107 108 109 111 112 113 113 115 116 116 117 118 118 118 118 118 118 118 117 116 116 116 117 116 116 115 121 69 0 0 0 0 0 0 0 0 0 0 0 0 0 0 0 0 0 0 0 0 0 0 0 0 0 0 0 0 0 0 0 0 0 0 0 0 
0 0 0 12 55 84 82 82 82 78 80 83 86 89 90 92 93 96 96 95 97 96 96 97 99 104 107 108 107 104 105 103 100 100 104 107 108 108 111 115 120 124 129 132 137 138 138 140 141 144 146 148 150 153 152 152 154 155 156 159 160 161 160 159 158 161 160 159 160 160 160 160 160 162 160 161 160 160 160 161 161 160 161 161 159 159 160 160 161 159 162 163 162 166 165 165 170 166 167 167 162 162 159 155 155 151 150 148 145 146 144 143 142 140 139 138 137 136 134 132 129 127 124 121 118 115 112 107 100 92 85 80 75 72 75 80 86 93 99 106 111 115 120 122 125 127 128 130 130 133 138 139 140 144 142 135 134 131 131 138 148 157 163 163 165 162 160 162 159 153 150 144 139 148 147 148 156 153 148 142 133 130 125 122 119 116 126 125 124 115 109 123 124 121 131 126 117 120 110 111 114 128 130 117 111 105 96 108 106 103 113 114 116 121 130 132 125 136 131 131 119 115 114 110 113 106 126 119 115 97 92 111 107 96 91 76 84 82 87 93 87 87 92 90 92 65 61 50 38 31 33 47 47 54 68 69 58 54 67 81 92 93 79 87 95 87 89 95 98 101 112 119 98 96 116 127 121 112 117 121 124 113 120 136 134 126 121 127 122 122 125 127 143 141 129 129 128 133 131 134 141 145 148 148 153 160 157 154 148 138 125 117 114 100 113 118 113 111 108 112 118 127 139 143 144 140 128 110 89 66 45 42 54 69 77 83 88 92 97 99 100 97 92 81 73 67 61 55 51 47 46 48 50 51 52 56 59 63 67 71 75 80 85 89 95 98 103 109 116 120 122 125 126 128 129 122 107 83 60 53 57 65 79 95 112 124 129 131 132 133 132 130 124 119 114 109 103 95 91 87 88 91 96 103 109 115 119 121 126 131 131 128 123 121 123 128 134 136 136 137 139 139 141 141 142 143 143 143 143 142 143 142 139 139 138 136 134 133 131 128 125 122 119 115 111 106 101 96 92 88 85 82 82 89 90 84 83 83 83 85 84 83 83 85 86 89 91 92 95 97 97 99 100 102 105 106 108 110 111 112 114 113 115 116 118 117 116 118 119 119 118 118 118 118 117 117 117 116 116 116 117 116 11 0 0 0 0 0 0 0 0 0 0 0 0 0 0 0 0 0 0 0 0 0 0 0 0 0 0 0 0 0 0 0 0 0 0 0 0 
0 0 0 0 0 9 49 81 89 81 84 88 92 95 96 97 97 98 97 98 101 100 98 96 99 104 107 109 110 108 109 108 104 104 104 107 108 110 113 117 121 125 130 133 136 141 144 145 146 147 146 148 152 154 155 155 155 156 157 159 160 161 161 161 161 161 160 160 160 161 160 161 159 160 160 161 161 161 161 161 161 161 160 160 160 160 160 159 159 159 158 157 156 155 155 154 155 158 156 159 163 160 166 166 164 169 164 164 165 157 158 154 147 148 142 140 139 136 135 132 130 126 123 121 119 115 113 107 102 95 88 84 78 74 73 76 81 89 94 101 107 113 118 121 123 126 127 129 129 130 132 135 136 137 141 145 141 140 140 141 143 148 147 153 155 157 161 163 167 170 164 158 151 141 145 138 130 143 147 142 137 135 127 118 124 124 122 126 123 125 121 108 111 108 106 119 120 120 118 108 104 98 113 116 113 111 103 96 96 98 102 110 113 116 119 124 104 84 101 101 110 111 112 108 115 112 109 98 81 97 99 111 114 103 88 84 90 82 85 102 107 95 91 88 88 78 73 68 51 61 52 62 64 66 70 70 64 59 66 75 74 75 81 92 100 103 95 87 92 94 110 121 116 103 106 122 126 117 120 125 121 121 127 125 124 129 127 135 135 125 126 134 139 136 136 140 129 135 141 146 142 141 146 150 153 157 156 157 155 135 123 117 111 110 113 115 112 119 120 115 123 135 139 138 135 126 110 89 68 47 36 35 48 65 75 84 90 93 98 101 102 101 94 84 76 72 66 61 57 54 51 51 53 55 58 62 67 71 75 79 82 88 95 99 102 105 110 117 123 126 128 130 131 129 122 110 87 60 54 58 65 75 90 108 123 129 133 134 136 137 137 136 132 128 123 118 111 104 96 89 86 88 94 100 107 115 119 122 125 129 134 133 129 126 123 124 130 134 135 136 138 138 139 140 140 141 140 140 139 140 140 139 138 137 136 133 131 130 127 126 123 119 116 112 108 103 98 94 89 85 82 80 80 82 88 85 80 80 81 80 80 81 81 83 85 87 90 91 93 96 98 100 101 103 104 106 107 109 111 112 113 113 115 117 117 117 118 118 119 119 118 118 118 119 118 119 118 118 117 117 122 74 0 0 0 0 0 0 0 0 0 0 0 0 0 0 0 0 0 0 0 0 0 0 0 0 0 0 0 0 0 0 0 0 0 0 0 0 0 
0 0 0 0 0 0 0 8 53 89 94 93 98 102 103 103 101 100 102 102 103 102 101 101 100 103 105 109 110 110 112 112 109 108 107 108 109 111 114 116 120 124 131 136 140 143 145 146 148 150 149 150 152 154 155 157 158 159 159 160 160 160 161 161 161 161 160 160 161 161 160 160 159 161 161 162 161 160 160 160 161 162 162 161 161 160 160 159 158 160 159 158 157 156 155 153 152 151 151 150 149 150 149 153 155 154 159 159 161 168 164 169 170 164 168 160 154 155 146 142 137 129 127 122 119 116 110 106 101 95 91 86 81 77 73 73 76 80 87 96 104 110 116 119 122 126 129 129 130 131 130 131 132 133 134 137 141 137 139 152 156 155 153 152 150 154 153 156 159 161 167 168 166 163 158 161 153 131 124 129 137 136 126 115 106 99 99 108 118 111 112 114 113 122 120 117 121 121 111 110 119 121 111 102 107 102 106 115 112 107 109 112 123 121 106 107 118 110 103 107 114 129 125 112 112 122 120 100 103 107 109 107 106 89 78 88 98 100 91 100 98 93 85 87 87 87 89 77 66 75 64 72 72 65 72 74 60 56 63 71 69 69 78 88 98 94 95 85 81 88 102 109 121 120 108 123 131 124 129 134 122 125 126 125 129 133 135 127 120 120 131 140 140 135 139 141 133 136 143 145 142 144 148 149 152 152 155 153 147 131 122 119 110 111 109 108 116 123 125 121 128 137 135 135 129 114 90 67 50 40 35 31 38 54 71 83 90 95 99 102 104 102 96 89 82 77 72 67 63 60 56 56 60 63 65 69 73 78 83 86 89 96 101 106 108 112 118 124 129 133 134 134 133 126 112 88 66 53 56 65 74 87 104 120 131 136 136 136 137 140 141 141 140 137 132 127 119 112 104 97 93 96 101 103 110 115 119 122 126 130 135 137 134 131 128 128 130 132 134 136 136 137 137 137 138 138 139 139 137 138 137 135 135 134 132 131 129 127 124 123 119 115 112 108 104 99 95 90 86 83 81 79 78 77 82 84 79 78 79 77 78 78 78 79 83 85 88 91 93 95 98 100 100 103 107 108 107 109 111 112 112 114 116 117 117 117 119 118 119 120 119 117 119 119 119 119 118 118 117 117 120 14 0 0 0 0 0 0 0 0 0 0 0 0 0 0 0 0 0 0 0 0 0 0 0 0 0 0 0 0 0 0 0 0 0 0 0 0 0 
0 0 0 0 0 0 0 0 0 7 52 95 105 105 107 105 104 104 106 105 104 104 104 103 101 102 103 105 107 108 110 113 113 110 109 110 112 112 115 117 118 123 129 135 141 144 146 147 150 152 151 152 152 153 155 158 158 158 160 161 161 161 160 161 160 162 161 161 162 164 164 166 164 165 164 163 166 164 165 165 166 165 164 165 163 165 162 163 162 158 161 158 159 156 156 156 153 153 152 151 149 148 148 148 149 148 147 149 146 148 149 148 152 158 156 162 162 160 171 164 162 163 150 150 142 129 127 116 104 101 91 87 81 76 73 72 74 78 84 94 101 107 114 118 122 125 126 129 131 133 139 141 138 140 137 138 145 144 142 141 150 157 159 158 155 157 158 157 155 156 161 163 165 168 163 156 155 153 138 123 117 125 128 121 111 100 96 92 102 113 108 116 116 123 123 119 121 127 129 121 118 119 129 125 109 96 99 111 111 111 108 109 112 119 130 121 113 122 120 116 112 119 121 119 109 102 92 86 79 83 76 90 94 83 85 91 89 98 92 100 104 83 75 82 88 89 81 81 74 80 70 76 75 65 75 70 57 54 58 61 64 74 85 84 86 91 83 81 81 80 89 101 111 119 112 119 125 123 123 132 132 127 123 125 126 123 132 137 112 112 129 141 137 133 134 139 137 131 137 136 140 143 148 149 153 147 151 152 150 136 121 115 113 113 110 108 119 121 123 119 127 133 133 129 119 104 70 52 44 46 44 35 32 44 63 79 88 95 97 98 100 101 99 93 88 83 78 72 68 66 64 67 71 73 75 78 82 85 91 95 99 104 109 113 117 121 125 131 134 136 136 132 124 110 88 64 53 58 65 72 85 102 118 132 138 141 139 140 141 143 144 146 146 142 138 131 126 119 114 109 108 110 114 116 118 119 118 121 124 130 135 137 138 136 134 133 131 130 132 134 135 136 136 135 136 135 136 135 135 135 134 133 131 130 129 128 125 124 122 119 115 112 108 105 100 96 91 87 83 81 79 78 77 76 78 82 80 75 74 74 74 76 78 79 81 84 87 90 92 94 97 98 100 103 105 106 108 110 111 112 113 114 116 118 117 118 120 120 120 120 120 119 119 118 118 119 119 118 117 122 77 0 0 0 0 0 0 0 0 0 0 0 0 0 0 0 0 0 0 0 0 0 0 0 0 0 0 0 0 0 0 0 0 0 0 0 0 0 0 
0 0 0 0 0 0 0 0 0 0 0 7 54 98 109 104 103 105 107 107 109 108 107 106 104 105 104 103 102 102 106 111 112 110 109 111 114 114 115 117 116 120 128 134 139 143 143 146 149 151 152 154 154 155 156 160 161 163 163 167 166 166 166 167 168 166 167 167 171 169 170 168 172 169 172 170 170 171 169 172 168 170 167 170 171 169 172 168 173 171 171 176 168 173 168 169 169 162 166 160 160 160 155 157 152 152 151 146 147 145 143 142 142 143 141 140 140 141 141 147 148 149 158 156 161 165 156 160 151 133 132 114 102 97 83 80 77 76 85 91 98 107 113 118 121 124 125 125 126 130 134 139 137 136 144 149 151 153 153 157 155 154 156 161 163 160 160 160 157 154 156 158 156 152 156 159 158 158 151 137 122 115 114 115 121 117 106 97 88 107 105 103 104 111 121 129 136 129 119 118 111 105 107 107 113 112 108 117 115 113 111 105 106 109 112 123 122 124 118 113 111 108 103 107 111 107 103 90 98 106 121 101 91 87 86 87 91 93 91 93 108 112 92 76 87 89 85 85 77 85 73 77 88 75 70 64 56 54 53 53 69 81 89 86 95 103 112 102 90 88 91 94 99 106 110 117 123 122 122 126 126 123 117 113 125 126 126 133 119 104 118 135 142 136 141 138 134 130 142 144 147 148 154 155 161 159 151 152 145 135 108 105 108 114 109 109 119 120 117 111 123 125 129 120 102 76 52 47 49 57 53 39 30 34 49 64 77 86 93 96 99 101 100 97 93 88 82 78 77 76 76 79 82 85 86 90 93 96 102 105 111 114 117 121 123 126 129 132 134 135 130 122 104 81 60 53 56 63 70 79 97 115 129 138 144 145 144 144 145 148 150 150 148 144 139 135 131 127 125 123 124 125 128 130 130 127 124 123 123 127 129 133 136 137 137 137 134 133 133 133 134 134 136 135 134 133 133 132 133 132 131 130 128 128 126 124 122 120 118 115 113 108 105 100 95 91 87 83 80 78 76 75 76 74 74 78 78 75 73 72 73 74 76 78 80 83 85 88 91 93 96 98 100 103 104 105 106 109 110 111 112 114 115 116 117 118 120 120 120 120 120 121 120 118 118 119 119 119 118 122 15 0 0 0 0 0 0 0 0 0 0 0 0 0 0 0 0 0 0 0 0 0 0 0 0 0 0 0 0 0 0 0 0 0 0 0 0 0 0 
0 0 0 0 0 0 0 0 0 0 0 0 0 5 52 94 105 101 102 106 110 113 114 113 110 109 107 104 103 101 103 105 108 106 107 112 115 117 115 119 121 122 127 132 137 139 142 145 150 153 160 159 161 161 164 164 167 166 167 167 167 165 166 165 166 166 164 162 162 162 162 162 163 162 161 162 161 162 161 162 162 162 162 160 161 160 161 160 158 162 160 160 162 160 164 161 163 165 164 168 163 169 170 165 173 166 170 170 162 167 160 155 157 147 147 144 138 138 133 131 130 128 128 129 130 130 141 141 148 158 152 162 160 146 149 130 118 116 102 103 106 106 112 115 117 121 121 125 126 127 129 133 135 136 137 142 146 146 151 153 156 159 157 152 154 156 157 156 158 155 152 155 159 161 153 147 153 159 157 152 141 121 111 104 100 107 107 101 84 80 85 91 102 106 114 124 124 136 131 121 118 111 116 117 111 114 115 105 98 100 107 113 114 113 114 116 122 128 124 128 126 123 109 102 111 113 115 115 118 118 109 96 85 94 89 94 105 95 80 93 99 91 84 77 83 91 90 91 81 87 88 83 80 72 70 62 55 51 43 45 61 82 88 84 96 100 99 105 97 102 105 100 104 109 110 113 126 126 118 113 120 122 120 120 129 130 128 130 129 121 113 125 138 135 143 137 131 131 141 153 155 155 157 157 162 160 148 142 137 130 113 104 108 112 111 111 123 119 112 113 116 115 118 109 84 54 47 52 62 68 60 46 32 29 34 48 60 73 83 91 96 99 100 99 96 93 89 89 89 89 90 91 93 96 97 98 100 106 110 115 120 121 124 127 128 129 133 132 129 124 113 94 72 54 49 57 64 68 76 90 109 125 136 143 146 147 148 149 150 151 152 153 151 146 141 140 137 135 134 135 136 138 138 140 139 136 134 132 133 131 130 132 135 137 139 138 139 137 136 135 134 133 135 134 133 132 131 130 130 129 128 126 126 125 123 121 119 117 114 112 108 103 101 97 92 87 83 79 78 76 74 74 74 73 73 75 78 74 70 71 73 72 75 78 79 81 84 87 89 92 95 98 100 102 104 106 107 108 110 112 112 114 115 116 116 118 119 119 119 119 120 121 119 119 120 119 118 118 124 80 0 0 0 0 0 0 0 0 0 0 0 0 0 0 0 0 0 0 0 0 0 0 0 0 0 0 0 0 0 0 0 0 0 0 0 0 0 0 0 
0 0 0 0 0 0 0 0 0 0 0 0 0 0 0 3 47 92 105 104 108 114 117 118 117 116 113 110 108 106 105 107 111 110 110 114 118 121 122 124 127 134 137 146 147 152 149 153 154 159 157 159 158 159 158 159 159 162 162 163 162 162 162 163 163 163 163 162 161 160 160 160 161 161 161 163 162 161 160 160 160 161 161 161 161 159 159 159 159 157 158 156 156 155 155 153 152 153 154 152 152 151 153 150 150 155 152 158 161 157 168 164 166 173 163 170 167 156 163 150 147 146 133 132 126 119 117 111 111 109 116 118 126 138 138 152 156 152 162 153 146 146 132 128 129 124 123 122 123 130 132 138 145 146 150 147 148 149 147 147 150 151 154 152 148 147 147 147 147 153 157 158 152 158 169 166 155 150 153 152 147 139 129 111 97 91 86 91 98 82 69 69 96 115 116 115 113 108 117 128 131 125 118 126 123 111 120 120 91 73 84 92 93 95 94 108 115 126 136 141 152 138 125 115 114 118 112 112 113 107 104 108 101 109 120 119 106 100 88 95 106 107 83 65 77 94 91 87 81 88 85 85 74 70 69 66 64 58 44 47 58 64 80 97 109 105 102 106 113 110 109 103 106 112 113 110 119 118 111 107 118 132 130 125 120 123 128 126 125 124 115 130 133 137 139 137 132 134 142 156 155 154 157 159 161 158 150 145 136 133 119 112 108 104 107 114 121 117 111 110 102 99 103 91 62 44 48 62 71 76 73 58 41 30 28 33 45 59 72 84 91 95 97 98 97 97 99 102 104 101 100 101 102 105 106 107 110 114 117 122 124 124 124 123 124 128 130 127 119 104 85 63 46 43 51 61 70 76 89 106 122 135 142 145 148 148 149 151 152 152 154 154 153 148 145 145 143 140 140 140 143 143 142 142 142 143 141 141 140 141 139 138 138 139 142 141 140 139 140 138 136 134 133 134 132 131 130 129 128 126 125 123 123 122 119 117 116 114 110 107 104 100 95 92 88 84 78 74 75 74 74 74 74 74 74 74 76 74 71 71 70 73 75 77 79 81 83 86 87 91 94 96 99 101 104 107 109 109 111 112 114 114 115 116 116 118 119 118 119 120 121 119 119 119 119 119 119 119 123 19 0 0 0 0 0 0 0 0 0 0 0 0 0 0 0 0 0 0 0 0 0 0 0 0 0 0 0 0 0 0 0 0 0 0 0 0 0 0 0 
0 0 0 0 0 0 0 0 0 0 0 0 0 0 0 0 0 2 46 94 111 111 112 115 116 117 117 115 115 111 109 108 113 116 121 125 133 135 142 143 147 146 149 146 147 144 141 140 141 143 145 149 151 153 155 156 158 161 161 162 162 162 162 162 163 163 164 162 162 161 160 160 161 162 160 161 161 162 161 160 160 160 159 160 160 159 160 159 158 158 157 157 157 156 156 154 153 154 153 152 151 150 149 148 146 147 147 145 146 145 144 147 145 147 150 144 153 153 152 165 158 163 169 157 166 159 148 153 132 127 122 104 105 97 97 97 98 113 115 131 146 146 161 160 155 160 149 144 140 133 138 139 139 144 149 150 154 152 150 148 150 151 149 148 144 141 140 143 144 146 145 151 153 151 168 173 171 165 156 148 145 140 133 129 114 100 87 81 86 82 88 79 87 110 124 121 118 111 111 122 126 134 139 136 127 108 100 113 120 103 73 65 68 69 79 95 107 109 113 122 134 134 127 125 120 122 120 127 122 114 111 114 112 115 113 118 116 108 105 98 102 99 92 75 72 88 80 84 88 82 81 82 69 71 64 65 66 57 54 54 56 60 72 84 95 110 110 93 93 105 108 104 95 97 124 119 110 115 117 118 120 132 131 118 110 118 118 122 122 126 124 127 133 137 132 146 142 139 149 155 158 158 161 163 156 160 159 151 137 128 125 115 106 101 112 116 116 104 100 100 94 90 82 64 44 41 57 74 85 86 84 71 53 38 27 26 33 42 59 71 83 92 95 97 99 102 104 107 109 109 110 110 111 112 115 116 119 122 126 128 126 122 120 118 122 125 121 111 95 73 53 39 38 46 55 64 76 88 105 121 134 142 147 148 149 150 152 150 150 151 153 153 152 148 147 148 147 144 142 142 143 144 143 143 145 145 145 143 144 145 145 144 142 142 143 142 141 142 141 139 138 137 135 132 131 129 128 127 126 124 121 120 119 118 116 114 112 109 105 103 100 96 91 87 83 79 75 73 74 74 73 75 73 75 76 74 74 74 72 71 70 73 74 76 78 81 83 86 87 90 93 95 97 100 103 106 108 109 111 111 113 114 115 116 117 118 118 118 120 122 122 120 120 119 120 119 119 124 83 0 0 0 0 0 0 0 0 0 0 0 0 0 0 0 0 0 0 0 0 0 0 0 0 0 0 0 0 0 0 0 0 0 0 0 0 0 0 0 0 
0 0 0 0 0 0 0 0 0 0 0 0 0 0 0 0 0 0 0 1 46 98 113 112 115 116 118 119 120 122 124 129 129 139 138 142 141 143 139 136 135 134 134 134 137 138 137 137 137 141 142 147 149 150 152 154 157 158 159 160 162 162 162 161 161 161 163 164 162 160 161 160 160 161 160 162 163 162 161 160 160 159 159 160 161 160 160 158 158 157 156 156 155 156 154 153 153 154 153 152 151 151 150 150 148 146 145 145 147 146 145 145 143 142 141 139 138 137 134 131 136 132 134 141 137 147 149 147 164 156 158 168 148 154 143 120 126 102 93 97 87 100 106 118 137 141 156 158 156 163 159 152 147 140 142 145 142 143 146 146 150 153 147 150 150 152 150 143 141 144 142 139 140 143 149 160 168 166 168 164 151 148 139 127 118 105 90 80 77 84 105 110 100 98 114 127 123 123 115 121 125 123 131 139 140 124 113 112 116 108 89 72 62 62 73 90 104 116 123 113 116 125 127 128 123 119 122 121 125 116 111 110 114 113 116 110 119 106 109 102 95 91 87 81 76 86 79 79 80 79 74 71 68 66 62 64 56 57 65 63 59 68 73 73 83 91 96 95 101 105 96 100 97 91 115 120 107 113 122 129 120 119 125 121 122 120 112 123 133 133 132 129 132 129 134 147 145 142 155 157 162 159 163 165 162 164 163 151 140 138 135 109 99 102 110 109 103 91 91 91 94 83 63 50 44 50 68 85 96 98 95 83 69 52 35 26 26 29 43 55 69 81 90 95 97 100 103 105 108 111 115 117 119 121 122 125 127 129 131 131 122 116 113 111 111 109 99 81 60 44 36 36 41 51 61 72 87 103 119 132 141 147 150 151 153 154 155 154 153 153 154 154 151 149 149 150 149 148 146 146 148 150 150 150 153 153 152 149 149 148 147 145 144 144 144 141 142 142 141 140 138 138 137 134 132 130 128 126 124 122 119 117 114 113 112 109 108 105 102 99 96 93 88 83 78 75 72 72 72 73 73 73 72 74 76 74 74 73 73 72 73 74 75 77 78 80 81 85 87 89 92 94 97 100 102 104 105 108 110 112 113 115 116 118 119 120 119 120 121 122 121 121 121 120 120 120 120 124 22 0 0 0 0 0 0 0 0 0 0 0 0 0 0 0 0 0 0 0 0 0 0 0 0 0 0 0 0 0 0 0 0 0 0 0 0 0 0 0 0 
0 0 0 0 0 0 0 0 0 0 0 0 0 0 0 0 0 0 0 0 0 0 42 98 126 124 132 131 138 135 135 129 127 122 122 126 128 134 135 135 135 136 134 134 136 138 138 139 141 142 142 144 147 146 149 152 155 155 157 159 160 161 161 161 161 161 161 162 162 162 162 162 161 161 162 162 161 161 162 162 160 159 159 159 160 157 159 159 159 157 156 157 156 156 154 154 154 153 152 151 151 152 150 149 149 148 147 147 147 146 146 144 142 142 142 139 139 138 135 134 132 129 126 124 124 117 116 117 112 119 117 119 135 128 146 157 148 169 160 144 157 132 130 129 113 124 132 132 144 146 153 157 152 156 155 149 146 139 134 139 140 140 144 141 147 148 150 153 148 144 141 140 140 139 140 145 153 160 161 158 153 151 149 142 126 108 94 84 74 95 105 116 121 106 78 79 101 115 112 111 114 106 109 124 136 134 128 118 102 95 86 71 58 49 58 90 107 125 132 126 116 116 123 126 125 125 124 125 122 121 115 109 108 101 103 113 116 110 102 96 82 83 81 76 69 75 79 71 65 68 66 62 58 61 59 64 66 66 69 65 67 67 74 80 91 98 102 86 93 105 97 93 106 93 101 110 104 105 118 127 119 111 121 121 121 120 120 120 128 129 131 133 135 127 141 150 149 150 156 160 160 159 162 162 163 163 155 145 136 134 128 110 103 105 108 104 99 90 87 86 88 76 52 51 46 54 71 86 99 106 106 97 84 71 50 31 24 23 28 37 49 61 72 80 87 91 97 100 103 109 115 118 121 121 125 127 128 127 124 119 111 104 99 92 85 76 61 47 37 33 36 43 52 62 72 89 105 117 129 139 145 150 152 154 158 158 159 159 158 157 157 157 154 152 151 152 153 152 152 152 153 155 157 156 158 157 156 153 151 148 148 146 146 146 147 145 144 145 145 143 139 138 137 136 133 131 129 126 123 120 118 115 112 109 107 105 103 101 98 95 92 87 83 79 75 71 70 71 72 73 74 73 76 76 76 76 75 74 75 74 75 77 77 78 79 80 81 84 86 89 91 94 97 99 101 103 105 107 109 112 113 114 116 118 119 119 119 120 122 121 120 120 121 120 119 119 124 88 0 0 0 0 0 0 0 0 0 0 0 0 0 0 0 0 0 0 0 0 0 0 0 0 0 0 0 0 0 0 0 0 0 0 0 0 0 0 0 0 0 
0 0 0 0 0 0 0 0 0 0 0 0 0 0 0 0 0 0 0 0 0 0 0 0 50 119 134 127 120 119 116 113 111 111 113 118 123 127 134 138 140 140 139 137 138 139 141 141 141 143 145 145 148 148 150 153 153 153 156 157 159 160 161 161 162 162 162 162 162 162 163 161 161 162 163 163 162 161 162 163 161 160 159 159 160 159 159 159 159 157 157 157 156 155 154 154 154 153 152 151 152 152 150 150 150 149 149 147 147 146 147 145 145 144 143 141 139 138 136 134 133 131 129 125 122 120 116 114 111 108 104 100 98 98 94 94 103 99 114 127 126 154 155 157 173 160 160 164 153 160 154 146 149 147 151 157 153 150 147 139 138 132 127 128 127 126 130 132 140 143 141 143 146 139 133 137 138 147 162 160 156 156 153 147 134 122 105 100 100 93 92 96 111 113 114 95 71 72 81 79 89 114 117 117 128 128 129 128 116 93 84 79 61 47 39 41 68 92 104 107 105 113 126 131 138 140 142 136 125 125 123 106 100 100 104 102 105 109 111 103 100 90 87 84 77 75 75 65 54 55 51 49 54 61 60 63 66 65 68 62 58 59 65 78 91 98 110 95 100 101 94 93 100 100 97 103 111 110 100 108 116 113 116 124 127 129 128 117 132 121 120 131 134 131 142 156 158 159 162 159 160 160 158 158 158 159 155 149 136 117 107 105 106 105 106 102 100 95 88 80 80 68 54 48 46 60 77 92 104 111 114 109 97 86 70 46 30 23 23 26 31 38 48 57 69 76 83 88 89 95 102 108 110 112 116 115 114 110 104 97 90 82 73 61 51 43 34 29 32 39 48 55 64 77 92 109 123 130 136 141 147 151 155 157 161 161 161 161 161 161 160 158 154 152 151 152 151 152 153 156 157 156 155 156 158 159 156 156 156 155 154 153 153 152 153 152 151 150 148 146 144 142 139 137 134 132 129 125 122 120 118 114 110 106 104 101 98 95 94 91 87 83 79 75 72 69 69 70 72 71 71 73 75 76 77 78 77 77 77 77 77 78 79 80 81 81 83 84 85 88 90 93 95 98 101 103 105 107 109 112 114 114 115 116 118 118 119 121 121 120 120 120 120 121 120 119 125 24 0 0 0 0 0 0 0 0 0 0 0 0 0 0 0 0 0 0 0 0 0 0 0 0 0 0 0 0 0 0 0 0 0 0 0 0 0 0 0 0 0 
0 0 0 0 0 0 0 0 0 0 0 0 0 0 0 0 0 0 0 0 0 0 0 0 0 0 41 98 121 116 112 112 110 109 109 114 121 123 129 133 139 141 142 142 142 143 142 144 145 147 147 147 150 151 151 154 154 153 155 156 158 160 161 161 162 162 161 162 162 162 162 162 162 163 162 163 162 162 162 162 162 162 161 161 161 161 160 160 159 157 157 156 156 154 154 154 153 152 150 151 152 150 149 150 149 149 148 148 147 146 145 144 143 142 140 140 140 139 138 137 134 132 131 128 124 121 119 116 113 110 106 102 101 95 92 91 86 83 77 78 82 84 98 111 120 141 148 156 172 167 173 175 165 166 163 151 152 152 146 141 133 128 123 119 118 115 113 115 117 118 129 136 135 144 141 137 143 142 142 148 147 148 150 145 136 128 119 112 118 118 113 94 104 113 110 108 92 64 53 54 57 72 102 101 105 115 112 117 114 99 83 81 77 54 42 44 45 72 90 86 97 113 123 130 131 139 136 137 126 117 109 93 110 112 112 114 104 97 104 105 95 93 96 95 87 76 75 65 56 54 44 49 57 62 59 63 63 57 55 60 67 65 66 76 78 94 107 98 94 104 97 101 104 105 103 102 106 111 103 102 112 116 114 123 131 129 119 121 134 129 133 138 143 140 152 161 168 167 166 162 165 166 160 159 163 161 162 155 137 118 110 102 105 103 110 105 98 94 83 71 77 59 42 42 52 69 86 99 113 121 122 118 107 96 84 68 47 30 24 21 23 26 29 37 47 54 60 63 67 72 80 84 87 92 93 91 85 80 74 67 58 51 43 34 27 24 25 28 38 51 63 71 80 96 110 125 134 138 140 144 147 150 154 158 160 160 160 161 162 163 160 157 154 151 151 151 149 149 151 157 158 157 156 157 160 161 161 160 159 159 160 159 158 155 155 155 154 152 149 148 145 145 142 139 136 134 131 127 124 120 118 113 109 105 102 97 94 92 91 88 82 80 75 72 69 68 69 69 70 70 71 73 74 75 76 78 79 78 80 79 80 79 81 81 83 84 85 87 88 89 90 91 94 97 100 103 103 106 108 110 112 113 114 115 118 119 120 121 120 121 119 121 121 121 120 124 92 0 0 0 0 0 0 0 0 0 0 0 0 0 0 0 0 0 0 0 0 0 0 0 0 0 0 0 0 0 0 0 0 0 0 0 0 0 0 0 0 0 0 
0 0 0 0 0 0 0 0 0 0 0 0 0 0 0 0 0 0 0 0 0 0 0 0 0 0 0 0 38 94 120 114 110 109 110 112 115 117 123 127 133 138 141 143 143 147 147 148 147 150 150 151 151 152 153 154 155 153 156 157 158 160 161 161 161 161 161 161 162 162 162 162 162 162 161 161 161 162 162 162 161 162 162 162 161 161 160 160 158 158 157 157 155 155 154 153 153 151 150 151 151 150 148 149 149 148 148 148 148 145 144 143 142 141 141 140 140 139 139 137 135 133 132 129 126 123 121 119 117 113 110 106 104 100 96 93 90 85 80 77 77 77 81 89 99 108 119 123 126 139 142 150 164 163 171 181 170 174 171 155 155 141 131 124 112 109 109 108 105 106 113 118 119 121 129 136 143 149 152 143 143 144 144 140 138 128 126 126 126 128 132 135 130 129 128 113 97 76 47 37 41 57 81 109 108 111 110 100 107 106 99 87 77 63 44 43 60 83 105 118 114 120 121 125 121 131 135 132 130 112 115 115 113 113 106 113 110 97 101 104 90 82 88 92 81 73 79 62 71 52 50 56 57 61 63 64 62 61 66 61 60 61 58 71 75 86 101 95 86 93 101 103 104 110 114 111 111 106 103 102 112 113 111 117 123 126 115 123 130 134 146 149 150 149 159 161 169 166 162 162 165 165 161 156 164 159 159 159 145 128 114 97 95 103 110 101 89 82 73 73 69 55 45 45 57 71 89 105 116 123 127 124 116 107 97 88 68 49 37 27 22 22 22 24 26 31 35 36 43 47 51 55 58 60 60 60 54 49 42 35 31 28 24 23 25 26 30 38 52 65 78 90 103 114 128 138 143 144 145 147 150 151 153 156 157 156 156 160 162 162 160 156 154 153 151 152 150 149 151 153 156 156 158 162 165 164 164 164 162 161 161 160 159 157 157 156 156 154 152 149 147 146 143 141 139 136 133 130 126 122 118 114 110 106 102 97 95 90 86 83 80 77 72 69 67 67 68 69 70 71 71 73 74 74 76 78 80 80 81 82 83 82 83 83 85 86 87 88 89 90 91 92 94 97 99 102 104 106 108 110 112 113 114 116 117 118 119 119 120 121 120 121 120 121 121 128 26 0 0 0 0 0 0 0 0 0 0 0 0 0 0 0 0 0 0 0 0 0 0 0 0 0 0 0 0 0 0 0 0 0 0 0 0 0 0 0 0 0 0 
0 0 0 0 0 0 0 0 0 0 0 0 0 0 0 0 0 0 0 0 0 0 0 0 0 0 0 0 0 0 33 93 121 115 112 113 115 116 119 123 129 134 138 142 144 147 149 150 151 152 152 153 152 153 155 156 156 157 158 159 159 158 160 161 161 160 160 161 163 163 162 162 162 162 161 162 162 162 162 162 162 162 163 162 162 162 161 159 158 158 158 158 155 155 155 155 154 151 152 152 151 150 149 149 148 147 147 148 148 146 145 144 145 142 141 141 140 140 138 137 136 135 134 132 129 126 125 121 119 117 114 111 108 104 100 97 93 90 87 84 83 84 85 90 97 106 115 121 126 128 135 138 141 148 149 155 163 162 169 177 169 174 172 157 155 142 125 122 108 100 104 104 112 125 121 134 150 146 146 144 135 141 140 139 136 139 138 136 130 125 128 131 123 126 120 119 114 95 70 48 27 41 67 84 103 100 103 101 99 103 95 103 97 79 56 44 43 58 85 93 107 108 110 114 117 112 112 112 113 113 112 112 122 119 119 115 110 102 96 96 89 82 88 93 82 69 77 73 73 64 56 57 57 55 64 65 62 63 65 62 61 62 60 76 86 85 89 94 100 109 104 108 102 99 105 115 115 104 98 106 121 112 105 111 119 126 122 125 128 125 154 151 148 151 160 162 166 163 154 158 164 158 159 151 157 150 147 151 137 123 116 91 92 101 100 92 83 78 72 67 57 55 48 51 59 72 90 107 119 124 128 128 122 116 110 102 92 76 61 46 34 25 22 20 20 20 21 23 24 25 27 30 32 32 31 30 28 27 21 19 20 20 24 28 32 35 42 55 69 85 98 111 120 130 140 147 150 151 152 152 154 154 156 157 157 155 155 158 160 159 155 154 154 153 153 152 152 154 155 156 160 163 166 167 168 168 168 167 166 166 166 166 163 162 160 159 158 156 155 154 152 148 146 144 142 139 135 131 127 123 120 116 111 106 101 97 93 88 85 79 77 73 70 68 67 67 68 70 69 71 72 74 75 76 77 79 80 81 83 84 84 85 85 86 88 89 90 90 90 91 91 93 95 97 98 101 103 105 108 110 111 112 113 116 116 117 118 119 120 121 120 121 120 121 125 94 0 0 0 0 0 0 0 0 0 0 0 0 0 0 0 0 0 0 0 0 0 0 0 0 0 0 0 0 0 0 0 0 0 0 0 0 0 0 0 0 0 0 0 
0 0 0 0 0 0 0 0 0 0 0 0 0 0 0 0 0 0 0 0 0 0 0 0 0 0 0 0 0 0 0 0 31 94 123 120 118 118 118 122 125 129 132 137 142 146 149 151 154 153 154 154 153 154 156 158 159 161 161 162 160 160 160 161 161 160 161 162 163 163 163 163 163 162 162 162 161 163 163 162 162 164 163 162 163 163 162 160 159 159 159 159 157 156 156 154 154 154 153 153 152 150 150 149 148 148 147 148 148 147 147 145 145 143 142 143 141 141 139 138 138 137 134 134 132 130 128 124 123 121 118 115 110 107 102 100 98 93 92 87 85 83 81 84 89 97 107 120 129 133 135 140 144 147 151 155 150 153 153 151 150 148 151 159 157 162 164 149 151 140 120 119 111 109 114 102 125 147 143 142 145 146 149 149 156 155 154 151 146 146 133 132 126 109 112 110 107 98 82 62 51 53 78 97 100 117 105 103 103 109 108 106 105 96 89 75 67 67 84 103 106 111 109 114 120 119 123 118 125 122 121 114 118 117 108 105 98 101 89 77 81 77 80 86 78 70 79 78 73 75 67 61 66 63 61 54 60 64 56 55 55 61 67 78 87 84 80 90 101 104 105 106 99 92 90 114 112 117 109 107 115 115 107 107 121 136 133 129 122 130 149 155 151 152 163 161 164 161 157 157 160 161 161 152 150 142 136 146 123 119 115 96 92 99 100 82 75 78 71 62 54 58 58 56 62 72 91 109 120 125 129 132 129 126 121 114 112 102 86 69 56 43 34 28 26 23 19 20 22 20 19 20 20 19 21 21 20 20 20 20 22 26 33 38 45 49 59 72 89 105 117 126 132 140 147 152 155 155 155 156 159 160 160 159 158 157 156 156 155 154 152 152 152 152 154 155 156 159 162 164 165 167 167 165 168 169 170 171 170 171 170 170 167 165 164 162 161 160 158 156 155 152 150 148 145 141 138 134 130 126 122 117 112 108 103 98 93 88 83 78 75 71 68 67 67 67 69 68 69 71 72 74 76 78 79 80 82 83 83 85 85 86 88 89 90 91 92 93 93 93 93 94 96 98 99 101 103 105 106 107 110 113 113 116 116 117 118 120 120 121 121 121 121 121 127 30 0 0 0 0 0 0 0 0 0 0 0 0 0 0 0 0 0 0 0 0 0 0 0 0 0 0 0 0 0 0 0 0 0 0 0 0 0 0 0 0 0 0 0 
0 0 0 0 0 0 0 0 0 0 0 0 0 0 0 0 0 0 0 0 0 0 0 0 0 0 0 0 0 0 0 0 0 0 30 95 129 126 121 123 125 127 128 133 138 143 147 150 153 154 154 155 154 154 155 157 161 162 162 162 162 162 162 163 161 161 162 163 164 164 164 164 164 163 162 162 162 163 162 161 162 163 162 162 163 163 163 162 162 161 160 159 159 159 158 158 156 156 155 154 153 152 152 151 150 149 149 148 147 146 146 145 144 145 144 144 143 141 141 140 140 138 135 135 133 131 128 126 125 123 121 117 115 111 108 103 99 95 91 86 83 82 79 83 89 99 110 121 131 137 140 139 143 142 146 147 148 147 148 144 139 136 135 128 131 128 128 135 133 136 143 134 129 126 128 128 121 129 142 138 145 148 145 146 143 151 156 155 152 147 141 135 137 130 124 112 101 91 74 59 48 55 60 77 87 89 100 94 101 103 103 107 108 97 89 100 103 96 93 99 108 111 107 99 111 117 122 129 120 117 109 111 123 118 102 96 92 96 98 80 80 96 92 82 78 86 87 81 82 78 73 66 65 64 57 55 62 63 55 62 63 67 71 77 80 81 80 90 91 90 100 99 104 91 93 98 103 120 113 104 106 115 110 111 123 130 132 121 113 136 149 160 159 157 161 158 160 166 156 156 157 161 163 153 147 141 132 141 122 121 119 111 112 103 93 80 75 76 64 57 55 58 63 60 62 73 94 114 124 130 133 135 135 133 129 124 123 117 105 89 79 70 59 48 44 38 31 29 27 24 23 22 20 22 26 28 26 27 26 29 33 38 45 53 61 69 81 91 107 121 132 138 143 148 153 157 158 159 160 160 163 163 163 162 162 161 159 156 153 151 152 152 152 152 155 158 159 159 162 164 166 166 166 169 171 173 175 175 175 176 175 171 170 168 167 165 164 162 161 159 157 155 153 150 147 144 140 138 133 129 125 120 115 110 105 101 95 89 83 78 73 69 67 67 67 67 68 68 71 72 74 75 76 78 79 80 82 84 84 85 87 87 90 91 92 93 93 95 96 95 95 95 97 99 101 102 104 105 105 106 109 112 113 114 115 116 116 118 119 120 119 119 120 124 96 0 0 0 0 0 0 0 0 0 0 0 0 0 0 0 0 0 0 0 0 0 0 0 0 0 0 0 0 0 0 0 0 0 0 0 0 0 0 0 0 0 0 0 0 
0 0 0 0 0 0 0 0 0 0 0 0 0 0 0 0 0 0 0 0 0 0 0 0 0 0 0 0 0 0 0 0 0 0 0 0 29 93 132 131 127 128 130 133 135 139 144 149 152 153 155 155 154 154 154 156 158 160 160 162 162 162 162 162 162 161 162 163 164 164 164 164 164 164 164 162 163 163 163 163 163 163 163 163 163 163 162 163 162 162 162 160 160 160 160 160 158 158 157 156 154 154 153 152 151 150 150 149 149 147 146 147 146 145 144 144 144 142 142 141 140 139 137 135 134 132 128 128 127 124 123 121 117 113 109 106 102 97 93 89 85 83 81 83 92 97 103 108 117 125 132 131 134 140 142 145 146 147 147 145 143 135 137 129 125 117 111 110 107 110 113 118 112 110 126 128 137 141 147 151 146 150 155 152 157 158 151 153 154 154 146 145 139 134 132 116 101 87 76 67 56 51 53 58 88 92 90 106 111 115 104 108 116 117 109 107 111 108 104 99 104 106 116 106 92 96 102 120 117 108 107 93 93 113 112 100 99 99 101 86 77 87 97 94 88 84 83 80 72 72 69 67 64 59 57 52 57 63 68 69 62 65 73 80 91 82 84 84 99 94 88 94 108 101 117 102 105 120 122 108 102 116 124 121 119 113 118 114 121 145 151 156 159 150 161 162 163 161 158 158 155 155 156 147 149 142 133 133 123 112 118 121 120 108 100 86 75 71 63 61 58 57 64 61 66 79 101 118 130 136 137 138 138 138 136 131 130 129 120 109 101 95 88 81 73 64 58 51 46 40 35 33 34 36 39 40 41 41 42 45 49 54 62 71 82 92 101 111 122 133 141 146 150 153 156 158 160 162 163 163 163 164 163 163 163 162 160 157 154 152 151 151 150 152 154 158 159 157 158 160 163 165 168 172 174 177 178 178 178 178 176 174 173 171 171 169 167 165 164 163 160 158 155 153 150 147 143 140 137 132 128 123 119 113 108 103 97 91 85 79 74 69 66 66 67 67 67 69 71 73 75 75 76 79 80 81 82 83 84 85 87 89 90 91 93 94 95 96 97 96 97 98 98 100 101 103 104 105 106 107 109 111 113 113 114 115 116 116 117 119 118 118 118 126 34 0 0 0 0 0 0 0 0 0 0 0 0 0 0 0 0 0 0 0 0 0 0 0 0 0 0 0 0 0 0 0 0 0 0 0 0 0 0 0 0 0 0 0 0 
0 0 0 0 0 0 0 0 0 0 0 0 0 0 0 0 0 0 0 0 0 0 0 0 0 0 0 0 0 0 0 0 0 0 0 0 0 0 26 94 137 135 133 134 135 137 141 145 149 150 153 153 155 155 156 156 156 158 158 160 161 161 163 162 162 163 162 163 163 164 163 163 163 164 164 164 163 162 162 162 163 164 163 163 163 162 162 163 163 163 162 160 162 162 161 160 160 159 158 158 156 154 154 153 152 151 151 151 149 148 147 146 146 145 143 142 142 142 142 142 140 138 138 136 135 132 130 129 127 125 125 120 118 115 111 107 104 101 97 94 93 88 90 91 90 91 94 101 111 119 128 136 142 149 150 148 151 150 158 155 157 152 144 142 133 131 123 121 119 113 111 113 114 106 101 106 116 115 124 137 142 145 150 152 150 159 159 155 155 153 154 150 147 138 132 128 117 103 91 96 82 59 50 50 61 87 97 110 119 120 114 112 121 128 129 118 113 113 115 107 112 106 103 105 102 100 94 102 112 116 117 127 119 105 105 103 91 91 96 88 74 84 84 79 89 94 84 82 68 66 63 64 62 60 60 57 59 68 59 54 67 76 77 72 80 86 86 71 84 103 101 106 106 109 120 111 107 108 117 118 110 114 122 125 124 113 119 120 126 145 135 148 154 154 161 159 161 159 160 155 152 151 148 146 142 139 133 126 119 116 120 119 118 110 100 87 77 74 72 64 68 62 60 63 72 87 107 122 132 139 142 141 140 141 141 138 137 137 132 124 118 114 111 106 100 93 86 81 73 67 60 59 61 63 61 62 64 67 69 70 72 73 78 89 103 112 122 128 134 141 146 150 152 154 157 159 162 164 165 164 163 162 161 161 160 160 158 153 151 148 148 148 147 147 149 153 156 154 155 159 161 165 169 172 176 178 179 178 180 179 178 177 176 175 175 174 171 169 167 165 163 161 159 156 153 150 146 143 139 136 131 127 123 118 112 106 99 93 88 82 76 71 68 67 68 68 67 70 71 73 76 76 77 80 81 82 83 85 86 87 88 90 91 92 93 95 97 98 98 98 100 100 100 101 102 103 104 106 107 108 109 110 112 112 113 114 115 115 116 117 117 117 121 97 0 0 0 0 0 0 0 0 0 0 0 0 0 0 0 0 0 0 0 0 0 0 0 0 0 0 0 0 0 0 0 0 0 0 0 0 0 0 0 0 0 0 0 0 0 
0 0 0 0 0 0 0 0 0 0 0 0 0 0 0 0 0 0 0 0 0 0 0 0 0 0 0 0 0 0 0 0 0 0 0 0 0 0 0 0 23 96 141 142 137 138 140 144 147 149 151 152 154 155 154 155 155 156 156 158 157 158 161 161 162 162 161 162 161 162 163 163 163 164 165 164 163 163 163 163 162 162 163 161 163 163 163 163 163 162 161 160 162 162 160 159 160 159 157 156 156 156 154 153 152 152 152 150 148 148 149 146 145 143 145 145 144 144 143 144 140 141 138 137 135 132 132 129 130 126 126 120 119 115 112 110 107 106 101 100 100 98 98 95 97 94 97 104 109 115 123 130 134 137 136 137 141 144 143 148 149 148 143 141 135 130 128 124 124 122 119 118 119 118 115 109 98 102 100 113 128 131 131 137 140 137 142 145 145 144 147 149 149 143 131 121 119 117 100 91 89 88 89 84 87 93 94 96 106 117 124 125 122 110 118 130 119 115 118 118 120 119 112 109 110 107 95 91 105 115 117 118 119 118 110 119 114 95 83 84 79 85 85 89 84 86 79 74 70 67 65 64 63 66 61 55 58 61 58 63 76 78 77 71 75 77 89 90 91 103 109 110 101 105 107 110 113 108 112 114 112 109 115 121 124 125 122 122 124 130 132 147 156 154 157 159 156 157 157 154 152 155 154 143 145 144 143 130 114 114 116 118 116 101 94 91 77 70 67 62 63 60 55 63 76 94 109 121 130 139 144 145 143 144 145 143 142 142 140 135 130 125 124 122 118 114 111 105 100 95 87 86 91 91 87 86 86 90 96 100 99 96 97 105 117 126 133 139 142 144 147 150 152 154 157 159 161 163 164 163 163 160 157 157 157 155 152 148 145 143 143 143 143 142 145 148 151 152 155 161 165 169 173 175 178 180 180 180 182 181 180 179 180 179 177 176 174 173 170 167 166 164 161 159 156 154 150 147 143 140 136 132 127 122 116 110 104 98 91 85 80 75 73 71 71 68 69 71 72 74 77 76 79 81 81 81 83 85 86 87 89 89 91 93 94 96 98 99 99 100 101 102 103 104 104 104 106 107 108 107 109 110 111 112 113 114 115 116 115 114 116 117 125 36 0 0 0 0 0 0 0 0 0 0 0 0 0 0 0 0 0 0 0 0 0 0 0 0 0 0 0 0 0 0 0 0 0 0 0 0 0 0 0 0 0 0 0 0 0 
0 0 0 0 0 0 0 0 0 0 0 0 0 0 0 0 0 0 0 0 0 0 0 0 0 0 0 0 0 0 0 0 0 0 0 0 0 0 0 0 0 0 22 94 142 147 141 143 146 147 148 150 153 152 153 154 154 156 155 156 157 158 159 160 160 161 162 163 162 163 162 162 162 162 162 162 161 162 163 162 162 162 164 162 162 162 163 163 162 163 164 165 164 165 162 166 164 164 163 165 164 163 164 161 166 162 167 162 167 163 165 165 163 167 160 166 161 165 162 162 164 157 164 157 161 156 156 156 154 157 151 155 148 150 146 142 146 137 144 135 141 136 132 131 120 130 122 128 128 131 136 131 135 136 139 140 146 147 144 143 149 150 150 147 141 140 140 137 133 129 133 134 133 123 114 112 103 100 94 95 105 108 115 108 119 127 129 136 137 140 139 143 145 148 144 135 115 107 97 83 83 96 106 116 113 105 107 96 98 110 121 129 132 134 120 118 118 115 124 130 132 125 123 117 117 117 112 101 107 123 117 106 100 105 107 110 97 101 91 83 86 87 82 83 86 79 77 74 66 56 66 65 66 68 62 55 62 57 59 73 72 79 81 75 74 86 94 88 83 87 95 99 97 103 107 110 121 121 113 122 113 115 114 121 128 126 118 121 121 127 136 149 158 157 154 153 154 155 151 154 154 150 146 139 143 152 152 127 104 107 119 119 105 89 85 89 73 71 69 68 61 56 55 64 78 93 109 119 127 136 144 148 146 147 148 148 147 146 145 144 140 135 133 133 133 131 125 121 121 119 112 108 110 112 111 109 108 110 118 124 124 121 118 119 124 131 138 142 144 146 149 152 154 156 157 157 158 163 161 162 162 159 156 153 152 151 147 143 142 142 142 142 142 143 145 148 151 155 158 163 167 172 176 178 180 182 182 183 183 183 183 183 183 182 181 179 177 176 173 170 168 166 164 162 159 157 153 150 147 144 140 136 131 127 121 115 110 103 97 91 85 79 77 75 73 70 71 73 74 75 76 76 80 81 81 82 83 85 86 87 88 89 91 93 94 97 98 99 100 100 100 102 104 104 106 106 107 108 108 108 109 109 110 112 112 113 114 115 115 115 116 119 100 0 0 0 0 0 0 0 0 0 0 0 0 0 0 0 0 0 0 0 0 0 0 0 0 0 0 0 0 0 0 0 0 0 0 0 0 0 0 0 0 0 0 0 0 0 0 
0 0 0 0 0 0 0 0 0 0 0 0 0 0 0 0 0 0 0 0 0 0 0 0 0 0 0 0 0 0 0 0 0 0 0 0 0 0 0 0 0 0 0 0 20 91 145 150 143 145 147 149 152 153 154 154 153 155 156 156 157 157 158 157 159 161 162 164 162 163 163 162 161 162 163 163 165 165 165 165 165 168 167 169 168 173 170 174 172 174 174 173 174 171 173 171 174 169 172 168 172 168 170 168 167 168 165 169 163 168 163 164 164 163 166 161 167 161 164 161 163 165 161 167 160 165 161 165 164 160 166 158 167 160 164 162 162 168 162 168 160 164 163 160 164 157 166 159 162 161 156 157 149 151 151 151 150 147 146 143 143 148 148 153 150 153 147 141 139 136 133 129 124 123 120 114 110 103 99 94 100 109 124 138 127 129 134 135 141 142 143 144 143 140 142 135 129 117 110 105 93 105 106 96 104 93 81 90 87 88 100 115 134 146 146 140 125 108 113 123 127 128 127 119 114 120 119 112 101 107 115 108 94 91 99 108 105 94 91 87 92 87 90 83 77 73 70 75 64 53 70 67 65 54 57 60 64 56 59 67 73 77 78 80 77 83 85 84 85 81 76 91 94 103 106 107 113 113 107 118 111 121 113 117 125 118 115 124 124 128 133 150 158 161 160 160 154 150 151 156 153 147 151 138 142 150 143 124 108 106 122 116 98 80 78 74 69 64 62 67 67 60 60 73 81 93 107 115 122 130 142 145 145 145 148 152 152 149 147 148 147 143 140 142 143 142 138 136 136 137 130 127 127 127 127 128 128 128 133 138 141 140 135 131 130 132 138 142 145 148 151 154 158 160 159 157 156 157 157 158 158 158 155 152 150 147 144 142 143 143 142 141 142 146 148 150 153 157 160 165 168 172 175 177 180 182 184 184 184 184 184 185 184 184 183 181 180 179 177 175 173 170 168 165 163 160 157 153 150 147 145 140 135 131 127 121 115 109 103 97 92 87 82 78 75 73 73 73 75 75 77 78 80 80 79 82 84 85 86 88 89 90 92 93 95 97 98 99 100 100 102 102 103 105 106 106 107 108 108 108 110 110 110 111 111 111 112 113 113 112 114 123 37 0 0 0 0 0 0 0 0 0 0 0 0 0 0 0 0 0 0 0 0 0 0 0 0 0 0 0 0 0 0 0 0 0 0 0 0 0 0 0 0 0 0 0 0 0 0 
0 0 0 0 0 0 0 0 0 0 0 0 0 0 0 0 0 0 0 0 0 0 0 0 0 0 0 0 0 0 0 0 0 0 0 0 0 0 0 0 0 0 0 0 0 0 17 88 146 152 147 149 150 152 153 155 153 156 156 156 157 157 158 159 160 163 164 165 166 170 168 170 169 172 171 170 171 169 171 170 169 168 169 166 167 165 165 162 165 162 163 161 161 159 158 160 158 159 158 158 157 157 155 156 153 154 153 151 152 150 149 146 147 146 146 144 143 145 141 142 141 140 139 136 138 134 136 134 133 131 129 131 127 129 125 124 124 119 126 119 122 119 118 119 117 125 124 133 132 126 127 125 131 130 137 138 137 139 138 141 141 141 141 141 141 137 140 130 133 136 132 134 130 126 123 119 105 101 99 101 108 118 117 122 131 133 141 146 144 151 151 142 144 132 114 114 119 120 122 121 113 104 99 74 83 103 103 88 79 71 73 91 97 106 122 124 134 129 114 107 107 121 124 122 116 115 115 118 122 116 113 113 109 107 102 109 108 109 93 87 83 75 75 81 70 67 55 68 67 60 69 62 54 46 55 53 65 61 58 65 74 72 72 88 90 94 88 93 97 96 84 95 100 101 107 105 109 103 110 109 117 127 119 117 124 119 117 129 126 130 146 154 159 165 165 162 156 152 155 155 151 151 155 144 135 137 130 124 107 107 109 105 99 89 78 66 69 71 68 66 70 69 70 82 90 93 105 112 117 127 137 141 141 142 145 151 152 150 150 152 153 150 146 147 148 149 147 146 144 144 141 138 136 138 140 140 140 141 143 147 150 150 147 143 137 137 140 144 148 151 153 156 160 162 161 157 154 153 151 152 153 153 150 149 147 144 141 142 143 141 139 139 139 143 146 148 152 155 158 163 166 169 173 176 178 180 182 184 184 185 185 186 186 184 185 184 183 181 179 178 176 173 171 168 166 164 160 158 153 150 149 145 140 136 132 127 121 114 109 104 98 95 90 83 80 78 77 75 75 76 78 79 81 81 82 83 84 85 86 87 90 92 93 94 96 97 98 99 100 101 101 102 103 104 106 106 107 109 109 109 110 110 110 110 110 111 111 111 111 112 114 98 0 0 0 0 0 0 0 0 0 0 0 0 0 0 0 0 0 0 0 0 0 0 0 0 0 0 0 0 0 0 0 0 0 0 0 0 0 0 0 0 0 0 0 0 0 0 0 
0 0 0 0 0 0 0 0 0 0 0 0 0 0 0 0 0 0 0 0 0 0 0 0 0 0 0 0 0 0 0 0 0 0 0 0 0 0 0 0 0 0 0 0 0 0 0 0 14 88 148 157 152 152 151 153 155 155 160 161 163 161 166 165 168 167 170 168 169 167 170 166 167 165 167 163 164 162 163 160 160 159 159 159 160 159 158 158 158 158 157 158 158 158 158 158 158 158 158 157 156 155 154 154 151 153 153 152 151 150 149 147 147 146 145 144 142 142 142 140 140 139 138 137 135 134 132 131 131 129 128 126 124 122 121 120 116 115 111 111 106 104 105 106 106 104 103 100 100 99 101 105 113 122 124 129 131 129 133 131 140 140 142 138 131 130 128 127 132 134 133 130 122 123 119 116 111 107 110 113 122 115 104 104 106 115 128 139 140 130 141 140 143 149 141 125 119 127 126 128 127 117 123 121 95 71 78 89 72 66 68 77 103 105 97 104 121 131 129 129 111 92 105 114 112 107 109 109 102 110 112 112 112 107 103 97 99 108 100 87 85 73 68 75 78 72 68 66 74 74 72 59 51 50 54 59 62 70 66 70 75 78 79 88 91 93 95 95 96 94 88 98 107 106 108 105 103 104 112 111 120 127 116 113 116 116 120 131 131 136 147 152 158 165 159 160 160 153 155 154 147 152 153 140 133 128 124 123 117 115 99 99 98 97 86 72 65 62 64 68 67 70 70 91 100 98 104 109 113 125 133 137 137 137 140 144 146 146 149 153 155 152 150 149 149 150 151 152 150 149 147 146 144 143 146 147 149 150 151 152 156 156 154 152 147 146 146 147 149 151 152 157 158 160 159 155 151 149 148 149 149 148 144 142 142 140 138 138 139 135 131 132 134 137 140 142 145 148 153 157 161 165 169 173 175 178 180 182 184 185 185 187 187 186 186 186 185 183 182 180 178 175 173 171 169 167 163 161 158 156 152 149 145 141 137 132 127 121 117 110 105 100 95 90 85 82 80 77 77 78 79 79 80 81 82 83 83 83 86 88 89 92 93 94 96 97 98 98 99 101 102 102 103 104 105 106 108 108 108 109 110 110 110 110 110 111 111 112 111 112 120 39 0 0 0 0 0 0 0 0 0 0 0 0 0 0 0 0 0 0 0 0 0 0 0 0 0 0 0 0 0 0 0 0 0 0 0 0 0 0 0 0 0 0 0 0 0 0 0 
0 0 0 0 0 0 0 0 0 0 0 0 0 0 0 0 0 0 0 0 0 0 0 0 0 0 0 0 0 0 0 0 0 0 0 0 0 0 0 0 0 0 0 0 0 0 0 0 0 0 12 86 155 170 161 163 162 165 164 164 162 161 161 160 160 160 160 161 162 162 163 164 163 162 162 162 162 163 162 161 160 160 160 159 158 158 157 159 158 159 157 158 158 158 158 159 158 158 158 156 156 156 154 154 152 153 152 150 150 149 149 147 147 145 144 143 144 143 142 142 141 139 138 137 134 135 134 133 132 131 127 130 126 128 124 126 124 126 125 121 126 119 129 120 128 120 126 124 122 130 124 137 130 142 143 146 154 153 155 154 157 157 153 156 151 152 148 145 139 144 138 137 135 136 142 136 139 127 121 112 103 109 111 108 106 106 110 105 120 129 134 145 150 152 150 145 138 134 134 129 138 138 130 123 115 102 79 59 58 49 51 60 78 103 128 120 116 123 126 121 128 132 115 103 105 102 101 107 99 93 96 99 117 122 109 101 99 98 105 93 88 80 76 66 72 75 66 63 69 71 63 55 55 57 53 62 59 57 61 69 80 86 83 82 83 90 86 90 99 104 95 97 105 106 111 109 108 112 117 119 117 115 111 118 118 116 122 130 139 139 145 156 160 163 159 163 153 156 157 154 150 152 147 148 142 130 124 120 115 112 100 101 98 93 88 83 70 64 67 66 64 73 76 97 110 106 105 108 111 120 130 135 135 134 135 137 137 137 140 146 149 149 148 146 145 146 149 151 152 150 150 151 148 149 150 153 157 159 160 158 158 159 158 156 155 151 149 149 149 150 152 153 153 155 153 151 149 146 145 145 143 139 137 136 136 135 134 134 132 128 126 126 129 132 136 140 143 147 152 156 160 164 167 170 173 175 178 179 181 183 184 185 186 186 187 187 186 185 184 182 181 178 176 175 173 170 167 164 162 159 156 152 150 145 140 136 132 128 123 117 111 106 101 95 92 88 84 81 79 79 80 79 80 81 82 82 83 84 86 88 88 90 92 94 96 97 98 98 99 100 101 102 103 103 104 105 107 108 108 109 110 110 110 111 112 111 112 112 112 113 99 0 0 0 0 0 0 0 0 0 0 0 0 0 0 0 0 0 0 0 0 0 0 0 0 0 0 0 0 0 0 0 0 0 0 0 0 0 0 0 0 0 0 0 0 0 0 0 0 
0 0 0 0 0 0 0 0 0 0 0 0 0 0 0 0 0 0 0 0 0 0 0 0 0 0 0 0 0 0 0 0 0 0 0 0 0 0 0 0 0 0 0 0 0 0 0 0 0 0 0 0 11 90 155 167 157 158 156 156 154 156 157 159 158 160 159 160 161 162 163 162 161 160 162 163 163 164 163 162 160 160 159 160 160 160 159 160 158 159 159 158 159 156 157 157 157 157 156 157 156 155 151 153 153 151 151 150 149 149 147 145 146 145 144 146 144 146 145 147 143 148 147 152 149 152 153 152 157 154 161 154 164 156 165 155 164 157 162 160 160 165 156 164 152 164 151 162 157 159 166 157 171 161 171 169 170 175 167 176 167 174 169 172 174 171 172 165 172 163 171 164 164 161 160 164 155 157 146 141 130 112 113 112 117 111 112 114 97 95 117 130 136 136 138 133 134 133 126 129 131 135 132 123 110 114 108 88 67 51 44 43 60 70 93 120 128 125 123 126 111 115 129 122 114 114 117 115 115 97 92 95 102 121 116 103 101 100 105 90 83 91 80 78 78 78 69 63 64 62 53 56 62 55 53 61 60 48 52 61 76 89 88 81 74 75 84 94 96 98 90 91 90 98 108 110 113 115 118 121 111 113 110 117 119 116 120 125 139 147 151 160 162 166 166 160 152 159 153 153 157 153 143 144 141 128 125 131 123 111 96 98 94 86 89 86 78 74 74 70 68 76 85 100 113 113 111 114 115 116 122 128 130 129 128 128 129 130 130 132 134 137 140 141 141 143 147 150 153 150 150 149 149 152 154 158 163 163 163 162 161 159 157 155 153 151 148 147 147 149 150 150 150 149 146 144 144 141 140 138 135 131 128 127 129 128 127 126 125 122 119 120 123 127 130 135 142 147 152 156 160 164 166 169 172 174 176 177 179 181 183 183 184 186 187 187 186 186 185 184 183 181 180 178 175 174 171 168 166 163 159 156 154 150 146 143 138 134 129 124 119 113 108 102 97 93 90 86 84 81 82 81 80 81 80 81 83 85 85 87 88 90 92 94 96 97 98 99 99 100 100 101 102 103 104 105 107 107 109 110 110 111 112 112 112 112 112 112 112 118 43 0 0 0 0 0 0 0 0 0 0 0 0 0 0 0 0 0 0 0 0 0 0 0 0 0 0 0 0 0 0 0 0 0 0 0 0 0 0 0 0 0 0 0 0 0 0 0 0 
0 0 0 0 0 0 0 0 0 0 0 0 0 0 0 0 0 0 0 0 0 0 0 0 0 0 0 0 0 0 0 0 0 0 0 0 0 0 0 0 0 0 0 0 0 0 0 0 0 0 0 0 0 0 7 80 151 166 158 157 157 157 158 159 158 159 158 159 161 161 161 160 161 161 161 162 162 162 162 163 161 160 160 160 161 160 160 161 159 158 160 158 158 157 157 156 157 156 155 154 153 153 152 152 152 151 152 154 152 155 156 158 158 159 161 160 162 160 165 162 166 161 166 158 162 155 158 151 154 150 148 147 142 142 135 135 128 130 123 126 121 121 119 115 118 112 116 109 115 113 115 120 122 130 130 138 135 138 142 139 143 141 144 140 145 149 148 145 144 148 145 146 138 134 132 126 129 125 121 114 105 99 96 100 97 103 113 116 130 125 109 116 123 131 135 149 148 149 140 137 138 133 114 113 104 100 104 99 79 58 43 42 58 77 94 101 103 116 126 134 129 124 133 136 127 122 128 129 124 131 130 117 111 116 117 109 92 92 102 96 80 91 81 68 75 77 64 64 63 57 55 56 62 58 59 66 62 62 61 64 71 83 83 76 72 74 91 101 87 88 94 97 93 109 106 110 112 120 121 115 114 118 106 115 121 123 126 125 133 143 151 160 158 159 159 157 154 154 150 150 155 153 140 138 137 130 128 130 123 115 104 95 90 81 78 75 65 70 75 77 75 82 91 104 115 113 114 119 121 116 113 117 121 120 117 118 120 120 119 117 118 122 129 133 132 134 139 145 148 145 144 145 146 148 151 156 159 162 162 161 160 158 153 150 149 146 144 142 140 141 145 145 143 141 137 136 135 134 131 128 123 119 119 119 121 122 121 118 118 117 115 117 120 123 127 131 137 145 150 154 157 160 162 165 168 170 173 175 177 179 181 183 184 186 187 187 188 187 186 186 185 184 183 181 179 177 174 171 169 167 163 161 158 155 151 148 144 140 135 130 125 121 114 108 104 99 95 91 88 84 84 82 81 81 81 82 83 84 85 86 87 90 92 94 96 96 97 99 100 100 100 101 102 102 104 105 106 106 108 109 110 111 112 111 112 112 112 112 113 100 0 0 0 0 0 0 0 0 0 0 0 0 0 0 0 0 0 0 0 0 0 0 0 0 0 0 0 0 0 0 0 0 0 0 0 0 0 0 0 0 0 0 0 0 0 0 0 0 0 
0 0 0 0 0 0 0 0 0 0 0 0 0 0 0 0 0 0 0 0 0 0 0 0 0 0 0 0 0 0 0 0 0 0 0 0 0 0 0 0 0 0 0 0 0 0 0 0 0 0 0 0 0 0 0 0 6 77 149 168 159 159 160 159 160 160 160 159 161 160 159 159 159 160 161 161 162 162 162 163 162 160 160 159 160 160 160 159 159 158 160 157 157 156 155 155 156 156 156 156 158 158 160 160 162 161 164 163 163 162 163 159 160 155 156 154 152 151 149 147 144 143 140 140 137 137 135 134 132 131 128 127 126 125 123 120 118 116 116 114 113 111 112 110 109 109 110 108 110 112 114 113 112 116 121 122 122 121 123 124 124 122 121 122 124 127 126 130 133 138 136 133 132 129 127 129 123 123 110 105 101 95 91 99 99 92 90 96 92 106 115 108 110 118 123 128 135 136 139 137 144 140 142 125 112 104 97 94 85 61 43 41 52 65 74 100 111 112 112 125 131 128 131 133 129 130 129 119 122 122 127 127 114 108 107 114 114 101 96 98 82 79 85 84 81 82 67 63 54 50 52 53 58 58 63 63 61 62 69 70 73 67 69 77 86 89 93 105 87 88 104 99 99 109 109 110 107 103 113 110 110 113 116 125 133 129 122 128 141 147 155 152 152 158 159 155 153 148 142 149 151 146 138 129 126 119 119 125 119 126 118 96 79 79 80 70 49 63 73 71 82 90 93 101 114 118 117 118 121 122 117 111 110 109 106 108 111 108 109 109 107 115 121 122 123 125 130 135 134 134 135 134 136 138 142 146 148 148 148 151 152 151 148 144 140 137 134 132 134 136 134 131 127 123 124 123 120 118 114 112 109 108 109 113 116 116 117 115 112 111 113 116 118 121 126 129 134 139 144 148 152 154 157 160 163 165 169 172 174 177 179 181 183 185 186 188 188 188 187 187 187 186 185 183 182 180 178 175 173 170 167 165 163 159 156 153 150 145 141 136 132 127 121 116 112 107 101 97 93 90 87 84 83 82 82 83 83 85 86 87 89 91 92 93 95 95 96 98 98 99 100 101 102 102 103 103 105 106 107 107 108 110 110 109 111 111 111 111 118 46 0 0 0 0 0 0 0 0 0 0 0 0 0 0 0 0 0 0 0 0 0 0 0 0 0 0 0 0 0 0 0 0 0 0 0 0 0 0 0 0 0 0 0 0 0 0 0 0 0 
0 0 0 0 0 0 0 0 0 0 0 0 0 0 0 0 0 0 0 0 0 0 0 0 0 0 0 0 0 0 0 0 0 0 0 0 0 0 0 0 0 0 0 0 0 0 0 0 0 0 0 0 0 0 0 0 0 0 4 72 147 169 161 159 160 160 160 159 159 160 159 159 159 159 162 161 161 162 162 162 162 161 160 160 160 159 158 159 159 158 158 158 158 158 158 160 160 163 163 165 163 163 160 161 157 157 153 153 150 149 148 149 147 144 145 145 145 143 142 141 140 139 138 137 137 135 135 133 131 131 130 127 126 126 124 122 120 120 118 115 115 113 112 112 110 110 111 113 114 114 113 115 113 115 119 121 123 125 124 122 118 117 114 118 114 123 122 128 134 134 136 137 135 132 123 114 119 117 117 113 110 108 104 100 104 97 91 91 97 88 86 89 92 101 111 118 121 121 124 126 127 123 126 137 131 122 111 94 82 68 52 49 56 53 64 97 121 129 131 120 113 123 122 119 123 131 137 131 131 141 134 136 123 111 113 113 107 96 84 86 84 77 81 78 77 63 58 59 61 55 54 52 52 47 53 55 52 64 71 73 79 80 77 78 90 109 100 92 82 88 111 103 92 104 112 114 107 103 109 111 111 121 129 127 132 125 125 138 144 149 155 150 150 162 156 153 152 142 137 144 144 139 138 126 119 121 110 111 115 122 116 98 81 70 77 74 67 67 69 67 85 94 94 97 107 113 117 117 118 124 121 113 108 101 95 99 107 106 103 105 103 109 114 116 119 124 128 129 129 129 128 125 126 129 131 135 134 129 129 132 135 134 135 134 131 127 126 127 125 123 120 114 111 110 110 109 104 97 95 98 99 99 103 106 109 109 109 107 104 102 107 111 114 118 123 126 130 134 139 143 146 149 153 157 160 163 166 170 172 174 176 178 181 183 185 186 188 187 188 189 189 188 187 185 184 182 180 179 177 174 171 168 165 163 160 157 154 150 146 142 138 133 127 123 118 114 109 103 99 96 91 88 86 85 83 83 83 85 86 87 88 90 92 93 95 95 96 97 96 97 98 99 100 101 102 103 104 104 105 106 108 108 108 108 110 110 111 112 102 0 0 0 0 0 0 0 0 0 0 0 0 0 0 0 0 0 0 0 0 0 0 0 0 0 0 0 0 0 0 0 0 0 0 0 0 0 0 0 0 0 0 0 0 0 0 0 0 0 0 
0 0 0 0 0 0 0 0 0 0 0 0 0 0 0 0 0 0 0 0 0 0 0 0 0 0 0 0 0 0 0 0 0 0 0 0 0 0 0 0 0 0 0 0 0 0 0 0 0 0 0 0 0 0 0 0 0 0 0 0 1 69 146 168 162 159 160 158 159 161 161 160 161 160 161 161 160 161 161 161 160 159 159 157 158 157 157 158 159 160 162 161 163 162 162 160 162 159 158 156 155 154 153 151 151 151 152 149 149 148 149 147 147 147 147 145 146 145 143 141 141 139 138 138 137 136 135 135 134 131 131 129 127 126 124 122 120 120 117 117 115 114 114 112 110 110 110 111 113 111 110 114 119 121 124 124 124 123 119 119 114 111 109 107 105 107 119 129 136 136 133 132 127 124 124 116 109 120 120 122 117 107 100 98 103 101 92 80 75 75 79 84 85 91 94 102 112 122 120 111 116 117 114 129 134 130 120 107 87 77 76 74 86 109 105 106 118 134 139 143 139 131 140 132 120 119 128 132 132 124 125 134 131 120 115 115 100 82 76 78 81 81 78 72 76 66 54 57 60 60 52 52 45 45 56 57 52 68 67 64 72 80 79 76 87 98 92 92 93 95 106 106 102 105 101 114 108 99 111 116 122 124 127 128 131 126 126 144 147 153 159 159 148 149 153 148 142 144 137 130 126 130 126 118 114 120 102 102 105 103 103 93 84 82 82 87 79 64 59 73 91 99 97 94 103 109 113 115 116 120 120 115 109 101 94 95 105 107 103 103 101 102 107 108 112 120 124 129 133 133 131 125 123 124 125 127 121 115 110 106 109 113 116 118 118 116 117 120 118 109 104 100 101 102 103 104 98 91 89 90 93 94 96 96 96 99 100 99 100 100 104 108 112 116 121 123 127 132 135 140 143 147 151 155 157 161 163 167 170 172 174 176 178 180 182 183 184 186 188 189 188 188 188 188 187 184 183 181 180 177 175 172 169 166 164 161 158 155 151 147 143 138 133 129 125 120 115 109 105 101 96 93 90 88 84 84 84 85 86 87 87 89 91 92 93 95 95 95 96 97 97 98 99 99 100 102 102 103 104 104 106 107 108 107 108 109 109 117 48 0 0 0 0 0 0 0 0 0 0 0 0 0 0 0 0 0 0 0 0 0 0 0 0 0 0 0 0 0 0 0 0 0 0 0 0 0 0 0 0 0 0 0 0 0 0 0 0 0 0 
0 0 0 0 0 0 0 0 0 0 0 0 0 0 0 0 0 0 0 0 0 0 0 0 0 0 0 0 0 0 0 0 0 0 0 0 0 0 0 0 0 0 0 0 0 0 0 0 0 0 0 0 0 0 0 0 0 0 0 0 0 0 0 65 144 170 160 158 160 161 161 159 160 159 161 160 159 160 160 160 159 159 160 159 160 162 162 163 161 162 159 158 156 156 153 154 154 154 154 154 153 153 153 152 152 154 152 151 151 149 149 149 149 149 149 146 145 144 143 142 141 139 138 138 137 136 135 135 133 132 129 128 127 126 124 124 122 120 119 119 116 114 113 111 110 111 113 113 111 113 115 122 125 125 122 120 119 122 123 121 115 108 103 101 102 104 114 118 121 132 132 123 129 127 121 128 128 127 128 122 118 108 104 105 104 101 88 82 74 77 79 82 76 80 86 94 107 121 133 137 124 128 121 117 120 130 134 124 111 97 88 87 89 93 112 121 110 116 126 130 135 131 128 137 136 128 121 126 133 133 120 118 128 132 119 108 101 80 69 69 65 73 73 65 67 61 50 50 55 53 45 42 55 53 62 66 69 70 65 69 61 69 70 75 88 101 99 96 104 99 100 105 102 105 102 103 106 98 112 118 124 117 124 126 130 131 133 141 144 154 158 158 156 154 156 148 139 135 124 122 118 126 119 110 109 109 94 89 96 100 94 86 72 71 77 69 62 58 61 78 96 99 100 91 99 108 107 107 113 116 116 114 109 102 95 96 101 106 108 108 105 106 105 106 108 113 120 127 135 137 133 126 121 115 111 112 113 111 101 96 93 95 98 102 104 102 101 105 106 98 95 95 98 100 103 103 97 91 90 93 96 95 92 92 93 93 94 97 101 102 106 111 113 117 121 124 127 130 133 137 142 145 148 152 155 158 161 163 165 168 170 173 175 177 178 180 182 183 185 187 188 189 189 189 188 187 186 185 183 180 179 176 174 171 168 166 164 160 156 152 147 143 139 135 131 126 121 115 111 106 102 97 94 91 87 86 85 85 86 87 88 90 91 91 92 94 94 94 95 96 96 96 97 97 99 100 100 102 102 102 103 105 106 105 107 107 109 102 1 0 0 0 0 0 0 0 0 0 0 0 0 0 0 0 0 0 0 0 0 0 0 0 0 0 0 0 0 0 0 0 0 0 0 0 0 0 0 0 0 0 0 0 0 0 0 0 0 0 0 
0 0 0 0 0 0 0 0 0 0 0 0 0 0 0 0 0 0 0 0 0 0 0 0 0 0 0 0 0 0 0 0 0 0 0 0 0 0 0 0 0 0 0 0 0 0 0 0 0 0 0 0 0 0 0 0 0 0 0 0 0 0 0 0 0 60 139 169 161 161 160 158 160 160 159 159 159 159 161 161 161 162 163 163 163 161 160 157 156 154 156 155 155 154 153 154 153 153 154 153 154 154 154 154 153 152 150 151 152 151 149 149 148 149 147 145 144 142 142 141 139 138 138 138 138 138 137 136 132 132 131 129 127 126 124 122 122 121 120 117 116 114 112 113 114 114 114 114 113 114 116 118 122 123 128 128 128 126 123 123 118 114 110 110 112 116 111 115 111 109 113 120 119 130 128 126 127 132 134 139 137 130 119 110 102 99 96 90 83 78 80 83 96 94 101 109 115 115 121 130 124 109 113 124 118 112 120 116 107 105 110 111 101 103 85 101 113 110 117 117 123 136 133 133 137 145 143 137 136 139 141 140 133 138 128 106 90 88 78 64 58 61 68 63 66 53 51 55 65 56 49 56 69 71 72 75 69 67 77 78 80 82 67 72 88 98 100 102 108 107 105 102 103 106 96 96 106 107 120 119 121 122 121 117 122 129 127 138 147 159 161 160 163 162 161 148 143 133 120 114 119 121 112 113 107 107 93 88 94 97 88 79 74 79 79 69 57 60 68 84 93 95 102 97 97 108 107 105 106 106 106 104 101 100 96 102 105 106 110 112 109 108 108 109 111 116 121 130 134 133 129 122 116 104 96 99 104 107 106 102 94 91 89 92 95 87 86 90 93 94 91 92 92 92 95 94 91 88 92 95 98 99 96 93 93 95 97 100 105 107 109 112 115 117 120 123 126 129 132 136 140 143 146 149 151 155 157 159 162 164 167 169 172 173 175 177 179 181 182 184 186 187 188 188 188 188 187 187 185 184 182 178 176 175 172 170 166 163 160 156 152 147 145 141 136 131 127 123 118 112 107 103 99 95 93 89 87 86 86 87 88 90 89 89 91 92 92 94 95 95 95 95 96 96 96 97 98 99 100 101 102 103 103 103 106 106 113 49 0 0 0 0 0 0 0 0 0 0 0 0 0 0 0 0 0 0 0 0 0 0 0 0 0 0 0 0 0 0 0 0 0 0 0 0 0 0 0 0 0 0 0 0 0 0 0 0 0 0 0 
0 0 0 0 0 0 0 0 0 0 0 0 0 0 0 0 0 0 0 0 0 0 0 0 0 0 0 0 0 0 0 0 0 0 0 0 0 0 0 0 0 0 0 0 0 0 0 0 0 0 0 0 0 0 0 0 0 0 0 0 0 0 0 0 0 0 0 54 138 170 163 158 160 159 160 161 162 162 165 164 163 162 161 157 157 156 156 155 155 155 157 156 156 155 155 155 155 154 157 155 153 154 155 155 154 153 151 151 152 150 149 148 148 148 146 144 143 142 141 140 139 139 139 139 140 139 137 135 132 132 129 128 128 125 124 124 123 122 121 118 116 114 114 116 116 116 115 114 115 119 123 128 133 133 130 129 128 130 129 133 132 137 134 135 127 127 123 122 117 119 116 117 126 124 135 130 132 133 133 136 134 127 120 116 114 105 103 89 83 79 83 79 83 102 103 115 109 109 102 102 119 123 108 108 116 103 107 113 108 109 102 114 128 128 125 117 120 121 119 116 116 116 121 132 139 147 152 151 147 142 136 134 133 129 125 114 86 67 61 58 54 53 61 63 66 63 49 53 59 53 49 48 61 65 63 69 63 64 71 76 79 79 87 84 89 98 96 96 100 93 103 106 107 113 112 102 105 112 117 117 125 123 122 124 122 122 124 142 154 161 160 164 164 163 157 149 146 145 122 112 118 108 102 114 110 104 99 99 91 98 101 86 82 81 83 82 68 65 72 85 91 91 100 104 104 110 109 106 102 96 95 97 97 97 98 102 105 106 111 114 112 109 107 108 112 114 117 121 127 127 122 118 111 102 94 93 95 100 103 104 103 99 95 97 96 88 84 85 88 93 97 93 91 88 88 88 86 87 94 99 101 102 101 98 96 98 101 103 105 109 112 113 116 118 119 121 124 126 129 133 137 140 142 145 148 151 154 156 158 161 164 165 168 170 172 174 176 178 180 181 182 184 186 187 188 188 188 187 187 185 184 181 179 177 175 173 170 167 164 160 157 153 150 146 141 138 133 129 125 120 115 110 105 100 97 93 91 89 89 88 88 89 89 89 89 91 92 92 93 93 93 93 94 94 94 96 97 97 97 99 101 102 102 102 103 105 101 3 0 0 0 0 0 0 0 0 0 0 0 0 0 0 0 0 0 0 0 0 0 0 0 0 0 0 0 0 0 0 0 0 0 0 0 0 0 0 0 0 0 0 0 0 0 0 0 0 0 0 0 
0 0 0 0 0 0 0 0 0 0 0 0 0 0 0 0 0 0 0 0 0 0 0 0 0 0 0 0 0 0 0 0 0 0 0 0 0 0 0 0 0 0 0 0 0 0 0 0 0 0 0 0 0 0 0 0 0 0 0 0 0 0 0 0 0 0 0 0 0 52 135 169 166 162 163 162 162 164 163 161 159 158 158 157 159 157 158 157 157 157 157 158 157 157 157 156 156 155 156 155 153 154 153 153 153 153 151 150 151 150 149 148 147 146 145 144 141 141 140 140 140 140 140 140 140 139 137 135 133 131 129 129 129 126 127 125 126 122 121 119 117 115 115 118 119 118 119 122 128 133 136 137 138 135 140 140 148 150 155 153 155 154 152 145 138 127 123 113 113 114 127 134 134 134 131 119 121 122 122 125 135 134 132 129 126 114 106 95 81 76 79 89 88 105 119 118 115 106 116 113 100 102 110 105 116 129 127 128 126 121 118 110 109 120 130 122 107 110 121 132 128 117 118 127 142 148 150 150 151 145 142 139 128 126 115 100 89 78 59 46 46 56 61 63 67 74 65 54 56 59 48 57 63 54 55 65 77 67 73 78 77 74 82 92 78 91 104 90 94 100 104 111 107 104 110 107 103 115 114 115 117 113 120 128 121 121 129 143 156 160 160 159 154 153 158 147 148 141 122 115 116 124 117 117 104 98 100 101 98 102 100 87 80 78 83 87 82 72 76 85 88 93 100 101 102 109 114 105 100 92 90 96 100 104 99 98 100 102 109 119 122 114 108 106 110 109 109 114 121 125 123 119 114 108 100 98 98 96 98 102 102 103 106 108 106 101 92 86 89 93 97 97 91 87 87 89 91 94 99 104 106 106 105 104 101 101 103 105 107 109 110 112 115 116 117 120 121 123 126 129 132 135 137 142 143 146 149 151 153 157 159 161 164 166 169 170 172 175 177 179 181 182 184 185 186 187 188 188 187 186 185 184 182 180 179 176 174 171 168 164 162 158 155 150 146 142 138 134 130 126 121 116 111 106 102 98 94 93 92 90 88 87 88 89 88 89 90 91 91 91 90 92 91 92 93 94 95 95 96 97 98 99 101 101 102 109 51 0 0 0 0 0 0 0 0 0 0 0 0 0 0 0 0 0 0 0 0 0 0 0 0 0 0 0 0 0 0 0 0 0 0 0 0 0 0 0 0 0 0 0 0 0 0 0 0 0 0 0 0 
0 0 0 0 0 0 0 0 0 0 0 0 0 0 0 0 0 0 0 0 0 0 0 0 0 0 0 0 0 0 0 0 0 0 0 0 0 0 0 0 0 0 0 0 0 0 0 0 0 0 0 0 0 0 0 0 0 0 0 0 0 0 0 0 0 0 0 0 0 0 0 49 133 173 167 160 159 160 159 158 158 158 159 159 159 160 160 161 159 158 158 158 159 159 158 157 156 155 156 155 154 154 154 154 152 152 151 148 148 146 145 145 144 145 143 142 141 141 141 141 141 142 141 141 141 139 136 132 131 131 131 130 130 129 128 126 125 123 122 118 118 118 119 126 134 138 144 149 153 159 161 162 165 164 164 163 161 155 151 148 139 135 128 124 117 112 106 98 95 93 100 102 119 119 124 126 129 135 135 140 142 142 131 137 123 128 119 120 110 116 111 109 102 93 91 84 81 88 91 109 119 114 111 118 110 107 121 127 124 124 125 133 137 125 116 116 117 106 102 104 125 128 127 128 135 145 143 141 138 137 130 130 135 129 121 105 92 68 54 50 37 37 56 65 67 68 68 58 57 64 53 54 64 62 60 65 70 64 74 95 85 77 79 92 94 103 110 93 96 99 95 110 110 107 111 109 107 110 102 108 106 98 111 125 125 134 142 150 162 157 154 156 149 148 153 145 143 133 114 113 118 122 122 104 97 104 108 91 90 103 91 78 74 79 89 90 84 78 79 89 88 90 100 101 103 106 112 106 102 97 90 90 95 99 98 89 89 92 97 112 123 119 112 107 108 107 108 112 119 125 127 126 118 112 107 103 97 91 87 95 102 105 109 112 112 109 104 99 95 96 97 95 91 88 90 95 96 101 104 107 107 106 105 103 102 103 104 105 107 108 110 112 114 115 117 119 119 121 124 126 128 131 133 136 138 141 144 147 149 152 155 157 159 161 164 167 169 171 173 176 178 179 181 183 185 186 186 187 188 188 187 186 184 183 181 179 177 175 171 169 166 163 159 154 151 147 144 138 134 130 126 122 118 113 109 105 100 97 94 91 89 87 87 87 87 87 87 89 90 90 90 90 90 90 92 92 93 93 94 95 96 97 98 98 101 99 4 0 0 0 0 0 0 0 0 0 0 0 0 0 0 0 0 0 0 0 0 0 0 0 0 0 0 0 0 0 0 0 0 0 0 0 0 0 0 0 0 0 0 0 0 0 0 0 0 0 0 0 0 
0 0 0 0 0 0 0 0 0 0 0 0 0 0 0 0 0 0 0 0 0 0 0 0 0 0 0 0 0 0 0 0 0 0 0 0 0 0 0 0 0 0 0 0 0 0 0 0 0 0 0 0 0 0 0 0 0 0 0 0 0 0 0 0 0 0 0 0 0 0 0 0 0 45 128 168 162 157 157 158 158 158 159 161 161 164 163 163 162 160 159 159 159 160 159 156 157 156 156 155 152 152 152 152 150 148 148 147 145 144 145 145 143 142 143 142 143 140 141 142 142 142 142 141 140 138 135 134 133 132 131 133 131 131 129 127 126 125 128 131 135 144 153 163 168 172 168 169 162 160 150 145 138 134 131 133 136 134 128 127 124 124 121 119 117 117 113 114 117 128 126 140 136 151 138 155 147 155 153 158 157 156 156 149 152 141 144 134 136 126 119 97 91 73 69 65 62 76 86 89 91 97 99 101 120 125 119 131 131 126 126 129 132 137 137 120 99 93 99 108 115 131 138 131 127 127 131 137 134 132 133 123 119 121 116 107 91 69 44 36 29 30 50 62 61 62 60 54 55 55 50 54 45 53 60 74 62 69 82 91 85 83 85 89 97 99 109 101 95 91 87 105 111 111 107 114 117 106 112 113 103 98 107 125 136 142 155 162 164 157 156 162 155 152 157 146 136 129 114 105 117 107 110 97 89 94 100 92 78 79 72 69 72 78 75 70 80 87 87 97 96 97 109 116 111 113 117 113 105 103 98 90 88 93 100 92 80 75 78 87 101 108 104 106 111 110 109 109 110 116 123 122 114 108 106 102 96 87 82 89 96 100 101 105 110 112 110 105 96 93 93 92 92 93 98 100 103 104 104 104 102 102 102 101 102 103 105 106 107 108 111 113 115 115 116 117 118 119 121 122 124 126 129 132 134 136 139 142 144 147 151 152 155 157 159 162 165 167 169 171 174 177 179 180 182 185 186 187 187 187 188 187 186 184 183 181 180 178 174 172 168 167 164 160 156 152 148 144 140 137 132 129 124 118 113 110 106 102 97 93 91 88 87 87 86 86 86 86 88 88 89 89 89 90 90 90 90 91 92 93 94 95 96 98 105 52 0 0 0 0 0 0 0 0 0 0 0 0 0 0 0 0 0 0 0 0 0 0 0 0 0 0 0 0 0 0 0 0 0 0 0 0 0 0 0 0 0 0 0 0 0 0 0 0 0 0 0 0 0 
0 0 0 0 0 0 0 0 0 0 0 0 0 0 0 0 0 0 0 0 0 0 0 0 0 0 0 0 0 0 0 0 0 0 0 0 0 0 0 0 0 0 0 0 0 0 0 0 0 0 0 0 0 0 0 0 0 0 0 0 0 0 0 0 0 0 0 0 0 0 0 0 0 0 0 37 123 167 163 159 159 160 161 162 163 164 163 163 161 161 161 160 159 159 158 156 156 155 155 154 152 152 152 150 149 148 147 147 147 144 145 144 145 143 143 142 142 141 141 142 142 143 141 141 140 137 134 133 133 135 133 136 137 140 144 149 155 160 165 165 169 164 164 154 150 141 136 126 124 120 118 116 115 115 119 124 126 124 123 127 131 133 138 138 139 140 140 138 128 128 123 121 112 107 112 105 118 121 132 132 136 126 123 127 125 128 114 111 107 109 107 98 85 80 74 70 75 73 84 84 84 87 94 92 93 105 118 123 126 132 130 130 135 129 131 137 126 102 108 116 133 138 149 149 139 132 126 138 142 136 134 130 124 118 106 100 91 68 43 31 24 21 41 62 67 54 46 45 42 45 52 52 56 56 60 73 63 68 77 80 75 81 84 88 90 87 105 106 92 91 94 103 107 109 108 106 118 107 121 121 119 114 121 130 138 144 155 162 163 161 161 160 152 151 157 146 132 129 115 100 106 102 99 95 89 92 84 77 64 57 58 65 74 79 80 69 73 96 101 102 101 100 113 125 116 107 113 116 108 107 110 99 88 92 102 97 85 78 74 73 84 92 97 100 103 106 102 106 107 109 111 108 105 105 110 113 105 93 89 90 94 94 92 97 103 110 107 102 95 91 90 91 95 98 102 104 105 105 103 101 99 100 102 101 103 104 106 108 108 110 112 113 114 114 115 116 116 118 118 119 120 122 124 126 129 132 134 137 139 141 144 148 150 153 155 158 160 162 165 167 170 173 175 178 180 182 184 185 186 186 187 187 187 186 185 183 182 180 178 175 172 170 167 164 161 157 154 149 145 142 137 133 129 125 119 114 111 106 101 97 93 90 88 88 85 85 85 86 86 86 86 87 87 88 88 88 88 88 90 91 92 93 93 95 95 5 0 0 0 0 0 0 0 0 0 0 0 0 0 0 0 0 0 0 0 0 0 0 0 0 0 0 0 0 0 0 0 0 0 0 0 0 0 0 0 0 0 0 0 0 0 0 0 0 0 0 0 0 0 
0 0 0 0 0 0 0 0 0 0 0 0 0 0 0 0 0 0 0 0 0 0 0 0 0 0 0 0 0 0 0 0 0 0 0 0 0 0 0 0 0 0 0 0 0 0 0 0 0 0 0 0 0 0 0 0 0 0 0 0 0 0 0 0 0 0 0 0 0 0 0 0 0 0 0 0 0 35 121 166 166 160 161 162 162 162 162 162 162 161 161 160 159 158 158 155 155 155 154 152 151 151 150 149 149 148 147 146 145 145 146 145 145 143 145 143 143 142 143 143 141 142 140 140 140 137 141 145 147 153 158 164 168 171 170 172 165 161 148 143 134 133 127 125 123 121 118 116 116 116 115 117 116 118 119 121 123 131 136 144 145 147 145 136 132 124 123 117 114 107 107 101 97 91 90 85 90 96 104 103 103 121 121 132 138 132 125 115 111 107 110 100 93 97 109 123 125 123 119 107 107 93 86 87 87 99 113 130 120 115 127 132 131 139 135 130 126 114 111 112 119 131 135 145 149 150 141 144 152 144 141 136 123 125 125 105 83 67 51 36 26 14 37 59 60 61 51 45 40 48 48 49 65 60 66 65 67 68 70 75 72 74 85 90 83 89 102 105 97 102 106 101 102 111 107 108 111 110 118 122 125 121 118 121 131 144 157 161 161 164 161 158 152 145 153 141 127 123 117 109 107 100 105 96 100 97 77 63 57 46 50 63 75 76 77 72 77 96 102 103 106 106 113 120 116 105 110 115 107 105 116 112 100 97 104 103 95 96 92 89 98 108 107 102 102 102 103 105 103 101 101 97 100 106 114 119 115 112 105 101 99 94 92 96 106 109 106 103 99 95 91 90 93 98 101 104 105 104 102 98 97 100 102 102 103 105 108 109 109 111 113 113 112 113 115 116 115 116 115 116 116 118 119 121 123 126 129 132 134 136 140 143 145 147 150 153 155 158 160 163 165 168 171 174 176 180 182 183 184 185 186 187 187 187 186 185 183 181 181 178 176 174 171 168 165 162 158 154 150 147 143 139 134 131 126 122 117 110 106 102 98 93 89 88 85 84 84 84 83 84 84 85 86 86 86 86 87 87 89 90 90 91 92 99 52 0 0 0 0 0 0 0 0 0 0 0 0 0 0 0 0 0 0 0 0 0 0 0 0 0 0 0 0 0 0 0 0 0 0 0 0 0 0 0 0 0 0 0 0 0 0 0 0 0 0 0 0 0 0 
0 0 0 0 0 0 0 0 0 0 0 0 0 0 0 0 0 0 0 0 0 0 0 0 0 0 0 0 0 0 0 0 0 0 0 0 0 0 0 0 0 0 0 0 0 0 0 0 0 0 0 0 0 0 0 0 0 0 0 0 0 0 0 0 0 0 0 0 0 0 0 0 0 0 0 0 0 0 0 33 116 167 168 161 161 160 160 160 159 160 161 160 159 158 157 156 155 155 152 153 151 151 151 149 148 148 147 146 146 147 145 146 145 145 146 144 142 144 142 145 145 150 154 158 161 165 169 169 169 163 163 157 156 151 152 146 137 131 127 124 124 123 122 122 120 120 121 119 118 117 118 117 120 126 131 137 145 146 143 139 139 137 134 133 127 125 124 123 118 115 108 99 93 90 89 89 85 85 88 98 99 97 111 111 119 124 112 113 113 106 108 110 118 121 129 133 130 120 112 114 103 90 74 76 83 97 106 121 144 137 122 127 128 127 131 131 125 118 116 119 118 127 134 134 134 133 145 146 150 156 156 158 149 125 116 111 86 61 45 31 20 15 30 52 52 49 38 45 49 50 55 52 44 46 57 61 68 63 66 73 74 79 84 89 86 95 106 97 106 112 114 105 98 109 109 103 112 112 113 123 120 118 118 125 138 147 166 163 157 158 164 161 153 142 152 141 123 115 108 118 109 99 96 86 84 84 76 60 51 53 62 72 76 75 73 67 71 89 103 109 112 112 112 116 119 113 113 115 108 101 107 108 100 94 98 105 110 116 120 119 117 118 115 111 107 111 115 112 102 98 99 97 99 103 105 106 105 108 109 106 99 93 91 96 107 111 108 105 100 94 87 85 86 92 97 99 101 101 100 100 100 102 102 104 105 107 108 108 109 110 112 112 112 112 113 114 113 115 115 114 113 115 115 117 118 122 124 126 130 131 133 137 139 141 144 147 149 152 156 159 162 165 168 170 173 176 178 181 182 184 186 187 187 187 187 187 184 184 182 181 179 177 174 172 168 166 162 158 155 151 147 144 140 136 130 126 121 116 111 106 101 96 92 90 87 84 82 81 82 82 82 84 83 84 83 85 85 86 87 88 88 89 90 91 6 0 0 0 0 0 0 0 0 0 0 0 0 0 0 0 0 0 0 0 0 0 0 0 0 0 0 0 0 0 0 0 0 0 0 0 0 0 0 0 0 0 0 0 0 0 0 0 0 0 0 0 0 0 0 
0 0 0 0 0 0 0 0 0 0 0 0 0 0 0 0 0 0 0 0 0 0 0 0 0 0 0 0 0 0 0 0 0 0 0 0 0 0 0 0 0 0 0 0 0 0 0 0 0 0 0 0 0 0 0 0 0 0 0 0 0 0 0 0 0 0 0 0 0 0 0 0 0 0 0 0 0 0 0 0 0 30 111 167 166 159 159 159 159 160 159 158 158 158 157 156 156 154 152 153 151 150 151 150 151 148 149 147 147 147 148 146 146 146 149 150 154 157 162 165 170 171 168 166 158 156 149 147 144 145 145 146 143 138 133 130 128 128 128 126 126 123 120 122 121 122 121 119 119 121 127 133 138 140 136 135 128 127 125 126 130 132 132 130 125 125 120 117 115 108 100 99 94 96 95 97 94 90 95 93 99 93 95 109 105 108 98 104 115 106 106 116 115 112 116 120 115 106 98 91 96 82 74 73 80 92 110 111 120 137 132 132 139 140 136 133 132 129 125 129 133 130 141 138 126 129 134 146 146 144 150 151 150 148 126 110 97 70 51 35 23 19 24 39 49 48 46 53 48 45 49 48 42 45 57 66 67 58 59 69 73 70 73 85 90 93 93 92 109 112 107 110 113 118 115 113 115 110 112 117 113 110 117 137 140 151 157 152 157 165 169 158 158 146 152 145 126 115 104 118 109 92 91 87 69 70 62 47 48 55 78 84 81 77 76 73 72 84 98 111 118 116 114 116 121 120 112 108 107 105 101 98 96 89 92 107 117 123 124 125 123 121 115 112 110 109 113 116 108 102 97 96 97 99 97 94 96 102 102 97 92 90 89 97 106 111 109 104 99 92 85 81 84 87 92 94 96 98 99 101 102 103 103 104 106 106 107 107 108 109 109 110 111 111 112 112 112 113 113 113 112 112 113 113 114 116 119 121 123 123 126 131 133 135 137 141 145 147 151 153 157 161 164 166 169 172 174 177 178 182 184 185 186 187 188 186 185 185 184 184 181 180 178 175 172 169 166 163 159 155 151 148 144 139 136 132 126 120 116 112 106 100 96 92 88 85 84 81 80 80 81 81 81 83 82 82 85 85 84 85 88 88 93 52 0 0 0 0 0 0 0 0 0 0 0 0 0 0 0 0 0 0 0 0 0 0 0 0 0 0 0 0 0 0 0 0 0 0 0 0 0 0 0 0 0 0 0 0 0 0 0 0 0 0 0 0 0 0 0 
0 0 0 0 0 0 0 0 0 0 0 0 0 0 0 0 0 0 0 0 0 0 0 0 0 0 0 0 0 0 0 0 0 0 0 0 0 0 0 0 0 0 0 0 0 0 0 0 0 0 0 0 0 0 0 0 0 0 0 0 0 0 0 0 0 0 0 0 0 0 0 0 0 0 0 0 0 0 0 0 0 0 0 25 108 163 166 159 158 158 159 157 158 157 157 156 156 153 152 151 151 150 150 150 149 150 150 149 149 152 152 158 161 167 167 171 169 164 163 155 152 146 144 141 139 139 143 144 147 145 144 138 136 132 130 131 130 127 126 126 126 124 123 123 124 122 123 126 131 136 136 133 129 124 120 120 118 124 131 133 132 128 124 119 120 117 117 116 113 114 109 109 113 112 108 101 96 87 85 87 88 90 82 85 90 96 99 98 97 102 101 111 114 103 107 111 115 119 115 101 92 89 82 80 74 78 90 103 102 117 134 136 139 138 142 143 144 144 140 132 130 133 137 145 144 135 147 157 158 160 151 153 151 146 135 118 111 93 67 45 30 20 13 27 43 44 48 44 40 40 36 45 51 49 50 59 61 54 59 69 77 71 76 92 91 99 94 106 107 106 102 107 114 120 121 110 114 106 112 106 112 120 122 137 139 155 159 152 161 170 164 157 163 149 151 147 129 121 109 105 105 94 88 85 69 73 63 51 60 65 78 83 83 81 80 79 79 83 96 108 117 114 108 108 121 119 108 102 110 112 105 101 99 95 95 103 114 119 118 115 119 118 112 114 114 112 110 112 112 108 101 94 95 100 100 101 102 108 106 97 90 90 90 93 103 109 107 100 93 90 87 84 85 89 92 95 96 98 100 101 102 103 102 103 106 104 104 105 106 108 109 110 110 112 112 112 112 112 112 112 111 111 109 110 110 111 113 115 117 119 121 124 127 130 133 135 140 142 145 148 151 155 158 162 165 169 171 173 176 179 181 183 184 186 187 186 185 186 185 184 184 183 180 177 175 172 170 168 163 159 155 153 148 143 140 136 131 126 121 116 111 105 100 96 91 87 83 81 80 80 80 79 80 80 81 83 83 84 84 84 86 86 88 7 0 0 0 0 0 0 0 0 0 0 0 0 0 0 0 0 0 0 0 0 0 0 0 0 0 0 0 0 0 0 0 0 0 0 0 0 0 0 0 0 0 0 0 0 0 0 0 0 0 0 0 0 0 0 0 
0 0 0 0 0 0 0 0 0 0 0 0 0 0 0 0 0 0 0 0 0 0 0 0 0 0 0 0 0 0 0 0 0 0 0 0 0 0 0 0 0 0 0 0 0 0 0 0 0 0 0 0 0 0 0 0 0 0 0 0 0 0 0 0 0 0 0 0 0 0 0 0 0 0 0 0 0 0 0 0 0 0 0 0 0 21 104 161 165 157 159 155 156 156 156 155 154 153 153 149 150 150 149 153 155 157 163 163 169 167 167 166 161 159 154 152 147 146 142 141 141 140 140 139 143 146 147 147 142 139 136 134 133 132 132 130 130 128 127 127 125 124 123 123 126 131 135 137 136 129 124 119 119 122 126 129 137 141 142 136 130 121 117 116 122 127 129 132 126 125 126 129 121 118 108 104 105 100 101 100 100 93 90 97 100 111 118 127 123 116 120 112 116 116 118 122 121 119 112 112 99 94 84 71 67 78 92 107 113 104 114 126 138 143 145 152 156 157 154 156 150 140 142 141 137 130 114 130 146 150 160 160 157 148 145 133 119 95 67 53 35 24 17 24 41 44 40 39 34 48 36 41 42 45 43 47 48 50 63 66 82 76 78 86 88 92 98 105 98 110 105 104 107 115 105 97 101 98 108 106 120 123 125 133 139 154 162 161 159 163 159 161 151 151 147 138 125 119 111 107 100 95 83 77 77 74 66 59 69 60 60 69 74 75 80 82 80 82 96 100 107 110 103 100 111 117 108 100 111 115 111 106 100 97 97 98 105 109 109 102 93 93 99 105 110 107 107 110 114 114 108 100 98 101 104 109 115 115 109 99 93 92 92 92 98 104 104 100 96 94 92 91 90 95 96 98 100 100 101 103 102 102 102 102 103 103 103 104 104 106 107 108 108 110 110 109 110 110 111 110 111 109 108 108 108 108 109 111 111 113 116 118 120 124 127 130 134 135 139 142 146 150 152 157 160 163 166 170 174 177 178 181 182 184 185 185 185 186 187 186 185 184 182 180 178 176 173 172 168 164 161 157 152 148 144 140 134 130 125 120 116 111 104 99 95 91 87 82 79 79 78 78 77 77 80 81 82 82 83 84 84 89 51 0 0 0 0 0 0 0 0 0 0 0 0 0 0 0 0 0 0 0 0 0 0 0 0 0 0 0 0 0 0 0 0 0 0 0 0 0 0 0 0 0 0 0 0 0 0 0 0 0 0 0 0 0 0 0 0 
0 0 0 0 0 0 0 0 0 0 0 0 0 0 0 0 0 0 0 0 0 0 0 0 0 0 0 0 0 0 0 0 0 0 0 0 0 0 0 0 0 0 0 0 0 0 0 0 0 0 0 0 0 0 0 0 0 0 0 0 0 0 0 0 0 0 0 0 0 0 0 0 0 0 0 0 0 0 0 0 0 0 0 0 0 0 0 18 98 158 165 155 156 155 153 155 151 151 151 155 155 161 163 170 167 168 164 160 157 154 149 146 145 144 144 144 144 143 141 140 140 140 143 146 148 148 142 140 138 137 136 134 133 132 133 133 131 127 125 125 125 126 129 132 139 137 131 125 122 120 123 128 136 147 152 154 144 136 128 123 120 120 124 127 130 134 136 135 136 135 132 128 121 119 118 119 120 111 106 103 93 95 88 94 98 107 109 118 124 131 133 136 130 128 129 128 122 122 114 106 101 88 85 79 89 97 113 113 114 106 105 112 123 137 143 144 152 155 150 151 158 161 162 158 150 148 153 143 139 141 140 144 153 151 149 146 137 123 90 62 47 32 22 19 35 47 54 42 39 41 40 47 34 40 41 35 36 46 53 56 64 71 73 76 78 90 95 91 102 112 103 100 104 109 90 103 110 113 112 113 118 120 117 124 136 144 157 162 160 158 153 153 144 152 139 126 117 110 102 99 96 100 86 71 68 63 57 64 70 67 69 73 77 86 85 89 77 86 100 100 103 109 108 106 109 113 109 99 104 111 114 114 105 100 102 105 105 104 102 96 86 82 86 96 100 96 100 109 115 116 111 100 92 93 98 107 111 109 104 99 96 96 95 94 95 99 102 101 101 100 97 98 97 101 102 103 102 101 102 103 102 102 102 103 102 102 102 104 105 105 104 106 105 107 108 108 108 109 111 111 110 108 108 107 106 105 105 106 105 107 109 111 113 117 120 124 126 129 132 136 140 145 148 153 156 160 162 166 170 172 174 178 180 183 184 185 186 186 187 186 186 185 184 183 181 179 177 174 171 168 165 162 157 153 149 144 140 135 130 125 120 114 109 105 99 94 90 86 83 79 77 78 77 77 78 79 80 81 81 81 83 84 8 0 0 0 0 0 0 0 0 0 0 0 0 0 0 0 0 0 0 0 0 0 0 0 0 0 0 0 0 0 0 0 0 0 0 0 0 0 0 0 0 0 0 0 0 0 0 0 0 0 0 0 0 0 0 0 0 
0 0 0 0 0 0 0 0 0 0 0 0 0 0 0 0 0 0 0 0 0 0 0 0 0 0 0 0 0 0 0 0 0 0 0 0 0 0 0 0 0 0 0 0 0 0 0 0 0 0 0 0 0 0 0 0 0 0 0 0 0 0 0 0 0 0 0 0 0 0 0 0 0 0 0 0 0 0 0 0 0 0 0 0 0 0 0 0 0 16 92 155 163 155 158 160 163 164 169 165 169 163 161 157 155 150 148 148 147 147 144 145 145 144 145 144 144 144 143 143 145 147 146 144 143 141 138 138 136 138 136 133 134 134 134 132 129 127 125 128 131 137 138 136 131 125 124 127 131 141 152 159 158 152 143 132 126 122 123 124 128 129 132 131 126 123 124 124 119 117 121 115 118 119 120 121 110 106 96 103 99 96 100 92 86 86 90 93 107 111 122 120 120 123 126 127 123 115 114 94 94 90 97 106 113 114 112 110 112 109 116 115 126 137 144 146 137 133 137 138 141 147 155 160 156 154 158 168 167 154 149 147 150 155 151 151 147 136 104 75 53 43 29 24 30 38 39 43 39 31 38 36 32 35 43 39 39 38 52 52 54 54 53 60 69 81 95 100 93 92 99 98 97 95 91 117 127 123 118 116 116 117 124 131 135 139 153 164 164 156 146 136 138 142 129 125 116 109 90 97 88 85 81 67 59 55 53 65 68 68 72 74 80 89 96 93 79 88 104 97 100 112 115 116 115 113 111 101 97 103 109 111 111 108 106 108 104 103 98 97 96 98 103 103 97 92 93 103 113 108 101 95 88 89 93 100 103 102 100 99 98 96 93 92 94 99 103 104 104 103 100 100 103 104 104 106 104 102 102 101 101 102 102 102 101 101 100 102 104 104 104 105 106 106 107 108 108 109 110 109 109 109 108 105 105 104 103 102 101 103 103 104 107 110 112 115 118 123 127 130 134 139 142 147 151 155 157 161 166 168 171 175 177 180 181 183 184 186 186 186 186 186 185 184 183 181 180 177 175 172 169 165 161 158 153 148 145 140 135 130 124 119 114 109 104 99 93 89 85 81 78 77 76 76 77 76 78 79 79 80 86 51 0 0 0 0 0 0 0 0 0 0 0 0 0 0 0 0 0 0 0 0 0 0 0 0 0 0 0 0 0 0 0 0 0 0 0 0 0 0 0 0 0 0 0 0 0 0 0 0 0 0 0 0 0 0 0 0 0 
0 0 0 0 0 0 0 0 0 0 0 0 0 0 0 0 0 0 0 0 0 0 0 0 0 0 0 0 0 0 0 0 0 0 0 0 0 0 0 0 0 0 0 0 0 0 0 0 0 0 0 0 0 0 0 0 0 0 0 0 0 0 0 0 0 0 0 0 0 0 0 0 0 0 0 0 0 0 0 0 0 0 0 0 0 0 0 0 0 0 0 12 89 164 176 168 162 161 157 155 152 151 150 149 148 147 147 147 148 148 146 146 145 144 145 144 145 145 146 147 147 144 141 139 141 139 138 138 138 139 137 134 134 134 134 129 129 128 131 136 139 138 131 126 126 132 146 154 161 159 155 144 136 129 125 126 127 131 131 132 129 127 124 120 121 121 118 114 114 115 116 117 117 118 113 115 115 111 106 101 98 92 90 83 84 88 93 96 103 114 115 120 126 124 122 120 120 114 109 108 104 109 111 116 117 113 107 97 98 102 99 109 115 124 135 142 154 149 129 130 132 134 144 146 150 157 165 162 163 166 169 162 150 149 152 147 139 125 114 103 71 55 40 28 26 29 35 38 33 29 32 29 39 48 46 46 44 41 45 48 52 45 43 60 69 75 83 87 82 90 102 107 93 97 113 119 125 118 116 118 115 122 135 131 124 135 148 164 166 160 144 134 134 139 126 120 109 104 98 91 85 82 77 64 55 48 58 74 79 69 72 74 92 101 95 90 83 82 99 106 100 105 110 114 112 114 113 107 102 103 98 97 102 101 102 98 96 97 94 98 103 112 116 112 103 94 97 105 109 105 94 89 90 91 94 97 100 104 106 104 102 97 92 93 95 101 105 105 104 103 102 104 107 107 106 105 102 102 102 100 101 102 102 101 100 100 100 101 102 102 102 104 105 105 105 106 107 107 108 108 109 108 106 105 104 103 102 101 99 99 100 99 100 102 105 108 111 116 120 123 129 132 136 141 145 150 155 157 161 164 168 172 174 176 178 180 183 184 185 186 187 187 188 186 185 184 183 180 178 176 173 170 166 162 157 153 150 145 141 136 130 124 119 114 109 104 98 94 89 85 82 79 77 76 75 75 76 77 78 79 81 10 0 0 0 0 0 0 0 0 0 0 0 0 0 0 0 0 0 0 0 0 0 0 0 0 0 0 0 0 0 0 0 0 0 0 0 0 0 0 0 0 0 0 0 0 0 0 0 0 0 0 0 0 0 0 0 0 0 
0 0 0 0 0 0 0 0 0 0 0 0 0 0 0 0 0 0 0 0 0 0 0 0 0 0 0 0 0 0 0 0 0 0 0 0 0 0 0 0 0 0 0 0 0 0 0 0 0 0 0 0 0 0 0 0 0 0 0 0 0 0 0 0 0 0 0 0 0 0 0 0 0 0 0 0 0 0 0 0 0 0 0 0 0 0 0 0 0 0 0 0 0 11 87 149 161 152 152 152 150 151 151 149 147 147 147 147 148 146 146 145 144 145 146 146 147 148 147 144 142 142 141 141 141 138 138 138 139 138 135 136 134 134 134 131 132 136 139 137 133 131 137 146 155 162 160 154 142 135 131 131 130 130 131 130 129 123 122 122 123 120 119 119 119 118 113 114 114 116 115 113 110 109 111 106 114 115 113 113 115 108 108 107 108 102 97 88 85 87 100 110 128 132 132 141 138 136 126 126 125 123 120 119 122 117 113 107 100 95 90 84 85 99 115 126 137 149 154 146 153 159 153 150 149 143 149 163 163 162 168 169 167 158 159 149 143 136 118 107 88 60 47 33 24 24 40 42 34 32 28 33 40 45 44 46 51 47 45 53 47 45 50 63 69 70 69 87 89 92 107 111 104 114 121 120 121 121 117 110 119 134 143 132 124 134 140 154 157 144 140 129 126 128 114 108 103 96 101 91 91 83 71 61 53 50 68 86 82 82 80 76 86 101 93 88 85 83 91 109 111 102 103 111 113 113 113 110 113 109 100 94 100 103 98 95 94 94 91 95 104 109 109 106 98 94 95 106 111 107 99 96 98 102 102 103 105 109 111 111 108 103 100 99 98 102 106 107 104 103 104 107 108 109 106 102 100 102 102 101 100 100 100 99 99 100 100 101 101 101 102 103 103 103 103 105 105 105 106 107 107 107 105 104 103 102 101 99 98 96 96 95 95 97 99 102 104 108 112 116 121 126 130 135 139 143 149 153 156 160 164 168 170 172 175 179 181 182 184 185 187 187 187 187 187 186 185 183 181 180 176 173 171 167 163 159 154 150 146 140 135 130 125 118 113 109 103 99 94 89 85 82 80 76 75 75 75 75 76 82 51 0 0 0 0 0 0 0 0 0 0 0 0 0 0 0 0 0 0 0 0 0 0 0 0 0 0 0 0 0 0 0 0 0 0 0 0 0 0 0 0 0 0 0 0 0 0 0 0 0 0 0 0 0 0 0 0 0 0 
0 0 0 0 0 0 0 0 0 0 0 0 0 0 0 0 0 0 0 0 0 0 0 0 0 0 0 0 0 0 0 0 0 0 0 0 0 0 0 0 0 0 0 0 0 0 0 0 0 0 0 0 0 0 0 0 0 0 0 0 0 0 0 0 0 0 0 0 0 0 0 0 0 0 0 0 0 0 0 0 0 0 0 0 0 0 0 0 0 0 0 0 0 0 0 7 78 147 160 152 150 151 149 147 148 149 148 148 149 148 147 148 146 147 149 149 147 146 144 142 142 141 139 141 140 138 138 137 138 137 134 135 134 132 134 138 140 139 138 141 148 160 163 160 150 143 137 132 133 135 136 134 130 127 122 119 119 118 121 122 121 120 118 116 116 116 115 118 117 115 108 103 109 113 122 124 130 140 141 138 137 135 124 113 97 86 83 84 88 91 100 115 124 138 138 137 134 134 129 121 116 119 121 120 122 120 121 126 122 120 108 105 100 93 102 117 129 137 145 148 145 153 160 156 156 153 146 142 152 154 157 160 165 163 158 154 154 151 133 115 107 80 55 46 28 26 45 54 48 45 47 51 57 64 60 62 62 59 54 52 44 44 49 50 60 70 75 82 86 92 101 92 100 107 115 104 104 117 120 114 123 133 139 133 124 131 134 141 152 144 143 123 119 121 115 102 99 94 99 92 94 79 65 56 50 53 68 82 80 80 77 70 76 88 88 89 93 92 91 107 123 117 109 109 115 114 109 104 105 105 103 98 105 108 100 94 96 98 94 96 103 104 101 99 97 99 103 108 111 109 106 104 102 103 107 109 110 112 114 116 114 111 109 106 103 104 106 108 107 106 107 108 109 108 106 104 103 102 103 101 101 99 99 98 98 99 100 100 99 100 100 102 102 102 103 104 103 103 104 105 104 105 105 104 102 101 99 97 96 94 93 92 92 93 94 96 98 102 106 109 115 119 124 129 133 137 143 148 151 156 160 163 167 169 172 176 178 181 182 185 187 187 187 188 188 187 186 185 184 182 179 176 174 170 167 164 159 155 150 145 141 136 130 124 119 115 108 105 100 95 89 86 82 79 78 77 75 75 75 78 11 0 0 0 0 0 0 0 0 0 0 0 0 0 0 0 0 0 0 0 0 0 0 0 0 0 0 0 0 0 0 0 0 0 0 0 0 0 0 0 0 0 0 0 0 0 0 0 0 0 0 0 0 0 0 0 0 0 0 
0 0 0 0 0 0 0 0 0 0 0 0 0 0 0 0 0 0 0 0 0 0 0 0 0 0 0 0 0 0 0 0 0 0 0 0 0 0 0 0 0 0 0 0 0 0 0 0 0 0 0 0 0 0 0 0 0 0 0 0 0 0 0 0 0 0 0 0 0 0 0 0 0 0 0 0 0 0 0 0 0 0 0 0 0 0 0 0 0 0 0 0 0 0 0 0 0 5 73 142 158 150 148 148 149 151 151 150 149 148 147 147 149 149 149 148 145 143 144 143 142 141 142 141 140 138 138 137 138 137 135 134 135 139 143 145 147 152 161 161 159 150 143 135 131 134 134 137 133 131 127 124 122 121 119 120 121 120 121 122 121 120 119 119 119 122 123 121 116 115 112 123 130 141 142 145 139 130 127 118 115 113 111 98 96 91 91 94 96 93 92 93 100 109 121 123 119 120 122 123 123 123 128 129 133 136 131 131 128 125 116 103 102 99 103 110 130 131 144 147 154 156 157 160 163 163 164 166 161 160 157 150 155 162 158 158 158 155 134 112 98 82 61 50 33 27 45 62 59 61 62 63 65 69 68 64 69 64 63 62 54 50 48 49 55 64 64 69 78 91 92 85 91 99 102 86 108 122 125 127 125 130 136 131 132 132 132 146 145 142 130 118 114 119 114 97 104 98 104 95 82 69 56 51 54 58 59 65 72 74 78 76 79 83 87 94 97 99 102 108 120 123 115 109 110 107 99 95 90 93 96 99 105 107 101 96 96 98 102 106 106 104 104 106 110 108 109 109 106 103 103 105 105 105 108 109 108 109 111 116 115 114 113 110 108 106 107 107 107 107 109 110 110 110 109 107 105 103 101 100 100 99 99 98 99 98 97 97 98 98 98 100 100 101 102 102 102 102 103 103 102 104 103 102 101 101 99 97 96 93 92 92 91 90 90 93 94 96 100 103 108 112 117 123 127 133 139 143 146 151 156 158 162 165 169 173 175 177 180 183 184 185 187 188 188 188 188 186 185 184 183 180 177 173 170 166 164 160 155 150 146 142 136 130 126 119 114 110 105 100 96 91 86 83 81 78 76 75 77 51 0 0 0 0 0 0 0 0 0 0 0 0 0 0 0 0 0 0 0 0 0 0 0 0 0 0 0 0 0 0 0 0 0 0 0 0 0 0 0 0 0 0 0 0 0 0 0 0 0 0 0 0 0 0 0 0 0 0 0 
0 0 0 0 0 0 0 0 0 0 0 0 0 0 0 0 0 0 0 0 0 0 0 0 0 0 0 0 0 0 0 0 0 0 0 0 0 0 0 0 0 0 0 0 0 0 0 0 0 0 0 0 0 0 0 0 0 0 0 0 0 0 0 0 0 0 0 0 0 0 0 0 0 0 0 0 0 0 0 0 0 0 0 0 0 0 0 0 0 0 0 0 0 0 0 0 0 0 0 3 68 140 159 151 150 151 151 151 151 150 150 150 148 147 145 144 144 144 145 143 143 140 142 139 139 138 138 137 137 136 135 137 146 150 160 163 164 160 152 145 134 135 133 134 132 132 131 128 127 126 124 122 123 123 122 122 121 121 123 123 122 121 125 132 138 135 138 137 140 137 141 137 129 121 112 112 110 114 108 107 104 97 100 98 92 102 101 101 102 96 95 86 84 88 101 115 120 128 132 137 138 137 139 138 138 143 144 137 120 112 113 108 108 119 126 131 133 117 113 136 153 159 159 159 163 157 152 149 156 159 158 165 161 165 165 160 157 155 147 121 83 74 66 48 41 32 40 58 61 64 65 70 70 68 67 66 70 69 66 65 64 63 52 60 62 56 58 69 76 91 78 75 83 97 91 98 120 125 126 128 130 131 128 134 134 134 135 134 134 127 100 114 120 111 103 98 104 97 103 95 80 65 56 62 66 70 66 74 76 76 85 82 86 87 89 89 86 94 109 112 112 112 115 115 105 101 99 97 91 89 94 98 99 99 98 97 96 99 102 105 107 106 106 112 115 112 107 102 98 98 102 108 110 111 109 106 102 100 99 101 107 110 111 109 107 106 106 105 106 108 110 111 111 111 110 109 107 104 102 101 99 99 98 98 97 96 97 96 97 96 97 97 98 100 101 100 100 101 103 102 102 102 102 102 101 100 98 97 96 93 92 91 90 88 88 89 90 93 95 98 103 106 111 115 121 126 133 137 142 145 150 153 156 161 166 169 172 175 177 180 182 184 186 187 187 188 188 188 187 185 184 182 180 178 175 171 168 164 160 155 152 147 141 136 131 126 120 115 110 105 100 96 92 88 83 80 80 78 79 12 0 0 0 0 0 0 0 0 0 0 0 0 0 0 0 0 0 0 0 0 0 0 0 0 0 0 0 0 0 0 0 0 0 0 0 0 0 0 0 0 0 0 0 0 0 0 0 0 0 0 0 0 0 0 0 0 0 0 0 
0 0 0 0 0 0 0 0 0 0 0 0 0 0 0 0 0 0 0 0 0 0 0 0 0 0 0 0 0 0 0 0 0 0 0 0 0 0 0 0 0 0 0 0 0 0 0 0 0 0 0 0 0 0 0 0 0 0 0 0 0 0 0 0 0 0 0 0 0 0 0 0 0 0 0 0 0 0 0 0 0 0 0 0 0 0 0 0 0 0 0 0 0 0 0 0 0 0 0 0 0 2 64 138 160 153 150 151 151 150 148 148 147 146 145 143 143 143 144 144 143 142 142 139 138 136 135 135 136 140 149 159 164 164 158 151 144 138 137 135 133 133 129 130 128 131 130 127 126 125 125 124 124 123 122 122 121 125 125 128 131 140 148 153 147 145 139 134 125 119 114 108 110 106 114 115 116 116 114 110 106 105 101 96 98 104 110 108 105 107 109 103 91 92 98 108 118 130 134 144 148 142 143 141 144 142 140 136 139 130 119 117 119 128 134 146 150 153 147 141 150 156 153 153 153 155 155 160 156 160 160 162 165 163 168 158 143 141 140 133 122 104 80 54 46 41 39 57 61 61 64 68 70 69 70 69 70 69 71 74 73 69 62 65 64 54 54 69 68 80 83 82 80 95 97 114 116 122 124 121 125 128 125 121 129 144 138 130 122 111 101 120 130 115 106 102 93 93 93 92 90 74 65 74 77 80 93 96 89 84 85 82 82 93 91 81 80 88 104 115 118 114 113 119 112 107 109 103 94 89 89 97 98 96 101 98 93 94 95 96 97 97 101 109 110 107 102 94 90 95 102 107 110 112 106 101 95 89 89 92 100 105 108 107 106 107 107 107 108 109 110 111 111 110 111 108 108 105 103 102 99 98 98 98 96 97 96 96 95 96 97 96 96 98 98 98 98 100 101 101 101 101 102 101 100 99 97 97 95 93 91 91 90 89 87 87 88 89 91 94 97 101 105 109 115 121 125 131 136 141 145 149 153 157 161 164 168 171 175 177 180 182 184 185 186 187 188 189 188 186 186 184 182 181 178 175 172 169 164 159 156 152 146 142 138 133 127 122 116 111 106 101 97 93 88 85 83 84 56 0 0 0 0 0 0 0 0 0 0 0 0 0 0 0 0 0 0 0 0 0 0 0 0 0 0 0 0 0 0 0 0 0 0 0 0 0 0 0 0 0 0 0 0 0 0 0 0 0 0 0 0 0 0 0 0 0 0 0 0 
0 0 0 0 0 0 0 0 0 0 0 0 0 0 0 0 0 0 0 0 0 0 0 0 0 0 0 0 0 0 0 0 0 0 0 0 0 0 0 0 0 0 0 0 0 0 0 0 0 0 0 0 0 0 0 0 0 0 0 0 0 0 0 0 0 0 0 0 0 0 0 0 0 0 0 0 0 0 0 0 0 0 0 0 0 0 0 0 0 0 0 0 0 0 0 0 0 0 0 0 0 0 0 0 60 137 161 154 151 150 149 147 147 147 144 143 143 142 144 142 143 143 141 138 138 138 139 146 154 163 167 159 149 142 139 137 135 136 134 132 132 130 129 131 131 130 129 127 127 126 126 124 123 124 123 126 130 137 145 147 148 142 137 131 126 123 119 119 114 114 113 112 109 107 108 114 113 111 106 106 104 100 103 106 107 114 113 118 115 118 116 113 106 97 95 95 96 101 118 121 132 138 140 147 150 146 142 133 130 134 133 129 123 125 130 126 142 149 149 153 152 148 155 157 158 160 166 169 169 167 163 161 162 152 152 161 154 140 141 141 127 108 90 68 47 41 33 39 49 59 60 61 65 65 67 71 73 70 75 77 77 75 72 73 71 63 54 60 55 79 78 69 78 100 109 116 117 125 123 116 119 127 122 105 120 136 127 133 118 112 113 119 119 109 106 99 90 90 88 82 82 78 75 73 77 82 92 97 96 86 87 85 77 82 85 77 81 93 102 111 118 114 108 112 114 107 105 98 93 87 87 89 91 93 97 97 93 94 97 98 98 96 98 102 104 101 96 89 86 90 95 97 100 104 100 95 90 87 87 89 93 100 105 106 108 109 110 110 111 110 111 111 110 110 111 108 106 105 104 103 100 98 98 96 96 97 95 96 95 95 95 95 97 98 97 97 97 98 100 100 99 100 100 99 99 99 97 95 94 92 91 91 90 88 87 87 88 88 88 90 93 97 100 104 110 116 120 126 132 136 140 144 148 154 157 160 164 168 171 174 176 179 182 183 184 185 187 188 187 187 187 186 185 183 181 177 174 172 168 164 161 156 151 148 143 138 132 128 123 118 112 107 102 98 93 90 87 88 14 0 0 0 0 0 0 0 0 0 0 0 0 0 0 0 0 0 0 0 0 0 0 0 0 0 0 0 0 0 0 0 0 0 0 0 0 0 0 0 0 0 0 0 0 0 0 0 0 0 0 0 0 0 0 0 0 0 0 0 0 
0 0 0 0 0 0 0 0 0 0 0 0 0 0 0 0 0 0 0 0 0 0 0 0 0 0 0 0 0 0 0 0 0 0 0 0 0 0 0 0 0 0 0 0 0 0 0 0 0 0 0 0 0 0 0 0 0 0 0 0 0 0 0 0 0 0 0 0 0 0 0 0 0 0 0 0 0 0 0 0 0 0 0 0 0 0 0 0 0 0 0 0 0 0 0 0 0 0 0 0 0 0 0 0 0 0 57 132 159 153 149 148 146 146 143 144 144 144 144 143 142 143 141 140 146 153 163 165 162 156 147 141 136 137 136 135 135 134 133 131 130 130 129 133 131 128 128 127 127 126 124 124 127 131 139 148 149 150 139 134 127 125 122 122 121 121 117 116 117 116 115 113 112 111 122 115 109 105 103 103 102 99 95 106 111 112 112 113 112 107 106 103 101 98 100 96 96 103 118 124 115 118 124 137 144 149 151 144 138 136 131 131 136 140 150 150 144 152 148 141 147 139 146 154 158 156 150 152 157 151 151 151 151 152 148 147 152 153 146 138 128 107 95 74 54 41 33 23 31 42 46 52 59 60 65 68 70 74 77 75 76 76 75 73 74 66 60 54 60 65 59 62 84 108 112 106 108 120 122 109 112 122 122 116 129 124 121 124 119 117 115 112 110 107 104 103 93 94 89 82 76 70 71 76 76 81 85 91 88 83 81 79 86 90 86 87 92 89 91 104 111 106 102 102 104 100 102 102 96 89 86 88 90 89 94 95 96 100 102 101 101 94 95 98 98 93 90 87 85 85 85 83 86 94 94 91 89 91 92 92 93 99 103 106 110 111 112 113 113 113 113 112 112 110 111 108 106 105 104 103 100 99 97 96 96 95 94 94 94 94 95 94 96 97 96 96 96 96 98 99 99 99 99 98 97 97 97 95 94 93 91 90 90 88 86 86 87 88 87 88 90 93 95 100 104 109 114 119 126 131 134 139 144 148 152 156 160 164 167 169 173 176 178 180 183 184 185 186 187 188 187 186 185 184 182 179 177 175 171 168 165 161 157 152 148 143 138 133 129 124 118 113 109 104 99 95 96 65 0 0 0 0 0 0 0 0 0 0 0 0 0 0 0 0 0 0 0 0 0 0 0 0 0 0 0 0 0 0 0 0 0 0 0 0 0 0 0 0 0 0 0 0 0 0 0 0 0 0 0 0 0 0 0 0 0 0 0 0 0 
0 0 0 0 0 0 0 0 0 0 0 0 0 0 0 0 0 0 0 0 0 0 0 0 0 0 0 0 0 0 0 0 0 0 0 0 0 0 0 0 0 0 0 0 0 0 0 0 0 0 0 0 0 0 0 0 0 0 0 0 0 0 0 0 0 0 0 0 0 0 0 0 0 0 0 0 0 0 0 0 0 0 0 0 0 0 0 0 0 0 0 0 0 0 0 0 0 0 0 0 0 0 0 0 0 0 0 0 53 128 159 150 146 146 146 145 145 144 142 143 145 149 156 162 164 165 158 152 148 141 138 136 135 135 137 136 135 135 133 131 131 133 132 131 130 129 128 127 126 127 133 141 144 147 148 145 139 132 126 125 126 125 126 124 123 123 120 121 122 120 122 127 133 127 118 106 98 98 94 101 102 110 110 112 117 117 115 115 121 117 111 102 95 93 88 87 82 90 103 113 110 110 113 118 125 136 145 153 153 151 149 143 139 145 150 154 150 151 156 154 151 151 148 153 155 158 162 154 152 153 147 152 152 157 158 155 148 141 133 125 114 105 85 70 61 50 43 25 16 23 32 38 47 56 64 65 68 72 78 76 79 77 74 70 71 68 67 59 67 58 59 68 91 93 84 88 103 120 124 113 115 113 118 119 128 131 118 109 117 118 115 103 105 112 108 97 92 90 85 69 64 67 73 80 80 83 88 92 88 92 85 88 95 93 92 98 103 89 86 97 98 94 93 97 98 92 88 92 90 82 84 93 98 102 105 99 97 97 95 91 90 92 99 101 99 96 92 88 85 81 79 81 85 91 92 95 95 99 101 101 100 102 105 108 112 110 112 113 113 113 112 112 112 111 110 108 107 105 103 103 100 99 97 95 94 95 94 93 93 93 93 94 95 96 95 95 96 95 97 97 97 98 99 97 96 96 95 95 95 93 91 89 89 88 87 86 86 86 87 88 90 91 92 96 100 105 108 113 119 124 128 134 139 143 147 151 156 160 162 165 169 172 175 177 180 183 184 184 186 187 187 186 185 184 183 182 180 177 174 172 168 165 161 157 153 149 144 139 135 130 125 120 116 110 106 101 103 20 0 0 0 0 0 0 0 0 0 0 0 0 0 0 0 0 0 0 0 0 0 0 0 0 0 0 0 0 0 0 0 0 0 0 0 0 0 0 0 0 0 0 0 0 0 0 0 0 0 0 0 0 0 0 0 0 0 0 0 0 0 
0 0 0 0 0 0 0 0 0 0 0 0 0 0 0 0 0 0 0 0 0 0 0 0 0 0 0 0 0 0 0 0 0 0 0 0 0 0 0 0 0 0 0 0 0 0 0 0 0 0 0 0 0 0 0 0 0 0 0 0 0 0 0 0 0 0 0 0 0 0 0 0 0 0 0 0 0 0 0 0 0 0 0 0 0 0 0 0 0 0 0 0 0 0 0 0 0 0 0 0 0 0 0 0 0 0 0 0 0 0 47 124 158 148 144 145 145 145 148 157 162 166 162 153 150 147 145 143 139 137 137 135 137 136 138 135 135 135 134 132 132 133 130 130 129 128 129 133 137 143 146 143 141 140 135 131 129 126 128 128 128 125 124 123 125 123 122 123 128 135 142 144 129 114 107 101 100 102 106 107 105 100 96 97 96 94 108 117 123 123 118 106 111 104 103 92 88 88 90 100 111 118 122 114 116 125 136 147 154 153 150 149 150 152 143 139 143 142 146 147 145 147 149 157 154 147 149 161 162 162 168 170 170 165 160 149 145 141 136 136 129 111 102 85 73 59 40 27 22 21 18 18 29 45 56 62 63 67 72 75 74 74 73 69 70 69 71 69 61 53 65 56 76 83 76 94 114 120 122 119 128 103 119 120 131 132 116 110 116 119 117 97 94 102 101 88 90 91 82 66 56 58 70 73 80 84 88 85 82 98 93 95 99 95 99 105 108 95 88 103 101 93 88 97 101 87 77 82 86 84 88 98 103 106 112 108 95 87 85 83 86 92 102 105 105 102 98 92 87 85 85 89 93 97 99 101 104 107 108 110 108 108 109 110 110 111 112 111 113 113 113 112 112 112 110 109 107 104 103 104 100 98 98 96 95 94 93 93 93 93 92 94 95 94 94 94 95 94 95 96 96 98 97 97 97 96 96 95 94 93 92 91 89 89 87 86 87 86 87 87 88 89 91 92 95 100 104 108 113 118 123 129 134 137 141 146 150 154 158 161 165 168 171 173 177 180 181 181 183 184 185 185 185 183 183 182 181 179 177 174 171 168 164 160 157 153 148 145 141 136 132 127 123 117 112 112 79 0 0 0 0 0 0 0 0 0 0 0 0 0 0 0 0 0 0 0 0 0 0 0 0 0 0 0 0 0 0 0 0 0 0 0 0 0 0 0 0 0 0 0 0 0 0 0 0 0 0 0 0 0 0 0 0 0 0 0 0 0 0 
0 0 0 0 0 0 0 0 0 0 0 0 0 0 0 0 0 0 0 0 0 0 0 0 0 0 0 0 0 0 0 0 0 0 0 0 0 0 0 0 0 0 0 0 0 0 0 0 0 0 0 0 0 0 0 0 0 0 0 0 0 0 0 0 0 0 0 0 0 0 0 0 0 0 0 0 0 0 0 0 0 0 0 0 0 0 0 0 0 0 0 0 0 0 0 0 0 0 0 0 0 0 0 0 0 0 0 0 0 0 0 0 42 122 157 156 157 163 168 162 156 148 145 146 147 148 142 140 138 138 138 135 137 138 138 136 136 135 133 133 133 131 130 130 131 136 143 145 139 139 139 137 134 130 128 127 128 129 132 128 125 122 121 122 122 123 126 139 150 146 131 121 113 108 108 107 105 106 105 99 93 91 91 92 88 93 97 115 124 130 131 127 121 121 115 108 99 96 98 111 123 134 138 134 129 136 137 141 148 153 152 144 147 157 158 145 136 136 134 138 143 154 152 146 146 140 143 149 156 159 164 170 174 171 158 152 152 152 146 143 140 134 119 101 75 61 46 40 29 24 19 15 12 18 37 54 59 65 70 72 72 73 70 70 71 68 70 69 62 59 67 69 73 94 92 90 94 106 106 122 116 98 113 125 134 126 110 109 112 109 111 110 106 89 78 80 95 94 92 76 64 60 64 73 81 91 97 90 84 90 91 96 98 93 100 103 107 98 93 109 112 104 95 94 101 94 87 93 102 103 100 98 99 98 103 102 90 81 80 83 86 90 96 102 103 102 98 92 90 92 97 101 103 107 108 110 113 115 116 115 115 114 113 112 112 113 111 111 112 112 113 113 113 112 110 109 106 104 105 103 100 98 98 96 95 93 92 92 92 93 93 94 94 93 94 95 94 95 95 96 96 97 97 97 97 98 97 96 94 93 92 91 90 89 88 87 87 88 87 87 87 88 89 90 94 96 100 104 107 113 119 123 128 132 136 140 145 149 153 157 161 163 166 170 173 176 177 179 181 183 184 184 184 183 183 182 181 180 178 176 174 171 168 165 162 157 153 149 146 142 138 134 130 124 119 120 26 0 0 0 0 0 0 0 0 0 0 0 0 0 0 0 0 0 0 0 0 0 0 0 0 0 0 0 0 0 0 0 0 0 0 0 0 0 0 0 0 0 0 0 0 0 0 0 0 0 0 0 0 0 0 0 0 0 0 0 0 0 0 
0 0 0 0 0 0 0 0 0 0 0 0 0 0 0 0 0 0 0 0 0 0 0 0 0 0 0 0 0 0 0 0 0 0 0 0 0 0 0 0 0 0 0 0 0 0 0 0 0 0 0 0 0 0 0 0 0 0 0 0 0 0 0 0 0 0 0 0 0 0 0 0 0 0 0 0 0 0 0 0 0 0 0 0 0 0 0 0 0 0 0 0 0 0 0 0 0 0 0 0 0 0 0 0 0 0 0 0 0 0 0 0 0 0 41 134 171 164 150 144 142 143 144 148 144 141 139 137 139 139 139 137 139 138 136 137 135 134 134 134 133 133 134 139 144 142 138 136 136 137 135 129 126 127 127 129 130 132 129 124 122 121 121 119 124 138 147 147 137 125 116 113 113 111 107 108 107 107 104 101 99 101 104 109 111 112 119 123 129 130 122 111 110 110 110 111 110 108 116 126 134 129 123 122 129 133 136 140 144 145 147 146 146 151 155 157 153 142 138 138 132 141 153 150 148 147 143 145 147 156 160 163 164 169 169 163 158 154 146 141 141 135 122 104 81 67 56 44 29 27 25 16 13 13 19 37 54 60 63 67 69 75 71 70 71 68 67 68 65 66 66 65 78 81 89 80 83 94 95 112 120 94 108 116 128 119 103 103 111 104 109 110 103 94 77 82 93 91 84 74 70 67 68 75 80 90 100 96 84 82 86 99 100 95 89 92 98 94 92 106 113 112 105 94 94 98 102 107 111 111 102 92 88 86 92 92 84 76 76 79 81 86 89 93 96 98 97 97 99 104 109 109 112 115 117 120 122 121 120 120 119 117 115 115 115 113 112 112 111 110 111 112 112 112 110 109 107 105 104 102 99 98 98 95 94 93 93 92 92 92 93 94 92 92 93 95 94 94 95 97 96 97 97 96 97 97 97 97 95 94 93 92 91 90 89 88 87 87 85 87 87 88 88 90 91 94 98 100 104 109 113 117 122 127 132 137 140 144 148 152 156 158 162 166 169 172 173 176 179 181 181 182 183 182 181 181 181 181 180 177 176 174 170 168 164 161 158 154 151 147 143 139 135 131 130 96 0 0 0 0 0 0 0 0 0 0 0 0 0 0 0 0 0 0 0 0 0 0 0 0 0 0 0 0 0 0 0 0 0 0 0 0 0 0 0 0 0 0 0 0 0 0 0 0 0 0 0 0 0 0 0 0 0 0 0 0 0 0 0 
0 0 0 0 0 0 0 0 0 0 0 0 0 0 0 0 0 0 0 0 0 0 0 0 0 0 0 0 0 0 0 0 0 0 0 0 0 0 0 0 0 0 0 0 0 0 0 0 0 0 0 0 0 0 0 0 0 0 0 0 0 0 0 0 0 0 0 0 0 0 0 0 0 0 0 0 0 0 0 0 0 0 0 0 0 0 0 0 0 0 0 0 0 0 0 0 0 0 0 0 0 0 0 0 0 0 0 0 0 0 0 0 0 0 0 0 38 111 152 148 143 146 147 145 142 141 139 139 140 139 138 139 140 138 138 137 136 134 135 134 135 141 144 143 138 132 136 138 134 131 128 125 127 128 129 131 131 129 126 126 123 122 126 133 146 151 138 127 123 121 120 117 117 114 112 114 112 112 109 109 114 115 113 106 97 101 101 106 109 107 112 108 108 112 109 111 115 112 105 112 115 116 120 117 116 118 123 120 132 146 146 144 145 147 151 153 156 150 142 140 143 148 150 151 151 146 145 146 146 148 148 154 159 156 162 159 161 157 155 147 142 139 122 93 82 74 58 39 27 25 24 17 12 12 9 17 45 58 58 60 63 64 66 69 71 68 64 69 69 71 70 71 77 70 81 80 93 80 75 99 103 91 101 107 114 112 106 104 111 111 107 111 106 100 83 89 84 75 73 68 63 66 69 74 80 91 102 98 88 85 90 100 104 97 85 83 88 88 85 94 109 111 107 100 92 91 102 112 115 111 103 92 90 89 90 89 81 78 78 79 79 78 82 89 94 97 103 108 112 116 117 117 119 122 125 127 127 127 125 124 122 120 118 117 115 114 112 112 111 111 110 111 111 110 110 108 106 105 103 102 99 98 97 96 94 94 95 93 92 92 93 92 91 92 93 95 94 94 95 95 95 95 96 96 96 96 97 96 95 94 93 93 91 90 89 89 89 87 85 86 87 87 88 89 90 92 95 97 101 105 108 113 116 120 126 131 135 138 141 146 150 154 158 161 165 167 170 173 175 176 178 179 181 181 181 180 180 180 179 178 178 176 173 170 167 164 161 158 155 151 148 144 140 136 141 33 0 0 0 0 0 0 0 0 0 0 0 0 0 0 0 0 0 0 0 0 0 0 0 0 0 0 0 0 0 0 0 0 0 0 0 0 0 0 0 0 0 0 0 0 0 0 0 0 0 0 0 0 0 0 0 0 0 0 0 0 0 0 0 
0 0 0 0 0 0 0 0 0 0 0 0 0 0 0 0 0 0 0 0 0 0 0 0 0 0 0 0 0 0 0 0 0 0 0 0 0 0 0 0 0 0 0 0 0 0 0 0 0 0 0 0 0 0 0 0 0 0 0 0 0 0 0 0 0 0 0 0 0 0 0 0 0 0 0 0 0 0 0 0 0 0 0 0 0 0 0 0 0 0 0 0 0 0 0 0 0 0 0 0 0 0 0 0 0 0 0 0 0 0 0 0 0 0 0 0 0 0 32 110 155 153 145 143 142 141 141 141 139 141 140 139 138 138 137 135 136 137 139 142 146 141 133 134 137 137 135 130 127 127 127 126 127 130 131 130 128 127 124 125 126 136 150 151 141 131 124 124 123 122 121 119 118 116 117 117 117 121 124 128 119 109 107 100 99 96 97 97 103 110 105 110 115 122 121 121 121 115 114 106 112 113 113 114 118 122 120 124 119 131 145 144 143 143 142 148 154 158 158 151 154 154 153 146 156 168 164 162 155 147 145 137 141 149 152 153 149 154 150 145 136 129 121 102 84 73 60 40 28 24 23 17 12 12 10 10 29 51 55 59 62 64 64 66 68 68 68 67 68 71 75 70 63 61 77 84 88 90 77 88 80 101 109 105 98 107 118 104 100 103 96 98 101 100 97 94 86 73 68 66 63 68 73 76 82 89 104 102 96 92 88 95 101 96 84 78 83 93 93 100 99 100 100 92 87 87 92 103 107 108 103 97 96 97 99 95 87 86 84 82 80 79 84 92 97 100 106 113 119 122 124 124 127 130 130 130 131 130 129 128 125 123 121 118 116 116 114 112 111 111 111 110 111 111 110 109 107 105 104 103 100 99 97 97 95 94 94 93 93 92 92 91 92 92 93 94 94 94 95 95 94 94 95 96 96 96 96 96 96 94 95 94 92 90 89 89 88 87 85 86 87 87 87 87 89 91 94 95 98 101 104 108 111 115 119 125 129 133 136 140 144 148 152 156 161 162 165 168 172 172 174 176 179 179 179 180 179 178 178 178 177 176 174 171 170 167 165 162 159 156 153 149 145 145 113 0 0 0 0 0 0 0 0 0 0 0 0 0 0 0 0 0 0 0 0 0 0 0 0 0 0 0 0 0 0 0 0 0 0 0 0 0 0 0 0 0 0 0 0 0 0 0 0 0 0 0 0 0 0 0 0 0 0 0 0 0 0 0 0 
0 0 0 0 0 0 0 0 0 0 0 0 0 0 0 0 0 0 0 0 0 0 0 0 0 0 0 0 0 0 0 0 0 0 0 0 0 0 0 0 0 0 0 0 0 0 0 0 0 0 0 0 0 0 0 0 0 0 0 0 0 0 0 0 0 0 0 0 0 0 0 0 0 0 0 0 0 0 0 0 0 0 0 0 0 0 0 0 0 0 0 0 0 0 0 0 0 0 0 0 0 0 0 0 0 0 0 0 0 0 0 0 0 0 0 0 0 0 0 0 28 107 151 149 141 141 142 142 141 141 140 140 138 137 136 138 142 143 143 140 134 133 134 137 136 130 129 129 128 126 126 129 131 132 131 128 127 125 127 139 149 154 146 129 124 124 123 125 123 122 121 118 117 119 118 117 126 130 126 118 111 109 106 102 101 99 100 106 106 111 115 114 115 117 122 123 123 123 122 123 118 116 105 108 104 114 118 119 132 133 139 147 145 141 138 136 145 149 151 151 151 151 148 147 132 139 158 163 164 164 158 160 153 156 157 158 157 154 156 151 150 139 123 100 79 70 59 51 39 26 22 18 20 16 12 7 11 35 53 56 59 60 61 64 65 63 64 66 68 71 74 68 59 59 67 65 81 93 92 89 79 92 101 105 92 96 107 90 99 102 91 98 96 97 97 91 84 77 66 64 66 70 75 81 82 88 105 112 105 97 93 96 96 89 79 83 94 105 104 101 102 101 97 93 85 87 93 96 96 93 93 93 95 92 92 95 96 93 88 82 78 79 87 97 102 107 111 115 120 124 127 129 133 134 135 134 134 133 131 130 127 126 125 122 119 118 116 113 112 112 111 109 109 109 109 108 107 106 104 103 101 99 97 97 94 94 94 93 92 92 92 91 93 92 92 94 93 93 94 95 95 95 95 95 96 96 96 96 96 95 95 93 92 91 89 89 88 88 86 87 87 87 87 87 90 91 93 94 96 98 101 105 108 110 114 118 122 127 131 135 138 143 146 150 153 157 160 163 166 168 170 174 175 175 176 178 178 178 178 177 176 176 174 173 171 168 167 165 161 159 156 153 150 156 39 0 0 0 0 0 0 0 0 0 0 0 0 0 0 0 0 0 0 0 0 0 0 0 0 0 0 0 0 0 0 0 0 0 0 0 0 0 0 0 0 0 0 0 0 0 0 0 0 0 0 0 0 0 0 0 0 0 0 0 0 0 0 0 0 
0 0 0 0 0 0 0 0 0 0 0 0 0 0 0 0 0 0 0 0 0 0 0 0 0 0 0 0 0 0 0 0 0 0 0 0 0 0 0 0 0 0 0 0 0 0 0 0 0 0 0 0 0 0 0 0 0 0 0 0 0 0 0 0 0 0 0 0 0 0 0 0 0 0 0 0 0 0 0 0 0 0 0 0 0 0 0 0 0 0 0 0 0 0 0 0 0 0 0 0 0 0 0 0 0 0 0 0 0 0 0 0 0 0 0 0 0 0 0 0 0 0 26 101 147 150 143 143 141 141 140 138 137 137 140 142 145 142 136 134 137 138 135 131 129 128 128 128 127 127 130 133 132 130 129 127 129 135 150 156 146 132 125 124 123 124 124 123 123 123 121 122 119 121 127 131 132 121 113 110 109 107 107 109 109 108 107 108 106 106 110 105 111 111 105 110 115 122 120 121 119 119 117 107 106 103 102 105 110 119 126 136 150 154 149 146 144 139 144 142 146 151 150 149 148 141 140 147 151 154 152 152 154 155 154 150 153 151 154 154 148 141 125 114 87 74 64 51 37 28 22 21 21 16 10 10 13 25 52 55 57 57 59 62 63 62 62 67 64 68 73 71 67 68 65 59 64 84 97 89 85 78 85 97 86 89 97 78 93 93 89 91 99 99 88 80 78 74 67 62 64 69 78 89 95 98 109 115 108 103 103 100 94 89 83 86 92 105 107 98 101 105 102 100 95 97 104 104 92 89 92 92 88 88 87 90 95 93 87 81 79 84 94 103 108 112 114 118 121 125 128 131 134 136 137 137 137 136 135 132 130 128 128 125 122 120 118 116 113 112 111 110 109 109 109 108 106 105 104 102 101 99 98 97 95 94 92 93 93 94 92 91 92 91 91 93 93 93 94 95 95 95 95 95 96 96 96 95 95 95 94 93 92 90 89 88 88 87 87 87 87 87 86 87 89 89 92 92 95 97 99 101 104 106 109 112 116 120 125 129 132 136 140 144 147 150 154 157 160 162 165 169 170 171 173 175 175 176 177 177 175 175 174 173 173 170 169 166 165 162 159 156 159 126 0 0 0 0 0 0 0 0 0 0 0 0 0 0 0 0 0 0 0 0 0 0 0 0 0 0 0 0 0 0 0 0 0 0 0 0 0 0 0 0 0 0 0 0 0 0 0 0 0 0 0 0 0 0 0 0 0 0 0 0 0 0 0 0 0 
0 0 0 0 0 0 0 0 0 0 0 0 0 0 0 0 0 0 0 0 0 0 0 0 0 0 0 0 0 0 0 0 0 0 0 0 0 0 0 0 0 0 0 0 0 0 0 0 0 0 0 0 0 0 0 0 0 0 0 0 0 0 0 0 0 0 0 0 0 0 0 0 0 0 0 0 0 0 0 0 0 0 0 0 0 0 0 0 0 0 0 0 0 0 0 0 0 0 0 0 0 0 0 0 0 0 0 0 0 0 0 0 0 0 0 0 0 0 0 0 0 0 0 0 23 96 147 150 142 140 140 139 138 141 145 142 137 134 138 139 138 134 131 129 129 128 128 127 128 130 133 132 130 129 129 136 150 153 146 135 127 125 123 125 125 126 126 124 123 123 122 124 126 134 134 124 116 113 114 112 112 112 111 109 109 109 109 114 114 107 99 92 89 100 99 103 106 105 115 114 119 124 126 118 115 112 106 108 117 126 128 135 138 130 139 135 138 138 136 143 142 142 146 146 145 148 150 152 145 149 149 148 153 150 150 148 150 153 148 147 142 136 137 131 119 89 71 52 33 28 28 26 24 16 12 13 10 19 45 56 55 57 59 62 62 62 62 64 63 62 66 71 69 74 69 58 68 86 84 68 73 68 61 76 66 78 83 77 80 81 85 84 85 95 91 86 79 74 69 65 67 74 86 88 92 102 113 113 103 98 99 99 97 94 91 87 91 102 106 103 108 112 109 105 102 100 101 99 92 92 95 91 84 84 83 84 88 92 90 86 89 95 103 110 112 116 119 121 123 126 128 132 135 136 138 139 139 139 138 136 134 132 131 128 125 122 121 117 114 112 113 113 109 110 110 108 107 105 104 102 100 98 98 96 96 95 94 93 92 93 92 92 91 90 90 91 93 93 93 94 95 95 95 95 96 96 96 96 96 95 93 93 91 90 89 88 87 87 87 87 87 87 86 87 90 89 90 91 93 94 96 98 100 102 104 107 110 113 117 121 126 130 134 137 140 143 147 151 154 156 160 162 166 168 171 172 172 173 174 175 175 175 174 174 173 171 171 169 167 165 162 161 168 48 0 0 0 0 0 0 0 0 0 0 0 0 0 0 0 0 0 0 0 0 0 0 0 0 0 0 0 0 0 0 0 0 0 0 0 0 0 0 0 0 0 0 0 0 0 0 0 0 0 0 0 0 0 0 0 0 0 0 0 0 0 0 0 0 0 
0 0 0 0 0 0 0 0 0 0 0 0 0 0 0 0 0 0 0 0 0 0 0 0 0 0 0 0 0 0 0 0 0 0 0 0 0 0 0 0 0 0 0 0 0 0 0 0 0 0 0 0 0 0 0 0 0 0 0 0 0 0 0 0 0 0 0 0 0 0 0 0 0 0 0 0 0 0 0 0 0 0 0 0 0 0 0 0 0 0 0 0 0 0 0 0 0 0 0 0 0 0 0 0 0 0 0 0 0 0 0 0 0 0 0 0 0 0 0 0 0 0 0 0 0 0 20 91 144 148 143 143 144 142 139 137 138 141 138 134 132 131 131 130 129 130 129 129 131 135 133 129 129 135 145 152 147 134 126 125 125 126 126 125 125 125 125 122 123 122 126 135 136 132 121 114 112 113 113 113 113 111 110 112 112 111 107 107 100 96 94 94 93 97 102 106 114 115 122 125 118 114 116 112 110 111 107 103 107 122 132 135 145 140 132 145 140 144 134 126 131 134 137 141 136 139 136 148 152 151 149 152 153 158 151 155 153 148 145 141 138 136 138 133 114 83 69 52 33 23 26 29 27 19 13 16 15 17 42 53 56 57 57 58 60 60 58 59 63 64 64 68 67 65 65 69 79 80 65 64 63 63 58 59 51 60 67 57 65 63 69 75 82 90 91 84 77 74 70 72 79 82 84 86 91 100 108 109 106 97 88 95 100 97 93 89 93 100 101 109 117 117 109 102 99 99 95 93 94 95 96 91 85 84 86 90 94 100 102 102 104 107 110 115 118 121 124 125 128 129 131 133 134 137 137 139 140 140 140 139 138 135 133 131 128 126 123 120 117 114 113 112 109 110 110 109 106 105 103 101 100 99 98 96 95 95 94 93 93 92 91 92 92 92 91 92 93 92 93 94 95 95 95 95 96 96 96 96 97 96 95 93 91 90 88 87 86 87 86 86 87 86 86 87 88 86 89 90 92 93 95 96 97 99 101 102 104 107 110 113 117 122 126 129 133 138 141 144 147 150 154 157 160 163 166 167 168 169 171 172 173 174 172 171 171 171 170 169 168 167 165 167 136 0 0 0 0 0 0 0 0 0 0 0 0 0 0 0 0 0 0 0 0 0 0 0 0 0 0 0 0 0 0 0 0 0 0 0 0 0 0 0 0 0 0 0 0 0 0 0 0 0 0 0 0 0 0 0 0 0 0 0 0 0 0 0 0 0 0 
0 0 0 0 0 0 0 0 0 0 0 0 0 0 0 0 0 0 0 0 0 0 0 0 0 0 0 0 0 0 0 0 0 0 0 0 0 0 0 0 0 0 0 0 0 0 0 0 0 0 0 0 0 0 0 0 0 0 0 0 0 0 0 0 0 0 0 0 0 0 0 0 0 0 0 0 0 0 0 0 0 0 0 0 0 0 0 0 0 0 0 0 0 0 0 0 0 0 0 0 0 0 0 0 0 0 0 0 0 0 0 0 0 0 0 0 0 0 0 0 0 0 0 0 0 0 0 0 15 89 147 151 137 137 139 142 141 138 133 132 131 130 131 132 129 130 130 132 132 132 129 133 144 154 148 136 128 124 124 126 127 126 128 124 125 125 125 124 126 130 136 135 125 121 118 118 117 115 113 113 109 109 113 114 110 107 100 97 94 96 99 101 104 103 102 105 108 116 121 121 115 115 112 109 112 106 100 95 98 100 105 116 127 142 145 146 145 140 145 146 139 140 135 144 150 147 153 154 155 153 145 144 140 129 139 140 150 154 153 148 144 146 142 126 111 88 67 52 32 25 28 35 31 17 17 19 18 19 37 52 56 55 56 58 59 58 58 58 62 62 63 66 63 63 63 68 75 75 67 67 73 67 60 57 52 46 46 51 62 62 69 65 64 74 79 79 73 70 72 78 89 97 93 93 100 108 110 111 114 108 90 95 104 101 90 90 96 96 95 102 111 116 108 103 108 106 99 95 97 99 100 98 97 98 102 105 107 108 109 112 112 114 117 120 123 126 128 130 133 135 136 137 139 140 141 143 143 142 142 141 140 138 136 134 131 128 126 123 120 116 114 111 110 110 108 107 106 104 102 101 100 99 96 95 95 95 94 93 93 92 92 92 92 92 92 93 94 93 94 95 95 96 96 96 96 96 97 96 96 96 96 94 92 92 89 88 87 87 86 85 85 85 85 86 87 88 88 89 91 91 94 94 95 96 98 99 99 101 103 106 110 114 117 120 125 130 134 136 141 144 148 151 154 157 159 162 164 166 167 169 171 171 171 171 170 169 169 169 168 167 167 175 56 0 0 0 0 0 0 0 0 0 0 0 0 0 0 0 0 0 0 0 0 0 0 0 0 0 0 0 0 0 0 0 0 0 0 0 0 0 0 0 0 0 0 0 0 0 0 0 0 0 0 0 0 0 0 0 0 0 0 0 0 0 0 0 0 0 0 
0 0 0 0 0 0 0 0 0 0 0 0 0 0 0 0 0 0 0 0 0 0 0 0 0 0 0 0 0 0 0 0 0 0 0 0 0 0 0 0 0 0 0 0 0 0 0 0 0 0 0 0 0 0 0 0 0 0 0 0 0 0 0 0 0 0 0 0 0 0 0 0 0 0 0 0 0 0 0 0 0 0 0 0 0 0 0 0 0 0 0 0 0 0 0 0 0 0 0 0 0 0 0 0 0 0 0 0 0 0 0 0 0 0 0 0 0 0 0 0 0 0 0 0 0 0 0 0 0 0 14 82 139 151 141 138 134 133 134 132 131 130 130 131 130 131 132 132 130 131 142 150 150 140 129 126 125 124 124 126 127 125 126 125 125 126 125 127 136 136 129 124 121 121 119 120 118 117 116 112 111 113 113 109 106 103 99 100 102 102 103 103 100 97 99 102 99 108 103 111 115 122 123 128 126 122 114 106 99 100 101 106 117 128 136 135 149 147 147 153 147 138 139 142 151 158 151 158 157 156 162 157 154 148 146 148 148 149 152 155 151 143 137 126 111 90 63 49 29 27 35 39 35 23 20 20 17 20 42 51 53 56 58 61 64 61 60 64 66 66 65 65 63 65 61 59 67 68 68 71 73 65 63 64 55 43 43 45 50 57 54 57 67 73 81 81 75 73 75 81 90 96 99 101 105 110 116 112 113 115 102 97 102 102 99 96 95 92 93 97 102 103 102 105 112 112 105 103 105 107 109 111 113 114 117 119 118 116 115 114 114 116 118 121 124 128 130 132 136 139 141 144 146 146 148 149 149 147 145 144 143 141 139 138 134 131 127 124 122 120 116 113 111 111 110 106 105 104 102 101 100 99 97 96 95 94 94 93 93 92 92 93 93 93 92 93 94 94 95 96 96 96 97 96 97 97 97 97 97 97 96 94 92 92 90 88 87 86 86 86 85 86 86 86 85 87 88 89 89 89 91 92 93 93 95 95 95 95 98 100 102 106 110 113 116 122 126 130 133 137 141 144 148 151 153 156 159 162 164 165 167 169 169 169 169 169 169 168 168 167 170 146 0 0 0 0 0 0 0 0 0 0 0 0 0 0 0 0 0 0 0 0 0 0 0 0 0 0 0 0 0 0 0 0 0 0 0 0 0 0 0 0 0 0 0 0 0 0 0 0 0 0 0 0 0 0 0 0 0 0 0 0 0 0 0 0 0 0 0 
0 0 0 0 0 0 0 0 0 0 0 0 0 0 0 0 0 0 0 0 0 0 0 0 0 0 0 0 0 0 0 0 0 0 0 0 0 0 0 0 0 0 0 0 0 0 0 0 0 0 0 0 0 0 0 0 0 0 0 0 0 0 0 0 0 0 0 0 0 0 0 0 0 0 0 0 0 0 0 0 0 0 0 0 0 0 0 0 0 0 0 0 0 0 0 0 0 0 0 0 0 0 0 0 0 0 0 0 0 0 0 0 0 0 0 0 0 0 0 0 0 0 0 0 0 0 0 0 0 0 0 0 11 80 135 144 136 135 134 132 131 130 130 131 132 133 132 131 137 145 153 142 133 129 127 125 125 124 125 127 126 126 126 126 125 125 131 135 134 125 122 124 121 122 121 121 120 117 117 114 118 114 112 110 110 104 103 102 103 103 98 93 90 96 105 105 103 107 109 114 117 119 125 122 123 114 114 109 106 102 107 110 115 116 119 118 116 123 129 139 148 146 143 136 136 144 146 146 151 153 155 159 157 152 153 149 144 141 147 155 151 143 140 132 121 91 64 46 33 32 45 45 43 38 30 23 20 26 46 52 54 59 64 65 66 64 64 67 71 70 65 62 62 62 61 58 60 62 64 64 65 64 65 62 58 54 51 46 41 42 44 46 61 74 80 78 73 77 86 89 93 101 104 104 108 113 118 118 114 112 93 95 95 96 95 91 91 88 93 101 103 102 106 107 110 112 109 110 112 115 118 122 125 126 125 124 124 122 120 118 119 119 121 123 126 129 131 134 138 142 145 147 150 151 153 153 153 153 152 149 147 144 142 140 137 134 130 127 125 121 118 115 113 112 109 107 106 104 101 100 99 98 97 96 95 94 94 93 93 93 93 94 94 94 93 93 94 94 96 96 97 98 98 97 97 97 98 98 97 97 96 95 94 93 91 89 88 87 87 86 86 86 86 86 86 86 86 88 90 90 89 90 90 92 93 92 91 91 92 94 96 98 101 104 108 112 117 122 125 129 133 137 140 144 147 150 153 156 159 160 163 165 166 167 167 168 169 168 168 168 178 60 0 0 0 0 0 0 0 0 0 0 0 0 0 0 0 0 0 0 0 0 0 0 0 0 0 0 0 0 0 0 0 0 0 0 0 0 0 0 0 0 0 0 0 0 0 0 0 0 0 0 0 0 0 0 0 0 0 0 0 0 0 0 0 0 0 0 0 
0 0 0 0 0 0 0 0 0 0 0 0 0 0 0 0 0 0 0 0 0 0 0 0 0 0 0 0 0 0 0 0 0 0 0 0 0 0 0 0 0 0 0 0 0 0 0 0 0 0 0 0 0 0 0 0 0 0 0 0 0 0 0 0 0 0 0 0 0 0 0 0 0 0 0 0 0 0 0 0 0 0 0 0 0 0 0 0 0 0 0 0 0 0 0 0 0 0 0 0 0 0 0 0 0 0 0 0 0 0 0 0 0 0 0 0 0 0 0 0 0 0 0 0 0 0 0 0 0 0 0 0 0 0 8 74 132 143 134 133 131 132 130 132 135 134 134 144 150 144 136 130 129 128 128 126 125 125 127 128 127 127 126 125 127 132 139 130 125 122 123 123 122 123 123 121 120 118 118 119 118 114 112 110 105 103 102 103 100 96 92 94 101 108 106 106 103 105 109 114 117 112 111 115 120 125 124 124 121 116 116 114 115 116 114 114 116 115 111 119 128 127 133 134 131 133 140 142 149 152 155 153 153 148 145 147 147 145 146 146 145 140 139 125 104 89 66 43 33 39 47 49 51 53 50 44 36 46 52 52 54 58 62 63 64 63 63 65 65 65 63 61 59 57 59 58 56 57 58 60 61 61 62 61 61 60 60 55 45 39 45 49 56 66 72 74 71 80 88 93 100 108 113 112 107 102 113 120 113 107 96 91 87 88 88 90 91 96 100 107 111 111 112 113 111 112 115 117 120 124 126 128 130 131 129 128 127 125 123 121 122 122 124 124 127 129 133 136 140 144 146 149 151 154 156 155 156 156 155 152 149 148 145 142 139 135 134 131 127 123 120 117 115 112 109 108 106 103 101 100 98 97 96 96 95 95 94 94 94 93 94 94 95 95 95 95 95 95 96 97 97 98 98 98 98 98 99 99 99 98 97 96 95 93 92 90 89 88 87 87 86 85 86 86 86 87 87 88 89 89 89 89 88 91 90 90 89 88 88 89 90 91 93 96 99 102 107 112 116 120 124 129 133 136 140 143 146 151 154 156 159 161 161 163 165 166 167 167 168 170 149 0 0 0 0 0 0 0 0 0 0 0 0 0 0 0 0 0 0 0 0 0 0 0 0 0 0 0 0 0 0 0 0 0 0 0 0 0 0 0 0 0 0 0 0 0 0 0 0 0 0 0 0 0 0 0 0 0 0 0 0 0 0 0 0 0 0 0 0 
0 0 0 0 0 0 0 0 0 0 0 0 0 0 0 0 0 0 0 0 0 0 0 0 0 0 0 0 0 0 0 0 0 0 0 0 0 0 0 0 0 0 0 0 0 0 0 0 0 0 0 0 0 0 0 0 0 0 0 0 0 0 0 0 0 0 0 0 0 0 0 0 0 0 0 0 0 0 0 0 0 0 0 0 0 0 0 0 0 0 0 0 0 0 0 0 0 0 0 0 0 0 0 0 0 0 0 0 0 0 0 0 0 0 0 0 0 0 0 0 0 0 0 0 0 0 0 0 0 0 0 0 0 0 0 0 6 70 130 141 132 132 131 135 137 142 147 148 138 132 132 130 129 128 128 126 125 126 129 129 127 128 126 129 135 134 130 124 123 122 124 124 125 124 122 120 120 121 122 122 115 113 111 110 108 107 105 102 99 98 106 107 106 102 103 108 103 98 98 97 101 112 115 113 124 128 129 132 128 115 110 111 115 121 120 117 119 120 118 120 124 120 122 125 131 134 134 130 134 139 140 148 149 154 158 156 150 149 145 146 145 146 132 122 97 71 56 41 34 46 51 54 58 59 58 56 53 56 56 53 55 56 59 59 57 56 57 60 62 62 61 59 57 57 57 57 56 60 58 57 58 59 59 61 63 61 60 56 53 45 43 46 53 67 72 70 72 82 89 93 94 105 108 108 104 100 106 116 112 106 98 90 92 93 95 92 88 98 106 111 114 114 114 115 115 119 123 126 128 131 132 131 132 132 131 130 129 127 124 124 123 124 124 126 128 130 133 138 141 145 148 152 153 156 158 158 159 158 157 155 154 151 148 145 143 138 136 133 130 125 122 119 117 113 111 109 106 103 101 100 98 97 95 95 95 94 94 93 94 95 95 95 95 96 96 96 96 97 97 97 96 97 98 98 99 99 99 100 99 98 98 97 95 94 93 91 90 89 88 86 86 86 85 85 87 86 86 88 88 88 87 88 88 89 88 87 86 86 86 85 84 84 85 87 91 93 98 103 107 112 116 120 126 130 133 136 140 143 147 151 155 157 158 160 162 164 166 166 167 178 63 0 0 0 0 0 0 0 0 0 0 0 0 0 0 0 0 0 0 0 0 0 0 0 0 0 0 0 0 0 0 0 0 0 0 0 0 0 0 0 0 0 0 0 0 0 0 0 0 0 0 0 0 0 0 0 0 0 0 0 0 0 0 0 0 0 0 0 0 
0 0 0 0 0 0 0 0 0 0 0 0 0 0 0 0 0 0 0 0 0 0 0 0 0 0 0 0 0 0 0 0 0 0 0 0 0 0 0 0 0 0 0 0 0 0 0 0 0 0 0 0 0 0 0 0 0 0 0 0 0 0 0 0 0 0 0 0 0 0 0 0 0 0 0 0 0 0 0 0 0 0 0 0 0 0 0 0 0 0 0 0 0 0 0 0 0 0 0 0 0 0 0 0 0 0 0 0 0 0 0 0 0 0 0 0 0 0 0 0 0 0 0 0 0 0 0 0 0 0 0 0 0 0 0 0 0 0 5 64 126 142 137 139 148 149 140 134 129 129 130 129 130 128 126 125 124 127 128 128 127 128 129 139 135 126 124 123 124 123 124 124 124 124 123 122 121 123 123 120 115 113 112 112 110 106 105 103 107 108 109 103 99 96 102 100 93 92 96 97 105 106 103 103 98 104 108 112 121 116 109 114 115 113 114 119 114 115 121 119 122 126 127 132 132 132 138 138 136 145 148 148 146 146 153 152 154 149 143 142 139 131 122 124 104 72 56 37 36 46 51 54 58 60 61 59 61 58 56 56 55 53 55 56 53 52 51 55 57 60 60 57 56 55 55 55 56 55 56 56 57 59 58 57 57 59 61 59 60 57 46 47 55 59 66 73 82 89 93 95 101 107 106 102 99 94 101 109 108 102 96 88 91 89 91 97 97 100 107 114 117 115 115 117 120 124 128 131 132 132 133 134 135 133 131 130 129 127 124 124 123 123 125 127 129 132 135 139 142 145 150 154 156 158 159 160 161 160 159 158 157 155 151 149 146 142 139 136 133 128 125 122 119 115 113 110 106 104 102 101 98 97 96 96 95 94 94 94 93 94 95 95 96 97 97 97 97 97 97 98 98 97 98 99 100 100 100 100 99 98 99 97 95 94 93 92 91 89 88 87 86 87 85 85 86 87 87 87 87 88 88 87 87 86 85 84 84 83 82 82 82 80 80 82 83 86 90 94 99 103 107 112 116 121 127 131 133 137 141 144 148 151 155 157 159 161 163 164 168 150 0 0 0 0 0 0 0 0 0 0 0 0 0 0 0 0 0 0 0 0 0 0 0 0 0 0 0 0 0 0 0 0 0 0 0 0 0 0 0 0 0 0 0 0 0 0 0 0 0 0 0 0 0 0 0 0 0 0 0 0 0 0 0 0 0 0 0 0 0 
0 0 0 0 0 0 0 0 0 0 0 0 0 0 0 0 0 0 0 0 0 0 0 0 0 0 0 0 0 0 0 0 0 0 0 0 0 0 0 0 0 0 0 0 0 0 0 0 0 0 0 0 0 0 0 0 0 0 0 0 0 0 0 0 0 0 0 0 0 0 0 0 0 0 0 0 0 0 0 0 0 0 0 0 0 0 0 0 0 0 0 0 0 0 0 0 0 0 0 0 0 0 0 0 0 0 0 0 0 0 0 0 0 0 0 0 0 0 0 0 0 0 0 0 0 0 0 0 0 0 0 0 0 0 0 0 0 0 0 0 2 61 135 159 149 136 131 130 129 130 130 130 128 128 127 126 127 129 128 128 129 133 137 134 126 122 123 123 123 123 124 124 124 123 122 122 122 126 121 118 116 116 115 113 109 107 106 110 110 105 101 97 96 97 97 91 90 99 100 102 107 114 118 116 116 109 110 110 110 109 106 101 105 110 108 104 108 105 113 107 112 121 135 137 136 138 140 136 139 142 141 141 133 128 137 138 140 147 149 149 145 129 119 112 96 67 60 30 41 48 50 53 58 60 60 59 61 60 57 56 54 52 52 52 50 49 49 52 55 57 56 56 55 55 55 55 56 55 57 57 58 58 59 56 56 59 63 62 62 65 57 53 60 67 71 78 92 101 104 95 94 103 104 96 97 95 98 108 103 99 95 85 81 83 88 101 106 108 114 122 124 121 121 123 124 126 129 132 133 133 133 133 133 133 131 131 128 127 124 124 123 123 124 126 128 132 136 139 143 146 150 154 157 160 161 162 162 162 161 161 159 157 154 152 149 145 142 139 135 131 128 126 121 117 116 112 108 106 103 101 100 98 97 96 96 95 95 95 96 96 96 95 96 97 97 98 98 97 98 99 98 99 100 100 99 100 100 99 99 100 99 97 96 95 94 91 90 89 89 88 88 87 85 85 86 86 87 86 86 86 85 85 85 83 82 82 80 80 79 78 78 77 77 78 79 80 83 87 90 93 98 104 108 113 118 121 126 130 134 138 141 145 150 153 155 158 160 161 174 68 0 0 0 0 0 0 0 0 0 0 0 0 0 0 0 0 0 0 0 0 0 0 0 0 0 0 0 0 0 0 0 0 0 0 0 0 0 0 0 0 0 0 0 0 0 0 0 0 0 0 0 0 0 0 0 0 0 0 0 0 0 0 0 0 0 0 0 0 0 
0 0 0 0 0 0 0 0 0 0 0 0 0 0 0 0 0 0 0 0 0 0 0 0 0 0 0 0 0 0 0 0 0 0 0 0 0 0 0 0 0 0 0 0 0 0 0 0 0 0 0 0 0 0 0 0 0 0 0 0 0 0 0 0 0 0 0 0 0 0 0 0 0 0 0 0 0 0 0 0 0 0 0 0 0 0 0 0 0 0 0 0 0 0 0 0 0 0 0 0 0 0 0 0 0 0 0 0 0 0 0 0 0 0 0 0 0 0 0 0 0 0 0 0 0 0 0 0 0 0 0 0 0 0 0 0 0 0 0 0 0 0 1 63 122 139 133 131 131 131 130 129 128 129 126 126 128 129 129 131 134 138 131 126 123 124 124 123 123 123 124 124 124 123 124 123 127 124 119 119 119 119 117 114 111 112 111 109 106 104 99 98 99 94 89 89 89 97 103 112 114 116 114 116 112 113 106 103 98 95 93 95 103 113 115 104 110 109 104 96 99 101 111 121 126 131 135 134 129 128 125 129 136 142 143 147 144 144 145 139 140 130 120 116 97 77 45 29 41 47 51 53 57 58 59 58 58 58 58 57 54 54 51 48 46 47 48 49 51 52 54 55 54 55 55 55 55 56 57 56 58 57 59 59 58 59 63 65 66 67 57 55 68 77 88 93 98 101 105 104 99 95 91 83 86 86 87 99 100 92 87 75 69 72 85 99 109 119 127 129 129 126 126 127 128 129 130 132 133 133 135 133 132 133 131 131 129 127 124 124 122 122 123 125 129 132 136 141 144 147 151 155 157 160 163 163 164 164 163 163 161 159 157 154 151 148 145 142 137 134 131 127 123 120 118 114 111 108 105 103 102 100 99 98 98 98 98 98 99 98 98 98 98 98 98 98 98 99 99 99 98 99 101 100 100 101 101 100 100 101 99 97 97 96 95 93 91 89 89 88 88 87 87 86 86 85 85 86 85 84 83 84 83 83 81 80 79 79 77 77 75 76 75 74 76 77 79 81 84 85 90 94 101 105 110 114 119 124 128 132 136 140 143 147 150 153 157 160 148 1 0 0 0 0 0 0 0 0 0 0 0 0 0 0 0 0 0 0 0 0 0 0 0 0 0 0 0 0 0 0 0 0 0 0 0 0 0 0 0 0 0 0 0 0 0 0 0 0 0 0 0 0 0 0 0 0 0 0 0 0 0 0 0 0 0 0 0 0 0 
0 0 0 0 0 0 0 0 0 0 0 0 0 0 0 0 0 0 0 0 0 0 0 0 0 0 0 0 0 0 0 0 0 0 0 0 0 0 0 0 0 0 0 0 0 0 0 0 0 0 0 0 0 0 0 0 0 0 0 0 0 0 0 0 0 0 0 0 0 0 0 0 0 0 0 0 0 0 0 0 0 0 0 0 0 0 0 0 0 0 0 0 0 0 0 0 0 0 0 0 0 0 0 0 0 0 0 0 0 0 0 0 0 0 0 0 0 0 0 0 0 0 0 0 0 0 0 0 0 0 0 0 0 0 0 0 0 0 0 0 0 0 0 0 0 52 118 139 132 130 130 129 128 128 127 127 129 129 131 137 136 131 126 125 124 125 124 123 124 124 124 125 124 123 123 123 126 122 121 123 122 119 118 117 116 115 111 107 110 106 101 98 95 92 91 92 94 99 100 100 101 103 106 107 104 100 103 104 110 111 114 112 115 117 122 122 113 106 105 92 94 101 102 106 118 121 111 122 127 130 131 136 140 143 142 144 135 123 125 128 134 140 134 122 96 67 34 27 37 48 52 53 55 57 57 58 57 55 54 53 52 51 48 44 45 46 48 47 50 50 51 53 53 52 51 50 52 53 53 53 53 54 55 56 57 60 63 64 67 64 60 66 78 88 105 113 109 103 106 106 107 102 92 77 73 71 58 78 92 91 77 69 67 72 85 98 112 126 132 136 134 131 131 130 132 133 134 134 134 135 134 133 132 131 130 129 128 126 126 124 122 122 123 125 129 131 136 140 145 148 152 155 158 161 164 165 166 165 165 164 163 160 159 156 153 150 147 144 140 137 134 130 127 124 121 117 114 112 109 107 106 105 103 103 102 103 102 101 102 101 100 101 102 102 100 100 100 100 100 100 100 100 101 101 101 101 101 101 100 101 100 98 98 97 96 94 92 90 89 88 88 87 86 87 87 85 84 83 83 83 84 84 83 83 81 79 79 77 77 77 75 75 75 75 75 75 76 77 79 81 84 87 94 98 102 106 113 117 122 126 130 134 137 141 144 148 151 164 70 0 0 0 0 0 0 0 0 0 0 0 0 0 0 0 0 0 0 0 0 0 0 0 0 0 0 0 0 0 0 0 0 0 0 0 0 0 0 0 0 0 0 0 0 0 0 0 0 0 0 0 0 0 0 0 0 0 0 0 0 0 0 0 0 0 0 0 0 0 0 
0 0 0 0 0 0 0 0 0 0 0 0 0 0 0 0 0 0 0 0 0 0 0 0 0 0 0 0 0 0 0 0 0 0 0 0 0 0 0 0 0 0 0 0 0 0 0 0 0 0 0 0 0 0 0 0 0 0 0 0 0 0 0 0 0 0 0 0 0 0 0 0 0 0 0 0 0 0 0 0 0 0 0 0 0 0 0 0 0 0 0 0 0 0 0 0 0 0 0 0 0 0 0 0 0 0 0 0 0 0 0 0 0 0 0 0 0 0 0 0 0 0 0 0 0 0 0 0 0 0 0 0 0 0 0 0 0 0 0 0 0 0 0 0 0 0 0 47 114 138 132 129 127 128 128 128 128 131 135 139 132 128 127 126 126 125 124 124 125 125 125 125 124 123 124 126 125 123 124 123 121 120 120 121 117 113 110 110 111 107 102 99 96 95 94 95 93 92 91 94 101 107 107 105 104 107 113 118 123 119 116 108 106 108 112 116 116 121 119 115 106 107 106 107 119 130 136 132 135 130 127 136 138 137 136 142 145 147 146 146 147 140 128 110 89 63 30 21 32 42 48 52 53 54 55 56 54 51 49 50 48 45 44 44 46 48 50 50 52 51 50 51 50 49 50 48 50 51 49 51 53 55 56 56 60 60 60 64 66 69 71 83 92 100 108 116 125 122 113 115 116 114 98 73 57 56 59 70 73 84 79 65 69 76 87 102 116 127 130 135 135 133 133 134 135 135 136 134 134 134 133 131 131 130 129 127 126 125 125 125 123 124 124 126 129 132 136 141 145 149 152 155 159 162 164 166 166 166 167 166 166 164 160 158 156 154 151 147 143 140 137 134 131 128 124 121 118 116 114 112 111 110 109 108 108 108 107 106 107 106 105 105 105 105 103 104 103 101 101 101 101 101 101 101 101 101 101 101 101 101 100 99 98 97 96 95 93 92 92 90 88 87 87 87 86 85 85 85 84 84 83 83 82 83 81 80 79 78 78 77 76 75 75 75 74 73 74 74 75 77 80 82 87 91 96 99 106 110 114 119 124 128 131 135 139 143 147 140 1 0 0 0 0 0 0 0 0 0 0 0 0 0 0 0 0 0 0 0 0 0 0 0 0 0 0 0 0 0 0 0 0 0 0 0 0 0 0 0 0 0 0 0 0 0 0 0 0 0 0 0 0 0 0 0 0 0 0 0 0 0 0 0 0 0 0 0 0 0 0 
0 0 0 0 0 0 0 0 0 0 0 0 0 0 0 0 0 0 0 0 0 0 0 0 0 0 0 0 0 0 0 0 0 0 0 0 0 0 0 0 0 0 0 0 0 0 0 0 0 0 0 0 0 0 0 0 0 0 0 0 0 0 0 0 0 0 0 0 0 0 0 0 0 0 0 0 0 0 0 0 0 0 0 0 0 0 0 0 0 0 0 0 0 0 0 0 0 0 0 0 0 0 0 0 0 0 0 0 0 0 0 0 0 0 0 0 0 0 0 0 0 0 0 0 0 0 0 0 0 0 0 0 0 0 0 0 0 0 0 0 0 0 0 0 0 0 0 0 0 45 113 137 131 129 129 129 129 137 138 134 130 128 127 126 126 124 124 123 124 125 125 124 124 125 126 128 124 124 123 122 121 121 121 121 116 116 114 114 108 106 104 105 104 100 96 96 94 91 92 93 98 100 101 101 104 106 106 105 106 107 106 105 107 107 112 106 120 115 112 111 115 115 117 124 126 126 126 121 117 121 126 127 123 120 136 141 151 149 141 136 133 130 128 118 99 61 23 23 27 36 44 48 51 51 50 51 49 47 44 42 41 43 47 49 49 47 51 52 53 54 52 49 49 50 53 49 47 50 51 51 56 57 64 63 62 61 62 71 81 89 92 97 103 110 115 117 118 120 114 111 115 115 105 85 65 62 77 78 81 79 63 53 63 80 89 101 117 126 131 131 132 133 135 136 136 136 135 134 134 133 132 131 130 128 128 126 125 123 123 123 123 124 123 126 129 132 136 141 144 149 152 155 160 161 164 166 167 167 167 168 167 166 163 160 159 156 153 150 146 144 141 138 135 132 129 125 123 120 119 117 116 115 115 113 113 113 112 112 111 111 110 109 109 108 106 105 106 104 103 103 102 102 101 101 101 101 102 102 102 101 100 99 99 98 96 96 94 94 93 91 89 88 88 87 86 86 86 85 85 85 84 84 84 83 83 83 82 80 80 79 77 76 76 74 73 73 74 75 75 75 77 79 84 86 89 94 98 102 108 112 116 120 125 130 134 137 150 67 0 0 0 0 0 0 0 0 0 0 0 0 0 0 0 0 0 0 0 0 0 0 0 0 0 0 0 0 0 0 0 0 0 0 0 0 0 0 0 0 0 0 0 0 0 0 0 0 0 0 0 0 0 0 0 0 0 0 0 0 0 0 0 0 0 0 0 0 0 0 0 
0 0 0 0 0 0 0 0 0 0 0 0 0 0 0 0 0 0 0 0 0 0 0 0 0 0 0 0 0 0 0 0 0 0 0 0 0 0 0 0 0 0 0 0 0 0 0 0 0 0 0 0 0 0 0 0 0 0 0 0 0 0 0 0 0 0 0 0 0 0 0 0 0 0 0 0 0 0 0 0 0 0 0 0 0 0 0 0 0 0 0 0 0 0 0 0 0 0 0 0 0 0 0 0 0 0 0 0 0 0 0 0 0 0 0 0 0 0 0 0 0 0 0 0 0 0 0 0 0 0 0 0 0 0 0 0 0 0 0 0 0 0 0 0 0 0 0 0 0 0 0 42 107 138 133 131 136 137 133 131 129 128 128 127 126 125 124 122 123 124 125 124 125 126 128 126 123 123 122 122 122 124 121 118 118 118 116 116 110 109 107 108 103 101 101 98 94 90 87 89 93 93 91 92 95 95 98 103 106 106 102 101 94 105 109 112 115 113 114 117 120 118 113 109 112 114 113 112 114 116 107 112 119 124 129 130 134 130 126 128 134 138 138 125 96 47 16 19 23 31 43 48 51 52 52 49 44 42 39 40 44 47 49 51 51 51 51 53 53 53 51 49 45 45 51 54 48 48 54 60 66 67 76 83 77 77 82 96 108 113 111 107 114 121 125 124 117 116 113 111 111 107 105 94 80 78 83 84 86 80 57 49 62 80 91 99 114 128 135 133 132 132 135 135 135 136 135 134 133 132 130 129 128 127 126 123 123 123 123 121 122 123 124 126 128 131 136 140 144 148 151 154 158 161 164 165 167 168 169 168 168 167 165 164 162 159 155 153 150 147 144 141 138 136 133 130 128 126 125 123 121 120 120 120 119 118 117 118 117 116 114 114 112 111 110 109 107 106 105 104 104 103 102 101 101 101 102 102 102 101 100 100 99 98 99 96 94 94 92 91 90 89 88 87 86 86 86 86 87 86 87 87 86 86 86 86 85 84 82 82 81 80 79 77 75 75 74 74 74 75 76 78 80 83 86 88 91 97 101 106 110 114 118 122 127 131 129 3 0 0 0 0 0 0 0 0 0 0 0 0 0 0 0 0 0 0 0 0 0 0 0 0 0 0 0 0 0 0 0 0 0 0 0 0 0 0 0 0 0 0 0 0 0 0 0 0 0 0 0 0 0 0 0 0 0 0 0 0 0 0 0 0 0 0 0 0 0 0 0 
0 0 0 0 0 0 0 0 0 0 0 0 0 0 0 0 0 0 0 0 0 0 0 0 0 0 0 0 0 0 0 0 0 0 0 0 0 0 0 0 0 0 0 0 0 0 0 0 0 0 0 0 0 0 0 0 0 0 0 0 0 0 0 0 0 0 0 0 0 0 0 0 0 0 0 0 0 0 0 0 0 0 0 0 0 0 0 0 0 0 0 0 0 0 0 0 0 0 0 0 0 0 0 0 0 0 0 0 0 0 0 0 0 0 0 0 0 0 0 0 0 0 0 0 0 0 0 0 0 0 0 0 0 0 0 0 0 0 0 0 0 0 0 0 0 0 0 0 0 0 0 0 0 39 105 146 142 132 132 131 130 128 127 127 126 125 123 123 124 125 126 125 126 126 128 124 123 121 121 122 123 123 119 116 118 117 116 114 114 111 108 106 103 105 107 102 96 94 92 92 90 88 89 90 91 100 99 99 105 106 108 109 115 123 122 115 110 106 108 104 106 103 107 108 113 113 114 110 104 100 87 98 97 107 109 127 127 135 135 138 137 131 124 115 91 34 15 17 23 31 41 48 50 48 47 40 38 40 42 45 47 50 52 53 53 53 55 53 48 42 42 45 47 46 60 71 66 57 64 77 88 88 90 102 109 107 113 117 124 127 126 119 116 125 128 132 125 115 114 116 115 111 104 102 90 86 87 88 89 77 56 57 69 82 90 99 109 119 129 133 133 134 135 133 135 134 134 133 132 131 130 128 126 125 124 123 122 122 121 120 121 122 124 126 128 131 136 139 143 147 151 154 157 161 163 166 168 169 170 170 169 168 167 166 164 160 158 156 154 151 148 145 142 140 137 135 133 132 131 129 127 126 125 125 125 124 124 123 122 121 120 118 117 116 114 113 111 109 107 106 106 105 103 102 102 102 102 102 102 100 99 100 100 100 98 95 95 94 92 91 90 90 89 87 86 87 88 88 87 87 88 90 89 88 90 89 89 89 87 86 84 84 83 79 77 76 75 75 74 75 75 78 79 81 82 85 88 93 96 99 104 108 112 116 120 132 63 0 0 0 0 0 0 0 0 0 0 0 0 0 0 0 0 0 0 0 0 0 0 0 0 0 0 0 0 0 0 0 0 0 0 0 0 0 0 0 0 0 0 0 0 0 0 0 0 0 0 0 0 0 0 0 0 0 0 0 0 0 0 0 0 0 0 0 0 0 0 0 0 
0 0 0 0 0 0 0 0 0 0 0 0 0 0 0 0 0 0 0 0 0 0 0 0 0 0 0 0 0 0 0 0 0 0 0 0 0 0 0 0 0 0 0 0 0 0 0 0 0 0 0 0 0 0 0 0 0 0 0 0 0 0 0 0 0 0 0 0 0 0 0 0 0 0 0 0 0 0 0 0 0 0 0 0 0 0 0 0 0 0 0 0 0 0 0 0 0 0 0 0 0 0 0 0 0 0 0 0 0 0 0 0 0 0 0 0 0 0 0 0 0 0 0 0 0 0 0 0 0 0 0 0 0 0 0 0 0 0 0 0 0 0 0 0 0 0 0 0 0 0 0 0 0 0 0 36 108 138 136 131 129 127 127 126 125 124 124 124 125 126 125 125 126 127 127 124 123 122 122 123 121 118 115 115 116 116 115 114 116 116 114 112 110 110 108 102 98 99 96 96 91 91 91 90 91 92 96 102 107 104 105 117 115 107 94 96 92 101 94 105 107 106 107 107 112 110 106 99 103 103 109 106 113 115 126 132 139 139 132 123 124 123 120 118 81 30 17 18 24 33 41 43 39 33 30 31 38 45 47 51 51 53 55 55 55 54 54 44 34 36 42 51 60 70 79 85 84 77 80 94 99 107 112 118 123 124 129 133 134 135 134 129 120 123 128 128 124 116 111 115 117 108 104 104 95 89 96 100 94 87 77 74 82 92 102 107 113 121 120 120 126 132 133 133 134 133 132 131 130 129 129 128 126 124 122 121 121 121 119 119 120 122 123 125 127 130 135 138 143 146 151 154 157 160 163 166 168 170 171 171 170 169 168 167 165 161 161 158 156 154 152 149 147 146 142 140 138 137 136 135 133 131 131 130 130 130 129 127 126 125 125 123 122 119 118 116 114 113 111 109 108 106 104 103 102 102 102 101 101 101 100 100 100 100 99 97 96 94 93 91 89 89 89 88 88 89 89 89 90 90 91 93 94 94 94 93 93 92 93 92 90 87 87 84 82 79 77 76 75 75 76 78 80 81 81 84 87 90 92 94 98 102 106 111 114 115 5 0 0 0 0 0 0 0 0 0 0 0 0 0 0 0 0 0 0 0 0 0 0 0 0 0 0 0 0 0 0 0 0 0 0 0 0 0 0 0 0 0 0 0 0 0 0 0 0 0 0 0 0 0 0 0 0 0 0 0 0 0 0 0 0 0 0 0 0 0 0 0 0 
0 0 0 0 0 0 0 0 0 0 0 0 0 0 0 0 0 0 0 0 0 0 0 0 0 0 0 0 0 0 0 0 0 0 0 0 0 0 0 0 0 0 0 0 0 0 0 0 0 0 0 0 0 0 0 0 0 0 0 0 0 0 0 0 0 0 0 0 0 0 0 0 0 0 0 0 0 0 0 0 0 0 0 0 0 0 0 0 0 0 0 0 0 0 0 0 0 0 0 0 0 0 0 0 0 0 0 0 0 0 0 0 0 0 0 0 0 0 0 0 0 0 0 0 0 0 0 0 0 0 0 0 0 0 0 0 0 0 0 0 0 0 0 0 0 0 0 0 0 0 0 0 0 0 0 0 0 31 103 136 133 128 127 125 125 125 124 124 127 127 125 125 126 129 126 124 124 123 123 122 118 117 115 116 116 115 116 119 122 122 119 115 112 110 107 104 104 101 100 100 97 96 94 90 91 93 98 97 96 97 103 108 99 91 96 103 110 113 110 107 109 112 110 111 106 93 97 103 106 109 114 117 108 112 122 114 119 119 114 109 115 118 118 110 61 27 15 17 22 31 36 33 22 19 22 36 42 46 50 52 54 55 57 55 58 47 36 38 41 46 57 56 66 80 90 92 97 103 103 110 114 118 124 129 136 136 133 138 145 144 138 131 125 120 127 120 117 116 109 108 108 104 104 111 111 102 100 102 99 95 94 91 98 103 110 115 119 123 125 121 118 120 124 129 131 131 131 130 129 128 127 125 123 122 121 120 119 119 118 118 120 121 122 124 127 130 134 137 141 144 150 153 157 160 163 166 167 169 171 172 171 171 170 168 167 165 164 161 159 157 155 153 152 149 147 145 144 142 141 140 140 137 136 135 135 134 133 131 131 129 128 127 125 123 121 119 117 116 114 112 110 107 106 104 103 102 102 102 101 102 102 100 99 98 98 98 97 95 93 92 91 91 90 89 90 91 91 92 93 94 94 95 97 98 98 97 97 98 98 97 95 93 93 90 87 84 82 79 78 76 78 79 81 81 82 83 85 86 88 91 94 97 100 105 115 58 0 0 0 0 0 0 0 0 0 0 0 0 0 0 0 0 0 0 0 0 0 0 0 0 0 0 0 0 0 0 0 0 0 0 0 0 0 0 0 0 0 0 0 0 0 0 0 0 0 0 0 0 0 0 0 0 0 0 0 0 0 0 0 0 0 0 0 0 0 0 0 0 0 
0 0 0 0 0 0 0 0 0 0 0 0 0 0 0 0 0 0 0 0 0 0 0 0 0 0 0 0 0 0 0 0 0 0 0 0 0 0 0 0 0 0 0 0 0 0 0 0 0 0 0 0 0 0 0 0 0 0 0 0 0 0 0 0 0 0 0 0 0 0 0 0 0 0 0 0 0 0 0 0 0 0 0 0 0 0 0 0 0 0 0 0 0 0 0 0 0 0 0 0 0 0 0 0 0 0 0 0 0 0 0 0 0 0 0 0 0 0 0 0 0 0 0 0 0 0 0 0 0 0 0 0 0 0 0 0 0 0 0 0 0 0 0 0 0 0 0 0 0 0 0 0 0 0 0 0 0 0 0 29 95 134 132 125 125 124 124 125 128 128 127 126 129 129 125 124 124 124 123 119 119 118 117 118 118 119 122 122 121 119 115 113 112 112 110 110 108 105 105 104 98 99 97 94 94 95 97 92 91 97 105 100 97 102 105 107 105 96 101 106 111 113 110 105 100 100 107 106 109 118 111 109 113 115 111 97 99 110 114 119 119 118 104 75 53 34 16 15 18 19 19 20 18 20 26 40 47 52 53 54 54 53 53 51 45 29 32 50 68 73 85 79 80 98 103 109 109 112 116 122 128 128 132 136 140 145 147 145 146 146 141 136 130 121 122 119 114 116 105 100 98 104 109 112 116 107 101 101 104 103 101 101 105 111 118 121 124 125 123 125 126 124 119 118 122 126 128 128 127 127 126 124 121 120 118 119 119 118 117 118 119 120 121 124 126 129 132 136 140 144 146 151 155 158 162 164 167 170 172 172 173 173 173 171 170 168 166 164 161 160 159 157 155 154 152 150 149 148 147 146 145 144 143 141 140 139 138 137 136 135 132 130 128 127 126 123 120 119 116 115 112 108 107 106 104 103 102 102 101 100 101 101 99 97 98 98 97 96 94 93 93 93 92 92 94 93 95 96 96 98 99 99 100 102 102 102 102 102 102 101 101 100 98 96 93 91 88 85 82 80 80 81 82 81 83 83 84 86 88 89 91 94 95 99 100 6 0 0 0 0 0 0 0 0 0 0 0 0 0 0 0 0 0 0 0 0 0 0 0 0 0 0 0 0 0 0 0 0 0 0 0 0 0 0 0 0 0 0 0 0 0 0 0 0 0 0 0 0 0 0 0 0 0 0 0 0 0 0 0 0 0 0 0 0 0 0 0 0 0 
0 0 0 0 0 0 0 0 0 0 0 0 0 0 0 0 0 0 0 0 0 0 0 0 0 0 0 0 0 0 0 0 0 0 0 0 0 0 0 0 0 0 0 0 0 0 0 0 0 0 0 0 0 0 0 0 0 0 0 0 0 0 0 0 0 0 0 0 0 0 0 0 0 0 0 0 0 0 0 0 0 0 0 0 0 0 0 0 0 0 0 0 0 0 0 0 0 0 0 0 0 0 0 0 0 0 0 0 0 0 0 0 0 0 0 0 0 0 0 0 0 0 0 0 0 0 0 0 0 0 0 0 0 0 0 0 0 0 0 0 0 0 0 0 0 0 0 0 0 0 0 0 0 0 0 0 0 0 0 0 0 26 90 131 130 125 125 127 128 129 129 128 131 129 125 123 124 123 122 121 120 119 118 119 121 119 119 118 116 115 113 115 114 114 114 112 108 106 104 103 99 102 99 99 99 95 89 88 97 104 100 100 99 100 95 91 91 90 92 96 100 102 100 104 108 110 118 118 111 104 106 115 116 109 101 99 106 110 113 123 125 110 92 63 52 38 19 11 10 8 9 20 25 23 24 36 45 49 48 48 43 43 44 35 26 33 55 67 83 96 100 101 103 112 116 119 122 126 127 129 136 140 141 144 143 148 151 148 145 142 137 130 128 127 122 116 109 103 90 84 84 98 108 106 110 109 107 103 99 102 104 102 105 111 120 126 129 129 129 128 131 129 129 124 119 116 119 122 124 123 123 123 121 120 119 118 118 117 116 118 119 119 120 123 125 128 130 133 138 142 146 150 154 157 161 164 167 169 171 173 173 174 174 172 171 170 169 167 165 164 163 161 159 158 156 155 153 153 152 151 149 149 147 147 147 145 144 142 141 139 137 135 133 131 130 128 124 122 119 116 114 110 110 107 105 104 103 103 100 99 100 100 98 98 98 97 96 97 96 96 96 96 96 97 98 99 99 101 102 103 105 106 107 108 108 108 108 107 107 106 107 104 103 101 98 96 93 90 87 84 82 82 82 84 85 85 85 87 88 89 91 91 93 99 52 0 0 0 0 0 0 0 0 0 0 0 0 0 0 0 0 0 0 0 0 0 0 0 0 0 0 0 0 0 0 0 0 0 0 0 0 0 0 0 0 0 0 0 0 0 0 0 0 0 0 0 0 0 0 0 0 0 0 0 0 0 0 0 0 0 0 0 0 0 0 0 0 0 0 
0 0 0 0 0 0 0 0 0 0 0 0 0 0 0 0 0 0 0 0 0 0 0 0 0 0 0 0 0 0 0 0 0 0 0 0 0 0 0 0 0 0 0 0 0 0 0 0 0 0 0 0 0 0 0 0 0 0 0 0 0 0 0 0 0 0 0 0 0 0 0 0 0 0 0 0 0 0 0 0 0 0 0 0 0 0 0 0 0 0 0 0 0 0 0 0 0 0 0 0 0 0 0 0 0 0 0 0 0 0 0 0 0 0 0 0 0 0 0 0 0 0 0 0 0 0 0 0 0 0 0 0 0 0 0 0 0 0 0 0 0 0 0 0 0 0 0 0 0 0 0 0 0 0 0 0 0 0 0 0 0 0 0 21 87 130 132 128 129 128 129 128 129 128 124 124 125 123 123 122 120 120 119 118 119 116 117 116 115 115 114 114 114 114 113 109 106 103 101 101 104 103 101 100 95 91 89 91 102 92 88 89 88 84 86 86 84 88 88 94 98 99 103 105 103 102 104 108 106 100 103 105 109 109 108 102 111 107 111 104 102 100 86 63 54 32 20 10 9 10 12 18 23 23 26 30 33 33 32 27 28 29 33 32 40 56 86 101 104 112 112 116 122 123 128 128 129 135 138 137 140 145 145 148 149 145 146 147 148 141 135 129 118 112 121 114 96 88 77 73 80 92 103 103 102 103 98 89 93 99 102 101 103 110 118 127 130 131 130 129 131 131 130 128 127 122 115 113 116 117 118 120 120 119 117 117 117 118 117 118 119 119 120 122 123 126 129 132 136 139 143 148 153 155 159 163 166 169 171 173 173 174 174 174 172 172 171 170 168 167 167 165 163 161 161 160 157 157 156 155 154 153 151 151 151 150 149 147 145 143 142 139 137 135 134 130 128 125 121 118 116 113 111 109 106 104 104 102 101 101 101 99 98 97 98 98 97 98 98 99 100 100 101 102 102 103 105 107 109 109 109 112 112 112 112 114 113 112 112 112 111 109 108 105 103 100 98 95 92 89 86 84 84 85 86 86 86 88 88 89 90 90 91 91 6 0 0 0 0 0 0 0 0 0 0 0 0 0 0 0 0 0 0 0 0 0 0 0 0 0 0 0 0 0 0 0 0 0 0 0 0 0 0 0 0 0 0 0 0 0 0 0 0 0 0 0 0 0 0 0 0 0 0 0 0 0 0 0 0 0 0 0 0 0 0 0 0 0 0 
0 0 0 0 0 0 0 0 0 0 0 0 0 0 0 0 0 0 0 0 0 0 0 0 0 0 0 0 0 0 0 0 0 0 0 0 0 0 0 0 0 0 0 0 0 0 0 0 0 0 0 0 0 0 0 0 0 0 0 0 0 0 0 0 0 0 0 0 0 0 0 0 0 0 0 0 0 0 0 0 0 0 0 0 0 0 0 0 0 0 0 0 0 0 0 0 0 0 0 0 0 0 0 0 0 0 0 0 0 0 0 0 0 0 0 0 0 0 0 0 0 0 0 0 0 0 0 0 0 0 0 0 0 0 0 0 0 0 0 0 0 0 0 0 0 0 0 0 0 0 0 0 0 0 0 0 0 0 0 0 0 0 0 0 0 18 86 131 135 129 129 128 129 127 126 125 125 123 123 122 120 121 119 118 117 116 116 116 114 117 117 115 115 112 109 105 103 102 103 105 107 101 100 95 92 90 91 96 97 83 85 83 86 83 83 83 84 87 89 93 96 99 94 100 100 101 108 112 108 102 102 110 108 107 96 96 112 111 93 79 98 99 71 66 57 28 15 12 11 12 14 13 15 18 18 18 18 18 18 19 26 35 49 66 77 91 109 120 120 123 128 124 128 130 130 130 132 139 144 146 144 146 146 148 150 147 145 142 142 141 131 122 116 105 111 110 85 63 63 68 81 95 97 96 90 89 84 78 85 92 97 96 100 106 116 124 127 128 128 130 130 130 130 129 127 125 123 119 112 108 112 113 115 116 116 116 116 118 118 118 117 118 120 120 120 123 126 129 133 137 141 146 149 154 158 161 164 167 170 173 174 174 175 175 175 174 173 172 170 170 170 168 166 165 165 164 161 161 160 159 159 157 156 155 155 154 153 151 150 147 146 143 140 138 136 133 130 127 123 121 118 115 112 111 107 105 104 103 101 101 101 100 99 99 98 99 98 100 102 103 103 104 105 106 107 108 109 113 115 116 115 116 117 117 118 119 118 118 117 117 115 114 112 110 107 104 102 99 96 93 89 87 87 87 86 86 88 89 89 90 89 90 96 52 0 0 0 0 0 0 0 0 0 0 0 0 0 0 0 0 0 0 0 0 0 0 0 0 0 0 0 0 0 0 0 0 0 0 0 0 0 0 0 0 0 0 0 0 0 0 0 0 0 0 0 0 0 0 0 0 0 0 0 0 0 0 0 0 0 0 0 0 0 0 0 0 0 0 0 
0 0 0 0 0 0 0 0 0 0 0 0 0 0 0 0 0 0 0 0 0 0 0 0 0 0 0 0 0 0 0 0 0 0 0 0 0 0 0 0 0 0 0 0 0 0 0 0 0 0 0 0 0 0 0 0 0 0 0 0 0 0 0 0 0 0 0 0 0 0 0 0 0 0 0 0 0 0 0 0 0 0 0 0 0 0 0 0 0 0 0 0 0 0 0 0 0 0 0 0 0 0 0 0 0 0 0 0 0 0 0 0 0 0 0 0 0 0 0 0 0 0 0 0 0 0 0 0 0 0 0 0 0 0 0 0 0 0 0 0 0 0 0 0 0 0 0 0 0 0 0 0 0 0 0 0 0 0 0 0 0 0 0 0 0 0 0 17 83 132 137 129 129 128 128 126 125 123 124 122 120 120 118 116 116 116 115 117 116 118 117 114 113 109 105 104 105 109 109 110 108 102 98 97 99 98 100 98 92 87 87 87 87 85 87 88 89 83 86 87 85 91 97 106 103 107 107 104 109 107 100 96 91 92 91 100 102 91 85 87 94 83 67 61 51 27 14 15 15 13 16 18 19 16 17 21 23 30 41 53 61 73 84 99 108 119 120 123 130 129 133 133 131 134 135 134 133 139 141 140 143 144 144 144 148 148 143 139 137 141 137 123 120 111 103 98 84 69 67 71 85 100 96 91 84 70 63 66 84 98 102 103 103 112 120 123 127 129 132 131 130 130 129 129 127 124 123 120 117 114 110 109 110 111 114 116 116 116 117 118 117 118 119 118 119 121 123 127 130 134 139 144 148 152 155 159 163 166 169 172 174 175 176 177 177 176 175 174 173 172 172 170 170 169 168 166 165 165 165 164 163 162 161 161 159 158 156 155 153 151 149 147 144 141 138 136 132 129 126 123 120 117 114 112 109 108 105 103 101 100 101 100 99 99 100 101 102 103 105 106 105 107 110 111 113 114 115 118 120 121 121 124 124 123 125 124 124 123 122 121 120 118 116 113 112 109 106 103 100 97 95 93 91 90 89 88 90 90 90 90 89 89 90 8 0 0 0 0 0 0 0 0 0 0 0 0 0 0 0 0 0 0 0 0 0 0 0 0 0 0 0 0 0 0 0 0 0 0 0 0 0 0 0 0 0 0 0 0 0 0 0 0 0 0 0 0 0 0 0 0 0 0 0 0 0 0 0 0 0 0 0 0 0 0 0 0 0 0 0 
0 0 0 0 0 0 0 0 0 0 0 0 0 0 0 0 0 0 0 0 0 0 0 0 0 0 0 0 0 0 0 0 0 0 0 0 0 0 0 0 0 0 0 0 0 0 0 0 0 0 0 0 0 0 0 0 0 0 0 0 0 0 0 0 0 0 0 0 0 0 0 0 0 0 0 0 0 0 0 0 0 0 0 0 0 0 0 0 0 0 0 0 0 0 0 0 0 0 0 0 0 0 0 0 0 0 0 0 0 0 0 0 0 0 0 0 0 0 0 0 0 0 0 0 0 0 0 0 0 0 0 0 0 0 0 0 0 0 0 0 0 0 0 0 0 0 0 0 0 0 0 0 0 0 0 0 0 0 0 0 0 0 0 0 0 0 0 0 0 15 79 132 136 131 127 125 125 124 124 122 121 119 118 117 116 118 117 118 117 114 113 110 109 109 110 111 115 115 112 110 105 101 99 100 102 104 104 100 95 93 92 91 90 88 86 89 88 83 81 77 81 100 104 105 106 107 104 99 108 106 102 96 93 92 96 97 91 92 95 87 80 61 59 55 43 31 25 22 24 26 25 29 35 29 35 54 64 68 87 103 102 103 109 118 117 123 130 128 137 135 135 136 134 135 138 141 137 136 147 144 141 145 142 137 140 148 142 136 135 136 133 124 115 114 104 86 79 79 87 88 92 98 98 91 79 66 64 65 76 95 111 111 112 120 127 129 131 134 138 135 131 130 129 127 125 123 122 120 116 115 115 113 112 113 113 113 115 116 117 118 117 117 117 116 117 119 121 125 127 132 137 141 145 149 153 157 162 165 169 172 174 175 177 178 177 177 177 176 176 175 174 173 172 172 171 170 168 168 168 167 167 166 165 164 163 162 160 159 156 154 152 150 147 144 141 138 135 132 128 124 121 119 116 113 111 108 105 104 103 100 100 100 101 101 101 103 105 104 107 109 110 112 115 116 118 119 120 123 126 127 128 130 131 130 130 130 131 129 128 127 124 122 119 118 116 113 111 108 105 103 100 97 96 93 91 91 92 91 89 90 90 94 54 0 0 0 0 0 0 0 0 0 0 0 0 0 0 0 0 0 0 0 0 0 0 0 0 0 0 0 0 0 0 0 0 0 0 0 0 0 0 0 0 0 0 0 0 0 0 0 0 0 0 0 0 0 0 0 0 0 0 0 0 0 0 0 0 0 0 0 0 0 0 0 0 0 0 0 0 
0 0 0 0 0 0 0 0 0 0 0 0 0 0 0 0 0 0 0 0 0 0 0 0 0 0 0 0 0 0 0 0 0 0 0 0 0 0 0 0 0 0 0 0 0 0 0 0 0 0 0 0 0 0 0 0 0 0 0 0 0 0 0 0 0 0 0 0 0 0 0 0 0 0 0 0 0 0 0 0 0 0 0 0 0 0 0 0 0 0 0 0 0 0 0 0 0 0 0 0 0 0 0 0 0 0 0 0 0 0 0 0 0 0 0 0 0 0 0 0 0 0 0 0 0 0 0 0 0 0 0 0 0 0 0 0 0 0 0 0 0 0 0 0 0 0 0 0 0 0 0 0 0 0 0 0 0 0 0 0 0 0 0 0 0 0 0 0 0 0 0 12 76 131 134 127 125 124 124 122 121 120 119 119 119 118 116 114 113 112 111 109 111 113 116 115 114 111 110 107 104 105 103 102 101 103 99 98 99 97 94 94 94 90 86 91 86 79 77 84 96 104 97 98 100 106 102 104 105 100 93 93 93 95 97 99 99 91 86 80 71 56 52 47 36 29 29 28 37 42 40 45 55 55 64 87 96 97 109 118 116 116 122 126 127 126 131 134 137 140 138 136 138 139 140 143 141 135 137 145 145 145 142 138 132 137 141 136 132 128 125 127 126 116 108 88 84 94 98 96 95 94 99 94 84 84 88 93 95 89 95 105 111 122 130 133 136 140 143 140 136 132 130 127 125 122 120 119 116 115 115 115 115 116 114 114 115 117 117 118 117 116 115 115 116 117 119 122 125 129 133 137 141 146 151 154 158 163 166 170 173 174 177 178 178 177 178 178 178 177 176 175 175 175 173 172 172 172 171 170 170 169 169 167 167 165 163 161 160 157 155 153 149 146 144 141 137 135 132 128 123 122 118 114 111 108 106 105 104 102 100 101 100 102 103 105 107 110 111 113 115 118 120 122 124 125 127 129 131 132 134 136 135 135 136 136 135 134 133 132 130 127 125 123 121 119 116 113 111 108 105 102 100 99 96 94 92 92 91 91 90 91 9 0 0 0 0 0 0 0 0 0 0 0 0 0 0 0 0 0 0 0 0 0 0 0 0 0 0 0 0 0 0 0 0 0 0 0 0 0 0 0 0 0 0 0 0 0 0 0 0 0 0 0 0 0 0 0 0 0 0 0 0 0 0 0 0 0 0 0 0 0 0 0 0 0 0 0 0 
0 0 0 0 0 0 0 0 0 0 0 0 0 0 0 0 0 0 0 0 0 0 0 0 0 0 0 0 0 0 0 0 0 0 0 0 0 0 0 0 0 0 0 0 0 0 0 0 0 0 0 0 0 0 0 0 0 0 0 0 0 0 0 0 0 0 0 0 0 0 0 0 0 0 0 0 0 0 0 0 0 0 0 0 0 0 0 0 0 0 0 0 0 0 0 0 0 0 0 0 0 0 0 0 0 0 0 0 0 0 0 0 0 0 0 0 0 0 0 0 0 0 0 0 0 0 0 0 0 0 0 0 0 0 0 0 0 0 0 0 0 0 0 0 0 0 0 0 0 0 0 0 0 0 0 0 0 0 0 0 0 0 0 0 0 0 0 0 0 0 0 0 0 9 72 125 133 126 124 124 123 122 122 121 119 117 116 114 114 113 114 115 115 113 113 112 112 110 111 111 108 107 107 102 103 106 101 102 101 98 98 95 91 90 93 92 88 80 80 90 96 91 89 92 95 100 98 103 98 90 83 92 97 94 97 102 96 76 75 75 64 57 46 42 37 31 35 43 51 56 56 51 67 83 89 107 111 116 119 123 119 122 127 128 129 125 124 131 135 138 136 134 139 143 140 140 143 138 135 141 143 144 142 141 138 133 138 135 130 124 120 121 125 123 115 105 105 109 106 102 103 102 103 101 97 102 107 112 113 101 91 95 105 119 132 136 138 143 146 146 143 138 132 128 124 122 120 118 116 115 115 115 116 116 115 115 116 116 116 117 117 116 115 113 113 114 116 118 121 125 129 133 137 142 147 152 155 161 165 168 171 174 176 178 179 179 179 180 179 179 178 177 176 176 175 174 175 175 174 174 173 172 171 170 170 169 166 164 162 161 158 155 153 150 148 143 139 135 133 129 126 122 118 115 113 110 107 106 105 104 103 102 103 105 105 108 110 114 114 117 120 123 126 127 129 130 133 133 135 137 138 140 141 142 142 141 140 140 138 135 133 132 130 128 126 124 122 119 116 112 110 108 105 103 101 98 94 94 93 91 95 57 0 0 0 0 0 0 0 0 0 0 0 0 0 0 0 0 0 0 0 0 0 0 0 0 0 0 0 0 0 0 0 0 0 0 0 0 0 0 0 0 0 0 0 0 0 0 0 0 0 0 0 0 0 0 0 0 0 0 0 0 0 0 0 0 0 0 0 0 0 0 0 0 0 0 0 0 0 
0 0 0 0 0 0 0 0 0 0 0 0 0 0 0 0 0 0 0 0 0 0 0 0 0 0 0 0 0 0 0 0 0 0 0 0 0 0 0 0 0 0 0 0 0 0 0 0 0 0 0 0 0 0 0 0 0 0 0 0 0 0 0 0 0 0 0 0 0 0 0 0 0 0 0 0 0 0 0 0 0 0 0 0 0 0 0 0 0 0 0 0 0 0 0 0 0 0 0 0 0 0 0 0 0 0 0 0 0 0 0 0 0 0 0 0 0 0 0 0 0 0 0 0 0 0 0 0 0 0 0 0 0 0 0 0 0 0 0 0 0 0 0 0 0 0 0 0 0 0 0 0 0 0 0 0 0 0 0 0 0 0 0 0 0 0 0 0 0 0 0 0 0 0 0 7 68 123 133 126 125 125 124 119 118 116 116 115 114 115 116 115 113 111 112 113 114 114 116 115 112 110 108 107 109 107 106 105 103 100 97 93 93 97 95 90 89 86 91 92 86 79 83 86 93 95 95 91 86 81 82 95 94 86 102 97 79 73 71 65 58 52 47 40 39 47 55 66 74 72 70 67 77 99 94 113 117 122 123 120 123 123 126 130 132 130 129 130 136 138 133 132 134 141 138 135 141 141 136 137 135 138 139 139 140 135 132 132 130 127 124 124 125 124 119 116 119 120 117 112 111 108 104 102 105 111 118 124 125 121 110 99 101 115 130 136 135 137 141 143 145 145 138 133 128 123 119 118 117 115 116 117 117 117 118 117 116 116 116 115 115 117 116 114 112 112 112 114 118 121 124 128 132 137 144 150 153 158 162 165 170 173 175 178 179 180 180 180 180 180 179 179 178 178 177 177 178 177 176 176 176 176 174 173 173 172 169 167 165 164 161 158 156 153 150 145 142 138 134 130 128 123 119 115 114 112 109 107 106 106 106 105 107 108 109 112 115 118 118 122 124 127 130 131 133 136 138 138 141 143 144 145 145 147 147 146 145 144 142 139 138 136 134 132 130 127 126 123 121 118 116 114 112 109 107 103 100 96 94 93 94 10 0 0 0 0 0 0 0 0 0 0 0 0 0 0 0 0 0 0 0 0 0 0 0 0 0 0 0 0 0 0 0 0 0 0 0 0 0 0 0 0 0 0 0 0 0 0 0 0 0 0 0 0 0 0 0 0 0 0 0 0 0 0 0 0 0 0 0 0 0 0 0 0 0 0 0 0 0 
0 0 0 0 0 0 0 0 0 0 0 0 0 0 0 0 0 0 0 0 0 0 0 0 0 0 0 0 0 0 0 0 0 0 0 0 0 0 0 0 0 0 0 0 0 0 0 0 0 0 0 0 0 0 0 0 0 0 0 0 0 0 0 0 0 0 0 0 0 0 0 0 0 0 0 0 0 0 0 0 0 0 0 0 0 0 0 0 0 0 0 0 0 0 0 0 0 0 0 0 0 0 0 0 0 0 0 0 0 0 0 0 0 0 0 0 0 0 0 0 0 0 0 0 0 0 0 0 0 0 0 0 0 0 0 0 0 0 0 0 0 0 0 0 0 0 0 0 0 0 0 0 0 0 0 0 0 0 0 0 0 0 0 0 0 0 0 0 0 0 0 0 0 0 0 0 0 5 63 121 134 125 121 118 117 118 116 116 115 117 115 113 112 113 115 115 114 116 113 113 113 112 113 115 113 106 107 106 105 101 99 97 97 97 94 92 90 87 95 90 84 82 83 87 91 88 88 82 83 77 86 92 87 85 94 80 68 77 69 61 55 50 51 47 48 57 64 77 88 78 89 90 98 106 88 114 125 121 125 122 123 123 125 130 130 133 132 133 138 140 138 136 134 139 138 122 128 140 135 135 135 133 135 135 135 135 125 124 125 126 123 120 122 121 119 119 122 126 125 125 122 116 111 108 112 123 129 129 127 123 119 120 119 113 114 125 133 134 133 135 140 143 143 141 135 129 123 119 117 116 117 118 118 117 118 118 116 115 116 116 114 111 112 114 113 112 112 112 113 116 120 124 129 134 139 146 149 154 159 162 167 171 174 177 179 180 180 181 181 181 180 180 180 180 179 179 180 178 178 178 178 177 176 175 174 173 173 170 168 167 164 161 158 154 151 147 143 140 136 133 129 124 121 118 115 113 110 108 107 107 108 108 110 111 113 116 119 121 124 127 129 131 133 136 138 142 142 145 146 148 149 149 150 151 151 150 149 148 146 143 142 139 138 135 133 131 129 127 126 123 121 119 117 115 113 109 105 100 98 99 60 0 0 0 0 0 0 0 0 0 0 0 0 0 0 0 0 0 0 0 0 0 0 0 0 0 0 0 0 0 0 0 0 0 0 0 0 0 0 0 0 0 0 0 0 0 0 0 0 0 0 0 0 0 0 0 0 0 0 0 0 0 0 0 0 0 0 0 0 0 0 0 0 0 0 0 0 0 0 
0 0 0 0 0 0 0 0 0 0 0 0 0 0 0 0 0 0 0 0 0 0 0 0 0 0 0 0 0 0 0 0 0 0 0 0 0 0 0 0 0 0 0 0 0 0 0 0 0 0 0 0 0 0 0 0 0 0 0 0 0 0 0 0 0 0 0 0 0 0 0 0 0 0 0 0 0 0 0 0 0 0 0 0 0 0 0 0 0 0 0 0 0 0 0 0 0 0 0 0 0 0 0 0 0 0 0 0 0 0 0 0 0 0 0 0 0 0 0 0 0 0 0 0 0 0 0 0 0 0 0 0 0 0 0 0 0 0 0 0 0 0 0 0 0 0 0 0 0 0 0 0 0 0 0 0 0 0 0 0 0 0 0 0 0 0 0 0 0 0 0 0 0 0 0 0 0 0 0 4 60 115 130 123 120 119 117 118 119 116 114 115 117 115 116 117 115 113 112 114 117 115 118 114 109 108 108 109 108 106 102 98 101 99 99 95 92 92 95 88 82 86 84 85 83 87 84 81 84 80 84 88 83 82 77 72 73 76 68 61 60 56 56 59 62 68 71 79 89 89 105 106 109 105 89 110 121 117 127 122 124 126 126 130 134 131 130 136 137 140 136 137 136 139 142 132 121 126 131 134 136 136 135 132 132 131 122 115 115 115 115 117 122 122 122 124 126 129 131 133 131 120 114 113 117 130 138 135 130 129 126 130 132 131 126 116 115 124 131 131 131 134 140 143 142 138 131 125 121 119 118 118 118 118 118 119 119 117 116 115 113 111 109 108 108 108 108 110 113 115 117 121 126 130 136 141 146 151 156 161 165 169 172 175 177 180 180 181 181 182 180 181 181 181 181 181 181 179 179 180 180 178 178 177 176 174 174 172 171 168 165 162 159 156 152 149 146 142 137 134 131 128 123 120 118 115 112 109 109 109 110 111 112 114 117 120 122 125 128 131 134 135 138 141 143 145 147 149 151 152 152 153 154 155 155 153 152 150 149 147 145 143 141 139 138 135 133 131 129 127 125 124 121 119 117 114 109 104 101 102 14 0 0 0 0 0 0 0 0 0 0 0 0 0 0 0 0 0 0 0 0 0 0 0 0 0 0 0 0 0 0 0 0 0 0 0 0 0 0 0 0 0 0 0 0 0 0 0 0 0 0 0 0 0 0 0 0 0 0 0 0 0 0 0 0 0 0 0 0 0 0 0 0 0 0 0 0 0 0 
0 0 0 0 0 0 0 0 0 0 0 0 0 0 0 0 0 0 0 0 0 0 0 0 0 0 0 0 0 0 0 0 0 0 0 0 0 0 0 0 0 0 0 0 0 0 0 0 0 0 0 0 0 0 0 0 0 0 0 0 0 0 0 0 0 0 0 0 0 0 0 0 0 0 0 0 0 0 0 0 0 0 0 0 0 0 0 0 0 0 0 0 0 0 0 0 0 0 0 0 0 0 0 0 0 0 0 0 0 0 0 0 0 0 0 0 0 0 0 0 0 0 0 0 0 0 0 0 0 0 0 0 0 0 0 0 0 0 0 0 0 0 0 0 0 0 0 0 0 0 0 0 0 0 0 0 0 0 0 0 0 0 0 0 0 0 0 0 0 0 0 0 0 0 0 0 0 0 0 0 0 2 56 117 131 123 121 122 121 117 117 119 119 118 118 118 117 114 116 117 119 116 112 110 112 111 108 110 107 106 102 102 104 102 101 99 96 100 95 93 88 87 86 86 88 92 83 87 83 76 81 82 77 74 76 74 72 74 67 66 67 65 65 67 71 79 74 82 88 101 109 108 103 104 94 108 117 112 119 125 125 122 126 125 134 137 130 134 135 139 135 132 134 137 144 139 126 121 126 134 134 134 131 125 121 120 111 104 105 104 102 105 116 122 122 122 123 127 131 135 132 121 115 117 120 130 140 139 137 137 136 139 141 140 134 129 122 116 119 125 128 128 130 133 140 142 139 135 129 124 121 119 119 120 121 120 119 118 116 115 113 110 108 105 103 101 101 102 105 110 115 119 124 128 131 137 144 148 153 158 163 168 171 173 176 178 180 181 182 182 182 182 181 182 182 181 180 180 180 181 180 179 178 177 177 175 174 172 171 170 167 164 161 158 154 150 147 144 140 136 131 130 127 123 121 116 114 112 111 112 113 114 115 118 121 124 127 129 132 135 138 140 142 146 147 148 151 152 154 155 156 156 157 157 157 157 156 155 152 151 149 148 146 143 142 139 137 135 134 131 130 128 127 124 122 119 114 109 111 69 0 0 0 0 0 0 0 0 0 0 0 0 0 0 0 0 0 0 0 0 0 0 0 0 0 0 0 0 0 0 0 0 0 0 0 0 0 0 0 0 0 0 0 0 0 0 0 0 0 0 0 0 0 0 0 0 0 0 0 0 0 0 0 0 0 0 0 0 0 0 0 0 0 0 0 0 0 0 0 
0 0 0 0 0 0 0 0 0 0 0 0 0 0 0 0 0 0 0 0 0 0 0 0 0 0 0 0 0 0 0 0 0 0 0 0 0 0 0 0 0 0 0 0 0 0 0 0 0 0 0 0 0 0 0 0 0 0 0 0 0 0 0 0 0 0 0 0 0 0 0 0 0 0 0 0 0 0 0 0 0 0 0 0 0 0 0 0 0 0 0 0 0 0 0 0 0 0 0 0 0 0 0 0 0 0 0 0 0 0 0 0 0 0 0 0 0 0 0 0 0 0 0 0 0 0 0 0 0 0 0 0 0 0 0 0 0 0 0 0 0 0 0 0 0 0 0 0 0 0 0 0 0 0 0 0 0 0 0 0 0 0 0 0 0 0 0 0 0 0 0 0 0 0 0 0 0 0 0 0 0 0 0 1 51 113 133 126 122 119 121 119 119 119 116 117 117 116 119 120 118 112 111 118 116 112 109 109 105 105 102 101 103 103 104 104 101 101 98 97 90 90 92 91 93 91 86 88 82 74 84 77 72 78 76 73 72 76 74 73 78 75 74 75 85 82 81 94 86 102 112 106 102 105 106 110 116 105 110 119 125 116 121 121 132 135 126 130 132 136 137 129 128 131 140 141 138 132 121 124 130 128 121 114 106 104 97 93 94 91 92 94 103 115 117 113 114 123 130 127 126 126 124 126 128 132 139 142 141 141 144 146 148 144 139 135 129 121 117 120 124 126 125 127 130 134 140 143 138 133 128 125 123 121 121 121 119 119 117 115 112 110 107 103 100 97 96 95 96 99 104 112 118 123 130 135 141 145 151 157 161 165 168 172 175 177 179 181 182 182 182 182 182 182 182 182 181 181 182 181 180 179 178 178 178 176 176 173 170 171 168 166 162 158 155 151 148 145 143 138 135 131 127 125 122 118 117 115 115 115 116 117 119 123 126 128 131 133 137 140 142 145 147 149 150 153 155 156 157 157 158 159 160 160 159 160 159 158 157 155 153 152 149 147 146 144 141 139 137 136 135 133 131 129 126 124 118 113 113 18 0 0 0 0 0 0 0 0 0 0 0 0 0 0 0 0 0 0 0 0 0 0 0 0 0 0 0 0 0 0 0 0 0 0 0 0 0 0 0 0 0 0 0 0 0 0 0 0 0 0 0 0 0 0 0 0 0 0 0 0 0 0 0 0 0 0 0 0 0 0 0 0 0 0 0 0 0 0 0 
0 0 0 0 0 0 0 0 0 0 0 0 0 0 0 0 0 0 0 0 0 0 0 0 0 0 0 0 0 0 0 0 0 0 0 0 0 0 0 0 0 0 0 0 0 0 0 0 0 0 0 0 0 0 0 0 0 0 0 0 0 0 0 0 0 0 0 0 0 0 0 0 0 0 0 0 0 0 0 0 0 0 0 0 0 0 0 0 0 0 0 0 0 0 0 0 0 0 0 0 0 0 0 0 0 0 0 0 0 0 0 0 0 0 0 0 0 0 0 0 0 0 0 0 0 0 0 0 0 0 0 0 0 0 0 0 0 0 0 0 0 0 0 0 0 0 0 0 0 0 0 0 0 0 0 0 0 0 0 0 0 0 0 0 0 0 0 0 0 0 0 0 0 0 0 0 0 0 0 0 0 0 0 0 0 0 50 109 129 124 120 117 115 116 115 116 114 118 121 118 115 115 120 122 118 115 112 109 105 104 103 102 104 103 105 102 103 101 97 94 95 96 95 92 92 89 87 88 81 82 86 78 73 80 74 74 72 79 79 81 82 79 81 82 91 73 98 99 86 103 114 108 104 106 110 118 117 105 108 111 118 118 118 118 126 134 123 128 129 130 136 131 129 126 125 134 137 134 124 120 124 120 114 107 95 94 88 83 87 80 79 86 91 100 103 101 102 113 123 123 125 128 128 133 137 139 141 144 145 146 148 149 150 147 141 136 132 131 128 122 121 125 125 125 125 127 132 137 141 142 138 132 129 125 123 121 120 119 117 114 111 109 106 102 98 94 92 91 92 96 99 101 107 115 120 128 138 144 149 154 158 162 166 171 173 175 178 180 181 182 182 182 181 182 182 181 182 181 181 181 180 179 179 178 177 176 175 173 172 171 168 166 163 161 157 153 151 148 145 140 137 134 130 127 123 121 119 119 118 118 120 121 123 126 129 132 135 138 141 143 146 148 151 153 154 157 158 159 160 160 160 160 162 162 163 162 161 161 159 159 157 155 154 152 150 148 146 143 141 140 139 138 135 133 130 127 124 124 82 0 0 0 0 0 0 0 0 0 0 0 0 0 0 0 0 0 0 0 0 0 0 0 0 0 0 0 0 0 0 0 0 0 0 0 0 0 0 0 0 0 0 0 0 0 0 0 0 0 0 0 0 0 0 0 0 0 0 0 0 0 0 0 0 0 0 0 0 0 0 0 0 0 0 0 0 0 0 0 0 
0 0 0 0 0 0 0 0 0 0 0 0 0 0 0 0 0 0 0 0 0 0 0 0 0 0 0 0 0 0 0 0 0 0 0 0 0 0 0 0 0 0 0 0 0 0 0 0 0 0 0 0 0 0 0 0 0 0 0 0 0 0 0 0 0 0 0 0 0 0 0 0 0 0 0 0 0 0 0 0 0 0 0 0 0 0 0 0 0 0 0 0 0 0 0 0 0 0 0 0 0 0 0 0 0 0 0 0 0 0 0 0 0 0 0 0 0 0 0 0 0 0 0 0 0 0 0 0 0 0 0 0 0 0 0 0 0 0 0 0 0 0 0 0 0 0 0 0 0 0 0 0 0 0 0 0 0 0 0 0 0 0 0 0 0 0 0 0 0 0 0 0 0 0 0 0 0 0 0 0 0 0 0 0 0 0 0 0 46 106 128 119 116 115 114 115 115 119 119 119 121 123 122 119 116 113 111 108 106 104 105 106 106 104 102 102 105 102 98 99 99 98 94 93 93 91 89 92 87 88 92 84 78 78 77 78 75 83 81 86 81 84 86 90 93 86 103 103 88 99 107 108 105 106 111 116 118 105 111 112 120 119 116 116 117 124 121 120 125 124 133 132 130 127 118 123 133 135 128 121 119 115 113 109 98 95 89 76 78 74 70 82 86 88 93 95 94 99 112 118 125 125 126 130 133 137 140 143 147 148 148 149 150 149 144 137 132 132 132 133 132 128 127 126 125 124 127 130 134 139 142 141 137 131 127 123 121 118 117 114 111 108 105 101 97 93 89 88 88 90 94 100 105 110 117 122 129 138 144 149 154 159 164 168 171 174 177 178 180 181 181 181 181 182 182 181 182 182 180 179 179 179 179 178 177 176 174 173 173 171 168 166 164 162 158 155 153 149 146 142 138 135 132 128 125 123 122 122 121 121 123 125 126 128 131 135 138 141 144 147 149 152 155 157 158 159 161 162 162 163 163 163 164 164 164 164 164 163 162 162 161 160 158 155 154 152 149 147 146 144 143 142 140 138 135 132 128 128 23 0 0 0 0 0 0 0 0 0 0 0 0 0 0 0 0 0 0 0 0 0 0 0 0 0 0 0 0 0 0 0 0 0 0 0 0 0 0 0 0 0 0 0 0 0 0 0 0 0 0 0 0 0 0 0 0 0 0 0 0 0 0 0 0 0 0 0 0 0 0 0 0 0 0 0 0 0 0 0 0 
0 0 0 0 0 0 0 0 0 0 0 0 0 0 0 0 0 0 0 0 0 0 0 0 0 0 0 0 0 0 0 0 0 0 0 0 0 0 0 0 0 0 0 0 0 0 0 0 0 0 0 0 0 0 0 0 0 0 0 0 0 0 0 0 0 0 0 0 0 0 0 0 0 0 0 0 0 0 0 0 0 0 0 0 0 0 0 0 0 0 0 0 0 0 0 0 0 0 0 0 0 0 0 0 0 0 0 0 0 0 0 0 0 0 0 0 0 0 0 0 0 0 0 0 0 0 0 0 0 0 0 0 0 0 0 0 0 0 0 0 0 0 0 0 0 0 0 0 0 0 0 0 0 0 0 0 0 0 0 0 0 0 0 0 0 0 0 0 0 0 0 0 0 0 0 0 0 0 0 0 0 0 0 0 0 0 0 0 0 0 41 102 126 120 116 117 118 119 119 120 123 122 120 118 112 110 108 107 106 105 107 108 107 102 106 104 102 99 102 103 101 97 96 99 99 94 95 95 93 92 94 89 84 78 80 81 80 83 83 84 83 88 90 96 94 97 104 107 95 92 104 107 108 105 107 118 116 110 113 116 113 116 116 113 111 118 117 110 118 122 128 129 128 130 119 116 120 128 127 120 114 111 110 109 103 94 87 79 77 75 69 82 94 91 84 94 93 89 100 110 118 122 123 119 123 130 134 137 141 146 147 147 149 148 145 139 133 130 130 130 133 136 134 131 128 126 125 126 129 134 139 142 142 139 134 128 124 119 116 113 109 106 102 98 95 91 88 85 85 87 91 96 101 108 116 123 128 133 137 143 148 154 160 164 168 173 175 176 178 180 181 181 181 182 181 181 181 181 180 180 180 179 179 178 177 176 176 174 173 171 170 168 165 163 160 158 155 150 146 143 139 136 133 130 128 126 125 124 124 125 127 128 131 132 135 138 141 144 147 150 153 155 157 158 160 161 163 164 163 164 165 166 166 166 166 165 166 166 165 164 164 163 161 160 159 157 153 152 151 149 147 146 145 142 139 136 137 95 0 0 0 0 0 0 0 0 0 0 0 0 0 0 0 0 0 0 0 0 0 0 0 0 0 0 0 0 0 0 0 0 0 0 0 0 0 0 0 0 0 0 0 0 0 0 0 0 0 0 0 0 0 0 0 0 0 0 0 0 0 0 0 0 0 0 0 0 0 0 0 0 0 0 0 0 0 0 0 0 0 
0 0 0 0 0 0 0 0 0 0 0 0 0 0 0 0 0 0 0 0 0 0 0 0 0 0 0 0 0 0 0 0 0 0 0 0 0 0 0 0 0 0 0 0 0 0 0 0 0 0 0 0 0 0 0 0 0 0 0 0 0 0 0 0 0 0 0 0 0 0 0 0 0 0 0 0 0 0 0 0 0 0 0 0 0 0 0 0 0 0 0 0 0 0 0 0 0 0 0 0 0 0 0 0 0 0 0 0 0 0 0 0 0 0 0 0 0 0 0 0 0 0 0 0 0 0 0 0 0 0 0 0 0 0 0 0 0 0 0 0 0 0 0 0 0 0 0 0 0 0 0 0 0 0 0 0 0 0 0 0 0 0 0 0 0 0 0 0 0 0 0 0 0 0 0 0 0 0 0 0 0 0 0 0 0 0 0 0 0 0 0 0 36 101 125 121 119 122 121 122 121 120 118 113 109 110 109 107 104 104 110 108 103 104 107 102 101 101 105 104 102 101 99 101 99 96 97 97 95 96 94 93 91 85 85 86 85 89 85 85 87 88 93 97 98 102 107 110 100 92 102 110 107 103 108 110 116 112 114 117 114 113 113 114 110 115 121 111 112 120 123 123 125 128 121 119 119 120 123 121 114 112 113 112 108 96 88 84 88 87 78 83 94 94 85 94 98 88 93 101 105 111 118 121 121 124 130 133 138 142 144 145 146 146 143 138 134 131 128 129 130 133 136 138 137 132 128 127 127 130 133 136 141 142 139 135 130 123 117 113 109 105 101 98 95 91 88 85 84 85 88 93 99 106 114 121 128 133 138 143 148 151 155 160 163 165 170 173 177 179 180 180 180 181 180 180 180 180 180 180 179 179 179 178 177 175 176 174 173 171 170 169 166 164 162 159 156 152 148 144 141 136 134 133 130 129 127 126 126 128 130 131 133 136 139 142 145 148 151 153 156 157 159 160 162 163 165 165 166 167 168 169 168 168 168 167 168 167 167 167 167 165 164 163 162 160 157 156 155 153 152 151 148 146 141 139 142 26 0 0 0 0 0 0 0 0 0 0 0 0 0 0 0 0 0 0 0 0 0 0 0 0 0 0 0 0 0 0 0 0 0 0 0 0 0 0 0 0 0 0 0 0 0 0 0 0 0 0 0 0 0 0 0 0 0 0 0 0 0 0 0 0 0 0 0 0 0 0 0 0 0 0 0 0 0 0 0 0 0 
0 0 0 0 0 0 0 0 0 0 0 0 0 0 0 0 0 0 0 0 0 0 0 0 0 0 0 0 0 0 0 0 0 0 0 0 0 0 0 0 0 0 0 0 0 0 0 0 0 0 0 0 0 0 0 0 0 0 0 0 0 0 0 0 0 0 0 0 0 0 0 0 0 0 0 0 0 0 0 0 0 0 0 0 0 0 0 0 0 0 0 0 0 0 0 0 0 0 0 0 0 0 0 0 0 0 0 0 0 0 0 0 0 0 0 0 0 0 0 0 0 0 0 0 0 0 0 0 0 0 0 0 0 0 0 0 0 0 0 0 0 0 0 0 0 0 0 0 0 0 0 0 0 0 0 0 0 0 0 0 0 0 0 0 0 0 0 0 0 0 0 0 0 0 0 0 0 0 0 0 0 0 0 0 0 0 0 0 0 0 0 0 0 0 34 97 130 128 123 121 119 118 116 111 110 113 107 104 103 107 112 105 105 109 109 105 105 106 107 103 100 102 103 105 102 100 101 99 95 97 98 97 97 91 90 87 88 88 87 90 87 89 96 97 101 103 103 108 103 92 97 112 109 102 104 108 115 112 115 116 109 114 110 115 110 109 113 113 106 110 117 122 121 118 118 119 118 118 121 124 122 118 116 112 112 104 98 99 100 100 86 83 89 93 94 97 93 90 98 102 95 98 109 115 122 125 128 133 137 136 137 141 145 144 141 138 135 133 129 128 128 129 133 138 140 139 136 133 131 129 130 132 135 138 141 140 136 129 122 116 111 108 102 98 95 91 87 85 84 84 87 92 97 105 111 117 124 131 138 143 148 151 155 159 162 164 165 168 172 175 176 177 179 180 181 180 180 180 180 179 179 178 178 178 178 177 176 174 174 172 171 169 167 165 163 160 156 153 149 145 142 138 135 134 133 131 129 128 129 131 132 133 135 139 142 145 148 150 152 154 157 160 161 162 164 165 166 167 168 169 170 170 170 170 170 170 170 168 168 168 168 167 166 166 164 163 161 160 160 158 156 154 152 148 145 146 105 0 0 0 0 0 0 0 0 0 0 0 0 0 0 0 0 0 0 0 0 0 0 0 0 0 0 0 0 0 0 0 0 0 0 0 0 0 0 0 0 0 0 0 0 0 0 0 0 0 0 0 0 0 0 0 0 0 0 0 0 0 0 0 0 0 0 0 0 0 0 0 0 0 0 0 0 0 0 0 0 0 0 
0 0 0 0 0 0 0 0 0 0 0 0 0 0 0 0 0 0 0 0 0 0 0 0 0 0 0 0 0 0 0 0 0 0 0 0 0 0 0 0 0 0 0 0 0 0 0 0 0 0 0 0 0 0 0 0 0 0 0 0 0 0 0 0 0 0 0 0 0 0 0 0 0 0 0 0 0 0 0 0 0 0 0 0 0 0 0 0 0 0 0 0 0 0 0 0 0 0 0 0 0 0 0 0 0 0 0 0 0 0 0 0 0 0 0 0 0 0 0 0 0 0 0 0 0 0 0 0 0 0 0 0 0 0 0 0 0 0 0 0 0 0 0 0 0 0 0 0 0 0 0 0 0 0 0 0 0 0 0 0 0 0 0 0 0 0 0 0 0 0 0 0 0 0 0 0 0 0 0 0 0 0 0 0 0 0 0 0 0 0 0 0 0 0 0 0 34 97 128 124 118 116 114 110 111 110 103 104 108 112 107 108 111 111 109 107 111 108 104 105 102 104 107 107 107 104 106 100 94 99 102 99 100 97 92 91 92 89 89 90 88 90 96 96 99 107 104 106 104 92 96 110 108 101 104 107 116 115 113 114 111 113 111 109 108 106 107 113 105 99 111 117 116 112 111 114 117 113 116 123 122 119 117 113 115 110 107 105 105 105 96 87 85 88 94 100 97 93 101 104 95 93 105 114 121 127 129 132 135 134 133 137 141 142 141 138 140 136 133 129 128 128 129 132 136 140 141 139 135 132 129 129 131 132 136 138 139 136 130 122 116 109 102 99 96 93 90 88 86 87 88 91 96 103 111 118 123 129 135 140 145 150 155 159 162 164 167 170 169 170 172 173 175 177 177 179 179 180 179 178 178 178 179 178 178 177 176 175 174 173 171 170 167 166 164 159 157 153 149 146 143 140 137 136 134 132 130 131 131 133 134 136 138 142 145 147 150 152 154 157 159 161 162 164 165 166 167 168 170 171 172 171 172 172 172 172 171 171 170 169 169 169 169 168 167 166 165 164 163 161 159 158 155 151 148 152 33 0 0 0 0 0 0 0 0 0 0 0 0 0 0 0 0 0 0 0 0 0 0 0 0 0 0 0 0 0 0 0 0 0 0 0 0 0 0 0 0 0 0 0 0 0 0 0 0 0 0 0 0 0 0 0 0 0 0 0 0 0 0 0 0 0 0 0 0 0 0 0 0 0 0 0 0 0 0 0 0 0 0 
0 0 0 0 0 0 0 0 0 0 0 0 0 0 0 0 0 0 0 0 0 0 0 0 0 0 0 0 0 0 0 0 0 0 0 0 0 0 0 0 0 0 0 0 0 0 0 0 0 0 0 0 0 0 0 0 0 0 0 0 0 0 0 0 0 0 0 0 0 0 0 0 0 0 0 0 0 0 0 0 0 0 0 0 0 0 0 0 0 0 0 0 0 0 0 0 0 0 0 0 0 0 0 0 0 0 0 0 0 0 0 0 0 0 0 0 0 0 0 0 0 0 0 0 0 0 0 0 0 0 0 0 0 0 0 0 0 0 0 0 0 0 0 0 0 0 0 0 0 0 0 0 0 0 0 0 0 0 0 0 0 0 0 0 0 0 0 0 0 0 0 0 0 0 0 0 0 0 0 0 0 0 0 0 0 0 0 0 0 0 0 0 0 0 0 0 0 0 29 92 127 120 113 110 110 106 104 109 113 113 105 113 110 109 109 110 110 107 105 107 100 106 110 109 109 106 105 101 97 100 103 99 101 99 96 97 95 91 90 92 91 92 95 97 102 104 102 103 105 96 96 108 105 107 101 101 113 115 107 107 110 107 109 108 110 107 105 109 106 95 102 111 111 108 104 106 113 112 112 116 114 114 118 118 117 117 115 112 106 105 102 91 86 88 89 96 105 103 106 108 103 97 100 110 122 128 131 132 133 133 131 132 136 139 137 136 138 137 134 130 128 128 129 129 131 135 139 142 139 137 135 130 128 128 129 130 134 135 134 130 123 115 107 101 98 96 93 91 89 90 91 94 98 103 110 116 121 128 133 139 144 149 154 158 162 164 167 170 172 172 173 174 174 174 175 175 176 177 177 177 178 178 178 178 178 177 177 175 173 173 171 169 168 165 163 159 156 153 151 146 144 140 138 136 135 133 132 133 134 135 137 139 141 144 147 149 151 155 156 159 160 162 163 164 165 168 168 170 172 172 172 172 173 173 174 173 173 172 172 171 171 171 170 170 169 169 168 167 166 165 163 161 159 155 157 114 0 0 0 0 0 0 0 0 0 0 0 0 0 0 0 0 0 0 0 0 0 0 0 0 0 0 0 0 0 0 0 0 0 0 0 0 0 0 0 0 0 0 0 0 0 0 0 0 0 0 0 0 0 0 0 0 0 0 0 0 0 0 0 0 0 0 0 0 0 0 0 0 0 0 0 0 0 0 0 0 0 0 0 
0 0 0 0 0 0 0 0 0 0 0 0 0 0 0 0 0 0 0 0 0 0 0 0 0 0 0 0 0 0 0 0 0 0 0 0 0 0 0 0 0 0 0 0 0 0 0 0 0 0 0 0 0 0 0 0 0 0 0 0 0 0 0 0 0 0 0 0 0 0 0 0 0 0 0 0 0 0 0 0 0 0 0 0 0 0 0 0 0 0 0 0 0 0 0 0 0 0 0 0 0 0 0 0 0 0 0 0 0 0 0 0 0 0 0 0 0 0 0 0 0 0 0 0 0 0 0 0 0 0 0 0 0 0 0 0 0 0 0 0 0 0 0 0 0 0 0 0 0 0 0 0 0 0 0 0 0 0 0 0 0 0 0 0 0 0 0 0 0 0 0 0 0 0 0 0 0 0 0 0 0 0 0 0 0 0 0 0 0 0 0 0 0 0 0 0 0 0 0 0 25 87 118 117 112 107 107 109 113 109 109 110 106 107 112 113 110 107 109 106 104 108 110 107 110 107 104 105 99 101 104 102 102 101 98 102 97 94 93 94 92 93 98 99 104 105 101 103 104 100 97 102 103 105 101 100 106 109 104 105 109 108 108 104 106 108 106 106 105 95 94 100 104 107 104 102 107 107 108 109 109 114 119 119 117 117 119 116 108 106 106 95 91 94 91 91 109 118 114 113 109 104 106 111 120 128 131 133 132 132 131 131 133 135 133 134 135 137 139 135 131 129 130 130 129 130 134 138 139 139 139 136 132 127 127 126 127 129 132 133 129 123 116 108 102 98 96 94 93 94 95 97 100 105 110 116 120 126 132 137 142 147 151 155 159 163 165 168 170 172 173 174 175 176 175 175 175 174 174 175 176 176 178 178 177 177 176 175 174 173 172 170 168 166 163 159 156 153 150 147 144 141 139 137 135 135 135 134 135 137 138 142 144 146 148 151 154 156 157 160 161 162 164 165 167 169 169 171 171 172 172 173 173 175 174 174 173 173 172 172 172 171 172 171 171 171 170 169 168 167 166 164 160 158 162 40 0 0 0 0 0 0 0 0 0 0 0 0 0 0 0 0 0 0 0 0 0 0 0 0 0 0 0 0 0 0 0 0 0 0 0 0 0 0 0 0 0 0 0 0 0 0 0 0 0 0 0 0 0 0 0 0 0 0 0 0 0 0 0 0 0 0 0 0 0 0 0 0 0 0 0 0 0 0 0 0 0 0 0 
0 0 0 0 0 0 0 0 0 0 0 0 0 0 0 0 0 0 0 0 0 0 0 0 0 0 0 0 0 0 0 0 0 0 0 0 0 0 0 0 0 0 0 0 0 0 0 0 0 0 0 0 0 0 0 0 0 0 0 0 0 0 0 0 0 0 0 0 0 0 0 0 0 0 0 0 0 0 0 0 0 0 0 0 0 0 0 0 0 0 0 0 0 0 0 0 0 0 0 0 0 0 0 0 0 0 0 0 0 0 0 0 0 0 0 0 0 0 0 0 0 0 0 0 0 0 0 0 0 0 0 0 0 0 0 0 0 0 0 0 0 0 0 0 0 0 0 0 0 0 0 0 0 0 0 0 0 0 0 0 0 0 0 0 0 0 0 0 0 0 0 0 0 0 0 0 0 0 0 0 0 0 0 0 0 0 0 0 0 0 0 0 0 0 0 0 0 0 0 0 0 0 22 83 116 116 109 108 111 108 110 105 108 113 115 112 107 106 112 107 108 113 110 108 109 108 107 108 103 103 105 106 106 103 104 104 101 98 96 97 95 97 101 102 104 103 100 103 105 100 98 98 102 102 99 98 101 107 104 104 105 108 107 103 103 107 107 103 101 93 93 98 102 107 106 100 100 99 100 102 106 106 108 111 109 110 115 117 110 105 104 97 93 96 102 105 111 124 125 123 120 113 109 113 121 127 132 135 133 132 131 131 132 133 131 131 131 133 136 138 135 132 130 130 130 130 131 132 135 137 140 141 138 130 126 124 122 122 125 128 130 129 124 117 110 104 100 99 99 99 100 101 103 107 112 117 122 126 131 136 140 145 149 153 157 161 164 166 169 170 172 173 175 175 176 176 175 175 175 174 174 175 176 177 177 176 176 176 174 173 171 170 168 166 163 160 156 153 150 148 145 142 139 137 136 136 136 135 137 138 141 142 145 149 151 153 155 156 159 160 162 164 165 166 169 169 170 171 172 172 173 174 175 176 176 175 174 174 173 173 172 173 173 172 172 172 172 171 170 169 167 165 162 164 126 0 0 0 0 0 0 0 0 0 0 0 0 0 0 0 0 0 0 0 0 0 0 0 0 0 0 0 0 0 0 0 0 0 0 0 0 0 0 0 0 0 0 0 0 0 0 0 0 0 0 0 0 0 0 0 0 0 0 0 0 0 0 0 0 0 0 0 0 0 0 0 0 0 0 0 0 0 0 0 0 0 0 0 0 
0 0 0 0 0 0 0 0 0 0 0 0 0 0 0 0 0 0 0 0 0 0 0 0 0 0 0 0 0 0 0 0 0 0 0 0 0 0 0 0 0 0 0 0 0 0 0 0 0 0 0 0 0 0 0 0 0 0 0 0 0 0 0 0 0 0 0 0 0 0 0 0 0 0 0 0 0 0 0 0 0 0 0 0 0 0 0 0 0 0 0 0 0 0 0 0 0 0 0 0 0 0 0 0 0 0 0 0 0 0 0 0 0 0 0 0 0 0 0 0 0 0 0 0 0 0 0 0 0 0 0 0 0 0 0 0 0 0 0 0 0 0 0 0 0 0 0 0 0 0 0 0 0 0 0 0 0 0 0 0 0 0 0 0 0 0 0 0 0 0 0 0 0 0 0 0 0 0 0 0 0 0 0 0 0 0 0 0 0 0 0 0 0 0 0 0 0 0 0 0 0 0 0 0 20 77 113 116 112 111 108 106 113 118 116 110 104 108 113 111 111 115 112 110 111 109 109 108 106 105 104 107 107 103 107 106 101 100 99 100 100 101 105 105 106 104 101 103 104 104 101 98 101 99 98 100 102 103 101 100 102 106 106 106 100 105 105 103 101 98 99 101 102 105 106 100 98 95 93 99 104 99 97 104 106 105 110 115 113 107 105 102 101 104 109 111 112 120 131 132 131 126 118 118 123 127 133 136 134 132 131 130 131 132 130 129 129 131 133 136 136 134 130 130 130 129 130 131 131 133 137 143 143 136 128 123 121 119 118 121 125 128 128 125 120 114 108 104 103 104 105 106 107 110 113 118 123 127 131 136 140 144 147 152 155 158 161 165 167 169 172 172 174 175 176 176 176 176 177 177 176 175 175 176 175 174 175 175 174 172 171 171 167 164 161 159 156 153 150 147 144 142 139 137 136 136 136 137 138 140 143 144 147 150 153 154 156 157 160 161 163 164 165 167 168 169 170 172 172 172 173 173 175 176 176 176 175 175 174 174 174 175 173 173 173 173 173 172 171 170 169 166 164 170 45 0 0 0 0 0 0 0 0 0 0 0 0 0 0 0 0 0 0 0 0 0 0 0 0 0 0 0 0 0 0 0 0 0 0 0 0 0 0 0 0 0 0 0 0 0 0 0 0 0 0 0 0 0 0 0 0 0 0 0 0 0 0 0 0 0 0 0 0 0 0 0 0 0 0 0 0 0 0 0 0 0 0 0 0 
0 0 0 0 0 0 0 0 0 0 0 0 0 0 0 0 0 0 0 0 0 0 0 0 0 0 0 0 0 0 0 0 0 0 0 0 0 0 0 0 0 0 0 0 0 0 0 0 0 0 0 0 0 0 0 0 0 0 0 0 0 0 0 0 0 0 0 0 0 0 0 0 0 0 0 0 0 0 0 0 0 0 0 0 0 0 0 0 0 0 0 0 0 0 0 0 0 0 0 0 0 0 0 0 0 0 0 0 0 0 0 0 0 0 0 0 0 0 0 0 0 0 0 0 0 0 0 0 0 0 0 0 0 0 0 0 0 0 0 0 0 0 0 0 0 0 0 0 0 0 0 0 0 0 0 0 0 0 0 0 0 0 0 0 0 0 0 0 0 0 0 0 0 0 0 0 0 0 0 0 0 0 0 0 0 0 0 0 0 0 0 0 0 0 0 0 0 0 0 0 0 0 0 0 0 0 16 75 117 118 111 113 117 119 116 111 107 111 115 111 114 116 113 112 113 111 108 108 108 106 108 111 110 107 108 108 104 102 100 103 103 105 107 107 106 103 103 105 105 104 101 99 102 101 100 102 103 101 97 100 100 101 105 107 100 99 102 101 101 101 103 105 104 103 101 97 97 93 89 100 102 97 92 96 103 104 107 110 109 111 112 111 109 109 112 114 117 121 129 138 139 134 128 125 128 130 135 139 135 132 130 129 129 130 129 129 128 129 131 133 136 137 134 131 129 128 128 128 129 129 131 135 141 143 137 126 120 118 116 116 118 121 127 129 126 123 118 113 110 108 109 110 112 114 116 120 124 127 131 135 139 143 147 151 154 156 160 162 165 168 169 170 172 174 175 175 176 176 177 177 177 177 176 175 175 174 174 175 172 171 170 169 166 162 160 158 155 150 149 146 143 141 138 137 136 136 135 137 138 140 144 146 149 152 153 156 157 159 161 162 164 164 166 167 168 170 171 172 172 173 174 174 175 176 176 176 177 176 175 175 175 175 174 174 174 174 174 173 172 171 170 168 169 137 0 0 0 0 0 0 0 0 0 0 0 0 0 0 0 0 0 0 0 0 0 0 0 0 0 0 0 0 0 0 0 0 0 0 0 0 0 0 0 0 0 0 0 0 0 0 0 0 0 0 0 0 0 0 0 0 0 0 0 0 0 0 0 0 0 0 0 0 0 0 0 0 0 0 0 0 0 0 0 0 0 0 0 0 0 
0 0 0 0 0 0 0 0 0 0 0 0 0 0 0 0 0 0 0 0 0 0 0 0 0 0 0 0 0 0 0 0 0 0 0 0 0 0 0 0 0 0 0 0 0 0 0 0 0 0 0 0 0 0 0 0 0 0 0 0 0 0 0 0 0 0 0 0 0 0 0 0 0 0 0 0 0 0 0 0 0 0 0 0 0 0 0 0 0 0 0 0 0 0 0 0 0 0 0 0 0 0 0 0 0 0 0 0 0 0 0 0 0 0 0 0 0 0 0 0 0 0 0 0 0 0 0 0 0 0 0 0 0 0 0 0 0 0 0 0 0 0 0 0 0 0 0 0 0 0 0 0 0 0 0 0 0 0 0 0 0 0 0 0 0 0 0 0 0 0 0 0 0 0 0 0 0 0 0 0 0 0 0 0 0 0 0 0 0 0 0 0 0 0 0 0 0 0 0 0 0 0 0 0 0 0 0 0 14 73 117 123 121 119 116 113 110 113 116 115 118 118 115 112 115 113 111 110 109 108 109 113 113 111 109 110 107 106 105 105 106 109 109 108 107 105 105 108 107 104 104 103 104 101 102 103 103 101 100 101 99 99 101 107 100 97 99 99 101 104 105 106 104 100 98 98 95 93 94 103 106 100 94 89 96 99 100 102 104 110 112 114 112 109 111 116 119 121 125 135 143 143 138 133 132 133 135 138 139 136 132 128 129 129 129 128 128 128 129 131 133 135 136 133 130 129 128 127 127 127 128 130 135 140 142 135 127 121 117 115 114 116 120 125 129 129 126 122 120 117 116 115 117 118 119 121 125 128 131 135 139 142 145 149 152 155 158 160 162 165 167 169 172 173 174 174 175 176 177 177 176 176 176 176 175 174 174 173 171 170 169 167 164 162 159 157 153 150 147 145 142 139 138 136 135 135 135 137 138 141 144 148 151 153 155 157 158 160 161 162 164 165 167 168 168 170 170 172 172 173 175 174 174 176 176 175 175 176 176 175 175 175 175 175 175 175 174 174 173 171 171 169 178 50 0 0 0 0 0 0 0 0 0 0 0 0 0 0 0 0 0 0 0 0 0 0 0 0 0 0 0 0 0 0 0 0 0 0 0 0 0 0 0 0 0 0 0 0 0 0 0 0 0 0 0 0 0 0 0 0 0 0 0 0 0 0 0 0 0 0 0 0 0 0 0 0 0 0 0 0 0 0 0 0 0 0 0 0 0 
0 0 0 0 0 0 0 0 0 0 0 0 0 0 0 0 0 0 0 0 0 0 0 0 0 0 0 0 0 0 0 0 0 0 0 0 0 0 0 0 0 0 0 0 0 0 0 0 0 0 0 0 0 0 0 0 0 0 0 0 0 0 0 0 0 0 0 0 0 0 0 0 0 0 0 0 0 0 0 0 0 0 0 0 0 0 0 0 0 0 0 0 0 0 0 0 0 0 0 0 0 0 0 0 0 0 0 0 0 0 0 0 0 0 0 0 0 0 0 0 0 0 0 0 0 0 0 0 0 0 0 0 0 0 0 0 0 0 0 0 0 0 0 0 0 0 0 0 0 0 0 0 0 0 0 0 0 0 0 0 0 0 0 0 0 0 0 0 0 0 0 0 0 0 0 0 0 0 0 0 0 0 0 0 0 0 0 0 0 0 0 0 0 0 0 0 0 0 0 0 0 0 0 0 0 0 0 0 0 0 12 74 122 126 118 115 113 116 114 116 120 121 116 115 117 114 114 112 114 110 109 115 117 114 110 112 108 107 108 110 109 112 112 112 113 110 108 113 111 110 107 105 106 104 102 102 101 99 101 100 98 96 96 102 100 95 97 97 98 106 105 103 104 102 97 99 95 98 98 105 105 102 98 89 89 88 89 95 100 106 110 113 114 110 109 115 119 122 125 130 140 149 148 141 135 132 132 135 140 140 135 130 128 128 129 128 128 127 128 128 130 133 135 134 132 128 127 127 127 126 126 127 129 132 140 143 136 125 120 117 115 115 117 120 126 129 130 130 128 126 124 122 122 121 123 124 126 129 132 135 137 140 143 147 150 152 155 158 161 163 166 168 171 172 173 174 175 175 175 175 176 176 176 175 175 174 173 173 171 170 169 166 163 160 158 155 152 149 145 142 140 138 137 135 134 134 135 136 139 142 146 149 152 154 156 157 159 161 162 162 163 165 168 169 169 170 170 172 173 174 175 174 174 175 176 175 176 176 176 176 175 175 175 175 176 175 174 174 174 173 172 174 144 0 0 0 0 0 0 0 0 0 0 0 0 0 0 0 0 0 0 0 0 0 0 0 0 0 0 0 0 0 0 0 0 0 0 0 0 0 0 0 0 0 0 0 0 0 0 0 0 0 0 0 0 0 0 0 0 0 0 0 0 0 0 0 0 0 0 0 0 0 0 0 0 0 0 0 0 0 0 0 0 0 0 0 0 0 0 
0 0 0 0 0 0 0 0 0 0 0 0 0 0 0 0 0 0 0 0 0 0 0 0 0 0 0 0 0 0 0 0 0 0 0 0 0 0 0 0 0 0 0 0 0 0 0 0 0 0 0 0 0 0 0 0 0 0 0 0 0 0 0 0 0 0 0 0 0 0 0 0 0 0 0 0 0 0 0 0 0 0 0 0 0 0 0 0 0 0 0 0 0 0 0 0 0 0 0 0 0 0 0 0 0 0 0 0 0 0 0 0 0 0 0 0 0 0 0 0 0 0 0 0 0 0 0 0 0 0 0 0 0 0 0 0 0 0 0 0 0 0 0 0 0 0 0 0 0 0 0 0 0 0 0 0 0 0 0 0 0 0 0 0 0 0 0 0 0 0 0 0 0 0 0 0 0 0 0 0 0 0 0 0 0 0 0 0 0 0 0 0 0 0 0 0 0 0 0 0 0 0 0 0 0 0 0 0 0 0 0 0 11 70 119 125 119 117 114 118 121 121 117 117 117 117 116 116 116 114 112 117 117 115 115 113 111 111 112 114 114 117 115 116 114 115 115 117 116 115 113 112 113 107 104 103 101 101 104 101 99 95 93 97 97 91 90 93 96 104 104 103 104 104 101 98 97 100 101 104 106 104 98 90 87 86 85 89 95 103 109 112 110 109 108 113 117 120 125 130 134 144 150 146 138 130 129 131 137 141 140 132 128 129 128 128 129 128 128 126 127 128 132 134 134 129 126 126 125 124 125 125 124 126 132 141 142 134 127 121 117 117 116 118 122 126 129 132 133 132 130 128 126 126 126 127 128 130 132 134 137 139 142 146 149 151 154 157 159 163 165 166 169 171 172 173 174 174 175 174 175 175 174 174 174 174 172 172 170 169 167 164 161 158 155 152 150 147 143 140 138 136 135 134 134 133 135 137 141 144 147 150 152 154 156 157 159 161 162 163 164 166 167 168 169 170 171 172 173 173 175 174 174 174 174 175 175 176 176 177 176 175 175 175 175 175 174 174 174 171 171 183 57 0 0 0 0 0 0 0 0 0 0 0 0 0 0 0 0 0 0 0 0 0 0 0 0 0 0 0 0 0 0 0 0 0 0 0 0 0 0 0 0 0 0 0 0 0 0 0 0 0 0 0 0 0 0 0 0 0 0 0 0 0 0 0 0 0 0 0 0 0 0 0 0 0 0 0 0 0 0 0 0 0 0 0 0 0 0 
0 0 0 0 0 0 0 0 0 0 0 0 0 0 0 0 0 0 0 0 0 0 0 0 0 0 0 0 0 0 0 0 0 0 0 0 0 0 0 0 0 0 0 0 0 0 0 0 0 0 0 0 0 0 0 0 0 0 0 0 0 0 0 0 0 0 0 0 0 0 0 0 0 0 0 0 0 0 0 0 0 0 0 0 0 0 0 0 0 0 0 0 0 0 0 0 0 0 0 0 0 0 0 0 0 0 0 0 0 0 0 0 0 0 0 0 0 0 0 0 0 0 0 0 0 0 0 0 0 0 0 0 0 0 0 0 0 0 0 0 0 0 0 0 0 0 0 0 0 0 0 0 0 0 0 0 0 0 0 0 0 0 0 0 0 0 0 0 0 0 0 0 0 0 0 0 0 0 0 0 0 0 0 0 0 0 0 0 0 0 0 0 0 0 0 0 0 0 0 0 0 0 0 0 0 0 0 0 0 0 0 0 0 0 9 67 122 127 120 121 124 122 118 119 119 118 120 118 119 116 117 119 119 118 117 114 115 114 116 118 117 118 117 117 118 118 118 120 118 118 118 119 119 112 109 108 105 104 106 103 100 97 94 95 97 92 87 92 96 102 101 98 100 103 103 101 102 102 103 103 104 105 101 93 87 85 86 89 93 98 106 111 109 109 111 115 117 120 126 131 133 138 148 153 145 133 129 131 133 138 141 136 129 128 128 128 127 127 126 126 125 125 128 130 132 132 128 124 122 122 122 122 123 122 124 132 140 141 135 129 123 119 119 120 122 124 128 131 135 136 136 135 133 131 130 128 129 131 132 133 135 137 141 144 146 150 153 155 159 162 163 165 168 170 171 172 173 174 175 174 175 175 174 173 173 172 171 170 168 167 164 161 158 156 153 150 147 144 141 139 136 134 133 133 131 134 136 138 142 145 148 151 153 155 156 158 159 162 163 164 165 166 167 168 169 170 171 172 172 173 173 173 174 173 174 174 174 175 175 175 176 176 176 175 175 175 173 173 174 171 174 149 0 0 0 0 0 0 0 0 0 0 0 0 0 0 0 0 0 0 0 0 0 0 0 0 0 0 0 0 0 0 0 0 0 0 0 0 0 0 0 0 0 0 0 0 0 0 0 0 0 0 0 0 0 0 0 0 0 0 0 0 0 0 0 0 0 0 0 0 0 0 0 0 0 0 0 0 0 0 0 0 0 0 0 0 0 0 0 
0 0 0 0 0 0 0 0 0 0 0 0 0 0 0 0 0 0 0 0 0 0 0 0 0 0 0 0 0 0 0 0 0 0 0 0 0 0 0 0 0 0 0 0 0 0 0 0 0 0 0 0 0 0 0 0 0 0 0 0 0 0 0 0 0 0 0 0 0 0 0 0 0 0 0 0 0 0 0 0 0 0 0 0 0 0 0 0 0 0 0 0 0 0 0 0 0 0 0 0 0 0 0 0 0 0 0 0 0 0 0 0 0 0 0 0 0 0 0 0 0 0 0 0 0 0 0 0 0 0 0 0 0 0 0 0 0 0 0 0 0 0 0 0 0 0 0 0 0 0 0 0 0 0 0 0 0 0 0 0 0 0 0 0 0 0 0 0 0 0 0 0 0 0 0 0 0 0 0 0 0 0 0 0 0 0 0 0 0 0 0 0 0 0 0 0 0 0 0 0 0 0 0 0 0 0 0 0 0 0 0 0 0 0 0 0 7 65 120 131 128 123 121 122 122 120 121 121 120 120 120 122 120 119 118 116 117 118 119 121 120 121 120 119 122 124 122 122 122 123 123 123 120 117 116 115 111 109 107 105 103 98 97 97 97 93 89 92 99 103 100 97 98 99 102 101 102 106 105 101 102 105 106 101 92 91 91 93 95 97 104 109 108 111 114 116 117 119 124 130 133 135 141 150 151 139 131 130 131 134 140 140 133 128 128 127 127 126 125 124 123 125 125 126 129 132 130 125 121 121 119 120 120 119 119 123 131 137 139 137 132 125 123 123 124 125 129 130 133 136 139 139 137 135 133 130 130 131 131 133 134 137 140 143 145 148 151 153 157 160 162 164 167 169 170 172 172 173 174 174 174 174 173 173 172 171 170 169 167 164 161 159 156 154 151 147 144 141 138 136 133 132 131 130 130 133 137 140 143 146 149 152 155 156 157 159 160 161 163 164 166 166 167 167 169 169 170 171 171 171 172 172 173 173 173 173 174 174 175 175 175 175 176 176 176 175 173 173 173 173 183 63 0 0 0 0 0 0 0 0 0 0 0 0 0 0 0 0 0 0 0 0 0 0 0 0 0 0 0 0 0 0 0 0 0 0 0 0 0 0 0 0 0 0 0 0 0 0 0 0 0 0 0 0 0 0 0 0 0 0 0 0 0 0 0 0 0 0 0 0 0 0 0 0 0 0 0 0 0 0 0 0 0 0 0 0 0 0 0 
0 0 0 0 0 0 0 0 0 0 0 0 0 0 0 0 0 0 0 0 0 0 0 0 0 0 0 0 0 0 0 0 0 0 0 0 0 0 0 0 0 0 0 0 0 0 0 0 0 0 0 0 0 0 0 0 0 0 0 0 0 0 0 0 0 0 0 0 0 0 0 0 0 0 0 0 0 0 0 0 0 0 0 0 0 0 0 0 0 0 0 0 0 0 0 0 0 0 0 0 0 0 0 0 0 0 0 0 0 0 0 0 0 0 0 0 0 0 0 0 0 0 0 0 0 0 0 0 0 0 0 0 0 0 0 0 0 0 0 0 0 0 0 0 0 0 0 0 0 0 0 0 0 0 0 0 0 0 0 0 0 0 0 0 0 0 0 0 0 0 0 0 0 0 0 0 0 0 0 0 0 0 0 0 0 0 0 0 0 0 0 0 0 0 0 0 0 0 0 0 0 0 0 0 0 0 0 0 0 0 0 0 0 0 0 0 0 0 5 63 121 132 124 124 124 122 120 123 123 123 122 122 121 120 119 119 120 122 123 122 122 122 123 124 124 125 124 124 124 125 126 126 122 121 122 121 118 114 111 110 108 104 101 100 99 96 94 96 100 102 101 97 97 99 101 99 99 105 105 101 101 104 108 108 104 100 99 97 99 102 105 110 110 114 118 118 118 121 125 129 132 132 133 141 150 146 135 129 130 132 136 140 136 131 128 126 125 125 124 122 121 122 123 121 124 128 129 125 122 120 119 119 119 118 118 119 123 130 136 137 136 132 128 126 125 128 130 131 132 135 138 140 139 139 136 133 132 131 131 132 134 136 139 141 144 146 149 152 155 157 161 163 166 166 169 171 171 172 173 173 173 172 172 171 171 170 168 167 165 162 159 157 154 151 148 144 140 137 134 132 130 129 129 128 131 134 137 141 144 147 150 153 155 157 159 160 161 162 163 164 166 166 167 168 169 169 169 170 171 171 172 171 172 172 172 172 173 173 174 174 174 174 175 175 175 175 175 173 172 175 154 0 0 0 0 0 0 0 0 0 0 0 0 0 0 0 0 0 0 0 0 0 0 0 0 0 0 0 0 0 0 0 0 0 0 0 0 0 0 0 0 0 0 0 0 0 0 0 0 0 0 0 0 0 0 0 0 0 0 0 0 0 0 0 0 0 0 0 0 0 0 0 0 0 0 0 0 0 0 0 0 0 0 0 0 0 0 0 0 
0 0 0 0 0 0 0 0 0 0 0 0 0 0 0 0 0 0 0 0 0 0 0 0 0 0 0 0 0 0 0 0 0 0 0 0 0 0 0 0 0 0 0 0 0 0 0 0 0 0 0 0 0 0 0 0 0 0 0 0 0 0 0 0 0 0 0 0 0 0 0 0 0 0 0 0 0 0 0 0 0 0 0 0 0 0 0 0 0 0 0 0 0 0 0 0 0 0 0 0 0 0 0 0 0 0 0 0 0 0 0 0 0 0 0 0 0 0 0 0 0 0 0 0 0 0 0 0 0 0 0 0 0 0 0 0 0 0 0 0 0 0 0 0 0 0 0 0 0 0 0 0 0 0 0 0 0 0 0 0 0 0 0 0 0 0 0 0 0 0 0 0 0 0 0 0 0 0 0 0 0 0 0 0 0 0 0 0 0 0 0 0 0 0 0 0 0 0 0 0 0 0 0 0 0 0 0 0 0 0 0 0 0 0 0 0 0 0 0 0 3 59 117 133 126 123 122 123 123 124 124 124 124 122 121 121 122 123 124 123 123 124 126 125 125 126 126 126 126 125 127 127 125 125 126 126 123 119 116 113 113 109 105 104 103 101 100 100 103 101 101 98 95 97 101 100 98 104 104 102 100 104 109 115 117 110 107 104 104 105 107 110 113 115 118 119 120 123 126 128 129 131 131 134 143 147 141 131 129 129 133 138 139 134 129 126 124 124 122 121 120 120 119 118 120 123 125 125 123 119 118 118 118 117 116 118 119 123 131 136 137 138 134 131 129 130 131 133 135 135 137 138 140 141 140 137 136 134 132 132 133 134 137 139 142 145 147 150 153 156 159 162 164 165 167 169 169 171 172 173 172 171 171 170 169 168 166 165 162 160 157 154 151 148 144 140 136 132 130 128 127 127 127 128 131 135 139 143 145 148 152 154 155 157 159 160 162 163 164 165 165 167 167 168 169 169 169 170 170 170 170 170 171 171 171 172 173 173 173 173 173 174 175 174 174 175 175 174 173 183 68 0 0 0 0 0 0 0 0 0 0 0 0 0 0 0 0 0 0 0 0 0 0 0 0 0 0 0 0 0 0 0 0 0 0 0 0 0 0 0 0 0 0 0 0 0 0 0 0 0 0 0 0 0 0 0 0 0 0 0 0 0 0 0 0 0 0 0 0 0 0 0 0 0 0 0 0 0 0 0 0 0 0 0 0 0 0 0 0 
0 0 0 0 0 0 0 0 0 0 0 0 0 0 0 0 0 0 0 0 0 0 0 0 0 0 0 0 0 0 0 0 0 0 0 0 0 0 0 0 0 0 0 0 0 0 0 0 0 0 0 0 0 0 0 0 0 0 0 0 0 0 0 0 0 0 0 0 0 0 0 0 0 0 0 0 0 0 0 0 0 0 0 0 0 0 0 0 0 0 0 0 0 0 0 0 0 0 0 0 0 0 0 0 0 0 0 0 0 0 0 0 0 0 0 0 0 0 0 0 0 0 0 0 0 0 0 0 0 0 0 0 0 0 0 0 0 0 0 0 0 0 0 0 0 0 0 0 0 0 0 0 0 0 0 0 0 0 0 0 0 0 0 0 0 0 0 0 0 0 0 0 0 0 0 0 0 0 0 0 0 0 0 0 0 0 0 0 0 0 0 0 0 0 0 0 0 0 0 0 0 0 0 0 0 0 0 0 0 0 0 0 0 0 0 0 0 0 0 0 0 0 1 56 115 132 126 124 124 124 125 125 124 123 124 124 123 124 124 124 125 127 126 125 126 127 127 128 128 127 127 128 127 126 128 127 125 122 119 118 117 113 112 110 108 106 105 103 103 103 103 100 94 94 98 96 98 102 104 104 102 106 111 118 121 118 113 111 108 110 112 113 116 116 117 119 122 125 127 127 128 130 130 131 134 142 144 135 128 127 130 134 138 138 132 128 125 122 119 119 119 117 116 117 117 118 121 125 123 119 118 116 117 118 118 118 118 120 125 132 135 137 137 137 135 133 133 133 134 135 137 138 139 140 140 140 139 136 133 132 132 134 135 136 140 142 145 149 152 154 157 160 162 164 166 167 168 169 169 171 170 170 170 169 168 166 165 162 160 157 155 151 147 144 139 135 132 128 127 126 126 126 126 129 132 136 140 143 147 150 153 154 156 157 159 160 162 163 165 165 165 166 167 167 168 168 169 169 169 170 170 170 170 171 171 172 172 173 173 173 173 173 174 174 174 174 174 173 175 158 0 0 0 0 0 0 0 0 0 0 0 0 0 0 0 0 0 0 0 0 0 0 0 0 0 0 0 0 0 0 0 0 0 0 0 0 0 0 0 0 0 0 0 0 0 0 0 0 0 0 0 0 0 0 0 0 0 0 0 0 0 0 0 0 0 0 0 0 0 0 0 0 0 0 0 0 0 0 0 0 0 0 0 0 0 0 0 0 0 
0 0 0 0 0 0 0 0 0 0 0 0 0 0 0 0 0 0 0 0 0 0 0 0 0 0 0 0 0 0 0 0 0 0 0 0 0 0 0 0 0 0 0 0 0 0 0 0 0 0 0 0 0 0 0 0 0 0 0 0 0 0 0 0 0 0 0 0 0 0 0 0 0 0 0 0 0 0 0 0 0 0 0 0 0 0 0 0 0 0 0 0 0 0 0 0 0 0 0 0 0 0 0 0 0 0 0 0 0 0 0 0 0 0 0 0 0 0 0 0 0 0 0 0 0 0 0 0 0 0 0 0 0 0 0 0 0 0 0 0 0 0 0 0 0 0 0 0 0 0 0 0 0 0 0 0 0 0 0 0 0 0 0 0 0 0 0 0 0 0 0 0 0 0 0 0 0 0 0 0 0 0 0 0 0 0 0 0 0 0 0 0 0 0 0 0 0 0 0 0 0 0 0 0 0 0 0 0 0 0 0 0 0 0 0 0 0 0 0 0 0 0 0 0 1 52 115 133 126 124 125 125 124 124 125 125 125 124 125 125 127 127 126 126 126 127 128 128 128 128 127 127 128 128 128 128 128 124 123 123 120 118 117 116 114 113 110 108 106 105 108 106 101 98 101 99 99 101 103 103 104 106 112 120 124 124 118 117 115 117 119 118 118 118 118 119 121 125 128 126 127 130 131 131 130 137 142 137 130 126 126 129 134 138 135 129 124 120 118 117 116 115 115 114 114 116 116 121 123 121 118 117 116 118 119 118 120 120 122 126 133 135 138 139 139 137 135 135 135 136 136 136 137 138 138 140 139 137 135 132 132 133 134 136 139 141 144 147 150 153 155 158 160 162 165 166 168 168 169 169 169 169 169 167 166 164 162 159 157 155 151 147 143 139 135 131 128 124 123 123 123 125 127 131 135 138 140 145 148 150 153 155 157 158 159 161 162 164 165 165 165 166 166 166 167 167 168 168 169 169 169 169 169 171 171 172 171 172 173 173 173 174 174 174 174 174 174 174 185 71 0 0 0 0 0 0 0 0 0 0 0 0 0 0 0 0 0 0 0 0 0 0 0 0 0 0 0 0 0 0 0 0 0 0 0 0 0 0 0 0 0 0 0 0 0 0 0 0 0 0 0 0 0 0 0 0 0 0 0 0 0 0 0 0 0 0 0 0 0 0 0 0 0 0 0 0 0 0 0 0 0 0 0 0 0 0 0 0 0 
0 0 0 0 0 0 0 0 0 0 0 0 0 0 0 0 0 0 0 0 0 0 0 0 0 0 0 0 0 0 0 0 0 0 0 0 0 0 0 0 0 0 0 0 0 0 0 0 0 0 0 0 0 0 0 0 0 0 0 0 0 0 0 0 0 0 0 0 0 0 0 0 0 0 0 0 0 0 0 0 0 0 0 0 0 0 0 0 0 0 0 0 0 0 0 0 0 0 0 0 0 0 0 0 0 0 0 0 0 0 0 0 0 0 0 0 0 0 0 0 0 0 0 0 0 0 0 0 0 0 0 0 0 0 0 0 0 0 0 0 0 0 0 0 0 0 0 0 0 0 0 0 0 0 0 0 0 0 0 0 0 0 0 0 0 0 0 0 0 0 0 0 0 0 0 0 0 0 0 0 0 0 0 0 0 0 0 0 0 0 0 0 0 0 0 0 0 0 0 0 0 0 0 0 0 0 0 0 0 0 0 0 0 0 0 0 0 0 0 0 0 0 0 0 0 0 0 48 112 134 128 126 125 126 124 125 126 126 126 126 125 125 126 127 127 127 127 127 127 128 129 129 129 129 129 130 128 125 125 125 124 121 121 118 119 119 114 111 110 111 114 113 109 104 105 105 103 104 104 105 106 108 114 119 124 127 124 120 119 120 125 123 117 118 120 120 121 123 126 125 127 128 130 130 129 132 139 140 133 127 125 126 127 132 137 133 125 119 117 115 113 113 112 111 111 112 114 117 120 122 119 117 117 117 118 119 120 121 122 124 130 135 135 137 140 141 138 137 135 136 135 136 135 134 135 136 136 137 136 134 133 131 132 134 137 140 142 144 147 151 155 157 159 161 164 166 167 168 169 169 169 168 167 166 164 161 159 156 154 152 147 143 138 134 130 127 124 121 121 121 122 126 129 133 136 139 141 145 149 151 153 156 158 159 160 161 163 164 165 164 166 166 165 165 166 167 168 167 168 168 169 169 170 170 172 172 172 172 173 172 173 173 173 174 174 175 175 176 162 1 0 0 0 0 0 0 0 0 0 0 0 0 0 0 0 0 0 0 0 0 0 0 0 0 0 0 0 0 0 0 0 0 0 0 0 0 0 0 0 0 0 0 0 0 0 0 0 0 0 0 0 0 0 0 0 0 0 0 0 0 0 0 0 0 0 0 0 0 0 0 0 0 0 0 0 0 0 0 0 0 0 0 0 0 0 0 0 0 0 
0 0 0 0 0 0 0 0 0 0 0 0 0 0 0 0 0 0 0 0 0 0 0 0 0 0 0 0 0 0 0 0 0 0 0 0 0 0 0 0 0 0 0 0 0 0 0 0 0 0 0 0 0 0 0 0 0 0 0 0 0 0 0 0 0 0 0 0 0 0 0 0 0 0 0 0 0 0 0 0 0 0 0 0 0 0 0 0 0 0 0 0 0 0 0 0 0 0 0 0 0 0 0 0 0 0 0 0 0 0 0 0 0 0 0 0 0 0 0 0 0 0 0 0 0 0 0 0 0 0 0 0 0 0 0 0 0 0 0 0 0 0 0 0 0 0 0 0 0 0 0 0 0 0 0 0 0 0 0 0 0 0 0 0 0 0 0 0 0 0 0 0 0 0 0 0 0 0 0 0 0 0 0 0 0 0 0 0 0 0 0 0 0 0 0 0 0 0 0 0 0 0 0 0 0 0 0 0 0 0 0 0 0 0 0 0 0 0 0 0 0 0 0 0 0 0 0 0 0 46 111 133 129 126 124 124 127 126 126 125 126 126 126 127 127 126 125 125 126 128 129 129 129 130 131 131 129 127 125 126 125 124 123 121 122 121 117 115 115 114 116 117 113 109 110 110 107 109 109 110 110 111 114 118 122 129 127 124 121 123 127 125 120 119 119 120 121 122 122 124 125 126 128 130 129 128 134 141 138 129 123 122 123 128 135 137 128 119 116 113 111 110 110 110 110 110 112 114 117 119 120 118 118 118 118 120 120 122 123 124 128 133 135 135 137 141 141 139 137 135 134 135 133 132 131 131 132 134 135 134 133 132 132 132 134 136 140 142 145 149 153 155 158 161 163 165 166 167 169 168 167 166 165 164 161 159 156 152 150 147 143 138 134 129 126 124 120 119 120 122 124 127 130 134 138 141 143 147 151 153 155 157 159 160 161 162 163 164 164 164 164 165 165 165 166 166 167 167 167 169 170 169 170 170 172 172 171 172 172 173 173 173 173 173 173 174 175 187 77 0 0 0 0 0 0 0 0 0 0 0 0 0 0 0 0 0 0 0 0 0 0 0 0 0 0 0 0 0 0 0 0 0 0 0 0 0 0 0 0 0 0 0 0 0 0 0 0 0 0 0 0 0 0 0 0 0 0 0 0 0 0 0 0 0 0 0 0 0 0 0 0 0 0 0 0 0 0 0 0 0 0 0 0 0 0 0 0 0 0 
0 0 0 0 0 0 0 0 0 0 0 0 0 0 0 0 0 0 0 0 0 0 0 0 0 0 0 0 0 0 0 0 0 0 0 0 0 0 0 0 0 0 0 0 0 0 0 0 0 0 0 0 0 0 0 0 0 0 0 0 0 0 0 0 0 0 0 0 0 0 0 0 0 0 0 0 0 0 0 0 0 0 0 0 0 0 0 0 0 0 0 0 0 0 0 0 0 0 0 0 0 0 0 0 0 0 0 0 0 0 0 0 0 0 0 0 0 0 0 0 0 0 0 0 0 0 0 0 0 0 0 0 0 0 0 0 0 0 0 0 0 0 0 0 0 0 0 0 0 0 0 0 0 0 0 0 0 0 0 0 0 0 0 0 0 0 0 0 0 0 0 0 0 0 0 0 0 0 0 0 0 0 0 0 0 0 0 0 0 0 0 0 0 0 0 0 0 0 0 0 0 0 0 0 0 0 0 0 0 0 0 0 0 0 0 0 0 0 0 0 0 0 0 0 0 0 0 0 0 0 0 43 108 133 128 125 126 127 126 125 127 127 127 127 126 125 125 125 127 129 129 129 129 130 130 131 129 128 127 126 125 125 124 123 123 123 120 118 118 116 118 117 113 114 116 113 111 112 113 113 113 113 113 116 121 128 129 125 122 123 127 127 123 120 120 121 122 122 121 124 125 125 127 129 129 127 129 138 142 133 124 122 120 122 129 134 132 123 115 112 109 108 107 108 108 108 109 111 114 118 120 121 120 117 117 118 120 121 121 123 125 129 134 134 133 137 141 141 138 135 133 133 132 131 129 128 128 129 130 132 133 133 132 131 132 134 138 140 144 148 152 154 157 160 162 164 165 166 167 166 166 165 163 161 159 156 152 149 145 142 138 135 130 125 123 120 118 118 120 123 125 128 132 136 140 142 146 149 152 154 156 158 159 161 161 162 163 163 163 164 163 164 165 165 165 166 166 166 168 169 170 170 170 171 171 172 172 171 172 174 174 173 174 174 174 174 176 165 3 0 0 0 0 0 0 0 0 0 0 0 0 0 0 0 0 0 0 0 0 0 0 0 0 0 0 0 0 0 0 0 0 0 0 0 0 0 0 0 0 0 0 0 0 0 0 0 0 0 0 0 0 0 0 0 0 0 0 0 0 0 0 0 0 0 0 0 0 0 0 0 0 0 0 0 0 0 0 0 0 0 0 0 0 0 0 0 0 0 0 
0 0 0 0 0 0 0 0 0 0 0 0 0 0 0 0 0 0 0 0 0 0 0 0 0 0 0 0 0 0 0 0 0 0 0 0 0 0 0 0 0 0 0 0 0 0 0 0 0 0 0 0 0 0 0 0 0 0 0 0 0 0 0 0 0 0 0 0 0 0 0 0 0 0 0 0 0 0 0 0 0 0 0 0 0 0 0 0 0 0 0 0 0 0 0 0 0 0 0 0 0 0 0 0 0 0 0 0 0 0 0 0 0 0 0 0 0 0 0 0 0 0 0 0 0 0 0 0 0 0 0 0 0 0 0 0 0 0 0 0 0 0 0 0 0 0 0 0 0 0 0 0 0 0 0 0 0 0 0 0 0 0 0 0 0 0 0 0 0 0 0 0 0 0 0 0 0 0 0 0 0 0 0 0 0 0 0 0 0 0 0 0 0 0 0 0 0 0 0 0 0 0 0 0 0 0 0 0 0 0 0 0 0 0 0 0 0 0 0 0 0 0 0 0 0 0 0 0 0 0 0 0 0 39 104 135 130 128 127 127 127 128 128 126 125 125 125 126 127 128 128 128 128 128 129 129 128 127 127 127 125 124 125 124 124 123 120 119 119 119 121 120 116 120 121 119 115 118 117 115 115 116 115 117 119 127 131 129 123 123 128 129 125 121 121 121 121 122 122 123 124 124 125 128 129 127 127 133 142 139 128 123 117 117 122 128 133 127 117 111 107 106 105 106 107 107 107 109 111 115 119 121 121 119 118 118 119 121 121 123 124 126 130 134 134 133 136 140 139 136 133 131 129 129 127 126 125 124 125 128 131 132 132 131 132 134 136 139 142 146 150 153 156 159 161 163 164 165 166 165 163 162 160 157 155 152 148 145 142 137 133 131 125 122 118 117 116 118 120 123 126 131 134 138 141 144 147 150 153 155 157 158 159 160 161 162 163 163 163 163 163 164 164 164 165 165 164 165 166 168 169 169 170 170 170 171 172 173 173 173 172 173 175 176 173 173 185 83 0 0 0 0 0 0 0 0 0 0 0 0 0 0 0 0 0 0 0 0 0 0 0 0 0 0 0 0 0 0 0 0 0 0 0 0 0 0 0 0 0 0 0 0 0 0 0 0 0 0 0 0 0 0 0 0 0 0 0 0 0 0 0 0 0 0 0 0 0 0 0 0 0 0 0 0 0 0 0 0 0 0 0 0 0 0 0 0 0 0 0 
0 0 0 0 0 0 0 0 0 0 0 0 0 0 0 0 0 0 0 0 0 0 0 0 0 0 0 0 0 0 0 0 0 0 0 0 0 0 0 0 0 0 0 0 0 0 0 0 0 0 0 0 0 0 0 0 0 0 0 0 0 0 0 0 0 0 0 0 0 0 0 0 0 0 0 0 0 0 0 0 0 0 0 0 0 0 0 0 0 0 0 0 0 0 0 0 0 0 0 0 0 0 0 0 0 0 0 0 0 0 0 0 0 0 0 0 0 0 0 0 0 0 0 0 0 0 0 0 0 0 0 0 0 0 0 0 0 0 0 0 0 0 0 0 0 0 0 0 0 0 0 0 0 0 0 0 0 0 0 0 0 0 0 0 0 0 0 0 0 0 0 0 0 0 0 0 0 0 0 0 0 0 0 0 0 0 0 0 0 0 0 0 0 0 0 0 0 0 0 0 0 0 0 0 0 0 0 0 0 0 0 0 0 0 0 0 0 0 0 0 0 0 0 0 0 0 0 0 0 0 0 0 0 0 0 35 103 136 131 128 127 128 127 127 125 125 127 127 129 128 126 127 127 127 128 129 128 128 127 126 125 124 125 124 124 122 120 120 120 120 123 124 120 122 124 123 121 122 121 118 117 118 118 119 120 127 132 131 125 123 128 131 127 122 121 121 122 122 122 122 123 123 124 127 128 128 127 127 138 145 135 122 118 116 118 123 130 130 122 112 108 105 105 105 106 106 107 108 109 113 117 120 121 121 118 118 119 121 121 122 123 125 126 131 134 132 132 136 138 138 135 130 128 126 125 124 121 120 121 122 125 128 131 132 133 134 135 138 141 146 149 152 155 158 160 161 163 164 164 163 161 159 157 155 152 148 144 141 138 134 130 126 122 119 116 115 116 118 121 124 128 132 136 140 143 146 149 152 154 156 157 159 160 160 161 162 162 162 163 162 163 163 163 164 164 164 164 164 166 167 167 168 169 170 170 170 170 172 172 172 172 173 174 174 174 175 166 5 0 0 0 0 0 0 0 0 0 0 0 0 0 0 0 0 0 0 0 0 0 0 0 0 0 0 0 0 0 0 0 0 0 0 0 0 0 0 0 0 0 0 0 0 0 0 0 0 0 0 0 0 0 0 0 0 0 0 0 0 0 0 0 0 0 0 0 0 0 0 0 0 0 0 0 0 0 0 0 0 0 0 0 0 0 0 0 0 0 0 0 
0 0 0 0 0 0 0 0 0 0 0 0 0 0 0 0 0 0 0 0 0 0 0 0 0 0 0 0 0 0 0 0 0 0 0 0 0 0 0 0 0 0 0 0 0 0 0 0 0 0 0 0 0 0 0 0 0 0 0 0 0 0 0 0 0 0 0 0 0 0 0 0 0 0 0 0 0 0 0 0 0 0 0 0 0 0 0 0 0 0 0 0 0 0 0 0 0 0 0 0 0 0 0 0 0 0 0 0 0 0 0 0 0 0 0 0 0 0 0 0 0 0 0 0 0 0 0 0 0 0 0 0 0 0 0 0 0 0 0 0 0 0 0 0 0 0 0 0 0 0 0 0 0 0 0 0 0 0 0 0 0 0 0 0 0 0 0 0 0 0 0 0 0 0 0 0 0 0 0 0 0 0 0 0 0 0 0 0 0 0 0 0 0 0 0 0 0 0 0 0 0 0 0 0 0 0 0 0 0 0 0 0 0 0 0 0 0 0 0 0 0 0 0 0 0 0 0 0 0 0 0 0 0 0 0 0 0 33 102 133 131 128 127 127 126 126 127 128 128 127 127 126 125 126 126 127 128 127 126 125 125 125 125 123 122 121 121 121 122 121 124 125 122 122 124 125 123 125 122 120 119 120 121 122 123 128 132 131 126 123 127 132 128 123 120 120 120 121 122 121 122 123 122 125 127 127 126 125 131 143 142 127 118 114 113 116 124 130 126 116 108 103 104 104 104 106 107 107 108 111 115 118 121 122 120 119 118 119 120 122 123 125 125 127 131 130 130 131 135 137 137 133 128 125 123 122 119 118 117 117 118 122 127 130 132 134 135 137 139 144 148 151 154 157 159 160 162 162 162 160 158 157 154 152 148 144 141 138 134 130 125 121 118 116 114 115 117 120 123 126 130 134 138 142 145 148 151 153 155 158 158 159 160 160 161 162 161 161 161 161 162 162 162 163 162 163 164 164 166 166 166 168 168 170 170 171 171 171 171 171 172 173 173 173 173 184 87 0 0 0 0 0 0 0 0 0 0 0 0 0 0 0 0 0 0 0 0 0 0 0 0 0 0 0 0 0 0 0 0 0 0 0 0 0 0 0 0 0 0 0 0 0 0 0 0 0 0 0 0 0 0 0 0 0 0 0 0 0 0 0 0 0 0 0 0 0 0 0 0 0 0 0 0 0 0 0 0 0 0 0 0 0 0 0 0 0 0 0 0 
0 0 0 0 0 0 0 0 0 0 0 0 0 0 0 0 0 0 0 0 0 0 0 0 0 0 0 0 0 0 0 0 0 0 0 0 0 0 0 0 0 0 0 0 0 0 0 0 0 0 0 0 0 0 0 0 0 0 0 0 0 0 0 0 0 0 0 0 0 0 0 0 0 0 0 0 0 0 0 0 0 0 0 0 0 0 0 0 0 0 0 0 0 0 0 0 0 0 0 0 0 0 0 0 0 0 0 0 0 0 0 0 0 0 0 0 0 0 0 0 0 0 0 0 0 0 0 0 0 0 0 0 0 0 0 0 0 0 0 0 0 0 0 0 0 0 0 0 0 0 0 0 0 0 0 0 0 0 0 0 0 0 0 0 0 0 0 0 0 0 0 0 0 0 0 0 0 0 0 0 0 0 0 0 0 0 0 0 0 0 0 0 0 0 0 0 0 0 0 0 0 0 0 0 0 0 0 0 0 0 0 0 0 0 0 0 0 0 0 0 0 0 0 0 0 0 0 0 0 0 0 0 0 0 0 0 0 0 0 31 97 133 133 128 127 127 127 128 127 125 124 124 124 124 124 125 126 125 125 125 125 125 124 122 122 121 121 121 121 120 125 125 123 122 124 127 124 125 122 121 121 121 122 126 129 127 131 132 127 122 127 133 131 124 120 119 118 118 119 120 121 122 122 123 126 127 125 124 125 136 143 132 119 113 111 111 116 125 127 121 110 104 103 104 103 104 106 107 107 109 112 116 120 121 120 118 118 118 119 120 122 123 124 126 129 130 129 128 131 134 136 135 129 124 121 120 117 115 114 112 112 115 120 125 129 133 135 137 138 142 146 150 152 154 158 160 160 160 159 157 156 154 151 148 144 141 137 134 129 125 121 117 115 114 114 116 119 123 126 130 134 137 140 144 147 150 153 155 157 158 159 159 159 160 160 160 160 160 161 161 161 161 162 162 162 163 163 166 166 166 167 168 168 169 169 170 171 172 172 172 173 173 173 173 174 168 6 0 0 0 0 0 0 0 0 0 0 0 0 0 0 0 0 0 0 0 0 0 0 0 0 0 0 0 0 0 0 0 0 0 0 0 0 0 0 0 0 0 0 0 0 0 0 0 0 0 0 0 0 0 0 0 0 0 0 0 0 0 0 0 0 0 0 0 0 0 0 0 0 0 0 0 0 0 0 0 0 0 0 0 0 0 0 0 0 0 0 0 0 
0 0 0 0 0 0 0 0 0 0 0 0 0 0 0 0 0 0 0 0 0 0 0 0 0 0 0 0 0 0 0 0 0 0 0 0 0 0 0 0 0 0 0 0 0 0 0 0 0 0 0 0 0 0 0 0 0 0 0 0 0 0 0 0 0 0 0 0 0 0 0 0 0 0 0 0 0 0 0 0 0 0 0 0 0 0 0 0 0 0 0 0 0 0 0 0 0 0 0 0 0 0 0 0 0 0 0 0 0 0 0 0 0 0 0 0 0 0 0 0 0 0 0 0 0 0 0 0 0 0 0 0 0 0 0 0 0 0 0 0 0 0 0 0 0 0 0 0 0 0 0 0 0 0 0 0 0 0 0 0 0 0 0 0 0 0 0 0 0 0 0 0 0 0 0 0 0 0 0 0 0 0 0 0 0 0 0 0 0 0 0 0 0 0 0 0 0 0 0 0 0 0 0 0 0 0 0 0 0 0 0 0 0 0 0 0 0 0 0 0 0 0 0 0 0 0 0 0 0 0 0 0 0 0 0 0 0 0 0 0 0 28 94 133 132 127 126 126 126 125 124 123 122 121 122 123 122 123 124 124 124 125 123 121 121 121 121 121 119 118 123 125 121 121 126 127 127 126 122 120 120 121 123 127 128 127 128 131 127 123 126 133 131 124 119 119 118 117 118 119 119 121 122 121 122 125 125 123 121 127 139 139 124 111 108 107 109 117 125 125 115 106 102 102 103 104 105 106 107 108 110 114 117 119 121 118 117 117 118 119 119 120 122 123 125 128 127 127 128 130 132 135 132 126 121 117 115 113 111 109 108 111 113 118 124 130 135 137 138 141 145 147 150 154 157 157 158 158 157 155 153 150 147 144 140 137 133 130 126 121 117 114 113 113 115 117 121 125 127 133 136 140 142 146 149 152 154 156 157 157 158 158 159 160 160 160 160 160 160 160 161 160 162 162 163 163 164 165 166 166 167 167 169 169 170 170 170 172 172 172 173 174 173 173 184 91 0 0 0 0 0 0 0 0 0 0 0 0 0 0 0 0 0 0 0 0 0 0 0 0 0 0 0 0 0 0 0 0 0 0 0 0 0 0 0 0 0 0 0 0 0 0 0 0 0 0 0 0 0 0 0 0 0 0 0 0 0 0 0 0 0 0 0 0 0 0 0 0 0 0 0 0 0 0 0 0 0 0 0 0 0 0 0 0 0 0 0 0 0 
0 0 0 0 0 0 0 0 0 0 0 0 0 0 0 0 0 0 0 0 0 0 0 0 0 0 0 0 0 0 0 0 0 0 0 0 0 0 0 0 0 0 0 0 0 0 0 0 0 0 0 0 0 0 0 0 0 0 0 0 0 0 0 0 0 0 0 0 0 0 0 0 0 0 0 0 0 0 0 0 0 0 0 0 0 0 0 0 0 0 0 0 0 0 0 0 0 0 0 0 0 0 0 0 0 0 0 0 0 0 0 0 0 0 0 0 0 0 0 0 0 0 0 0 0 0 0 0 0 0 0 0 0 0 0 0 0 0 0 0 0 0 0 0 0 0 0 0 0 0 0 0 0 0 0 0 0 0 0 0 0 0 0 0 0 0 0 0 0 0 0 0 0 0 0 0 0 0 0 0 0 0 0 0 0 0 0 0 0 0 0 0 0 0 0 0 0 0 0 0 0 0 0 0 0 0 0 0 0 0 0 0 0 0 0 0 0 0 0 0 0 0 0 0 0 0 0 0 0 0 0 0 0 0 0 0 0 0 0 0 0 0 0 23 90 130 130 125 126 125 124 124 122 122 121 120 119 121 122 121 123 123 122 121 121 119 120 120 118 120 124 125 121 121 125 127 127 127 123 120 119 120 122 127 130 128 128 131 128 123 124 131 133 125 119 118 118 116 117 117 117 119 120 121 121 123 123 121 119 120 132 141 129 111 106 105 105 109 120 126 121 111 102 101 102 103 103 105 105 106 108 110 112 116 119 117 116 115 116 117 118 118 119 121 121 125 126 126 125 125 127 130 131 128 122 116 113 111 109 107 106 107 109 112 119 125 131 135 139 141 143 144 148 152 154 154 155 156 154 152 149 146 143 139 137 133 130 126 122 118 114 113 113 113 115 119 123 127 131 135 139 142 145 148 151 153 155 156 157 157 157 158 159 160 160 161 160 160 160 160 160 161 162 162 163 164 164 164 165 165 167 167 169 169 169 170 171 172 172 172 173 173 173 174 170 9 0 0 0 0 0 0 0 0 0 0 0 0 0 0 0 0 0 0 0 0 0 0 0 0 0 0 0 0 0 0 0 0 0 0 0 0 0 0 0 0 0 0 0 0 0 0 0 0 0 0 0 0 0 0 0 0 0 0 0 0 0 0 0 0 0 0 0 0 0 0 0 0 0 0 0 0 0 0 0 0 0 0 0 0 0 0 0 0 0 0 0 0 0 
0 0 0 0 0 0 0 0 0 0 0 0 0 0 0 0 0 0 0 0 0 0 0 0 0 0 0 0 0 0 0 0 0 0 0 0 0 0 0 0 0 0 0 0 0 0 0 0 0 0 0 0 0 0 0 0 0 0 0 0 0 0 0 0 0 0 0 0 0 0 0 0 0 0 0 0 0 0 0 0 0 0 0 0 0 0 0 0 0 0 0 0 0 0 0 0 0 0 0 0 0 0 0 0 0 0 0 0 0 0 0 0 0 0 0 0 0 0 0 0 0 0 0 0 0 0 0 0 0 0 0 0 0 0 0 0 0 0 0 0 0 0 0 0 0 0 0 0 0 0 0 0 0 0 0 0 0 0 0 0 0 0 0 0 0 0 0 0 0 0 0 0 0 0 0 0 0 0 0 0 0 0 0 0 0 0 0 0 0 0 0 0 0 0 0 0 0 0 0 0 0 0 0 0 0 0 0 0 0 0 0 0 0 0 0 0 0 0 0 0 0 0 0 0 0 0 0 0 0 0 0 0 0 0 0 0 0 0 0 0 0 0 0 0 0 20 87 128 132 125 124 124 122 122 119 117 117 118 119 119 121 121 119 119 118 119 119 118 117 121 125 123 118 119 125 127 126 126 123 119 119 119 122 127 130 127 127 130 130 124 123 130 134 125 118 116 115 115 116 116 116 117 118 119 118 120 121 120 116 114 125 137 134 116 105 102 100 103 111 121 124 116 106 102 101 102 101 102 103 104 106 109 111 114 117 118 117 115 114 115 116 116 117 119 119 121 125 126 124 122 123 126 130 129 123 118 113 110 107 105 105 105 108 109 113 120 126 132 137 140 143 144 147 150 152 152 153 153 151 148 145 143 140 136 133 130 126 123 118 114 112 111 113 115 118 122 126 129 133 137 141 144 146 149 152 153 155 156 156 156 156 158 158 159 160 160 160 160 160 160 160 161 162 161 162 163 164 165 165 166 168 169 169 169 170 171 171 171 172 174 173 173 173 183 97 0 0 0 0 0 0 0 0 0 0 0 0 0 0 0 0 0 0 0 0 0 0 0 0 0 0 0 0 0 0 0 0 0 0 0 0 0 0 0 0 0 0 0 0 0 0 0 0 0 0 0 0 0 0 0 0 0 0 0 0 0 0 0 0 0 0 0 0 0 0 0 0 0 0 0 0 0 0 0 0 0 0 0 0 0 0 0 0 0 0 0 0 0 0 
0 0 0 0 0 0 0 0 0 0 0 0 0 0 0 0 0 0 0 0 0 0 0 0 0 0 0 0 0 0 0 0 0 0 0 0 0 0 0 0 0 0 0 0 0 0 0 0 0 0 0 0 0 0 0 0 0 0 0 0 0 0 0 0 0 0 0 0 0 0 0 0 0 0 0 0 0 0 0 0 0 0 0 0 0 0 0 0 0 0 0 0 0 0 0 0 0 0 0 0 0 0 0 0 0 0 0 0 0 0 0 0 0 0 0 0 0 0 0 0 0 0 0 0 0 0 0 0 0 0 0 0 0 0 0 0 0 0 0 0 0 0 0 0 0 0 0 0 0 0 0 0 0 0 0 0 0 0 0 0 0 0 0 0 0 0 0 0 0 0 0 0 0 0 0 0 0 0 0 0 0 0 0 0 0 0 0 0 0 0 0 0 0 0 0 0 0 0 0 0 0 0 0 0 0 0 0 0 0 0 0 0 0 0 0 0 0 0 0 0 0 0 0 0 0 0 0 0 0 0 0 0 0 0 0 0 0 0 0 0 0 0 0 0 0 0 0 19 84 128 130 123 123 122 119 117 118 117 116 117 117 116 115 114 114 116 117 116 117 121 123 121 116 117 124 127 126 125 122 119 118 118 120 125 129 127 126 130 131 124 121 127 131 127 119 114 113 113 113 113 114 115 115 117 117 118 120 120 116 112 116 129 137 124 106 101 98 98 103 114 122 121 113 105 100 101 102 102 104 105 106 108 110 113 115 117 118 116 115 114 115 116 117 118 119 120 124 126 124 121 121 122 125 128 127 120 114 109 106 104 104 103 106 108 110 114 120 127 133 138 141 143 146 148 148 149 150 150 147 144 142 140 137 133 129 125 122 118 115 112 110 111 113 116 119 125 129 132 136 139 142 145 148 149 152 152 153 155 155 156 156 156 157 158 159 160 160 160 159 160 160 161 162 162 163 164 165 166 166 167 168 169 168 169 171 171 171 171 171 172 173 172 173 173 12 0 0 0 0 0 0 0 0 0 0 0 0 0 0 0 0 0 0 0 0 0 0 0 0 0 0 0 0 0 0 0 0 0 0 0 0 0 0 0 0 0 0 0 0 0 0 0 0 0 0 0 0 0 0 0 0 0 0 0 0 0 0 0 0 0 0 0 0 0 0 0 0 0 0 0 0 0 0 0 0 0 0 0 0 0 0 0 0 0 0 0 0 0 0 
0 0 0 0 0 0 0 0 0 0 0 0 0 0 0 0 0 0 0 0 0 0 0 0 0 0 0 0 0 0 0 0 0 0 0 0 0 0 0 0 0 0 0 0 0 0 0 0 0 0 0 0 0 0 0 0 0 0 0 0 0 0 0 0 0 0 0 0 0 0 0 0 0 0 0 0 0 0 0 0 0 0 0 0 0 0 0 0 0 0 0 0 0 0 0 0 0 0 0 0 0 0 0 0 0 0 0 0 0 0 0 0 0 0 0 0 0 0 0 0 0 0 0 0 0 0 0 0 0 0 0 0 0 0 0 0 0 0 0 0 0 0 0 0 0 0 0 0 0 0 0 0 0 0 0 0 0 0 0 0 0 0 0 0 0 0 0 0 0 0 0 0 0 0 0 0 0 0 0 0 0 0 0 0 0 0 0 0 0 0 0 0 0 0 0 0 0 0 0 0 0 0 0 0 0 0 0 0 0 0 0 0 0 0 0 0 0 0 0 0 0 0 0 0 0 0 0 0 0 0 0 0 0 0 0 0 0 0 0 0 0 0 0 0 0 0 0 0 0 16 78 128 132 122 119 118 117 116 115 115 114 112 111 110 110 111 113 114 115 119 122 116 112 116 123 126 125 125 120 116 116 116 117 123 128 126 125 128 130 126 121 124 131 128 119 113 111 112 110 109 111 111 113 115 116 116 116 118 116 112 110 121 136 132 110 100 99 98 100 107 117 124 121 110 103 103 104 104 104 106 107 107 109 111 114 116 118 118 116 115 116 117 118 119 120 121 122 125 125 121 121 120 121 125 127 124 117 111 106 105 103 103 104 106 109 112 116 121 127 134 138 142 143 144 144 145 147 146 143 142 139 136 133 130 126 122 118 114 112 110 109 111 114 118 122 127 130 133 137 141 143 144 147 150 152 152 152 154 154 155 155 156 156 157 157 159 159 161 160 161 162 162 163 164 164 164 165 166 165 167 168 169 169 170 171 171 171 171 171 172 174 174 182 100 0 0 0 0 0 0 0 0 0 0 0 0 0 0 0 0 0 0 0 0 0 0 0 0 0 0 0 0 0 0 0 0 0 0 0 0 0 0 0 0 0 0 0 0 0 0 0 0 0 0 0 0 0 0 0 0 0 0 0 0 0 0 0 0 0 0 0 0 0 0 0 0 0 0 0 0 0 0 0 0 0 0 0 0 0 0 0 0 0 0 0 0 0 0 0 
0 0 0 0 0 0 0 0 0 0 0 0 0 0 0 0 0 0 0 0 0 0 0 0 0 0 0 0 0 0 0 0 0 0 0 0 0 0 0 0 0 0 0 0 0 0 0 0 0 0 0 0 0 0 0 0 0 0 0 0 0 0 0 0 0 0 0 0 0 0 0 0 0 0 0 0 0 0 0 0 0 0 0 0 0 0 0 0 0 0 0 0 0 0 0 0 0 0 0 0 0 0 0 0 0 0 0 0 0 0 0 0 0 0 0 0 0 0 0 0 0 0 0 0 0 0 0 0 0 0 0 0 0 0 0 0 0 0 0 0 0 0 0 0 0 0 0 0 0 0 0 0 0 0 0 0 0 0 0 0 0 0 0 0 0 0 0 0 0 0 0 0 0 0 0 0 0 0 0 0 0 0 0 0 0 0 0 0 0 0 0 0 0 0 0 0 0 0 0 0 0 0 0 0 0 0 0 0 0 0 0 0 0 0 0 0 0 0 0 0 0 0 0 0 0 0 0 0 0 0 0 0 0 0 0 0 0 0 0 0 0 0 0 0 0 0 0 0 0 0 0 13 76 123 126 118 117 116 116 115 113 111 110 108 107 107 109 110 112 118 119 112 109 113 120 123 124 123 118 114 114 115 117 122 129 129 124 127 130 127 121 121 130 129 118 112 111 109 108 108 109 109 112 113 114 113 114 117 116 112 109 115 130 137 119 102 101 100 100 104 113 122 124 117 108 106 106 106 107 109 109 110 112 113 114 118 119 118 117 117 118 119 120 119 122 122 123 126 127 124 122 120 119 120 123 127 122 114 109 106 103 104 104 106 107 110 114 117 122 128 135 140 142 142 141 142 143 141 139 139 136 133 129 126 123 120 116 112 109 109 110 113 117 120 124 128 131 134 137 140 143 145 147 150 151 151 152 153 153 154 155 156 156 158 158 159 160 160 160 161 162 163 162 164 165 165 166 166 166 168 168 169 170 171 171 171 171 172 172 172 172 174 177 15 0 0 0 0 0 0 0 0 0 0 0 0 0 0 0 0 0 0 0 0 0 0 0 0 0 0 0 0 0 0 0 0 0 0 0 0 0 0 0 0 0 0 0 0 0 0 0 0 0 0 0 0 0 0 0 0 0 0 0 0 0 0 0 0 0 0 0 0 0 0 0 0 0 0 0 0 0 0 0 0 0 0 0 0 0 0 0 0 0 0 0 0 0 0 0 
0 0 0 0 0 0 0 0 0 0 0 0 0 0 0 0 0 0 0 0 0 0 0 0 0 0 0 0 0 0 0 0 0 0 0 0 0 0 0 0 0 0 0 0 0 0 0 0 0 0 0 0 0 0 0 0 0 0 0 0 0 0 0 0 0 0 0 0 0 0 0 0 0 0 0 0 0 0 0 0 0 0 0 0 0 0 0 0 0 0 0 0 0 0 0 0 0 0 0 0 0 0 0 0 0 0 0 0 0 0 0 0 0 0 0 0 0 0 0 0 0 0 0 0 0 0 0 0 0 0 0 0 0 0 0 0 0 0 0 0 0 0 0 0 0 0 0 0 0 0 0 0 0 0 0 0 0 0 0 0 0 0 0 0 0 0 0 0 0 0 0 0 0 0 0 0 0 0 0 0 0 0 0 0 0 0 0 0 0 0 0 0 0 0 0 0 0 0 0 0 0 0 0 0 0 0 0 0 0 0 0 0 0 0 0 0 0 0 0 0 0 0 0 0 0 0 0 0 0 0 0 0 0 0 0 0 0 0 0 0 0 0 0 0 0 0 0 0 0 0 0 0 0 10 70 118 125 117 117 116 113 112 109 107 105 105 107 107 108 116 114 108 105 106 115 121 121 123 116 114 112 114 115 120 128 129 123 124 127 127 120 119 126 129 120 111 110 108 109 109 108 110 111 112 114 113 113 117 117 114 110 111 123 136 130 110 102 102 101 104 110 118 125 124 116 110 108 109 111 111 112 113 114 115 116 119 120 120 119 120 120 121 122 121 123 124 124 125 129 127 123 122 121 120 122 127 126 120 112 107 105 104 104 105 107 109 112 115 120 124 130 136 139 140 139 139 139 136 135 135 133 130 126 122 120 116 114 111 109 109 110 114 119 122 126 129 132 135 136 140 143 145 147 149 150 151 152 154 153 154 155 157 157 158 158 159 160 160 161 161 162 163 164 164 164 165 165 165 168 169 169 170 171 171 171 171 171 172 173 172 172 182 105 0 0 0 0 0 0 0 0 0 0 0 0 0 0 0 0 0 0 0 0 0 0 0 0 0 0 0 0 0 0 0 0 0 0 0 0 0 0 0 0 0 0 0 0 0 0 0 0 0 0 0 0 0 0 0 0 0 0 0 0 0 0 0 0 0 0 0 0 0 0 0 0 0 0 0 0 0 0 0 0 0 0 0 0 0 0 0 0 0 0 0 0 0 0 0 0 
0 0 0 0 0 0 0 0 0 0 0 0 0 0 0 0 0 0 0 0 0 0 0 0 0 0 0 0 0 0 0 0 0 0 0 0 0 0 0 0 0 0 0 0 0 0 0 0 0 0 0 0 0 0 0 0 0 0 0 0 0 0 0 0 0 0 0 0 0 0 0 0 0 0 0 0 0 0 0 0 0 0 0 0 0 0 0 0 0 0 0 0 0 0 0 0 0 0 0 0 0 0 0 0 0 0 0 0 0 0 0 0 0 0 0 0 0 0 0 0 0 0 0 0 0 0 0 0 0 0 0 0 0 0 0 0 0 0 0 0 0 0 0 0 0 0 0 0 0 0 0 0 0 0 0 0 0 0 0 0 0 0 0 0 0 0 0 0 0 0 0 0 0 0 0 0 0 0 0 0 0 0 0 0 0 0 0 0 0 0 0 0 0 0 0 0 0 0 0 0 0 0 0 0 0 0 0 0 0 0 0 0 0 0 0 0 0 0 0 0 0 0 0 0 0 0 0 0 0 0 0 0 0 0 0 0 0 0 0 0 0 0 0 0 0 0 0 0 0 0 0 0 0 0 0 8 65 115 125 118 114 112 110 109 107 106 106 105 108 114 112 103 102 104 114 119 121 122 116 112 111 113 113 118 127 128 123 123 126 126 120 116 123 129 123 112 109 109 109 108 108 110 110 113 114 114 115 117 118 116 113 111 118 132 133 117 108 106 106 109 110 116 124 127 123 115 111 112 114 114 115 116 117 118 119 121 123 124 124 123 123 124 125 125 126 127 128 128 130 130 128 126 125 124 125 126 127 126 118 112 108 105 105 104 105 108 111 115 119 122 126 130 133 135 137 135 133 132 131 130 128 125 123 120 117 114 111 109 109 110 111 116 120 123 127 130 132 134 136 140 143 145 146 148 150 151 152 153 153 154 156 157 157 158 160 160 161 161 162 162 163 163 164 166 166 166 166 167 169 170 170 170 171 171 171 172 172 172 172 173 173 175 19 0 0 0 0 0 0 0 0 0 0 0 0 0 0 0 0 0 0 0 0 0 0 0 0 0 0 0 0 0 0 0 0 0 0 0 0 0 0 0 0 0 0 0 0 0 0 0 0 0 0 0 0 0 0 0 0 0 0 0 0 0 0 0 0 0 0 0 0 0 0 0 0 0 0 0 0 0 0 0 0 0 0 0 0 0 0 0 0 0 0 0 0 0 0 0 0 
0 0 0 0 0 0 0 0 0 0 0 0 0 0 0 0 0 0 0 0 0 0 0 0 0 0 0 0 0 0 0 0 0 0 0 0 0 0 0 0 0 0 0 0 0 0 0 0 0 0 0 0 0 0 0 0 0 0 0 0 0 0 0 0 0 0 0 0 0 0 0 0 0 0 0 0 0 0 0 0 0 0 0 0 0 0 0 0 0 0 0 0 0 0 0 0 0 0 0 0 0 0 0 0 0 0 0 0 0 0 0 0 0 0 0 0 0 0 0 0 0 0 0 0 0 0 0 0 0 0 0 0 0 0 0 0 0 0 0 0 0 0 0 0 0 0 0 0 0 0 0 0 0 0 0 0 0 0 0 0 0 0 0 0 0 0 0 0 0 0 0 0 0 0 0 0 0 0 0 0 0 0 0 0 0 0 0 0 0 0 0 0 0 0 0 0 0 0 0 0 0 0 0 0 0 0 0 0 0 0 0 0 0 0 0 0 0 0 0 0 0 0 0 0 0 0 0 0 0 0 0 0 0 0 0 0 0 0 0 0 0 0 0 0 0 0 0 0 0 0 0 0 0 0 0 0 0 6 62 113 122 114 113 111 109 107 106 106 110 116 107 99 99 102 111 118 120 120 115 110 111 112 112 116 124 128 124 122 126 127 122 117 122 130 126 114 109 110 109 110 110 110 111 113 114 114 115 118 119 119 117 114 117 127 134 124 114 112 112 112 114 117 123 129 129 123 118 117 117 118 119 120 121 122 123 125 126 127 128 127 127 128 128 129 130 131 132 132 132 134 133 132 131 129 128 127 128 131 125 118 112 108 107 106 106 108 110 113 116 120 122 125 127 131 133 132 131 129 128 127 124 121 120 118 114 111 110 109 110 111 114 118 121 124 128 129 132 133 135 139 142 145 147 148 150 150 151 152 154 155 156 157 158 159 160 161 162 163 163 164 165 165 165 166 167 168 167 168 171 171 171 171 171 170 171 172 172 172 172 173 182 111 0 0 0 0 0 0 0 0 0 0 0 0 0 0 0 0 0 0 0 0 0 0 0 0 0 0 0 0 0 0 0 0 0 0 0 0 0 0 0 0 0 0 0 0 0 0 0 0 0 0 0 0 0 0 0 0 0 0 0 0 0 0 0 0 0 0 0 0 0 0 0 0 0 0 0 0 0 0 0 0 0 0 0 0 0 0 0 0 0 0 0 0 0 0 0 0 0 
0 0 0 0 0 0 0 0 0 0 0 0 0 0 0 0 0 0 0 0 0 0 0 0 0 0 0 0 0 0 0 0 0 0 0 0 0 0 0 0 0 0 0 0 0 0 0 0 0 0 0 0 0 0 0 0 0 0 0 0 0 0 0 0 0 0 0 0 0 0 0 0 0 0 0 0 0 0 0 0 0 0 0 0 0 0 0 0 0 0 0 0 0 0 0 0 0 0 0 0 0 0 0 0 0 0 0 0 0 0 0 0 0 0 0 0 0 0 0 0 0 0 0 0 0 0 0 0 0 0 0 0 0 0 0 0 0 0 0 0 0 0 0 0 0 0 0 0 0 0 0 0 0 0 0 0 0 0 0 0 0 0 0 0 0 0 0 0 0 0 0 0 0 0 0 0 0 0 0 0 0 0 0 0 0 0 0 0 0 0 0 0 0 0 0 0 0 0 0 0 0 0 0 0 0 0 0 0 0 0 0 0 0 0 0 0 0 0 0 0 0 0 0 0 0 0 0 0 0 0 0 0 0 0 0 0 0 0 0 0 0 0 0 0 0 0 0 0 0 0 0 0 0 0 0 0 0 0 0 5 58 111 123 115 111 109 108 109 114 115 106 100 98 101 110 117 120 119 113 111 111 111 110 115 123 128 125 122 125 127 124 118 122 129 128 118 111 111 112 114 114 113 114 115 117 119 119 121 121 121 120 117 117 123 131 130 123 119 117 117 117 121 123 129 133 131 125 123 123 123 124 124 125 126 127 128 130 131 132 132 131 133 133 133 134 135 136 136 136 138 137 137 135 133 131 130 130 129 128 125 118 111 109 108 108 109 109 111 114 117 119 121 122 126 128 129 127 125 124 124 121 118 117 115 113 111 110 110 110 113 118 120 123 125 127 129 131 134 137 139 142 144 148 149 150 150 152 154 155 155 156 157 158 160 161 163 164 164 164 165 166 167 167 167 167 168 168 169 169 170 170 171 171 171 171 172 172 172 173 172 177 22 0 0 0 0 0 0 0 0 0 0 0 0 0 0 0 0 0 0 0 0 0 0 0 0 0 0 0 0 0 0 0 0 0 0 0 0 0 0 0 0 0 0 0 0 0 0 0 0 0 0 0 0 0 0 0 0 0 0 0 0 0 0 0 0 0 0 0 0 0 0 0 0 0 0 0 0 0 0 0 0 0 0 0 0 0 0 0 0 0 0 0 0 0 0 0 0 0 
0 0 0 0 0 0 0 0 0 0 0 0 0 0 0 0 0 0 0 0 0 0 0 0 0 0 0 0 0 0 0 0 0 0 0 0 0 0 0 0 0 0 0 0 0 0 0 0 0 0 0 0 0 0 0 0 0 0 0 0 0 0 0 0 0 0 0 0 0 0 0 0 0 0 0 0 0 0 0 0 0 0 0 0 0 0 0 0 0 0 0 0 0 0 0 0 0 0 0 0 0 0 0 0 0 0 0 0 0 0 0 0 0 0 0 0 0 0 0 0 0 0 0 0 0 0 0 0 0 0 0 0 0 0 0 0 0 0 0 0 0 0 0 0 0 0 0 0 0 0 0 0 0 0 0 0 0 0 0 0 0 0 0 0 0 0 0 0 0 0 0 0 0 0 0 0 0 0 0 0 0 0 0 0 0 0 0 0 0 0 0 0 0 0 0 0 0 0 0 0 0 0 0 0 0 0 0 0 0 0 0 0 0 0 0 0 0 0 0 0 0 0 0 0 0 0 0 0 0 0 0 0 0 0 0 0 0 0 0 0 0 0 0 0 0 0 0 0 0 0 0 0 0 0 0 0 0 0 0 0 0 4 55 108 121 114 111 112 116 111 103 100 99 101 111 116 118 118 113 110 111 112 111 114 122 127 124 123 124 127 125 120 122 130 131 123 116 115 117 117 117 118 119 119 120 122 122 123 125 125 124 123 122 122 130 134 133 126 123 123 123 125 127 132 137 137 133 129 129 129 130 129 130 131 132 133 134 136 137 137 137 137 138 139 140 141 141 140 141 141 142 141 139 137 136 134 131 130 130 130 125 116 111 110 108 108 108 110 111 113 115 117 119 121 123 123 124 123 121 118 117 116 115 113 111 110 111 111 112 116 120 122 125 126 127 130 131 135 137 141 143 145 148 148 150 151 154 155 156 157 158 159 159 161 163 164 165 165 165 166 167 167 168 168 168 169 169 169 170 171 170 171 171 172 172 172 173 174 173 181 116 0 0 0 0 0 0 0 0 0 0 0 0 0 0 0 0 0 0 0 0 0 0 0 0 0 0 0 0 0 0 0 0 0 0 0 0 0 0 0 0 0 0 0 0 0 0 0 0 0 0 0 0 0 0 0 0 0 0 0 0 0 0 0 0 0 0 0 0 0 0 0 0 0 0 0 0 0 0 0 0 0 0 0 0 0 0 0 0 0 0 0 0 0 0 0 0 0 0 
0 0 0 0 0 0 0 0 0 0 0 0 0 0 0 0 0 0 0 0 0 0 0 0 0 0 0 0 0 0 0 0 0 0 0 0 0 0 0 0 0 0 0 0 0 0 0 0 0 0 0 0 0 0 0 0 0 0 0 0 0 0 0 0 0 0 0 0 0 0 0 0 0 0 0 0 0 0 0 0 0 0 0 0 0 0 0 0 0 0 0 0 0 0 0 0 0 0 0 0 0 0 0 0 0 0 0 0 0 0 0 0 0 0 0 0 0 0 0 0 0 0 0 0 0 0 0 0 0 0 0 0 0 0 0 0 0 0 0 0 0 0 0 0 0 0 0 0 0 0 0 0 0 0 0 0 0 0 0 0 0 0 0 0 0 0 0 0 0 0 0 0 0 0 0 0 0 0 0 0 0 0 0 0 0 0 0 0 0 0 0 0 0 0 0 0 0 0 0 0 0 0 0 0 0 0 0 0 0 0 0 0 0 0 0 0 0 0 0 0 0 0 0 0 0 0 0 0 0 0 0 0 0 0 0 0 0 0 0 0 0 0 0 0 0 0 0 0 0 0 0 0 0 0 0 0 0 0 0 0 0 0 0 1 51 106 120 116 117 111 104 101 101 102 110 116 118 119 114 109 111 112 112 116 123 127 126 124 125 128 129 123 124 130 133 128 121 120 121 121 123 124 123 123 123 126 127 128 128 129 129 128 126 127 131 136 139 134 130 129 130 129 131 134 138 141 139 136 135 136 136 135 136 137 137 138 140 141 141 142 142 142 142 143 144 145 145 145 146 146 147 145 142 141 141 137 133 131 130 130 130 123 116 113 110 107 107 107 108 110 112 114 116 117 117 118 120 120 119 116 114 113 113 112 111 111 111 111 115 118 121 123 125 127 129 130 133 135 138 141 143 146 148 150 151 152 154 155 156 158 159 160 162 163 164 165 166 167 167 167 168 169 169 169 169 170 170 170 172 171 171 172 172 172 173 173 173 172 174 180 25 0 0 0 0 0 0 0 0 0 0 0 0 0 0 0 0 0 0 0 0 0 0 0 0 0 0 0 0 0 0 0 0 0 0 0 0 0 0 0 0 0 0 0 0 0 0 0 0 0 0 0 0 0 0 0 0 0 0 0 0 0 0 0 0 0 0 0 0 0 0 0 0 0 0 0 0 0 0 0 0 0 0 0 0 0 0 0 0 0 0 0 0 0 0 0 0 0 0 
0 0 0 0 0 0 0 0 0 0 0 0 0 0 0 0 0 0 0 0 0 0 0 0 0 0 0 0 0 0 0 0 0 0 0 0 0 0 0 0 0 0 0 0 0 0 0 0 0 0 0 0 0 0 0 0 0 0 0 0 0 0 0 0 0 0 0 0 0 0 0 0 0 0 0 0 0 0 0 0 0 0 0 0 0 0 0 0 0 0 0 0 0 0 0 0 0 0 0 0 0 0 0 0 0 0 0 0 0 0 0 0 0 0 0 0 0 0 0 0 0 0 0 0 0 0 0 0 0 0 0 0 0 0 0 0 0 0 0 0 0 0 0 0 0 0 0 0 0 0 0 0 0 0 0 0 0 0 0 0 0 0 0 0 0 0 0 0 0 0 0 0 0 0 0 0 0 0 0 0 0 0 0 0 0 0 0 0 0 0 0 0 0 0 0 0 0 0 0 0 0 0 0 0 0 0 0 0 0 0 0 0 0 0 0 0 0 0 0 0 0 0 0 0 0 0 0 0 0 0 0 0 0 0 0 0 0 0 0 0 0 0 0 0 0 0 0 0 0 0 0 0 0 0 0 0 0 0 0 0 0 0 0 0 0 0 48 106 124 112 105 103 102 103 112 118 121 118 113 112 113 113 115 118 123 128 128 125 126 130 130 127 127 131 136 130 127 127 126 126 127 129 128 129 129 130 131 132 132 133 133 132 131 133 134 138 143 141 136 135 136 135 137 138 142 145 144 142 142 141 141 141 143 143 143 143 145 146 146 146 146 147 148 148 148 149 150 150 150 150 150 149 146 144 143 141 137 134 131 129 130 129 122 114 110 107 106 106 107 107 107 109 111 112 113 114 116 118 117 115 113 112 111 110 111 112 112 114 117 120 122 124 126 128 130 131 134 137 139 142 144 146 149 151 151 152 154 155 157 159 160 162 164 163 165 166 167 168 168 168 169 170 170 170 170 171 171 171 172 172 172 172 172 172 173 173 173 173 181 121 0 0 0 0 0 0 0 0 0 0 0 0 0 0 0 0 0 0 0 0 0 0 0 0 0 0 0 0 0 0 0 0 0 0 0 0 0 0 0 0 0 0 0 0 0 0 0 0 0 0 0 0 0 0 0 0 0 0 0 0 0 0 0 0 0 0 0 0 0 0 0 0 0 0 0 0 0 0 0 0 0 0 0 0 0 0 0 0 0 0 0 0 0 0 0 0 0 0 0 
0 0 0 0 0 0 0 0 0 0 0 0 0 0 0 0 0 0 0 0 0 0 0 0 0 0 0 0 0 0 0 0 0 0 0 0 0 0 0 0 0 0 0 0 0 0 0 0 0 0 0 0 0 0 0 0 0 0 0 0 0 0 0 0 0 0 0 0 0 0 0 0 0 0 0 0 0 0 0 0 0 0 0 0 0 0 0 0 0 0 0 0 0 0 0 0 0 0 0 0 0 0 0 0 0 0 0 0 0 0 0 0 0 0 0 0 0 0 0 0 0 0 0 0 0 0 0 0 0 0 0 0 0 0 0 0 0 0 0 0 0 0 0 0 0 0 0 0 0 0 0 0 0 0 0 0 0 0 0 0 0 0 0 0 0 0 0 0 0 0 0 0 0 0 0 0 0 0 0 0 0 0 0 0 0 0 0 0 0 0 0 0 0 0 0 0 0 0 0 0 0 0 0 0 0 0 0 0 0 0 0 0 0 0 0 0 0 0 0 0 0 0 0 0 0 0 0 0 0 0 0 0 0 0 0 0 0 0 0 0 0 0 0 0 0 0 0 0 0 0 0 0 0 0 0 0 0 0 0 0 0 0 0 0 0 0 0 0 46 97 114 105 104 108 116 119 120 119 115 115 115 117 118 120 123 128 130 129 129 132 134 131 131 134 136 135 133 132 131 131 132 134 134 135 135 135 136 137 137 139 138 137 137 138 139 141 145 146 143 142 141 142 143 144 146 148 149 148 148 146 147 147 148 149 149 150 151 151 151 151 150 150 152 153 153 153 154 153 153 153 153 152 151 147 146 144 141 137 134 131 129 129 127 119 112 107 106 106 106 104 104 105 106 107 109 110 112 114 114 114 113 110 110 111 111 112 113 117 119 122 124 125 127 128 131 133 135 138 141 143 145 147 150 152 153 153 155 157 158 158 161 163 164 165 166 166 168 168 169 169 170 170 170 170 171 171 172 171 171 172 173 172 172 172 173 173 173 173 183 28 0 0 0 0 0 0 0 0 0 0 0 0 0 0 0 0 0 0 0 0 0 0 0 0 0 0 0 0 0 0 0 0 0 0 0 0 0 0 0 0 0 0 0 0 0 0 0 0 0 0 0 0 0 0 0 0 0 0 0 0 0 0 0 0 0 0 0 0 0 0 0 0 0 0 0 0 0 0 0 0 0 0 0 0 0 0 0 0 0 0 0 0 0 0 0 0 0 0 0 
0 0 0 0 0 0 0 0 0 0 0 0 0 0 0 0 0 0 0 0 0 0 0 0 0 0 0 0 0 0 0 0 0 0 0 0 0 0 0 0 0 0 0 0 0 0 0 0 0 0 0 0 0 0 0 0 0 0 0 0 0 0 0 0 0 0 0 0 0 0 0 0 0 0 0 0 0 0 0 0 0 0 0 0 0 0 0 0 0 0 0 0 0 0 0 0 0 0 0 0 0 0 0 0 0 0 0 0 0 0 0 0 0 0 0 0 0 0 0 0 0 0 0 0 0 0 0 0 0 0 0 0 0 0 0 0 0 0 0 0 0 0 0 0 0 0 0 0 0 0 0 0 0 0 0 0 0 0 0 0 0 0 0 0 0 0 0 0 0 0 0 0 0 0 0 0 0 0 0 0 0 0 0 0 0 0 0 0 0 0 0 0 0 0 0 0 0 0 0 0 0 0 0 0 0 0 0 0 0 0 0 0 0 0 0 0 0 0 0 0 0 0 0 0 0 0 0 0 0 0 0 0 0 0 0 0 0 0 0 0 0 0 0 0 0 0 0 0 0 0 0 0 0 0 0 0 0 0 0 0 0 0 0 0 0 0 0 0 0 0 38 91 114 113 119 121 122 121 117 116 117 120 122 124 125 131 135 133 132 133 136 135 134 136 139 139 137 136 137 138 139 140 139 140 142 142 142 142 143 144 144 142 142 143 145 146 148 150 150 148 149 149 149 150 150 152 152 153 153 152 153 153 153 153 155 156 156 156 156 155 154 153 155 156 156 158 158 157 156 156 156 154 153 150 149 146 143 140 136 132 128 128 128 123 115 109 105 103 101 100 102 102 103 103 104 106 109 110 112 113 113 111 111 110 112 114 116 119 122 124 127 128 129 130 133 135 137 140 142 144 146 147 150 151 153 154 156 157 158 159 162 164 165 167 166 167 169 169 169 170 171 170 170 171 171 171 171 171 172 172 173 172 172 173 173 173 173 181 123 0 0 0 0 0 0 0 0 0 0 0 0 0 0 0 0 0 0 0 0 0 0 0 0 0 0 0 0 0 0 0 0 0 0 0 0 0 0 0 0 0 0 0 0 0 0 0 0 0 0 0 0 0 0 0 0 0 0 0 0 0 0 0 0 0 0 0 0 0 0 0 0 0 0 0 0 0 0 0 0 0 0 0 0 0 0 0 0 0 0 0 0 0 0 0 0 0 0 0 0 
0 0 0 0 0 0 0 0 0 0 0 0 0 0 0 0 0 0 0 0 0 0 0 0 0 0 0 0 0 0 0 0 0 0 0 0 0 0 0 0 0 0 0 0 0 0 0 0 0 0 0 0 0 0 0 0 0 0 0 0 0 0 0 0 0 0 0 0 0 0 0 0 0 0 0 0 0 0 0 0 0 0 0 0 0 0 0 0 0 0 0 0 0 0 0 0 0 0 0 0 0 0 0 0 0 0 0 0 0 0 0 0 0 0 0 0 0 0 0 0 0 0 0 0 0 0 0 0 0 0 0 0 0 0 0 0 0 0 0 0 0 0 0 0 0 0 0 0 0 0 0 0 0 0 0 0 0 0 0 0 0 0 0 0 0 0 0 0 0 0 0 0 0 0 0 0 0 0 0 0 0 0 0 0 0 0 0 0 0 0 0 0 0 0 0 0 0 0 0 0 0 0 0 0 0 0 0 0 0 0 0 0 0 0 0 0 0 0 0 0 0 0 0 0 0 0 0 0 0 0 0 0 0 0 0 0 0 0 0 0 0 0 0 0 0 0 0 0 0 0 0 0 0 0 0 0 0 0 0 0 0 0 0 0 0 0 0 0 0 0 0 0 35 98 128 126 124 122 119 119 120 123 126 127 129 135 138 136 135 137 139 139 138 140 143 144 142 141 143 144 144 145 145 147 148 147 147 148 149 149 148 147 148 149 150 151 152 153 153 154 154 155 155 155 156 157 157 157 156 157 158 158 158 159 159 159 160 161 160 160 159 159 160 160 161 161 161 160 160 159 158 157 155 151 150 149 146 143 138 133 130 127 126 125 120 112 105 102 98 98 99 99 99 99 100 103 106 108 110 112 112 112 112 112 114 117 118 122 123 126 127 128 130 132 134 136 139 141 143 145 147 149 150 152 154 155 157 158 159 161 163 165 166 167 168 168 169 169 169 170 171 171 171 171 171 171 171 171 172 172 172 172 172 173 173 174 174 182 34 0 0 0 0 0 0 0 0 0 0 0 0 0 0 0 0 0 0 0 0 0 0 0 0 0 0 0 0 0 0 0 0 0 0 0 0 0 0 0 0 0 0 0 0 0 0 0 0 0 0 0 0 0 0 0 0 0 0 0 0 0 0 0 0 0 0 0 0 0 0 0 0 0 0 0 0 0 0 0 0 0 0 0 0 0 0 0 0 0 0 0 0 0 0 0 0 0 0 0 0 
0 0 0 0 0 0 0 0 0 0 0 0 0 0 0 0 0 0 0 0 0 0 0 0 0 0 0 0 0 0 0 0 0 0 0 0 0 0 0 0 0 0 0 0 0 0 0 0 0 0 0 0 0 0 0 0 0 0 0 0 0 0 0 0 0 0 0 0 0 0 0 0 0 0 0 0 0 0 0 0 0 0 0 0 0 0 0 0 0 0 0 0 0 0 0 0 0 0 0 0 0 0 0 0 0 0 0 0 0 0 0 0 0 0 0 0 0 0 0 0 0 0 0 0 0 0 0 0 0 0 0 0 0 0 0 0 0 0 0 0 0 0 0 0 0 0 0 0 0 0 0 0 0 0 0 0 0 0 0 0 0 0 0 0 0 0 0 0 0 0 0 0 0 0 0 0 0 0 0 0 0 0 0 0 0 0 0 0 0 0 0 0 0 0 0 0 0 0 0 0 0 0 0 0 0 0 0 0 0 0 0 0 0 0 0 0 0 0 0 0 0 0 0 0 0 0 0 0 0 0 0 0 0 0 0 0 0 0 0 0 0 0 0 0 0 0 0 0 0 0 0 0 0 0 0 0 0 0 0 0 0 0 0 0 0 0 0 0 0 0 0 0 0 0 38 104 133 128 123 123 125 127 130 131 134 138 141 140 139 140 141 142 143 145 145 147 147 147 148 149 150 150 151 151 152 152 152 153 153 153 153 152 152 154 155 156 156 156 156 157 158 160 160 159 161 161 162 160 159 159 161 162 163 164 163 162 163 164 164 163 162 163 163 163 164 164 163 163 162 161 160 160 157 155 152 149 147 144 140 134 130 126 122 122 120 115 106 101 97 97 96 97 96 95 97 100 102 104 107 111 113 114 113 115 118 119 121 124 126 128 127 129 131 134 134 137 140 142 143 145 148 149 151 153 155 156 158 160 160 162 164 165 166 168 168 168 169 170 170 171 170 171 172 171 172 171 171 172 172 172 172 172 172 173 174 174 181 128 0 0 0 0 0 0 0 0 0 0 0 0 0 0 0 0 0 0 0 0 0 0 0 0 0 0 0 0 0 0 0 0 0 0 0 0 0 0 0 0 0 0 0 0 0 0 0 0 0 0 0 0 0 0 0 0 0 0 0 0 0 0 0 0 0 0 0 0 0 0 0 0 0 0 0 0 0 0 0 0 0 0 0 0 0 0 0 0 0 0 0 0 0 0 0 0 0 0 0 0 0 
0 0 0 0 0 0 0 0 0 0 0 0 0 0 0 0 0 0 0 0 0 0 0 0 0 0 0 0 0 0 0 0 0 0 0 0 0 0 0 0 0 0 0 0 0 0 0 0 0 0 0 0 0 0 0 0 0 0 0 0 0 0 0 0 0 0 0 0 0 0 0 0 0 0 0 0 0 0 0 0 0 0 0 0 0 0 0 0 0 0 0 0 0 0 0 0 0 0 0 0 0 0 0 0 0 0 0 0 0 0 0 0 0 0 0 0 0 0 0 0 0 0 0 0 0 0 0 0 0 0 0 0 0 0 0 0 0 0 0 0 0 0 0 0 0 0 0 0 0 0 0 0 0 0 0 0 0 0 0 0 0 0 0 0 0 0 0 0 0 0 0 0 0 0 0 0 0 0 0 0 0 0 0 0 0 0 0 0 0 0 0 0 0 0 0 0 0 0 0 0 0 0 0 0 0 0 0 0 0 0 0 0 0 0 0 0 0 0 0 0 0 0 0 0 0 0 0 0 0 0 0 0 0 0 0 0 0 0 0 0 0 0 0 0 0 0 0 0 0 0 0 0 0 0 0 0 0 0 0 0 0 0 0 0 0 0 0 0 0 0 0 0 0 0 0 0 37 102 135 132 130 132 134 136 137 141 144 143 142 143 145 146 147 148 149 150 151 153 154 155 155 155 156 155 156 157 158 157 157 157 156 155 155 157 158 159 160 160 158 160 161 162 163 163 165 165 165 164 163 162 163 165 166 167 167 166 167 168 166 166 165 164 164 165 166 166 166 165 164 164 162 161 160 158 154 151 148 144 140 135 132 127 122 120 118 116 110 102 97 94 94 93 93 93 95 97 99 102 105 110 114 115 116 118 121 121 122 125 128 128 129 131 133 134 136 139 141 142 144 147 149 151 152 154 156 158 160 161 162 164 165 166 167 168 169 169 170 170 171 171 171 171 172 172 172 171 172 172 172 172 172 172 173 174 174 173 181 38 0 0 0 0 0 0 0 0 0 0 0 0 0 0 0 0 0 0 0 0 0 0 0 0 0 0 0 0 0 0 0 0 0 0 0 0 0 0 0 0 0 0 0 0 0 0 0 0 0 0 0 0 0 0 0 0 0 0 0 0 0 0 0 0 0 0 0 0 0 0 0 0 0 0 0 0 0 0 0 0 0 0 0 0 0 0 0 0 0 0 0 0 0 0 0 0 0 0 0 0 0 
0 0 0 0 0 0 0 0 0 0 0 0 0 0 0 0 0 0 0 0 0 0 0 0 0 0 0 0 0 0 0 0 0 0 0 0 0 0 0 0 0 0 0 0 0 0 0 0 0 0 0 0 0 0 0 0 0 0 0 0 0 0 0 0 0 0 0 0 0 0 0 0 0 0 0 0 0 0 0 0 0 0 0 0 0 0 0 0 0 0 0 0 0 0 0 0 0 0 0 0 0 0 0 0 0 0 0 0 0 0 0 0 0 0 0 0 0 0 0 0 0 0 0 0 0 0 0 0 0 0 0 0 0 0 0 0 0 0 0 0 0 0 0 0 0 0 0 0 0 0 0 0 0 0 0 0 0 0 0 0 0 0 0 0 0 0 0 0 0 0 0 0 0 0 0 0 0 0 0 0 0 0 0 0 0 0 0 0 0 0 0 0 0 0 0 0 0 0 0 0 0 0 0 0 0 0 0 0 0 0 0 0 0 0 0 0 0 0 0 0 0 0 0 0 0 0 0 0 0 0 0 0 0 0 0 0 0 0 0 0 0 0 0 0 0 0 0 0 0 0 0 0 0 0 0 0 0 0 0 0 0 0 0 0 0 0 0 0 0 0 0 0 0 0 0 0 0 0 33 103 143 141 138 140 141 144 146 147 146 146 148 149 151 153 153 152 154 156 157 158 159 160 160 160 161 161 161 161 161 159 159 158 159 159 161 162 164 163 160 162 164 165 165 166 167 168 167 167 166 164 164 166 169 169 169 169 169 169 169 169 168 166 166 167 167 167 167 165 165 166 164 163 161 158 154 152 149 145 141 135 132 127 120 117 115 114 113 106 98 94 94 91 91 93 94 96 98 102 105 110 115 118 120 122 122 123 124 128 129 129 131 133 134 136 138 140 143 144 146 148 150 152 154 156 157 160 161 162 164 165 166 167 168 168 169 170 169 169 171 171 171 172 172 172 172 172 172 172 172 173 173 173 172 172 173 179 134 0 0 0 0 0 0 0 0 0 0 0 0 0 0 0 0 0 0 0 0 0 0 0 0 0 0 0 0 0 0 0 0 0 0 0 0 0 0 0 0 0 0 0 0 0 0 0 0 0 0 0 0 0 0 0 0 0 0 0 0 0 0 0 0 0 0 0 0 0 0 0 0 0 0 0 0 0 0 0 0 0 0 0 0 0 0 0 0 0 0 0 0 0 0 0 0 0 0 0 0 0 0 
0 0 0 0 0 0 0 0 0 0 0 0 0 0 0 0 0 0 0 0 0 0 0 0 0 0 0 0 0 0 0 0 0 0 0 0 0 0 0 0 0 0 0 0 0 0 0 0 0 0 0 0 0 0 0 0 0 0 0 0 0 0 0 0 0 0 0 0 0 0 0 0 0 0 0 0 0 0 0 0 0 0 0 0 0 0 0 0 0 0 0 0 0 0 0 0 0 0 0 0 0 0 0 0 0 0 0 0 0 0 0 0 0 0 0 0 0 0 0 0 0 0 0 0 0 0 0 0 0 0 0 0 0 0 0 0 0 0 0 0 0 0 0 0 0 0 0 0 0 0 0 0 0 0 0 0 0 0 0 0 0 0 0 0 0 0 0 0 0 0 0 0 0 0 0 0 0 0 0 0 0 0 0 0 0 0 0 0 0 0 0 0 0 0 0 0 0 0 0 0 0 0 0 0 0 0 0 0 0 0 0 0 0 0 0 0 0 0 0 0 0 0 0 0 0 0 0 0 0 0 0 0 0 0 0 0 0 0 0 0 0 0 0 0 0 0 0 0 0 0 0 0 0 0 0 0 0 0 0 0 0 0 0 0 0 0 0 0 0 0 0 0 0 0 0 0 0 0 0 0 31 108 149 149 145 147 149 149 150 151 151 151 155 156 156 155 156 159 161 162 162 162 163 163 164 164 164 164 163 162 161 161 160 161 162 164 166 164 163 163 165 167 167 168 168 169 168 168 168 166 165 166 168 170 169 171 170 170 171 171 170 168 167 167 168 168 167 166 166 165 165 163 160 157 154 151 148 146 141 136 131 126 119 115 112 109 109 107 102 96 93 90 90 92 94 96 99 103 105 111 115 119 122 124 124 124 127 129 130 131 132 134 136 138 140 142 145 146 148 150 151 153 156 158 158 160 161 162 164 164 166 167 168 168 169 170 170 171 170 171 171 172 172 172 172 172 173 173 173 173 173 174 174 174 174 184 40 0 0 0 0 0 0 0 0 0 0 0 0 0 0 0 0 0 0 0 0 0 0 0 0 0 0 0 0 0 0 0 0 0 0 0 0 0 0 0 0 0 0 0 0 0 0 0 0 0 0 0 0 0 0 0 0 0 0 0 0 0 0 0 0 0 0 0 0 0 0 0 0 0 0 0 0 0 0 0 0 0 0 0 0 0 0 0 0 0 0 0 0 0 0 0 0 0 0 0 0 0 0 
0 0 0 0 0 0 0 0 0 0 0 0 0 0 0 0 0 0 0 0 0 0 0 0 0 0 0 0 0 0 0 0 0 0 0 0 0 0 0 0 0 0 0 0 0 0 0 0 0 0 0 0 0 0 0 0 0 0 0 0 0 0 0 0 0 0 0 0 0 0 0 0 0 0 0 0 0 0 0 0 0 0 0 0 0 0 0 0 0 0 0 0 0 0 0 0 0 0 0 0 0 0 0 0 0 0 0 0 0 0 0 0 0 0 0 0 0 0 0 0 0 0 0 0 0 0 0 0 0 0 0 0 0 0 0 0 0 0 0 0 0 0 0 0 0 0 0 0 0 0 0 0 0 0 0 0 0 0 0 0 0 0 0 0 0 0 0 0 0 0 0 0 0 0 0 0 0 0 0 0 0 0 0 0 0 0 0 0 0 0 0 0 0 0 0 0 0 0 0 0 0 0 0 0 0 0 0 0 0 0 0 0 0 0 0 0 0 0 0 0 0 0 0 0 0 0 0 0 0 0 0 0 0 0 0 0 0 0 0 0 0 0 0 0 0 0 0 0 0 0 0 0 0 0 0 0 0 0 0 0 0 0 0 0 0 0 0 0 0 0 0 0 0 0 0 0 0 0 0 0 0 0 30 109 154 157 151 152 153 153 153 153 157 159 158 157 159 162 164 164 165 165 165 165 165 166 166 166 165 164 163 163 162 162 164 166 167 166 166 164 166 167 168 169 169 170 170 170 170 167 167 167 168 171 172 172 172 172 171 171 171 170 168 168 168 169 168 167 167 165 165 163 161 158 155 152 147 144 140 137 130 126 119 113 109 105 104 106 105 99 94 90 90 94 96 98 102 105 108 112 116 120 124 126 127 127 129 131 133 134 135 136 139 140 142 145 147 148 150 152 153 155 157 158 159 160 161 163 164 165 166 167 168 169 170 170 170 171 171 171 172 172 172 172 172 173 173 173 173 173 174 174 174 175 180 139 0 0 0 0 0 0 0 0 0 0 0 0 0 0 0 0 0 0 0 0 0 0 0 0 0 0 0 0 0 0 0 0 0 0 0 0 0 0 0 0 0 0 0 0 0 0 0 0 0 0 0 0 0 0 0 0 0 0 0 0 0 0 0 0 0 0 0 0 0 0 0 0 0 0 0 0 0 0 0 0 0 0 0 0 0 0 0 0 0 0 0 0 0 0 0 0 0 0 0 0 0 0 0 
0 0 0 0 0 0 0 0 0 0 0 0 0 0 0 0 0 0 0 0 0 0 0 0 0 0 0 0 0 0 0 0 0 0 0 0 0 0 0 0 0 0 0 0 0 0 0 0 0 0 0 0 0 0 0 0 0 0 0 0 0 0 0 0 0 0 0 0 0 0 0 0 0 0 0 0 0 0 0 0 0 0 0 0 0 0 0 0 0 0 0 0 0 0 0 0 0 0 0 0 0 0 0 0 0 0 0 0 0 0 0 0 0 0 0 0 0 0 0 0 0 0 0 0 0 0 0 0 0 0 0 0 0 0 0 0 0 0 0 0 0 0 0 0 0 0 0 0 0 0 0 0 0 0 0 0 0 0 0 0 0 0 0 0 0 0 0 0 0 0 0 0 0 0 0 0 0 0 0 0 0 0 0 0 0 0 0 0 0 0 0 0 0 0 0 0 0 0 0 0 0 0 0 0 0 0 0 0 0 0 0 0 0 0 0 0 0 0 0 0 0 0 0 0 0 0 0 0 0 0 0 0 0 0 0 0 0 0 0 0 0 0 0 0 0 0 0 0 0 0 0 0 0 0 0 0 0 0 0 0 0 0 0 0 0 0 0 0 0 0 0 0 0 0 0 0 0 0 0 0 0 0 0 0 29 107 160 161 156 157 155 154 160 164 160 159 160 163 166 166 166 166 166 167 167 167 167 168 168 166 164 162 162 162 165 167 168 168 167 166 167 167 168 169 170 171 171 170 171 169 168 167 169 171 171 172 172 172 172 172 171 170 169 167 167 169 169 168 167 166 164 163 160 158 156 152 148 144 140 136 130 125 119 112 107 102 102 103 105 102 96 91 91 94 97 101 105 109 111 115 119 122 125 127 129 130 132 134 135 138 139 140 142 144 146 147 149 150 152 154 156 157 158 158 160 161 163 165 165 166 167 167 168 169 170 170 170 171 171 171 172 172 172 172 172 173 174 174 174 173 174 174 174 174 184 44 0 0 0 0 0 0 0 0 0 0 0 0 0 0 0 0 0 0 0 0 0 0 0 0 0 0 0 0 0 0 0 0 0 0 0 0 0 0 0 0 0 0 0 0 0 0 0 0 0 0 0 0 0 0 0 0 0 0 0 0 0 0 0 0 0 0 0 0 0 0 0 0 0 0 0 0 0 0 0 0 0 0 0 0 0 0 0 0 0 0 0 0 0 0 0 0 0 0 0 0 0 0 0 
0 0 0 0 0 0 0 0 0 0 0 0 0 0 0 0 0 0 0 0 0 0 0 0 0 0 0 0 0 0 0 0 0 0 0 0 0 0 0 0 0 0 0 0 0 0 0 0 0 0 0 0 0 0 0 0 0 0 0 0 0 0 0 0 0 0 0 0 0 0 0 0 0 0 0 0 0 0 0 0 0 0 0 0 0 0 0 0 0 0 0 0 0 0 0 0 0 0 0 0 0 0 0 0 0 0 0 0 0 0 0 0 0 0 0 0 0 0 0 0 0 0 0 0 0 0 0 0 0 0 0 0 0 0 0 0 0 0 0 0 0 0 0 0 0 0 0 0 0 0 0 0 0 0 0 0 0 0 0 0 0 0 0 0 0 0 0 0 0 0 0 0 0 0 0 0 0 0 0 0 0 0 0 0 0 0 0 0 0 0 0 0 0 0 0 0 0 0 0 0 0 0 0 0 0 0 0 0 0 0 0 0 0 0 0 0 0 0 0 0 0 0 0 0 0 0 0 0 0 0 0 0 0 0 0 0 0 0 0 0 0 0 0 0 0 0 0 0 0 0 0 0 0 0 0 0 0 0 0 0 0 0 0 0 0 0 0 0 0 0 0 0 0 0 0 0 0 0 0 0 0 0 0 0 0 0 26 106 164 166 156 155 160 163 161 160 160 163 167 168 167 167 167 168 169 170 170 168 168 168 166 164 162 163 165 168 169 169 168 166 166 167 169 170 171 170 171 171 172 170 169 167 168 170 172 172 173 172 172 172 171 170 169 167 167 168 169 169 168 166 163 162 160 158 156 151 147 142 139 135 129 123 117 112 106 101 99 99 102 103 101 98 96 97 101 105 108 112 114 117 122 125 127 129 131 133 134 136 138 140 142 143 145 147 149 150 151 152 154 155 157 159 159 158 160 162 163 165 166 166 167 168 169 170 170 170 171 171 171 172 172 172 172 172 172 173 174 174 175 174 174 174 175 180 141 0 0 0 0 0 0 0 0 0 0 0 0 0 0 0 0 0 0 0 0 0 0 0 0 0 0 0 0 0 0 0 0 0 0 0 0 0 0 0 0 0 0 0 0 0 0 0 0 0 0 0 0 0 0 0 0 0 0 0 0 0 0 0 0 0 0 0 0 0 0 0 0 0 0 0 0 0 0 0 0 0 0 0 0 0 0 0 0 0 0 0 0 0 0 0 0 0 0 0 0 0 0 0 0 
0 0 0 0 0 0 0 0 0 0 0 0 0 0 0 0 0 0 0 0 0 0 0 0 0 0 0 0 0 0 0 0 0 0 0 0 0 0 0 0 0 0 0 0 0 0 0 0 0 0 0 0 0 0 0 0 0 0 0 0 0 0 0 0 0 0 0 0 0 0 0 0 0 0 0 0 0 0 0 0 0 0 0 0 0 0 0 0 0 0 0 0 0 0 0 0 0 0 0 0 0 0 0 0 0 0 0 0 0 0 0 0 0 0 0 0 0 0 0 0 0 0 0 0 0 0 0 0 0 0 0 0 0 0 0 0 0 0 0 0 0 0 0 0 0 0 0 0 0 0 0 0 0 0 0 0 0 0 0 0 0 0 0 0 0 0 0 0 0 0 0 0 0 0 0 0 0 0 0 0 0 0 0 0 0 0 0 0 0 0 0 0 0 0 0 0 0 0 0 0 0 0 0 0 0 0 0 0 0 0 0 0 0 0 0 0 0 0 0 0 0 0 0 0 0 0 0 0 0 0 0 0 0 0 0 0 0 0 0 0 0 0 0 0 0 0 0 0 0 0 0 0 0 0 0 0 0 0 0 0 0 0 0 0 0 0 0 0 0 0 0 0 0 0 0 0 0 0 0 0 0 0 0 0 0 0 0 0 22 106 160 163 160 163 163 161 161 164 167 168 169 168 169 169 169 170 171 169 169 170 168 165 164 164 165 167 170 171 169 167 166 167 169 171 170 171 171 172 173 172 171 168 167 169 171 173 173 172 172 172 171 170 168 167 167 166 167 168 167 165 163 161 159 157 155 151 147 142 139 134 128 122 116 111 106 101 98 97 100 104 105 104 102 101 105 109 112 115 118 121 125 127 129 131 135 137 137 139 140 142 144 147 148 150 151 152 153 155 156 156 158 159 160 160 161 163 163 165 166 167 168 168 170 170 171 172 172 172 172 173 173 172 172 173 173 173 173 174 174 175 175 175 175 186 51 0 0 0 0 0 0 0 0 0 0 0 0 0 0 0 0 0 0 0 0 0 0 0 0 0 0 0 0 0 0 0 0 0 0 0 0 0 0 0 0 0 0 0 0 0 0 0 0 0 0 0 0 0 0 0 0 0 0 0 0 0 0 0 0 0 0 0 0 0 0 0 0 0 0 0 0 0 0 0 0 0 0 0 0 0 0 0 0 0 0 0 0 0 0 0 0 0 0 0 0 0 0 0 0 
0 0 0 0 0 0 0 0 0 0 0 0 0 0 0 0 0 0 0 0 0 0 0 0 0 0 0 0 0 0 0 0 0 0 0 0 0 0 0 0 0 0 0 0 0 0 0 0 0 0 0 0 0 0 0 0 0 0 0 0 0 0 0 0 0 0 0 0 0 0 0 0 0 0 0 0 0 0 0 0 0 0 0 0 0 0 0 0 0 0 0 0 0 0 0 0 0 0 0 0 0 0 0 0 0 0 0 0 0 0 0 0 0 0 0 0 0 0 0 0 0 0 0 0 0 0 0 0 0 0 0 0 0 0 0 0 0 0 0 0 0 0 0 0 0 0 0 0 0 0 0 0 0 0 0 0 0 0 0 0 0 0 0 0 0 0 0 0 0 0 0 0 0 0 0 0 0 0 0 0 0 0 0 0 0 0 0 0 0 0 0 0 0 0 0 0 0 0 0 0 0 0 0 0 0 0 0 0 0 0 0 0 0 0 0 0 0 0 0 0 0 0 0 0 0 0 0 0 0 0 0 0 0 0 0 0 0 0 0 0 0 0 0 0 0 0 0 0 0 0 0 0 0 0 0 0 0 0 0 0 0 0 0 0 0 0 0 0 0 0 0 0 0 0 0 0 0 0 0 0 0 0 0 0 0 0 0 0 0 0 19 100 161 172 165 162 161 164 168 169 170 170 170 170 170 169 171 170 171 171 170 167 165 164 165 167 170 172 170 168 168 167 168 170 171 171 173 172 173 173 171 169 167 168 170 172 173 172 173 171 171 170 169 167 167 166 167 167 166 165 163 160 158 155 153 150 147 142 137 132 127 122 116 111 106 102 99 98 99 102 106 106 106 107 109 112 116 119 123 126 128 130 132 134 138 141 140 142 143 145 146 149 151 152 153 154 156 156 158 158 159 160 161 162 162 163 164 166 168 169 168 169 170 170 171 172 172 172 172 173 173 173 173 173 173 174 173 174 174 174 174 175 180 145 0 0 0 0 0 0 0 0 0 0 0 0 0 0 0 0 0 0 0 0 0 0 0 0 0 0 0 0 0 0 0 0 0 0 0 0 0 0 0 0 0 0 0 0 0 0 0 0 0 0 0 0 0 0 0 0 0 0 0 0 0 0 0 0 0 0 0 0 0 0 0 0 0 0 0 0 0 0 0 0 0 0 0 0 0 0 0 0 0 0 0 0 0 0 0 0 0 0 0 0 0 0 0 0 0 
0 0 0 0 0 0 0 0 0 0 0 0 0 0 0 0 0 0 0 0 0 0 0 0 0 0 0 0 0 0 0 0 0 0 0 0 0 0 0 0 0 0 0 0 0 0 0 0 0 0 0 0 0 0 0 0 0 0 0 0 0 0 0 0 0 0 0 0 0 0 0 0 0 0 0 0 0 0 0 0 0 0 0 0 0 0 0 0 0 0 0 0 0 0 0 0 0 0 0 0 0 0 0 0 0 0 0 0 0 0 0 0 0 0 0 0 0 0 0 0 0 0 0 0 0 0 0 0 0 0 0 0 0 0 0 0 0 0 0 0 0 0 0 0 0 0 0 0 0 0 0 0 0 0 0 0 0 0 0 0 0 0 0 0 0 0 0 0 0 0 0 0 0 0 0 0 0 0 0 0 0 0 0 0 0 0 0 0 0 0 0 0 0 0 0 0 0 0 0 0 0 0 0 0 0 0 0 0 0 0 0 0 0 0 0 0 0 0 0 0 0 0 0 0 0 0 0 0 0 0 0 0 0 0 0 0 0 0 0 0 0 0 0 0 0 0 0 0 0 0 0 0 0 0 0 0 0 0 0 0 0 0 0 0 0 0 0 0 0 0 0 0 0 0 0 0 0 0 0 0 0 0 0 0 0 0 0 0 0 0 0 0 17 99 166 172 161 164 168 169 171 170 170 170 170 171 171 171 171 172 171 169 166 164 165 167 170 172 171 169 169 169 169 169 171 172 172 171 172 172 172 171 167 168 169 172 172 172 172 171 171 170 169 167 165 166 167 166 165 164 162 160 157 155 152 149 145 141 136 131 125 121 115 110 106 102 100 100 100 103 107 111 112 113 115 117 120 124 127 130 132 133 135 137 140 141 143 145 147 148 150 150 152 154 155 156 157 158 159 160 161 161 162 163 164 165 166 167 169 170 170 171 171 172 172 172 172 172 172 173 173 173 173 173 174 174 174 174 175 175 174 174 185 56 0 0 0 0 0 0 0 0 0 0 0 0 0 0 0 0 0 0 0 0 0 0 0 0 0 0 0 0 0 0 0 0 0 0 0 0 0 0 0 0 0 0 0 0 0 0 0 0 0 0 0 0 0 0 0 0 0 0 0 0 0 0 0 0 0 0 0 0 0 0 0 0 0 0 0 0 0 0 0 0 0 0 0 0 0 0 0 0 0 0 0 0 0 0 0 0 0 0 0 0 0 0 0 0 0 
0 0 0 0 0 0 0 0 0 0 0 0 0 0 0 0 0 0 0 0 0 0 0 0 0 0 0 0 0 0 0 0 0 0 0 0 0 0 0 0 0 0 0 0 0 0 0 0 0 0 0 0 0 0 0 0 0 0 0 0 0 0 0 0 0 0 0 0 0 0 0 0 0 0 0 0 0 0 0 0 0 0 0 0 0 0 0 0 0 0 0 0 0 0 0 0 0 0 0 0 0 0 0 0 0 0 0 0 0 0 0 0 0 0 0 0 0 0 0 0 0 0 0 0 0 0 0 0 0 0 0 0 0 0 0 0 0 0 0 0 0 0 0 0 0 0 0 0 0 0 0 0 0 0 0 0 0 0 0 0 0 0 0 0 0 0 0 0 0 0 0 0 0 0 0 0 0 0 0 0 0 0 0 0 0 0 0 0 0 0 0 0 0 0 0 0 0 0 0 0 0 0 0 0 0 0 0 0 0 0 0 0 0 0 0 0 0 0 0 0 0 0 0 0 0 0 0 0 0 0 0 0 0 0 0 0 0 0 0 0 0 0 0 0 0 0 0 0 0 0 0 0 0 0 0 0 0 0 0 0 0 0 0 0 0 0 0 0 0 0 0 0 0 0 0 0 0 0 0 0 0 0 0 0 0 0 0 0 0 0 0 0 0 0 14 93 161 174 169 170 170 170 169 171 172 171 172 171 172 172 172 170 167 165 166 168 171 173 172 170 169 170 170 168 171 172 172 172 172 173 173 171 168 168 168 170 172 172 172 172 171 170 169 168 165 165 166 165 164 163 161 159 157 155 151 148 145 141 135 130 126 121 114 110 107 102 103 102 103 105 109 115 116 119 120 123 124 129 132 134 135 137 139 141 143 145 146 148 150 151 153 154 154 156 156 156 159 159 160 162 163 163 164 164 166 167 167 168 170 170 170 171 171 171 172 172 172 172 173 173 173 173 173 173 173 174 174 174 175 175 174 178 151 0 0 0 0 0 0 0 0 0 0 0 0 0 0 0 0 0 0 0 0 0 0 0 0 0 0 0 0 0 0 0 0 0 0 0 0 0 0 0 0 0 0 0 0 0 0 0 0 0 0 0 0 0 0 0 0 0 0 0 0 0 0 0 0 0 0 0 0 0 0 0 0 0 0 0 0 0 0 0 0 0 0 0 0 0 0 0 0 0 0 0 0 0 0 0 0 0 0 0 0 0 0 0 0 0 0 
0 0 0 0 0 0 0 0 0 0 0 0 0 0 0 0 0 0 0 0 0 0 0 0 0 0 0 0 0 0 0 0 0 0 0 0 0 0 0 0 0 0 0 0 0 0 0 0 0 0 0 0 0 0 0 0 0 0 0 0 0 0 0 0 0 0 0 0 0 0 0 0 0 0 0 0 0 0 0 0 0 0 0 0 0 0 0 0 0 0 0 0 0 0 0 0 0 0 0 0 0 0 0 0 0 0 0 0 0 0 0 0 0 0 0 0 0 0 0 0 0 0 0 0 0 0 0 0 0 0 0 0 0 0 0 0 0 0 0 0 0 0 0 0 0 0 0 0 0 0 0 0 0 0 0 0 0 0 0 0 0 0 0 0 0 0 0 0 0 0 0 0 0 0 0 0 0 0 0 0 0 0 0 0 0 0 0 0 0 0 0 0 0 0 0 0 0 0 0 0 0 0 0 0 0 0 0 0 0 0 0 0 0 0 0 0 0 0 0 0 0 0 0 0 0 0 0 0 0 0 0 0 0 0 0 0 0 0 0 0 0 0 0 0 0 0 0 0 0 0 0 0 0 0 0 0 0 0 0 0 0 0 0 0 0 0 0 0 0 0 0 0 0 0 0 0 0 0 0 0 0 0 0 0 0 0 0 0 0 0 0 0 0 0 0 0 11 92 167 180 171 169 170 172 173 172 172 172 172 172 173 172 169 167 167 168 171 173 173 171 170 170 169 169 170 172 173 172 173 173 172 171 170 169 168 169 171 172 171 170 169 169 168 168 167 165 164 164 164 162 159 158 157 154 151 148 145 141 135 128 123 122 117 112 108 106 105 104 106 108 111 116 120 123 126 128 129 133 134 137 140 141 143 144 146 148 150 151 152 153 155 156 157 158 158 159 161 161 162 163 164 165 165 167 168 168 168 170 171 171 171 172 172 172 173 173 172 172 173 173 173 173 173 173 173 173 174 174 174 175 174 186 59 0 0 0 0 0 0 0 0 0 0 0 0 0 0 0 0 0 0 0 0 0 0 0 0 0 0 0 0 0 0 0 0 0 0 0 0 0 0 0 0 0 0 0 0 0 0 0 0 0 0 0 0 0 0 0 0 0 0 0 0 0 0 0 0 0 0 0 0 0 0 0 0 0 0 0 0 0 0 0 0 0 0 0 0 0 0 0 0 0 0 0 0 0 0 0 0 0 0 0 0 0 0 0 0 0 0 
0 0 0 0 0 0 0 0 0 0 0 0 0 0 0 0 0 0 0 0 0 0 0 0 0 0 0 0 0 0 0 0 0 0 0 0 0 0 0 0 0 0 0 0 0 0 0 0 0 0 0 0 0 0 0 0 0 0 0 0 0 0 0 0 0 0 0 0 0 0 0 0 0 0 0 0 0 0 0 0 0 0 0 0 0 0 0 0 0 0 0 0 0 0 0 0 0 0 0 0 0 0 0 0 0 0 0 0 0 0 0 0 0 0 0 0 0 0 0 0 0 0 0 0 0 0 0 0 0 0 0 0 0 0 0 0 0 0 0 0 0 0 0 0 0 0 0 0 0 0 0 0 0 0 0 0 0 0 0 0 0 0 0 0 0 0 0 0 0 0 0 0 0 0 0 0 0 0 0 0 0 0 0 0 0 0 0 0 0 0 0 0 0 0 0 0 0 0 0 0 0 0 0 0 0 0 0 0 0 0 0 0 0 0 0 0 0 0 0 0 0 0 0 0 0 0 0 0 0 0 0 0 0 0 0 0 0 0 0 0 0 0 0 0 0 0 0 0 0 0 0 0 0 0 0 0 0 0 0 0 0 0 0 0 0 0 0 0 0 0 0 0 0 0 0 0 0 0 0 0 0 0 0 0 0 0 0 0 0 0 0 0 0 0 0 0 0 0 9 90 165 181 173 173 172 172 173 173 173 173 174 173 170 167 166 167 170 173 173 172 170 170 170 170 169 172 172 173 173 173 172 171 172 170 168 168 169 171 171 170 169 169 168 166 165 164 163 164 163 161 160 157 156 153 151 147 144 140 135 130 125 121 117 114 111 110 109 109 111 114 116 120 124 127 130 133 135 137 139 140 143 146 148 148 149 152 154 154 154 155 157 159 160 160 160 162 163 163 164 165 166 167 168 169 169 170 170 171 172 172 172 172 172 173 173 174 173 172 173 173 173 173 173 173 173 173 174 174 174 174 177 153 0 0 0 0 0 0 0 0 0 0 0 0 0 0 0 0 0 0 0 0 0 0 0 0 0 0 0 0 0 0 0 0 0 0 0 0 0 0 0 0 0 0 0 0 0 0 0 0 0 0 0 0 0 0 0 0 0 0 0 0 0 0 0 0 0 0 0 0 0 0 0 0 0 0 0 0 0 0 0 0 0 0 0 0 0 0 0 0 0 0 0 0 0 0 0 0 0 0 0 0 0 0 0 0 0 0 0 
0 0 0 0 0 0 0 0 0 0 0 0 0 0 0 0 0 0 0 0 0 0 0 0 0 0 0 0 0 0 0 0 0 0 0 0 0 0 0 0 0 0 0 0 0 0 0 0 0 0 0 0 0 0 0 0 0 0 0 0 0 0 0 0 0 0 0 0 0 0 0 0 0 0 0 0 0 0 0 0 0 0 0 0 0 0 0 0 0 0 0 0 0 0 0 0 0 0 0 0 0 0 0 0 0 0 0 0 0 0 0 0 0 0 0 0 0 0 0 0 0 0 0 0 0 0 0 0 0 0 0 0 0 0 0 0 0 0 0 0 0 0 0 0 0 0 0 0 0 0 0 0 0 0 0 0 0 0 0 0 0 0 0 0 0 0 0 0 0 0 0 0 0 0 0 0 0 0 0 0 0 0 0 0 0 0 0 0 0 0 0 0 0 0 0 0 0 0 0 0 0 0 0 0 0 0 0 0 0 0 0 0 0 0 0 0 0 0 0 0 0 0 0 0 0 0 0 0 0 0 0 0 0 0 0 0 0 0 0 0 0 0 0 0 0 0 0 0 0 0 0 0 0 0 0 0 0 0 0 0 0 0 0 0 0 0 0 0 0 0 0 0 0 0 0 0 0 0 0 0 0 0 0 0 0 0 0 0 0 0 0 0 0 0 0 0 0 0 0 0 6 85 165 183 174 174 174 174 174 174 174 173 171 168 166 167 170 172 173 171 169 170 171 170 169 171 172 171 171 172 172 172 171 171 168 167 168 170 171 169 169 169 168 167 164 163 163 162 161 160 159 157 155 152 150 146 142 138 134 131 125 121 117 115 113 114 113 114 116 117 121 123 127 131 135 137 140 142 144 146 147 149 151 152 152 154 156 156 157 158 159 161 162 163 163 164 165 166 167 168 168 169 170 170 171 171 172 172 172 172 172 172 172 172 173 173 173 172 173 174 173 173 174 174 173 173 173 174 174 174 187 63 0 0 0 0 0 0 0 0 0 0 0 0 0 0 0 0 0 0 0 0 0 0 0 0 0 0 0 0 0 0 0 0 0 0 0 0 0 0 0 0 0 0 0 0 0 0 0 0 0 0 0 0 0 0 0 0 0 0 0 0 0 0 0 0 0 0 0 0 0 0 0 0 0 0 0 0 0 0 0 0 0 0 0 0 0 0 0 0 0 0 0 0 0 0 0 0 0 0 0 0 0 0 0 0 0 0 0 
0 0 0 0 0 0 0 0 0 0 0 0 0 0 0 0 0 0 0 0 0 0 0 0 0 0 0 0 0 0 0 0 0 0 0 0 0 0 0 0 0 0 0 0 0 0 0 0 0 0 0 0 0 0 0 0 0 0 0 0 0 0 0 0 0 0 0 0 0 0 0 0 0 0 0 0 0 0 0 0 0 0 0 0 0 0 0 0 0 0 0 0 0 0 0 0 0 0 0 0 0 0 0 0 0 0 0 0 0 0 0 0 0 0 0 0 0 0 0 0 0 0 0 0 0 0 0 0 0 0 0 0 0 0 0 0 0 0 0 0 0 0 0 0 0 0 0 0 0 0 0 0 0 0 0 0 0 0 0 0 0 0 0 0 0 0 0 0 0 0 0 0 0 0 0 0 0 0 0 0 0 0 0 0 0 0 0 0 0 0 0 0 0 0 0 0 0 0 0 0 0 0 0 0 0 0 0 0 0 0 0 0 0 0 0 0 0 0 0 0 0 0 0 0 0 0 0 0 0 0 0 0 0 0 0 0 0 0 0 0 0 0 0 0 0 0 0 0 0 0 0 0 0 0 0 0 0 0 0 0 0 0 0 0 0 0 0 0 0 0 0 0 0 0 0 0 0 0 0 0 0 0 0 0 0 0 0 0 0 0 0 0 0 0 0 0 0 0 0 0 0 0 4 81 164 185 176 174 174 174 174 174 172 169 167 166 169 172 173 171 169 169 172 171 168 169 171 172 171 171 171 171 171 170 168 166 166 168 169 169 169 168 167 165 163 162 161 160 160 159 158 157 154 151 148 145 141 137 133 129 125 122 119 118 116 115 116 117 119 121 125 128 132 135 138 141 144 146 148 150 151 151 154 155 156 157 158 159 159 160 162 163 165 165 166 167 167 168 168 169 170 169 170 170 172 173 172 172 172 172 172 172 173 173 173 173 173 172 172 173 173 173 173 173 173 173 174 174 174 177 155 0 0 0 0 0 0 0 0 0 0 0 0 0 0 0 0 0 0 0 0 0 0 0 0 0 0 0 0 0 0 0 0 0 0 0 0 0 0 0 0 0 0 0 0 0 0 0 0 0 0 0 0 0 0 0 0 0 0 0 0 0 0 0 0 0 0 0 0 0 0 0 0 0 0 0 0 0 0 0 0 0 0 0 0 0 0 0 0 0 0 0 0 0 0 0 0 0 0 0 0 0 0 0 0 0 0 0 0 
0 0 0 0 0 0 0 0 0 0 0 0 0 0 0 0 0 0 0 0 0 0 0 0 0 0 0 0 0 0 0 0 0 0 0 0 0 0 0 0 0 0 0 0 0 0 0 0 0 0 0 0 0 0 0 0 0 0 0 0 0 0 0 0 0 0 0 0 0 0 0 0 0 0 0 0 0 0 0 0 0 0 0 0 0 0 0 0 0 0 0 0 0 0 0 0 0 0 0 0 0 0 0 0 0 0 0 0 0 0 0 0 0 0 0 0 0 0 0 0 0 0 0 0 0 0 0 0 0 0 0 0 0 0 0 0 0 0 0 0 0 0 0 0 0 0 0 0 0 0 0 0 0 0 0 0 0 0 0 0 0 0 0 0 0 0 0 0 0 0 0 0 0 0 0 0 0 0 0 0 0 0 0 0 0 0 0 0 0 0 0 0 0 0 0 0 0 0 0 0 0 0 0 0 0 0 0 0 0 0 0 0 0 0 0 0 0 0 0 0 0 0 0 0 0 0 0 0 0 0 0 0 0 0 0 0 0 0 0 0 0 0 0 0 0 0 0 0 0 0 0 0 0 0 0 0 0 0 0 0 0 0 0 0 0 0 0 0 0 0 0 0 0 0 0 0 0 0 0 0 0 0 0 0 0 0 0 0 0 0 0 0 0 0 0 0 0 0 0 0 0 0 0 0 3 77 162 187 177 176 175 175 173 172 169 167 169 171 172 172 169 169 170 170 168 168 170 171 171 171 172 171 171 170 169 166 165 166 168 169 168 166 165 164 163 162 160 159 159 159 159 155 153 150 146 143 139 135 134 130 125 123 122 120 118 118 119 120 123 126 130 133 136 140 143 145 147 148 151 153 154 156 158 158 159 160 161 162 162 163 164 165 166 166 168 168 169 169 170 170 170 170 171 171 172 172 172 172 172 172 173 173 173 173 173 173 173 173 172 172 172 173 173 173 173 173 174 173 174 186 68 0 0 0 0 0 0 0 0 0 0 0 0 0 0 0 0 0 0 0 0 0 0 0 0 0 0 0 0 0 0 0 0 0 0 0 0 0 0 0 0 0 0 0 0 0 0 0 0 0 0 0 0 0 0 0 0 0 0 0 0 0 0 0 0 0 0 0 0 0 0 0 0 0 0 0 0 0 0 0 0 0 0 0 0 0 0 0 0 0 0 0 0 0 0 0 0 0 0 0 0 0 0 0 0 0 0 0 0 
0 0 0 0 0 0 0 0 0 0 0 0 0 0 0 0 0 0 0 0 0 0 0 0 0 0 0 0 0 0 0 0 0 0 0 0 0 0 0 0 0 0 0 0 0 0 0 0 0 0 0 0 0 0 0 0 0 0 0 0 0 0 0 0 0 0 0 0 0 0 0 0 0 0 0 0 0 0 0 0 0 0 0 0 0 0 0 0 0 0 0 0 0 0 0 0 0 0 0 0 0 0 0 0 0 0 0 0 0 0 0 0 0 0 0 0 0 0 0 0 0 0 0 0 0 0 0 0 0 0 0 0 0 0 0 0 0 0 0 0 0 0 0 0 0 0 0 0 0 0 0 0 0 0 0 0 0 0 0 0 0 0 0 0 0 0 0 0 0 0 0 0 0 0 0 0 0 0 0 0 0 0 0 0 0 0 0 0 0 0 0 0 0 0 0 0 0 0 0 0 0 0 0 0 0 0 0 0 0 0 0 0 0 0 0 0 0 0 0 0 0 0 0 0 0 0 0 0 0 0 0 0 0 0 0 0 0 0 0 0 0 0 0 0 0 0 0 0 0 0 0 0 0 0 0 0 0 0 0 0 0 0 0 0 0 0 0 0 0 0 0 0 0 0 0 0 0 0 0 0 0 0 0 0 0 0 0 0 0 0 0 0 0 0 0 0 0 0 0 0 0 0 0 0 0 0 1 72 160 187 178 175 174 173 171 168 169 170 172 172 169 168 170 170 169 167 168 170 171 171 171 170 170 170 169 167 166 165 166 168 167 166 164 163 162 161 159 157 157 157 156 153 151 148 145 142 138 135 133 130 127 125 122 121 120 120 122 124 127 130 133 137 141 144 146 149 150 151 154 156 158 159 159 161 162 163 163 164 164 165 165 166 167 168 169 169 169 170 170 170 171 171 172 172 172 172 173 173 173 172 173 173 173 173 173 173 173 173 173 172 173 173 173 173 173 173 174 173 176 159 0 0 0 0 0 0 0 0 0 0 0 0 0 0 0 0 0 0 0 0 0 0 0 0 0 0 0 0 0 0 0 0 0 0 0 0 0 0 0 0 0 0 0 0 0 0 0 0 0 0 0 0 0 0 0 0 0 0 0 0 0 0 0 0 0 0 0 0 0 0 0 0 0 0 0 0 0 0 0 0 0 0 0 0 0 0 0 0 0 0 0 0 0 0 0 0 0 0 0 0 0 0 0 0 0 0 0 0 0 
0 0 0 0 0 0 0 0 0 0 0 0 0 0 0 0 0 0 0 0 0 0 0 0 0 0 0 0 0 0 0 0 0 0 0 0 0 0 0 0 0 0 0 0 0 0 0 0 0 0 0 0 0 0 0 0 0 0 0 0 0 0 0 0 0 0 0 0 0 0 0 0 0 0 0 0 0 0 0 0 0 0 0 0 0 0 0 0 0 0 0 0 0 0 0 0 0 0 0 0 0 0 0 0 0 0 0 0 0 0 0 0 0 0 0 0 0 0 0 0 0 0 0 0 0 0 0 0 0 0 0 0 0 0 0 0 0 0 0 0 0 0 0 0 0 0 0 0 0 0 0 0 0 0 0 0 0 0 0 0 0 0 0 0 0 0 0 0 0 0 0 0 0 0 0 0 0 0 0 0 0 0 0 0 0 0 0 0 0 0 0 0 0 0 0 0 0 0 0 0 0 0 0 0 0 0 0 0 0 0 0 0 0 0 0 0 0 0 0 0 0 0 0 0 0 0 0 0 0 0 0 0 0 0 0 0 0 0 0 0 0 0 0 0 0 0 0 0 0 0 0 0 0 0 0 0 0 0 0 0 0 0 0 0 0 0 0 0 0 0 0 0 0 0 0 0 0 0 0 0 0 0 0 0 0 0 0 0 0 0 0 0 0 0 0 0 0 0 0 0 0 0 0 0 0 0 0 0 0 67 157 186 178 173 171 170 170 169 171 172 169 169 171 171 169 167 167 170 171 171 171 170 170 170 169 168 166 164 165 167 167 166 164 163 162 160 158 156 156 156 154 152 150 147 144 141 137 135 132 129 126 124 122 122 122 122 124 127 131 134 137 141 144 146 149 151 153 153 156 159 160 161 161 162 163 164 165 165 166 166 167 166 167 168 169 170 170 170 171 171 171 171 172 173 172 172 172 173 173 173 172 172 172 172 172 172 172 172 173 173 173 173 173 173 173 173 173 174 185 73 0 0 0 0 0 0 0 0 0 0 0 0 0 0 0 0 0 0 0 0 0 0 0 0 0 0 0 0 0 0 0 0 0 0 0 0 0 0 0 0 0 0 0 0 0 0 0 0 0 0 0 0 0 0 0 0 0 0 0 0 0 0 0 0 0 0 0 0 0 0 0 0 0 0 0 0 0 0 0 0 0 0 0 0 0 0 0 0 0 0 0 0 0 0 0 0 0 0 0 0 0 0 0 0 0 0 0 0 0 
0 0 0 0 0 0 0 0 0 0 0 0 0 0 0 0 0 0 0 0 0 0 0 0 0 0 0 0 0 0 0 0 0 0 0 0 0 0 0 0 0 0 0 0 0 0 0 0 0 0 0 0 0 0 0 0 0 0 0 0 0 0 0 0 0 0 0 0 0 0 0 0 0 0 0 0 0 0 0 0 0 0 0 0 0 0 0 0 0 0 0 0 0 0 0 0 0 0 0 0 0 0 0 0 0 0 0 0 0 0 0 0 0 0 0 0 0 0 0 0 0 0 0 0 0 0 0 0 0 0 0 0 0 0 0 0 0 0 0 0 0 0 0 0 0 0 0 0 0 0 0 0 0 0 0 0 0 0 0 0 0 0 0 0 0 0 0 0 0 0 0 0 0 0 0 0 0 0 0 0 0 0 0 0 0 0 0 0 0 0 0 0 0 0 0 0 0 0 0 0 0 0 0 0 0 0 0 0 0 0 0 0 0 0 0 0 0 0 0 0 0 0 0 0 0 0 0 0 0 0 0 0 0 0 0 0 0 0 0 0 0 0 0 0 0 0 0 0 0 0 0 0 0 0 0 0 0 0 0 0 0 0 0 0 0 0 0 0 0 0 0 0 0 0 0 0 0 0 0 0 0 0 0 0 0 0 0 0 0 0 0 0 0 0 0 0 0 0 0 0 0 0 0 0 0 0 0 0 0 0 0 64 152 185 175 170 170 170 172 172 170 169 171 171 170 168 166 168 169 171 170 170 170 169 169 167 166 165 164 164 165 165 163 162 161 158 156 155 155 154 152 150 149 145 142 138 135 134 130 127 125 122 121 122 123 124 126 130 134 137 140 144 146 149 151 154 155 155 158 160 160 163 163 164 165 166 166 167 168 167 168 168 168 169 169 169 170 171 172 172 172 172 172 173 173 173 172 173 173 172 172 173 172 172 172 172 172 172 172 173 173 174 173 173 173 173 173 175 161 0 0 0 0 0 0 0 0 0 0 0 0 0 0 0 0 0 0 0 0 0 0 0 0 0 0 0 0 0 0 0 0 0 0 0 0 0 0 0 0 0 0 0 0 0 0 0 0 0 0 0 0 0 0 0 0 0 0 0 0 0 0 0 0 0 0 0 0 0 0 0 0 0 0 0 0 0 0 0 0 0 0 0 0 0 0 0 0 0 0 0 0 0 0 0 0 0 0 0 0 0 0 0 0 0 0 0 0 0 0 
0 0 0 0 0 0 0 0 0 0 0 0 0 0 0 0 0 0 0 0 0 0 0 0 0 0 0 0 0 0 0 0 0 0 0 0 0 0 0 0 0 0 0 0 0 0 0 0 0 0 0 0 0 0 0 0 0 0 0 0 0 0 0 0 0 0 0 0 0 0 0 0 0 0 0 0 0 0 0 0 0 0 0 0 0 0 0 0 0 0 0 0 0 0 0 0 0 0 0 0 0 0 0 0 0 0 0 0 0 0 0 0 0 0 0 0 0 0 0 0 0 0 0 0 0 0 0 0 0 0 0 0 0 0 0 0 0 0 0 0 0 0 0 0 0 0 0 0 0 0 0 0 0 0 0 0 0 0 0 0 0 0 0 0 0 0 0 0 0 0 0 0 0 0 0 0 0 0 0 0 0 0 0 0 0 0 0 0 0 0 0 0 0 0 0 0 0 0 0 0 0 0 0 0 0 0 0 0 0 0 0 0 0 0 0 0 0 0 0 0 0 0 0 0 0 0 0 0 0 0 0 0 0 0 0 0 0 0 0 0 0 0 0 0 0 0 0 0 0 0 0 0 0 0 0 0 0 0 0 0 0 0 0 0 0 0 0 0 0 0 0 0 0 0 0 0 0 0 0 0 0 0 0 0 0 0 0 0 0 0 0 0 0 0 0 0 0 0 0 0 0 0 0 0 0 0 0 0 0 0 0 0 0 58 145 181 172 170 172 172 171 168 170 171 171 168 166 166 169 170 170 170 169 169 168 166 166 163 163 163 163 163 163 162 160 157 155 153 153 151 149 148 146 143 139 134 133 130 127 124 122 121 121 122 123 126 128 133 136 140 143 146 149 152 154 156 157 157 159 160 162 163 164 165 166 167 167 168 169 168 168 168 168 169 170 171 171 172 172 172 172 172 172 173 173 173 173 172 172 172 172 173 173 172 172 172 173 172 172 172 173 173 173 173 172 173 173 184 77 0 0 0 0 0 0 0 0 0 0 0 0 0 0 0 0 0 0 0 0 0 0 0 0 0 0 0 0 0 0 0 0 0 0 0 0 0 0 0 0 0 0 0 0 0 0 0 0 0 0 0 0 0 0 0 0 0 0 0 0 0 0 0 0 0 0 0 0 0 0 0 0 0 0 0 0 0 0 0 0 0 0 0 0 0 0 0 0 0 0 0 0 0 0 0 0 0 0 0 0 0 0 0 0 0 0 0 0 0 0 
0 0 0 0 0 0 0 0 0 0 0 0 0 0 0 0 0 0 0 0 0 0 0 0 0 0 0 0 0 0 0 0 0 0 0 0 0 0 0 0 0 0 0 0 0 0 0 0 0 0 0 0 0 0 0 0 0 0 0 0 0 0 0 0 0 0 0 0 0 0 0 0 0 0 0 0 0 0 0 0 0 0 0 0 0 0 0 0 0 0 0 0 0 0 0 0 0 0 0 0 0 0 0 0 0 0 0 0 0 0 0 0 0 0 0 0 0 0 0 0 0 0 0 0 0 0 0 0 0 0 0 0 0 0 0 0 0 0 0 0 0 0 0 0 0 0 0 0 0 0 0 0 0 0 0 0 0 0 0 0 0 0 0 0 0 0 0 0 0 0 0 0 0 0 0 0 0 0 0 0 0 0 0 0 0 0 0 0 0 0 0 0 0 0 0 0 0 0 0 0 0 0 0 0 0 0 0 0 0 0 0 0 0 0 0 0 0 0 0 0 0 0 0 0 0 0 0 0 0 0 0 0 0 0 0 0 0 0 0 0 0 0 0 0 0 0 0 0 0 0 0 0 0 0 0 0 0 0 0 0 0 0 0 0 0 0 0 0 0 0 0 0 0 0 0 0 0 0 0 0 0 0 0 0 0 0 0 0 0 0 0 0 0 0 0 0 0 0 0 0 0 0 0 0 0 0 0 0 0 0 0 0 0 0 0 51 140 180 175 173 171 169 170 171 170 169 167 166 168 169 170 169 168 169 168 167 166 163 162 163 162 162 161 160 159 156 155 153 151 147 146 144 142 140 136 133 130 127 124 121 119 120 120 121 123 126 129 135 138 142 145 149 151 154 156 157 157 158 160 161 162 164 165 166 167 167 168 169 169 169 169 169 169 170 170 171 171 172 171 171 172 172 172 172 172 173 172 172 172 172 172 172 172 171 171 172 173 173 173 172 172 173 174 173 173 173 174 163 2 0 0 0 0 0 0 0 0 0 0 0 0 0 0 0 0 0 0 0 0 0 0 0 0 0 0 0 0 0 0 0 0 0 0 0 0 0 0 0 0 0 0 0 0 0 0 0 0 0 0 0 0 0 0 0 0 0 0 0 0 0 0 0 0 0 0 0 0 0 0 0 0 0 0 0 0 0 0 0 0 0 0 0 0 0 0 0 0 0 0 0 0 0 0 0 0 0 0 0 0 0 0 0 0 0 0 0 0 0 0 
0 0 0 0 0 0 0 0 0 0 0 0 0 0 0 0 0 0 0 0 0 0 0 0 0 0 0 0 0 0 0 0 0 0 0 0 0 0 0 0 0 0 0 0 0 0 0 0 0 0 0 0 0 0 0 0 0 0 0 0 0 0 0 0 0 0 0 0 0 0 0 0 0 0 0 0 0 0 0 0 0 0 0 0 0 0 0 0 0 0 0 0 0 0 0 0 0 0 0 0 0 0 0 0 0 0 0 0 0 0 0 0 0 0 0 0 0 0 0 0 0 0 0 0 0 0 0 0 0 0 0 0 0 0 0 0 0 0 0 0 0 0 0 0 0 0 0 0 0 0 0 0 0 0 0 0 0 0 0 0 0 0 0 0 0 0 0 0 0 0 0 0 0 0 0 0 0 0 0 0 0 0 0 0 0 0 0 0 0 0 0 0 0 0 0 0 0 0 0 0 0 0 0 0 0 0 0 0 0 0 0 0 0 0 0 0 0 0 0 0 0 0 0 0 0 0 0 0 0 0 0 0 0 0 0 0 0 0 0 0 0 0 0 0 0 0 0 0 0 0 0 0 0 0 0 0 0 0 0 0 0 0 0 0 0 0 0 0 0 0 0 0 0 0 0 0 0 0 0 0 0 0 0 0 0 0 0 0 0 0 0 0 0 0 0 0 0 0 0 0 0 0 0 0 0 0 0 0 0 0 0 0 0 0 0 0 0 47 139 181 177 169 169 170 169 170 167 166 167 168 169 168 167 167 167 166 166 164 161 161 161 161 159 159 156 154 153 151 148 145 144 141 138 135 132 130 126 123 120 117 117 117 116 120 124 127 130 135 139 143 147 151 152 155 157 158 159 160 161 162 162 164 166 167 167 168 169 169 169 170 170 170 170 170 170 170 171 171 171 172 172 171 172 171 172 172 172 172 172 172 172 172 171 172 172 173 173 172 173 172 173 173 173 173 173 173 184 82 0 0 0 0 0 0 0 0 0 0 0 0 0 0 0 0 0 0 0 0 0 0 0 0 0 0 0 0 0 0 0 0 0 0 0 0 0 0 0 0 0 0 0 0 0 0 0 0 0 0 0 0 0 0 0 0 0 0 0 0 0 0 0 0 0 0 0 0 0 0 0 0 0 0 0 0 0 0 0 0 0 0 0 0 0 0 0 0 0 0 0 0 0 0 0 0 0 0 0 0 0 0 0 0 0 0 0 0 0 0 0 
0 0 0 0 0 0 0 0 0 0 0 0 0 0 0 0 0 0 0 0 0 0 0 0 0 0 0 0 0 0 0 0 0 0 0 0 0 0 0 0 0 0 0 0 0 0 0 0 0 0 0 0 0 0 0 0 0 0 0 0 0 0 0 0 0 0 0 0 0 0 0 0 0 0 0 0 0 0 0 0 0 0 0 0 0 0 0 0 0 0 0 0 0 0 0 0 0 0 0 0 0 0 0 0 0 0 0 0 0 0 0 0 0 0 0 0 0 0 0 0 0 0 0 0 0 0 0 0 0 0 0 0 0 0 0 0 0 0 0 0 0 0 0 0 0 0 0 0 0 0 0 0 0 0 0 0 0 0 0 0 0 0 0 0 0 0 0 0 0 0 0 0 0 0 0 0 0 0 0 0 0 0 0 0 0 0 0 0 0 0 0 0 0 0 0 0 0 0 0 0 0 0 0 0 0 0 0 0 0 0 0 0 0 0 0 0 0 0 0 0 0 0 0 0 0 0 0 0 0 0 0 0 0 0 0 0 0 0 0 0 0 0 0 0 0 0 0 0 0 0 0 0 0 0 0 0 0 0 0 0 0 0 0 0 0 0 0 0 0 0 0 0 0 0 0 0 0 0 0 0 0 0 0 0 0 0 0 0 0 0 0 0 0 0 0 0 0 0 0 0 0 0 0 0 0 0 0 0 0 0 0 0 0 0 0 0 0 0 0 46 133 177 175 170 170 170 168 166 165 168 168 167 167 167 167 166 165 163 161 159 159 160 159 157 154 152 150 148 145 142 140 138 135 132 129 126 122 118 115 113 113 113 114 119 123 127 131 137 139 143 148 151 154 155 157 159 161 162 163 162 163 165 166 167 168 169 169 169 170 170 170 170 170 170 170 170 170 171 171 172 172 172 172 172 172 171 172 172 172 172 172 172 172 172 172 173 173 172 173 173 173 173 173 173 173 175 166 5 0 0 0 0 0 0 0 0 0 0 0 0 0 0 0 0 0 0 0 0 0 0 0 0 0 0 0 0 0 0 0 0 0 0 0 0 0 0 0 0 0 0 0 0 0 0 0 0 0 0 0 0 0 0 0 0 0 0 0 0 0 0 0 0 0 0 0 0 0 0 0 0 0 0 0 0 0 0 0 0 0 0 0 0 0 0 0 0 0 0 0 0 0 0 0 0 0 0 0 0 0 0 0 0 0 0 0 0 0 0 0 
0 0 0 0 0 0 0 0 0 0 0 0 0 0 0 0 0 0 0 0 0 0 0 0 0 0 0 0 0 0 0 0 0 0 0 0 0 0 0 0 0 0 0 0 0 0 0 0 0 0 0 0 0 0 0 0 0 0 0 0 0 0 0 0 0 0 0 0 0 0 0 0 0 0 0 0 0 0 0 0 0 0 0 0 0 0 0 0 0 0 0 0 0 0 0 0 0 0 0 0 0 0 0 0 0 0 0 0 0 0 0 0 0 0 0 0 0 0 0 0 0 0 0 0 0 0 0 0 0 0 0 0 0 0 0 0 0 0 0 0 0 0 0 0 0 0 0 0 0 0 0 0 0 0 0 0 0 0 0 0 0 0 0 0 0 0 0 0 0 0 0 0 0 0 0 0 0 0 0 0 0 0 0 0 0 0 0 0 0 0 0 0 0 0 0 0 0 0 0 0 0 0 0 0 0 0 0 0 0 0 0 0 0 0 0 0 0 0 0 0 0 0 0 0 0 0 0 0 0 0 0 0 0 0 0 0 0 0 0 0 0 0 0 0 0 0 0 0 0 0 0 0 0 0 0 0 0 0 0 0 0 0 0 0 0 0 0 0 0 0 0 0 0 0 0 0 0 0 0 0 0 0 0 0 0 0 0 0 0 0 0 0 0 0 0 0 0 0 0 0 0 0 0 0 0 0 0 0 0 0 0 0 0 0 0 0 0 0 0 0 0 40 127 180 177 171 170 167 165 166 168 167 168 167 167 167 165 163 161 158 158 158 158 156 153 151 149 145 142 139 137 134 130 127 124 120 116 112 110 109 109 109 110 115 121 126 131 136 140 145 149 152 155 157 158 160 162 164 164 163 164 165 166 167 169 170 169 170 170 170 170 169 170 170 170 170 170 170 171 171 171 171 171 171 171 171 172 172 172 172 172 172 172 173 172 173 173 173 173 173 172 173 173 172 173 185 87 0 0 0 0 0 0 0 0 0 0 0 0 0 0 0 0 0 0 0 0 0 0 0 0 0 0 0 0 0 0 0 0 0 0 0 0 0 0 0 0 0 0 0 0 0 0 0 0 0 0 0 0 0 0 0 0 0 0 0 0 0 0 0 0 0 0 0 0 0 0 0 0 0 0 0 0 0 0 0 0 0 0 0 0 0 0 0 0 0 0 0 0 0 0 0 0 0 0 0 0 0 0 0 0 0 0 0 0 0 0 0 0 
0 0 0 0 0 0 0 0 0 0 0 0 0 0 0 0 0 0 0 0 0 0 0 0 0 0 0 0 0 0 0 0 0 0 0 0 0 0 0 0 0 0 0 0 0 0 0 0 0 0 0 0 0 0 0 0 0 0 0 0 0 0 0 0 0 0 0 0 0 0 0 0 0 0 0 0 0 0 0 0 0 0 0 0 0 0 0 0 0 0 0 0 0 0 0 0 0 0 0 0 0 0 0 0 0 0 0 0 0 0 0 0 0 0 0 0 0 0 0 0 0 0 0 0 0 0 0 0 0 0 0 0 0 0 0 0 0 0 0 0 0 0 0 0 0 0 0 0 0 0 0 0 0 0 0 0 0 0 0 0 0 0 0 0 0 0 0 0 0 0 0 0 0 0 0 0 0 0 0 0 0 0 0 0 0 0 0 0 0 0 0 0 0 0 0 0 0 0 0 0 0 0 0 0 0 0 0 0 0 0 0 0 0 0 0 0 0 0 0 0 0 0 0 0 0 0 0 0 0 0 0 0 0 0 0 0 0 0 0 0 0 0 0 0 0 0 0 0 0 0 0 0 0 0 0 0 0 0 0 0 0 0 0 0 0 0 0 0 0 0 0 0 0 0 0 0 0 0 0 0 0 0 0 0 0 0 0 0 0 0 0 0 0 0 0 0 0 0 0 0 0 0 0 0 0 0 0 0 0 0 0 0 0 0 0 0 0 0 0 0 0 0 0 34 126 180 177 166 165 166 166 167 166 167 166 166 164 162 162 159 157 156 156 155 152 149 147 142 139 135 131 129 126 122 118 113 109 106 104 104 104 105 108 113 120 125 130 134 138 144 148 153 156 157 159 161 163 164 164 165 165 165 165 167 168 169 170 170 170 171 171 170 170 170 170 170 170 170 171 171 171 171 171 171 172 173 172 172 172 172 172 173 173 173 172 173 172 172 173 173 173 174 174 174 174 169 8 0 0 0 0 0 0 0 0 0 0 0 0 0 0 0 0 0 0 0 0 0 0 0 0 0 0 0 0 0 0 0 0 0 0 0 0 0 0 0 0 0 0 0 0 0 0 0 0 0 0 0 0 0 0 0 0 0 0 0 0 0 0 0 0 0 0 0 0 0 0 0 0 0 0 0 0 0 0 0 0 0 0 0 0 0 0 0 0 0 0 0 0 0 0 0 0 0 0 0 0 0 0 0 0 0 0 0 0 0 0 0 0 
0 0 0 0 0 0 0 0 0 0 0 0 0 0 0 0 0 0 0 0 0 0 0 0 0 0 0 0 0 0 0 0 0 0 0 0 0 0 0 0 0 0 0 0 0 0 0 0 0 0 0 0 0 0 0 0 0 0 0 0 0 0 0 0 0 0 0 0 0 0 0 0 0 0 0 0 0 0 0 0 0 0 0 0 0 0 0 0 0 0 0 0 0 0 0 0 0 0 0 0 0 0 0 0 0 0 0 0 0 0 0 0 0 0 0 0 0 0 0 0 0 0 0 0 0 0 0 0 0 0 0 0 0 0 0 0 0 0 0 0 0 0 0 0 0 0 0 0 0 0 0 0 0 0 0 0 0 0 0 0 0 0 0 0 0 0 0 0 0 0 0 0 0 0 0 0 0 0 0 0 0 0 0 0 0 0 0 0 0 0 0 0 0 0 0 0 0 0 0 0 0 0 0 0 0 0 0 0 0 0 0 0 0 0 0 0 0 0 0 0 0 0 0 0 0 0 0 0 0 0 0 0 0 0 0 0 0 0 0 0 0 0 0 0 0 0 0 0 0 0 0 0 0 0 0 0 0 0 0 0 0 0 0 0 0 0 0 0 0 0 0 0 0 0 0 0 0 0 0 0 0 0 0 0 0 0 0 0 0 0 0 0 0 0 0 0 0 0 0 0 0 0 0 0 0 0 0 0 0 0 0 0 0 0 0 0 0 0 0 0 0 0 0 0 0 31 122 172 172 166 165 167 165 166 165 164 163 161 160 158 156 153 154 153 150 147 143 138 135 132 128 126 122 116 112 107 102 100 99 99 99 102 106 110 116 122 126 132 136 142 146 151 155 157 159 161 163 164 164 165 166 165 165 167 169 169 170 170 171 171 171 171 170 170 170 170 170 170 170 171 171 171 171 171 172 172 172 172 172 172 172 172 172 173 173 173 173 172 173 174 174 174 174 174 185 92 0 0 0 0 0 0 0 0 0 0 0 0 0 0 0 0 0 0 0 0 0 0 0 0 0 0 0 0 0 0 0 0 0 0 0 0 0 0 0 0 0 0 0 0 0 0 0 0 0 0 0 0 0 0 0 0 0 0 0 0 0 0 0 0 0 0 0 0 0 0 0 0 0 0 0 0 0 0 0 0 0 0 0 0 0 0 0 0 0 0 0 0 0 0 0 0 0 0 0 0 0 0 0 0 0 0 0 0 0 0 0 0 0 
0 0 0 0 0 0 0 0 0 0 0 0 0 0 0 0 0 0 0 0 0 0 0 0 0 0 0 0 0 0 0 0 0 0 0 0 0 0 0 0 0 0 0 0 0 0 0 0 0 0 0 0 0 0 0 0 0 0 0 0 0 0 0 0 0 0 0 0 0 0 0 0 0 0 0 0 0 0 0 0 0 0 0 0 0 0 0 0 0 0 0 0 0 0 0 0 0 0 0 0 0 0 0 0 0 0 0 0 0 0 0 0 0 0 0 0 0 0 0 0 0 0 0 0 0 0 0 0 0 0 0 0 0 0 0 0 0 0 0 0 0 0 0 0 0 0 0 0 0 0 0 0 0 0 0 0 0 0 0 0 0 0 0 0 0 0 0 0 0 0 0 0 0 0 0 0 0 0 0 0 0 0 0 0 0 0 0 0 0 0 0 0 0 0 0 0 0 0 0 0 0 0 0 0 0 0 0 0 0 0 0 0 0 0 0 0 0 0 0 0 0 0 0 0 0 0 0 0 0 0 0 0 0 0 0 0 0 0 0 0 0 0 0 0 0 0 0 0 0 0 0 0 0 0 0 0 0 0 0 0 0 0 0 0 0 0 0 0 0 0 0 0 0 0 0 0 0 0 0 0 0 0 0 0 0 0 0 0 0 0 0 0 0 0 0 0 0 0 0 0 0 0 0 0 0 0 0 0 0 0 0 0 0 0 0 0 0 0 0 0 0 0 0 0 0 0 0 28 113 169 174 167 166 166 165 164 163 161 160 158 155 152 151 149 148 145 140 136 132 128 124 121 116 111 104 99 96 93 93 93 94 98 103 106 111 119 124 129 135 140 145 149 152 156 159 161 162 164 165 166 166 165 165 167 168 169 169 170 170 170 170 170 171 170 170 170 169 169 169 170 170 171 171 171 172 172 171 172 172 172 172 172 172 174 173 173 173 173 174 174 174 174 174 174 172 10 0 0 0 0 0 0 0 0 0 0 0 0 0 0 0 0 0 0 0 0 0 0 0 0 0 0 0 0 0 0 0 0 0 0 0 0 0 0 0 0 0 0 0 0 0 0 0 0 0 0 0 0 0 0 0 0 0 0 0 0 0 0 0 0 0 0 0 0 0 0 0 0 0 0 0 0 0 0 0 0 0 0 0 0 0 0 0 0 0 0 0 0 0 0 0 0 0 0 0 0 0 0 0 0 0 0 0 0 0 0 0 0 0 
0 0 0 0 0 0 0 0 0 0 0 0 0 0 0 0 0 0 0 0 0 0 0 0 0 0 0 0 0 0 0 0 0 0 0 0 0 0 0 0 0 0 0 0 0 0 0 0 0 0 0 0 0 0 0 0 0 0 0 0 0 0 0 0 0 0 0 0 0 0 0 0 0 0 0 0 0 0 0 0 0 0 0 0 0 0 0 0 0 0 0 0 0 0 0 0 0 0 0 0 0 0 0 0 0 0 0 0 0 0 0 0 0 0 0 0 0 0 0 0 0 0 0 0 0 0 0 0 0 0 0 0 0 0 0 0 0 0 0 0 0 0 0 0 0 0 0 0 0 0 0 0 0 0 0 0 0 0 0 0 0 0 0 0 0 0 0 0 0 0 0 0 0 0 0 0 0 0 0 0 0 0 0 0 0 0 0 0 0 0 0 0 0 0 0 0 0 0 0 0 0 0 0 0 0 0 0 0 0 0 0 0 0 0 0 0 0 0 0 0 0 0 0 0 0 0 0 0 0 0 0 0 0 0 0 0 0 0 0 0 0 0 0 0 0 0 0 0 0 0 0 0 0 0 0 0 0 0 0 0 0 0 0 0 0 0 0 0 0 0 0 0 0 0 0 0 0 0 0 0 0 0 0 0 0 0 0 0 0 0 0 0 0 0 0 0 0 0 0 0 0 0 0 0 0 0 0 0 0 0 0 0 0 0 0 0 0 0 0 0 0 0 0 0 0 0 0 0 0 24 108 170 174 165 164 163 162 160 159 156 153 151 149 147 145 141 137 133 129 125 121 115 110 105 99 94 90 88 87 88 89 94 99 102 106 113 121 126 132 138 144 147 151 153 156 158 161 164 164 165 166 166 166 167 168 168 169 169 169 169 170 171 170 169 169 170 169 169 169 170 170 170 170 171 172 171 171 172 172 172 172 172 173 173 173 173 173 174 175 175 174 175 175 185 97 0 0 0 0 0 0 0 0 0 0 0 0 0 0 0 0 0 0 0 0 0 0 0 0 0 0 0 0 0 0 0 0 0 0 0 0 0 0 0 0 0 0 0 0 0 0 0 0 0 0 0 0 0 0 0 0 0 0 0 0 0 0 0 0 0 0 0 0 0 0 0 0 0 0 0 0 0 0 0 0 0 0 0 0 0 0 0 0 0 0 0 0 0 0 0 0 0 0 0 0 0 0 0 0 0 0 0 0 0 0 0 0 0 0 
0 0 0 0 0 0 0 0 0 0 0 0 0 0 0 0 0 0 0 0 0 0 0 0 0 0 0 0 0 0 0 0 0 0 0 0 0 0 0 0 0 0 0 0 0 0 0 0 0 0 0 0 0 0 0 0 0 0 0 0 0 0 0 0 0 0 0 0 0 0 0 0 0 0 0 0 0 0 0 0 0 0 0 0 0 0 0 0 0 0 0 0 0 0 0 0 0 0 0 0 0 0 0 0 0 0 0 0 0 0 0 0 0 0 0 0 0 0 0 0 0 0 0 0 0 0 0 0 0 0 0 0 0 0 0 0 0 0 0 0 0 0 0 0 0 0 0 0 0 0 0 0 0 0 0 0 0 0 0 0 0 0 0 0 0 0 0 0 0 0 0 0 0 0 0 0 0 0 0 0 0 0 0 0 0 0 0 0 0 0 0 0 0 0 0 0 0 0 0 0 0 0 0 0 0 0 0 0 0 0 0 0 0 0 0 0 0 0 0 0 0 0 0 0 0 0 0 0 0 0 0 0 0 0 0 0 0 0 0 0 0 0 0 0 0 0 0 0 0 0 0 0 0 0 0 0 0 0 0 0 0 0 0 0 0 0 0 0 0 0 0 0 0 0 0 0 0 0 0 0 0 0 0 0 0 0 0 0 0 0 0 0 0 0 0 0 0 0 0 0 0 0 0 0 0 0 0 0 0 0 0 0 0 0 0 0 0 0 0 0 0 0 0 0 0 0 0 0 0 0 0 20 103 167 172 163 161 159 158 156 153 150 147 144 141 137 134 130 126 121 116 110 104 98 93 89 85 83 83 84 86 89 94 97 99 109 117 122 128 135 140 143 147 150 152 156 159 160 162 163 165 166 166 166 166 167 168 169 169 169 169 171 171 170 169 169 169 170 170 170 170 170 171 171 171 171 172 172 173 173 173 173 173 173 172 173 174 174 174 174 174 175 175 173 13 0 0 0 0 0 0 0 0 0 0 0 0 0 0 0 0 0 0 0 0 0 0 0 0 0 0 0 0 0 0 0 0 0 0 0 0 0 0 0 0 0 0 0 0 0 0 0 0 0 0 0 0 0 0 0 0 0 0 0 0 0 0 0 0 0 0 0 0 0 0 0 0 0 0 0 0 0 0 0 0 0 0 0 0 0 0 0 0 0 0 0 0 0 0 0 0 0 0 0 0 0 0 0 0 0 0 0 0 0 0 0 0 0 0 
0 0 0 0 0 0 0 0 0 0 0 0 0 0 0 0 0 0 0 0 0 0 0 0 0 0 0 0 0 0 0 0 0 0 0 0 0 0 0 0 0 0 0 0 0 0 0 0 0 0 0 0 0 0 0 0 0 0 0 0 0 0 0 0 0 0 0 0 0 0 0 0 0 0 0 0 0 0 0 0 0 0 0 0 0 0 0 0 0 0 0 0 0 0 0 0 0 0 0 0 0 0 0 0 0 0 0 0 0 0 0 0 0 0 0 0 0 0 0 0 0 0 0 0 0 0 0 0 0 0 0 0 0 0 0 0 0 0 0 0 0 0 0 0 0 0 0 0 0 0 0 0 0 0 0 0 0 0 0 0 0 0 0 0 0 0 0 0 0 0 0 0 0 0 0 0 0 0 0 0 0 0 0 0 0 0 0 0 0 0 0 0 0 0 0 0 0 0 0 0 0 0 0 0 0 0 0 0 0 0 0 0 0 0 0 0 0 0 0 0 0 0 0 0 0 0 0 0 0 0 0 0 0 0 0 0 0 0 0 0 0 0 0 0 0 0 0 0 0 0 0 0 0 0 0 0 0 0 0 0 0 0 0 0 0 0 0 0 0 0 0 0 0 0 0 0 0 0 0 0 0 0 0 0 0 0 0 0 0 0 0 0 0 0 0 0 0 0 0 0 0 0 0 0 0 0 0 0 0 0 0 0 0 0 0 0 0 0 0 0 0 0 0 0 0 0 0 0 0 0 0 0 0 16 99 162 168 158 156 154 152 148 145 141 138 133 130 125 122 117 111 105 99 93 88 83 79 77 77 78 80 84 89 93 97 104 113 120 125 130 135 139 143 147 150 152 154 157 159 161 162 164 165 165 165 165 167 169 169 169 169 170 170 169 169 169 169 169 170 170 170 171 171 171 171 171 171 172 173 173 173 173 173 173 173 173 174 174 174 174 174 174 184 103 0 0 0 0 0 0 0 0 0 0 0 0 0 0 0 0 0 0 0 0 0 0 0 0 0 0 0 0 0 0 0 0 0 0 0 0 0 0 0 0 0 0 0 0 0 0 0 0 0 0 0 0 0 0 0 0 0 0 0 0 0 0 0 0 0 0 0 0 0 0 0 0 0 0 0 0 0 0 0 0 0 0 0 0 0 0 0 0 0 0 0 0 0 0 0 0 0 0 0 0 0 0 0 0 0 0 0 0 0 0 0 0 0 0 0 
0 0 0 0 0 0 0 0 0 0 0 0 0 0 0 0 0 0 0 0 0 0 0 0 0 0 0 0 0 0 0 0 0 0 0 0 0 0 0 0 0 0 0 0 0 0 0 0 0 0 0 0 0 0 0 0 0 0 0 0 0 0 0 0 0 0 0 0 0 0 0 0 0 0 0 0 0 0 0 0 0 0 0 0 0 0 0 0 0 0 0 0 0 0 0 0 0 0 0 0 0 0 0 0 0 0 0 0 0 0 0 0 0 0 0 0 0 0 0 0 0 0 0 0 0 0 0 0 0 0 0 0 0 0 0 0 0 0 0 0 0 0 0 0 0 0 0 0 0 0 0 0 0 0 0 0 0 0 0 0 0 0 0 0 0 0 0 0 0 0 0 0 0 0 0 0 0 0 0 0 0 0 0 0 0 0 0 0 0 0 0 0 0 0 0 0 0 0 0 0 0 0 0 0 0 0 0 0 0 0 0 0 0 0 0 0 0 0 0 0 0 0 0 0 0 0 0 0 0 0 0 0 0 0 0 0 0 0 0 0 0 0 0 0 0 0 0 0 0 0 0 0 0 0 0 0 0 0 0 0 0 0 0 0 0 0 0 0 0 0 0 0 0 0 0 0 0 0 0 0 0 0 0 0 0 0 0 0 0 0 0 0 0 0 0 0 0 0 0 0 0 0 0 0 0 0 0 0 0 0 0 0 0 0 0 0 0 0 0 0 0 0 0 0 0 0 0 0 0 0 0 0 0 0 0 14 92 155 164 153 150 146 143 137 133 130 127 123 118 113 107 100 95 87 82 78 75 73 73 74 77 80 86 89 95 101 108 115 121 126 131 134 138 142 145 148 151 153 155 157 157 160 161 162 162 163 165 167 168 169 168 169 169 169 169 169 169 169 169 169 169 169 171 171 172 172 172 172 172 173 173 173 173 174 174 174 174 174 174 174 174 174 176 16 0 0 0 0 0 0 0 0 0 0 0 0 0 0 0 0 0 0 0 0 0 0 0 0 0 0 0 0 0 0 0 0 0 0 0 0 0 0 0 0 0 0 0 0 0 0 0 0 0 0 0 0 0 0 0 0 0 0 0 0 0 0 0 0 0 0 0 0 0 0 0 0 0 0 0 0 0 0 0 0 0 0 0 0 0 0 0 0 0 0 0 0 0 0 0 0 0 0 0 0 0 0 0 0 0 0 0 0 0 0 0 0 0 0 0 
0 0 0 0 0 0 0 0 0 0 0 0 0 0 0 0 0 0 0 0 0 0 0 0 0 0 0 0 0 0 0 0 0 0 0 0 0 0 0 0 0 0 0 0 0 0 0 0 0 0 0 0 0 0 0 0 0 0 0 0 0 0 0 0 0 0 0 0 0 0 0 0 0 0 0 0 0 0 0 0 0 0 0 0 0 0 0 0 0 0 0 0 0 0 0 0 0 0 0 0 0 0 0 0 0 0 0 0 0 0 0 0 0 0 0 0 0 0 0 0 0 0 0 0 0 0 0 0 0 0 0 0 0 0 0 0 0 0 0 0 0 0 0 0 0 0 0 0 0 0 0 0 0 0 0 0 0 0 0 0 0 0 0 0 0 0 0 0 0 0 0 0 0 0 0 0 0 0 0 0 0 0 0 0 0 0 0 0 0 0 0 0 0 0 0 0 0 0 0 0 0 0 0 0 0 0 0 0 0 0 0 0 0 0 0 0 0 0 0 0 0 0 0 0 0 0 0 0 0 0 0 0 0 0 0 0 0 0 0 0 0 0 0 0 0 0 0 0 0 0 0 0 0 0 0 0 0 0 0 0 0 0 0 0 0 0 0 0 0 0 0 0 0 0 0 0 0 0 0 0 0 0 0 0 0 0 0 0 0 0 0 0 0 0 0 0 0 0 0 0 0 0 0 0 0 0 0 0 0 0 0 0 0 0 0 0 0 0 0 0 0 0 0 0 0 0 0 0 0 0 0 0 0 0 0 0 0 11 84 149 157 145 140 135 130 126 122 118 114 109 103 97 90 83 78 74 72 72 72 72 74 77 81 85 90 96 101 110 114 119 124 128 132 136 138 141 144 148 152 152 153 155 157 157 158 159 161 163 166 166 167 168 168 168 169 168 168 168 169 169 170 170 170 171 172 172 172 172 173 174 174 173 173 173 174 174 174 174 174 175 175 184 109 0 0 0 0 0 0 0 0 0 0 0 0 0 0 0 0 0 0 0 0 0 0 0 0 0 0 0 0 0 0 0 0 0 0 0 0 0 0 0 0 0 0 0 0 0 0 0 0 0 0 0 0 0 0 0 0 0 0 0 0 0 0 0 0 0 0 0 0 0 0 0 0 0 0 0 0 0 0 0 0 0 0 0 0 0 0 0 0 0 0 0 0 0 0 0 0 0 0 0 0 0 0 0 0 0 0 0 0 0 0 0 0 0 0 0 0 
0 0 0 0 0 0 0 0 0 0 0 0 0 0 0 0 0 0 0 0 0 0 0 0 0 0 0 0 0 0 0 0 0 0 0 0 0 0 0 0 0 0 0 0 0 0 0 0 0 0 0 0 0 0 0 0 0 0 0 0 0 0 0 0 0 0 0 0 0 0 0 0 0 0 0 0 0 0 0 0 0 0 0 0 0 0 0 0 0 0 0 0 0 0 0 0 0 0 0 0 0 0 0 0 0 0 0 0 0 0 0 0 0 0 0 0 0 0 0 0 0 0 0 0 0 0 0 0 0 0 0 0 0 0 0 0 0 0 0 0 0 0 0 0 0 0 0 0 0 0 0 0 0 0 0 0 0 0 0 0 0 0 0 0 0 0 0 0 0 0 0 0 0 0 0 0 0 0 0 0 0 0 0 0 0 0 0 0 0 0 0 0 0 0 0 0 0 0 0 0 0 0 0 0 0 0 0 0 0 0 0 0 0 0 0 0 0 0 0 0 0 0 0 0 0 0 0 0 0 0 0 0 0 0 0 0 0 0 0 0 0 0 0 0 0 0 0 0 0 0 0 0 0 0 0 0 0 0 0 0 0 0 0 0 0 0 0 0 0 0 0 0 0 0 0 0 0 0 0 0 0 0 0 0 0 0 0 0 0 0 0 0 0 0 0 0 0 0 0 0 0 0 0 0 0 0 0 0 0 0 0 0 0 0 0 0 0 0 0 0 0 0 0 0 0 0 0 0 0 0 0 0 0 0 0 0 0 0 0 8 75 138 147 134 128 123 119 114 108 104 99 93 86 80 75 73 71 69 69 69 71 72 76 80 85 89 94 102 108 113 117 123 127 131 133 137 140 142 144 146 149 150 151 152 154 155 156 159 162 163 164 165 165 166 167 167 168 168 168 168 169 168 169 170 171 172 173 173 173 173 173 174 174 173 174 174 175 175 174 174 175 180 19 0 0 0 0 0 0 0 0 0 0 0 0 0 0 0 0 0 0 0 0 0 0 0 0 0 0 0 0 0 0 0 0 0 0 0 0 0 0 0 0 0 0 0 0 0 0 0 0 0 0 0 0 0 0 0 0 0 0 0 0 0 0 0 0 0 0 0 0 0 0 0 0 0 0 0 0 0 0 0 0 0 0 0 0 0 0 0 0 0 0 0 0 0 0 0 0 0 0 0 0 0 0 0 0 0 0 0 0 0 0 0 0 0 0 0 0 
0 0 0 0 0 0 0 0 0 0 0 0 0 0 0 0 0 0 0 0 0 0 0 0 0 0 0 0 0 0 0 0 0 0 0 0 0 0 0 0 0 0 0 0 0 0 0 0 0 0 0 0 0 0 0 0 0 0 0 0 0 0 0 0 0 0 0 0 0 0 0 0 0 0 0 0 0 0 0 0 0 0 0 0 0 0 0 0 0 0 0 0 0 0 0 0 0 0 0 0 0 0 0 0 0 0 0 0 0 0 0 0 0 0 0 0 0 0 0 0 0 0 0 0 0 0 0 0 0 0 0 0 0 0 0 0 0 0 0 0 0 0 0 0 0 0 0 0 0 0 0 0 0 0 0 0 0 0 0 0 0 0 0 0 0 0 0 0 0 0 0 0 0 0 0 0 0 0 0 0 0 0 0 0 0 0 0 0 0 0 0 0 0 0 0 0 0 0 0 0 0 0 0 0 0 0 0 0 0 0 0 0 0 0 0 0 0 0 0 0 0 0 0 0 0 0 0 0 0 0 0 0 0 0 0 0 0 0 0 0 0 0 0 0 0 0 0 0 0 0 0 0 0 0 0 0 0 0 0 0 0 0 0 0 0 0 0 0 0 0 0 0 0 0 0 0 0 0 0 0 0 0 0 0 0 0 0 0 0 0 0 0 0 0 0 0 0 0 0 0 0 0 0 0 0 0 0 0 0 0 0 0 0 0 0 0 0 0 0 0 0 0 0 0 0 0 0 0 0 0 0 0 0 0 0 0 0 0 0 0 0 6 67 125 133 121 115 110 105 100 96 90 83 78 74 73 69 68 67 68 68 69 72 74 79 83 88 96 103 108 113 118 122 127 129 133 136 137 139 141 142 144 146 147 148 150 151 154 157 158 160 160 162 163 163 164 165 166 166 165 166 167 170 171 171 171 173 173 173 173 173 174 174 173 173 174 175 175 174 174 184 111 0 0 0 0 0 0 0 0 0 0 0 0 0 0 0 0 0 0 0 0 0 0 0 0 0 0 0 0 0 0 0 0 0 0 0 0 0 0 0 0 0 0 0 0 0 0 0 0 0 0 0 0 0 0 0 0 0 0 0 0 0 0 0 0 0 0 0 0 0 0 0 0 0 0 0 0 0 0 0 0 0 0 0 0 0 0 0 0 0 0 0 0 0 0 0 0 0 0 0 0 0 0 0 0 0 0 0 0 0 0 0 0 0 0 0 0 0 
0 0 0 0 0 0 0 0 0 0 0 0 0 0 0 0 0 0 0 0 0 0 0 0 0 0 0 0 0 0 0 0 0 0 0 0 0 0 0 0 0 0 0 0 0 0 0 0 0 0 0 0 0 0 0 0 0 0 0 0 0 0 0 0 0 0 0 0 0 0 0 0 0 0 0 0 0 0 0 0 0 0 0 0 0 0 0 0 0 0 0 0 0 0 0 0 0 0 0 0 0 0 0 0 0 0 0 0 0 0 0 0 0 0 0 0 0 0 0 0 0 0 0 0 0 0 0 0 0 0 0 0 0 0 0 0 0 0 0 0 0 0 0 0 0 0 0 0 0 0 0 0 0 0 0 0 0 0 0 0 0 0 0 0 0 0 0 0 0 0 0 0 0 0 0 0 0 0 0 0 0 0 0 0 0 0 0 0 0 0 0 0 0 0 0 0 0 0 0 0 0 0 0 0 0 0 0 0 0 0 0 0 0 0 0 0 0 0 0 0 0 0 0 0 0 0 0 0 0 0 0 0 0 0 0 0 0 0 0 0 0 0 0 0 0 0 0 0 0 0 0 0 0 0 0 0 0 0 0 0 0 0 0 0 0 0 0 0 0 0 0 0 0 0 0 0 0 0 0 0 0 0 0 0 0 0 0 0 0 0 0 0 0 0 0 0 0 0 0 0 0 0 0 0 0 0 0 0 0 0 0 0 0 0 0 0 0 0 0 0 0 0 0 0 0 0 0 0 0 0 0 0 0 0 0 0 0 0 0 0 0 0 0 3 56 110 118 106 100 96 92 86 81 77 73 71 69 68 67 67 66 68 67 70 72 76 82 90 96 102 108 114 118 123 127 131 132 134 136 137 138 138 140 143 144 145 146 148 152 154 155 156 157 158 159 160 161 163 163 163 164 165 169 170 171 172 172 172 173 173 173 173 173 174 174 174 174 175 175 174 179 23 0 0 0 0 0 0 0 0 0 0 0 0 0 0 0 0 0 0 0 0 0 0 0 0 0 0 0 0 0 0 0 0 0 0 0 0 0 0 0 0 0 0 0 0 0 0 0 0 0 0 0 0 0 0 0 0 0 0 0 0 0 0 0 0 0 0 0 0 0 0 0 0 0 0 0 0 0 0 0 0 0 0 0 0 0 0 0 0 0 0 0 0 0 0 0 0 0 0 0 0 0 0 0 0 0 0 0 0 0 0 0 0 0 0 0 0 0 
0 0 0 0 0 0 0 0 0 0 0 0 0 0 0 0 0 0 0 0 0 0 0 0 0 0 0 0 0 0 0 0 0 0 0 0 0 0 0 0 0 0 0 0 0 0 0 0 0 0 0 0 0 0 0 0 0 0 0 0 0 0 0 0 0 0 0 0 0 0 0 0 0 0 0 0 0 0 0 0 0 0 0 0 0 0 0 0 0 0 0 0 0 0 0 0 0 0 0 0 0 0 0 0 0 0 0 0 0 0 0 0 0 0 0 0 0 0 0 0 0 0 0 0 0 0 0 0 0 0 0 0 0 0 0 0 0 0 0 0 0 0 0 0 0 0 0 0 0 0 0 0 0 0 0 0 0 0 0 0 0 0 0 0 0 0 0 0 0 0 0 0 0 0 0 0 0 0 0 0 0 0 0 0 0 0 0 0 0 0 0 0 0 0 0 0 0 0 0 0 0 0 0 0 0 0 0 0 0 0 0 0 0 0 0 0 0 0 0 0 0 0 0 0 0 0 0 0 0 0 0 0 0 0 0 0 0 0 0 0 0 0 0 0 0 0 0 0 0 0 0 0 0 0 0 0 0 0 0 0 0 0 0 0 0 0 0 0 0 0 0 0 0 0 0 0 0 0 0 0 0 0 0 0 0 0 0 0 0 0 0 0 0 0 0 0 0 0 0 0 0 0 0 0 0 0 0 0 0 0 0 0 0 0 0 0 0 0 0 0 0 0 0 0 0 0 0 0 0 0 0 0 0 0 0 0 0 0 0 0 0 0 0 0 0 1 47 93 102 94 88 83 79 75 72 69 67 68 68 67 66 65 64 66 67 73 78 85 91 97 104 110 115 120 125 128 129 130 132 134 135 136 137 138 139 140 140 142 146 149 150 150 151 152 154 155 157 158 160 161 162 163 166 167 169 170 172 173 173 173 173 173 173 173 174 174 173 175 174 183 115 0 0 0 0 0 0 0 0 0 0 0 0 0 0 0 0 0 0 0 0 0 0 0 0 0 0 0 0 0 0 0 0 0 0 0 0 0 0 0 0 0 0 0 0 0 0 0 0 0 0 0 0 0 0 0 0 0 0 0 0 0 0 0 0 0 0 0 0 0 0 0 0 0 0 0 0 0 0 0 0 0 0 0 0 0 0 0 0 0 0 0 0 0 0 0 0 0 0 0 0 0 0 0 0 0 0 0 0 0 0 0 0 0 0 0 0 0 0 
0 0 0 0 0 0 0 0 0 0 0 0 0 0 0 0 0 0 0 0 0 0 0 0 0 0 0 0 0 0 0 0 0 0 0 0 0 0 0 0 0 0 0 0 0 0 0 0 0 0 0 0 0 0 0 0 0 0 0 0 0 0 0 0 0 0 0 0 0 0 0 0 0 0 0 0 0 0 0 0 0 0 0 0 0 0 0 0 0 0 0 0 0 0 0 0 0 0 0 0 0 0 0 0 0 0 0 0 0 0 0 0 0 0 0 0 0 0 0 0 0 0 0 0 0 0 0 0 0 0 0 0 0 0 0 0 0 0 0 0 0 0 0 0 0 0 0 0 0 0 0 0 0 0 0 0 0 0 0 0 0 0 0 0 0 0 0 0 0 0 0 0 0 0 0 0 0 0 0 0 0 0 0 0 0 0 0 0 0 0 0 0 0 0 0 0 0 0 0 0 0 0 0 0 0 0 0 0 0 0 0 0 0 0 0 0 0 0 0 0 0 0 0 0 0 0 0 0 0 0 0 0 0 0 0 0 0 0 0 0 0 0 0 0 0 0 0 0 0 0 0 0 0 0 0 0 0 0 0 0 0 0 0 0 0 0 0 0 0 0 0 0 0 0 0 0 0 0 0 0 0 0 0 0 0 0 0 0 0 0 0 0 0 0 0 0 0 0 0 0 0 0 0 0 0 0 0 0 0 0 0 0 0 0 0 0 0 0 0 0 0 0 0 0 0 0 0 0 0 0 0 0 0 0 0 0 0 0 0 0 0 0 0 0 0 0 0 0 38 81 90 83 79 75 71 69 67 68 68 67 65 64 63 63 66 71 76 82 89 95 102 111 114 119 123 125 126 128 130 131 132 133 133 134 135 136 137 138 140 144 145 144 145 146 148 150 152 153 155 157 158 160 162 165 166 168 170 171 173 172 173 173 174 173 174 174 173 174 174 179 27 0 0 0 0 0 0 0 0 0 0 0 0 0 0 0 0 0 0 0 0 0 0 0 0 0 0 0 0 0 0 0 0 0 0 0 0 0 0 0 0 0 0 0 0 0 0 0 0 0 0 0 0 0 0 0 0 0 0 0 0 0 0 0 0 0 0 0 0 0 0 0 0 0 0 0 0 0 0 0 0 0 0 0 0 0 0 0 0 0 0 0 0 0 0 0 0 0 0 0 0 0 0 0 0 0 0 0 0 0 0 0 0 0 0 0 0 0 0 
0 0 0 0 0 0 0 0 0 0 0 0 0 0 0 0 0 0 0 0 0 0 0 0 0 0 0 0 0 0 0 0 0 0 0 0 0 0 0 0 0 0 0 0 0 0 0 0 0 0 0 0 0 0 0 0 0 0 0 0 0 0 0 0 0 0 0 0 0 0 0 0 0 0 0 0 0 0 0 0 0 0 0 0 0 0 0 0 0 0 0 0 0 0 0 0 0 0 0 0 0 0 0 0 0 0 0 0 0 0 0 0 0 0 0 0 0 0 0 0 0 0 0 0 0 0 0 0 0 0 0 0 0 0 0 0 0 0 0 0 0 0 0 0 0 0 0 0 0 0 0 0 0 0 0 0 0 0 0 0 0 0 0 0 0 0 0 0 0 0 0 0 0 0 0 0 0 0 0 0 0 0 0 0 0 0 0 0 0 0 0 0 0 0 0 0 0 0 0 0 0 0 0 0 0 0 0 0 0 0 0 0 0 0 0 0 0 0 0 0 0 0 0 0 0 0 0 0 0 0 0 0 0 0 0 0 0 0 0 0 0 0 0 0 0 0 0 0 0 0 0 0 0 0 0 0 0 0 0 0 0 0 0 0 0 0 0 0 0 0 0 0 0 0 0 0 0 0 0 0 0 0 0 0 0 0 0 0 0 0 0 0 0 0 0 0 0 0 0 0 0 0 0 0 0 0 0 0 0 0 0 0 0 0 0 0 0 0 0 0 0 0 0 0 0 0 0 0 0 0 0 0 0 0 0 0 0 0 0 0 0 0 0 0 0 0 0 0 0 0 31 72 84 77 73 70 71 70 69 68 67 66 64 64 67 71 76 82 89 96 105 111 114 119 123 125 126 127 128 129 130 130 131 133 133 134 134 134 135 138 140 140 140 141 141 143 145 147 149 151 154 156 158 161 164 166 168 169 171 172 173 173 174 173 173 173 173 173 181 122 0 0 0 0 0 0 0 0 0 0 0 0 0 0 0 0 0 0 0 0 0 0 0 0 0 0 0 0 0 0 0 0 0 0 0 0 0 0 0 0 0 0 0 0 0 0 0 0 0 0 0 0 0 0 0 0 0 0 0 0 0 0 0 0 0 0 0 0 0 0 0 0 0 0 0 0 0 0 0 0 0 0 0 0 0 0 0 0 0 0 0 0 0 0 0 0 0 0 0 0 0 0 0 0 0 0 0 0 0 0 0 0 0 0 0 0 0 0 0 
0 0 0 0 0 0 0 0 0 0 0 0 0 0 0 0 0 0 0 0 0 0 0 0 0 0 0 0 0 0 0 0 0 0 0 0 0 0 0 0 0 0 0 0 0 0 0 0 0 0 0 0 0 0 0 0 0 0 0 0 0 0 0 0 0 0 0 0 0 0 0 0 0 0 0 0 0 0 0 0 0 0 0 0 0 0 0 0 0 0 0 0 0 0 0 0 0 0 0 0 0 0 0 0 0 0 0 0 0 0 0 0 0 0 0 0 0 0 0 0 0 0 0 0 0 0 0 0 0 0 0 0 0 0 0 0 0 0 0 0 0 0 0 0 0 0 0 0 0 0 0 0 0 0 0 0 0 0 0 0 0 0 0 0 0 0 0 0 0 0 0 0 0 0 0 0 0 0 0 0 0 0 0 0 0 0 0 0 0 0 0 0 0 0 0 0 0 0 0 0 0 0 0 0 0 0 0 0 0 0 0 0 0 0 0 0 0 0 0 0 0 0 0 0 0 0 0 0 0 0 0 0 0 0 0 0 0 0 0 0 0 0 0 0 0 0 0 0 0 0 0 0 0 0 0 0 0 0 0 0 0 0 0 0 0 0 0 0 0 0 0 0 0 0 0 0 0 0 0 0 0 0 0 0 0 0 0 0 0 0 0 0 0 0 0 0 0 0 0 0 0 0 0 0 0 0 0 0 0 0 0 0 0 0 0 0 0 0 0 0 0 0 0 0 0 0 0 0 0 0 0 0 0 0 0 0 0 0 0 0 0 0 0 0 0 0 0 0 0 0 0 0 28 69 81 75 73 73 72 71 69 68 68 68 71 74 79 86 93 99 107 113 118 122 125 127 127 128 128 130 130 130 129 130 131 132 131 132 132 135 137 136 136 136 137 138 139 141 142 145 147 150 153 156 159 162 165 167 169 171 171 172 172 172 173 174 173 173 181 30 0 0 0 0 0 0 0 0 0 0 0 0 0 0 0 0 0 0 0 0 0 0 0 0 0 0 0 0 0 0 0 0 0 0 0 0 0 0 0 0 0 0 0 0 0 0 0 0 0 0 0 0 0 0 0 0 0 0 0 0 0 0 0 0 0 0 0 0 0 0 0 0 0 0 0 0 0 0 0 0 0 0 0 0 0 0 0 0 0 0 0 0 0 0 0 0 0 0 0 0 0 0 0 0 0 0 0 0 0 0 0 0 0 0 0 0 0 0 0 
0 0 0 0 0 0 0 0 0 0 0 0 0 0 0 0 0 0 0 0 0 0 0 0 0 0 0 0 0 0 0 0 0 0 0 0 0 0 0 0 0 0 0 0 0 0 0 0 0 0 0 0 0 0 0 0 0 0 0 0 0 0 0 0 0 0 0 0 0 0 0 0 0 0 0 0 0 0 0 0 0 0 0 0 0 0 0 0 0 0 0 0 0 0 0 0 0 0 0 0 0 0 0 0 0 0 0 0 0 0 0 0 0 0 0 0 0 0 0 0 0 0 0 0 0 0 0 0 0 0 0 0 0 0 0 0 0 0 0 0 0 0 0 0 0 0 0 0 0 0 0 0 0 0 0 0 0 0 0 0 0 0 0 0 0 0 0 0 0 0 0 0 0 0 0 0 0 0 0 0 0 0 0 0 0 0 0 0 0 0 0 0 0 0 0 0 0 0 0 0 0 0 0 0 0 0 0 0 0 0 0 0 0 0 0 0 0 0 0 0 0 0 0 0 0 0 0 0 0 0 0 0 0 0 0 0 0 0 0 0 0 0 0 0 0 0 0 0 0 0 0 0 0 0 0 0 0 0 0 0 0 0 0 0 0 0 0 0 0 0 0 0 0 0 0 0 0 0 0 0 0 0 0 0 0 0 0 0 0 0 0 0 0 0 0 0 0 0 0 0 0 0 0 0 0 0 0 0 0 0 0 0 0 0 0 0 0 0 0 0 0 0 0 0 0 0 0 0 0 0 0 0 0 0 0 0 0 0 0 0 0 0 0 0 0 0 0 0 0 0 0 0 0 0 26 65 82 78 74 73 73 71 71 72 75 78 85 92 99 107 113 119 124 126 130 132 131 132 132 132 131 131 130 131 131 130 130 131 131 131 132 133 132 133 133 133 135 136 137 139 142 144 147 151 154 157 160 162 165 168 168 170 171 172 172 172 172 178 126 0 0 0 0 0 0 0 0 0 0 0 0 0 0 0 0 0 0 0 0 0 0 0 0 0 0 0 0 0 0 0 0 0 0 0 0 0 0 0 0 0 0 0 0 0 0 0 0 0 0 0 0 0 0 0 0 0 0 0 0 0 0 0 0 0 0 0 0 0 0 0 0 0 0 0 0 0 0 0 0 0 0 0 0 0 0 0 0 0 0 0 0 0 0 0 0 0 0 0 0 0 0 0 0 0 0 0 0 0 0 0 0 0 0 0 0 0 0 0 0 
0 0 0 0 0 0 0 0 0 0 0 0 0 0 0 0 0 0 0 0 0 0 0 0 0 0 0 0 0 0 0 0 0 0 0 0 0 0 0 0 0 0 0 0 0 0 0 0 0 0 0 0 0 0 0 0 0 0 0 0 0 0 0 0 0 0 0 0 0 0 0 0 0 0 0 0 0 0 0 0 0 0 0 0 0 0 0 0 0 0 0 0 0 0 0 0 0 0 0 0 0 0 0 0 0 0 0 0 0 0 0 0 0 0 0 0 0 0 0 0 0 0 0 0 0 0 0 0 0 0 0 0 0 0 0 0 0 0 0 0 0 0 0 0 0 0 0 0 0 0 0 0 0 0 0 0 0 0 0 0 0 0 0 0 0 0 0 0 0 0 0 0 0 0 0 0 0 0 0 0 0 0 0 0 0 0 0 0 0 0 0 0 0 0 0 0 0 0 0 0 0 0 0 0 0 0 0 0 0 0 0 0 0 0 0 0 0 0 0 0 0 0 0 0 0 0 0 0 0 0 0 0 0 0 0 0 0 0 0 0 0 0 0 0 0 0 0 0 0 0 0 0 0 0 0 0 0 0 0 0 0 0 0 0 0 0 0 0 0 0 0 0 0 0 0 0 0 0 0 0 0 0 0 0 0 0 0 0 0 0 0 0 0 0 0 0 0 0 0 0 0 0 0 0 0 0 0 0 0 0 0 0 0 0 0 0 0 0 0 0 0 0 0 0 0 0 0 0 0 0 0 0 0 0 0 0 0 0 0 0 0 0 0 0 0 0 0 0 0 0 0 0 0 0 0 0 25 66 84 80 76 75 75 75 79 84 92 99 107 114 122 127 130 133 137 138 137 138 138 136 135 134 132 133 133 133 132 131 131 131 132 131 131 131 130 130 132 132 134 136 138 141 143 146 150 152 155 156 160 163 165 167 168 169 169 171 170 180 32 0 0 0 0 0 0 0 0 0 0 0 0 0 0 0 0 0 0 0 0 0 0 0 0 0 0 0 0 0 0 0 0 0 0 0 0 0 0 0 0 0 0 0 0 0 0 0 0 0 0 0 0 0 0 0 0 0 0 0 0 0 0 0 0 0 0 0 0 0 0 0 0 0 0 0 0 0 0 0 0 0 0 0 0 0 0 0 0 0 0 0 0 0 0 0 0 0 0 0 0 0 0 0 0 0 0 0 0 0 0 0 0 0 0 0 0 0 0 0 0 
0 0 0 0 0 0 0 0 0 0 0 0 0 0 0 0 0 0 0 0 0 0 0 0 0 0 0 0 0 0 0 0 0 0 0 0 0 0 0 0 0 0 0 0 0 0 0 0 0 0 0 0 0 0 0 0 0 0 0 0 0 0 0 0 0 0 0 0 0 0 0 0 0 0 0 0 0 0 0 0 0 0 0 0 0 0 0 0 0 0 0 0 0 0 0 0 0 0 0 0 0 0 0 0 0 0 0 0 0 0 0 0 0 0 0 0 0 0 0 0 0 0 0 0 0 0 0 0 0 0 0 0 0 0 0 0 0 0 0 0 0 0 0 0 0 0 0 0 0 0 0 0 0 0 0 0 0 0 0 0 0 0 0 0 0 0 0 0 0 0 0 0 0 0 0 0 0 0 0 0 0 0 0 0 0 0 0 0 0 0 0 0 0 0 0 0 0 0 0 0 0 0 0 0 0 0 0 0 0 0 0 0 0 0 0 0 0 0 0 0 0 0 0 0 0 0 0 0 0 0 0 0 0 0 0 0 0 0 0 0 0 0 0 0 0 0 0 0 0 0 0 0 0 0 0 0 0 0 0 0 0 0 0 0 0 0 0 0 0 0 0 0 0 0 0 0 0 0 0 0 0 0 0 0 0 0 0 0 0 0 0 0 0 0 0 0 0 0 0 0 0 0 0 0 0 0 0 0 0 0 0 0 0 0 0 0 0 0 0 0 0 0 0 0 0 0 0 0 0 0 0 0 0 0 0 0 0 0 0 0 0 0 0 0 0 0 0 0 0 0 0 0 0 0 0 0 0 0 22 64 85 81 79 79 81 88 97 105 114 122 127 133 138 142 145 146 146 145 144 143 141 139 137 136 137 136 135 134 133 132 132 131 130 129 128 129 130 130 131 134 136 139 141 144 146 148 150 152 155 158 161 162 163 164 165 167 174 125 0 0 0 0 0 0 0 0 0 0 0 0 0 0 0 0 0 0 0 0 0 0 0 0 0 0 0 0 0 0 0 0 0 0 0 0 0 0 0 0 0 0 0 0 0 0 0 0 0 0 0 0 0 0 0 0 0 0 0 0 0 0 0 0 0 0 0 0 0 0 0 0 0 0 0 0 0 0 0 0 0 0 0 0 0 0 0 0 0 0 0 0 0 0 0 0 0 0 0 0 0 0 0 0 0 0 0 0 0 0 0 0 0 0 0 0 0 0 0 0 0 
0 0 0 0 0 0 0 0 0 0 0 0 0 0 0 0 0 0 0 0 0 0 0 0 0 0 0 0 0 0 0 0 0 0 0 0 0 0 0 0 0 0 0 0 0 0 0 0 0 0 0 0 0 0 0 0 0 0 0 0 0 0 0 0 0 0 0 0 0 0 0 0 0 0 0 0 0 0 0 0 0 0 0 0 0 0 0 0 0 0 0 0 0 0 0 0 0 0 0 0 0 0 0 0 0 0 0 0 0 0 0 0 0 0 0 0 0 0 0 0 0 0 0 0 0 0 0 0 0 0 0 0 0 0 0 0 0 0 0 0 0 0 0 0 0 0 0 0 0 0 0 0 0 0 0 0 0 0 0 0 0 0 0 0 0 0 0 0 0 0 0 0 0 0 0 0 0 0 0 0 0 0 0 0 0 0 0 0 0 0 0 0 0 0 0 0 0 0 0 0 0 0 0 0 0 0 0 0 0 0 0 0 0 0 0 0 0 0 0 0 0 0 0 0 0 0 0 0 0 0 0 0 0 0 0 0 0 0 0 0 0 0 0 0 0 0 0 0 0 0 0 0 0 0 0 0 0 0 0 0 0 0 0 0 0 0 0 0 0 0 0 0 0 0 0 0 0 0 0 0 0 0 0 0 0 0 0 0 0 0 0 0 0 0 0 0 0 0 0 0 0 0 0 0 0 0 0 0 0 0 0 0 0 0 0 0 0 0 0 0 0 0 0 0 0 0 0 0 0 0 0 0 0 0 0 0 0 0 0 0 0 0 0 0 0 0 0 0 0 0 0 0 0 0 0 0 0 0 0 0 19 63 85 85 85 91 101 110 119 127 134 141 145 149 152 153 153 151 151 150 149 147 144 143 141 140 139 139 137 136 135 133 132 130 128 129 129 130 131 133 135 139 140 142 144 146 147 149 152 154 156 158 159 159 161 162 173 36 0 0 0 0 0 0 0 0 0 0 0 0 0 0 0 0 0 0 0 0 0 0 0 0 0 0 0 0 0 0 0 0 0 0 0 0 0 0 0 0 0 0 0 0 0 0 0 0 0 0 0 0 0 0 0 0 0 0 0 0 0 0 0 0 0 0 0 0 0 0 0 0 0 0 0 0 0 0 0 0 0 0 0 0 0 0 0 0 0 0 0 0 0 0 0 0 0 0 0 0 0 0 0 0 0 0 0 0 0 0 0 0 0 0 0 0 0 0 0 0 0 
0 0 0 0 0 0 0 0 0 0 0 0 0 0 0 0 0 0 0 0 0 0 0 0 0 0 0 0 0 0 0 0 0 0 0 0 0 0 0 0 0 0 0 0 0 0 0 0 0 0 0 0 0 0 0 0 0 0 0 0 0 0 0 0 0 0 0 0 0 0 0 0 0 0 0 0 0 0 0 0 0 0 0 0 0 0 0 0 0 0 0 0 0 0 0 0 0 0 0 0 0 0 0 0 0 0 0 0 0 0 0 0 0 0 0 0 0 0 0 0 0 0 0 0 0 0 0 0 0 0 0 0 0 0 0 0 0 0 0 0 0 0 0 0 0 0 0 0 0 0 0 0 0 0 0 0 0 0 0 0 0 0 0 0 0 0 0 0 0 0 0 0 0 0 0 0 0 0 0 0 0 0 0 0 0 0 0 0 0 0 0 0 0 0 0 0 0 0 0 0 0 0 0 0 0 0 0 0 0 0 0 0 0 0 0 0 0 0 0 0 0 0 0 0 0 0 0 0 0 0 0 0 0 0 0 0 0 0 0 0 0 0 0 0 0 0 0 0 0 0 0 0 0 0 0 0 0 0 0 0 0 0 0 0 0 0 0 0 0 0 0 0 0 0 0 0 0 0 0 0 0 0 0 0 0 0 0 0 0 0 0 0 0 0 0 0 0 0 0 0 0 0 0 0 0 0 0 0 0 0 0 0 0 0 0 0 0 0 0 0 0 0 0 0 0 0 0 0 0 0 0 0 0 0 0 0 0 0 0 0 0 0 0 0 0 0 0 0 0 0 0 0 0 0 0 0 0 0 0 0 0 0 19 64 92 98 104 113 124 132 138 145 150 154 156 158 158 157 158 157 155 154 152 151 148 147 145 145 143 141 139 137 136 133 131 130 131 132 133 134 136 138 139 141 142 143 145 146 149 151 151 153 155 155 156 163 122 0 0 0 0 0 0 0 0 0 0 0 0 0 0 0 0 0 0 0 0 0 0 0 0 0 0 0 0 0 0 0 0 0 0 0 0 0 0 0 0 0 0 0 0 0 0 0 0 0 0 0 0 0 0 0 0 0 0 0 0 0 0 0 0 0 0 0 0 0 0 0 0 0 0 0 0 0 0 0 0 0 0 0 0 0 0 0 0 0 0 0 0 0 0 0 0 0 0 0 0 0 0 0 0 0 0 0 0 0 0 0 0 0 0 0 0 0 0 0 0 0 0 
0 0 0 0 0 0 0 0 0 0 0 0 0 0 0 0 0 0 0 0 0 0 0 0 0 0 0 0 0 0 0 0 0 0 0 0 0 0 0 0 0 0 0 0 0 0 0 0 0 0 0 0 0 0 0 0 0 0 0 0 0 0 0 0 0 0 0 0 0 0 0 0 0 0 0 0 0 0 0 0 0 0 0 0 0 0 0 0 0 0 0 0 0 0 0 0 0 0 0 0 0 0 0 0 0 0 0 0 0 0 0 0 0 0 0 0 0 0 0 0 0 0 0 0 0 0 0 0 0 0 0 0 0 0 0 0 0 0 0 0 0 0 0 0 0 0 0 0 0 0 0 0 0 0 0 0 0 0 0 0 0 0 0 0 0 0 0 0 0 0 0 0 0 0 0 0 0 0 0 0 0 0 0 0 0 0 0 0 0 0 0 0 0 0 0 0 0 0 0 0 0 0 0 0 0 0 0 0 0 0 0 0 0 0 0 0 0 0 0 0 0 0 0 0 0 0 0 0 0 0 0 0 0 0 0 0 0 0 0 0 0 0 0 0 0 0 0 0 0 0 0 0 0 0 0 0 0 0 0 0 0 0 0 0 0 0 0 0 0 0 0 0 0 0 0 0 0 0 0 0 0 0 0 0 0 0 0 0 0 0 0 0 0 0 0 0 0 0 0 0 0 0 0 0 0 0 0 0 0 0 0 0 0 0 0 0 0 0 0 0 0 0 0 0 0 0 0 0 0 0 0 0 0 0 0 0 0 0 0 0 0 0 0 0 0 0 0 0 0 0 0 0 0 0 0 0 0 0 0 0 0 0 0 0 19 70 109 119 124 133 140 146 151 156 159 162 162 162 161 161 160 159 157 157 155 154 152 151 149 148 146 144 142 139 136 135 135 136 136 136 137 138 140 141 141 142 144 145 147 148 149 151 153 152 152 162 38 0 0 0 0 0 0 0 0 0 0 0 0 0 0 0 0 0 0 0 0 0 0 0 0 0 0 0 0 0 0 0 0 0 0 0 0 0 0 0 0 0 0 0 0 0 0 0 0 0 0 0 0 0 0 0 0 0 0 0 0 0 0 0 0 0 0 0 0 0 0 0 0 0 0 0 0 0 0 0 0 0 0 0 0 0 0 0 0 0 0 0 0 0 0 0 0 0 0 0 0 0 0 0 0 0 0 0 0 0 0 0 0 0 0 0 0 0 0 0 0 0 0 
0 0 0 0 0 0 0 0 0 0 0 0 0 0 0 0 0 0 0 0 0 0 0 0 0 0 0 0 0 0 0 0 0 0 0 0 0 0 0 0 0 0 0 0 0 0 0 0 0 0 0 0 0 0 0 0 0 0 0 0 0 0 0 0 0 0 0 0 0 0 0 0 0 0 0 0 0 0 0 0 0 0 0 0 0 0 0 0 0 0 0 0 0 0 0 0 0 0 0 0 0 0 0 0 0 0 0 0 0 0 0 0 0 0 0 0 0 0 0 0 0 0 0 0 0 0 0 0 0 0 0 0 0 0 0 0 0 0 0 0 0 0 0 0 0 0 0 0 0 0 0 0 0 0 0 0 0 0 0 0 0 0 0 0 0 0 0 0 0 0 0 0 0 0 0 0 0 0 0 0 0 0 0 0 0 0 0 0 0 0 0 0 0 0 0 0 0 0 0 0 0 0 0 0 0 0 0 0 0 0 0 0 0 0 0 0 0 0 0 0 0 0 0 0 0 0 0 0 0 0 0 0 0 0 0 0 0 0 0 0 0 0 0 0 0 0 0 0 0 0 0 0 0 0 0 0 0 0 0 0 0 0 0 0 0 0 0 0 0 0 0 0 0 0 0 0 0 0 0 0 0 0 0 0 0 0 0 0 0 0 0 0 0 0 0 0 0 0 0 0 0 0 0 0 0 0 0 0 0 0 0 0 0 0 0 0 0 0 0 0 0 0 0 0 0 0 0 0 0 0 0 0 0 0 0 0 0 0 0 0 0 0 0 0 0 0 0 0 0 0 0 0 0 0 0 0 0 0 0 0 0 0 0 0 0 0 20 81 129 137 139 146 152 157 162 165 166 166 165 165 165 164 163 161 161 160 158 157 156 155 153 152 150 148 143 141 140 140 140 139 139 140 141 141 141 142 144 144 145 146 148 150 150 150 155 120 0 0 0 0 0 0 0 0 0 0 0 0 0 0 0 0 0 0 0 0 0 0 0 0 0 0 0 0 0 0 0 0 0 0 0 0 0 0 0 0 0 0 0 0 0 0 0 0 0 0 0 0 0 0 0 0 0 0 0 0 0 0 0 0 0 0 0 0 0 0 0 0 0 0 0 0 0 0 0 0 0 0 0 0 0 0 0 0 0 0 0 0 0 0 0 0 0 0 0 0 0 0 0 0 0 0 0 0 0 0 0 0 0 0 0 0 0 0 0 0 0 0 0 
0 0 0 0 0 0 0 0 0 0 0 0 0 0 0 0 0 0 0 0 0 0 0 0 0 0 0 0 0 0 0 0 0 0 0 0 0 0 0 0 0 0 0 0 0 0 0 0 0 0 0 0 0 0 0 0 0 0 0 0 0 0 0 0 0 0 0 0 0 0 0 0 0 0 0 0 0 0 0 0 0 0 0 0 0 0 0 0 0 0 0 0 0 0 0 0 0 0 0 0 0 0 0 0 0 0 0 0 0 0 0 0 0 0 0 0 0 0 0 0 0 0 0 0 0 0 0 0 0 0 0 0 0 0 0 0 0 0 0 0 0 0 0 0 0 0 0 0 0 0 0 0 0 0 0 0 0 0 0 0 0 0 0 0 0 0 0 0 0 0 0 0 0 0 0 0 0 0 0 0 0 0 0 0 0 0 0 0 0 0 0 0 0 0 0 0 0 0 0 0 0 0 0 0 0 0 0 0 0 0 0 0 0 0 0 0 0 0 0 0 0 0 0 0 0 0 0 0 0 0 0 0 0 0 0 0 0 0 0 0 0 0 0 0 0 0 0 0 0 0 0 0 0 0 0 0 0 0 0 0 0 0 0 0 0 0 0 0 0 0 0 0 0 0 0 0 0 0 0 0 0 0 0 0 0 0 0 0 0 0 0 0 0 0 0 0 0 0 0 0 0 0 0 0 0 0 0 0 0 0 0 0 0 0 0 0 0 0 0 0 0 0 0 0 0 0 0 0 0 0 0 0 0 0 0 0 0 0 0 0 0 0 0 0 0 0 0 0 0 0 0 0 0 0 0 0 0 0 0 0 0 0 0 0 0 0 0 0 19 91 144 152 152 158 162 165 166 166 167 168 168 168 168 167 166 165 164 164 163 161 159 159 158 155 150 147 146 145 145 143 142 143 144 143 143 144 144 143 144 145 146 148 149 150 158 40 0 0 0 0 0 0 0 0 0 0 0 0 0 0 0 0 0 0 0 0 0 0 0 0 0 0 0 0 0 0 0 0 0 0 0 0 0 0 0 0 0 0 0 0 0 0 0 0 0 0 0 0 0 0 0 0 0 0 0 0 0 0 0 0 0 0 0 0 0 0 0 0 0 0 0 0 0 0 0 0 0 0 0 0 0 0 0 0 0 0 0 0 0 0 0 0 0 0 0 0 0 0 0 0 0 0 0 0 0 0 0 0 0 0 0 0 0 0 0 0 0 0 0 
0 0 0 0 0 0 0 0 0 0 0 0 0 0 0 0 0 0 0 0 0 0 0 0 0 0 0 0 0 0 0 0 0 0 0 0 0 0 0 0 0 0 0 0 0 0 0 0 0 0 0 0 0 0 0 0 0 0 0 0 0 0 0 0 0 0 0 0 0 0 0 0 0 0 0 0 0 0 0 0 0 0 0 0 0 0 0 0 0 0 0 0 0 0 0 0 0 0 0 0 0 0 0 0 0 0 0 0 0 0 0 0 0 0 0 0 0 0 0 0 0 0 0 0 0 0 0 0 0 0 0 0 0 0 0 0 0 0 0 0 0 0 0 0 0 0 0 0 0 0 0 0 0 0 0 0 0 0 0 0 0 0 0 0 0 0 0 0 0 0 0 0 0 0 0 0 0 0 0 0 0 0 0 0 0 0 0 0 0 0 0 0 0 0 0 0 0 0 0 0 0 0 0 0 0 0 0 0 0 0 0 0 0 0 0 0 0 0 0 0 0 0 0 0 0 0 0 0 0 0 0 0 0 0 0 0 0 0 0 0 0 0 0 0 0 0 0 0 0 0 0 0 0 0 0 0 0 0 0 0 0 0 0 0 0 0 0 0 0 0 0 0 0 0 0 0 0 0 0 0 0 0 0 0 0 0 0 0 0 0 0 0 0 0 0 0 0 0 0 0 0 0 0 0 0 0 0 0 0 0 0 0 0 0 0 0 0 0 0 0 0 0 0 0 0 0 0 0 0 0 0 0 0 0 0 0 0 0 0 0 0 0 0 0 0 0 0 0 0 0 0 0 0 0 0 0 0 0 0 0 0 0 0 0 0 0 0 0 0 0 20 97 155 166 163 165 166 168 168 169 168 169 169 170 169 168 168 168 167 166 165 165 163 161 157 155 153 151 150 148 147 147 146 145 145 145 145 144 144 145 146 146 147 151 122 0 0 0 0 0 0 0 0 0 0 0 0 0 0 0 0 0 0 0 0 0 0 0 0 0 0 0 0 0 0 0 0 0 0 0 0 0 0 0 0 0 0 0 0 0 0 0 0 0 0 0 0 0 0 0 0 0 0 0 0 0 0 0 0 0 0 0 0 0 0 0 0 0 0 0 0 0 0 0 0 0 0 0 0 0 0 0 0 0 0 0 0 0 0 0 0 0 0 0 0 0 0 0 0 0 0 0 0 0 0 0 0 0 0 0 0 0 0 0 0 0 0 0 0 
0 0 0 0 0 0 0 0 0 0 0 0 0 0 0 0 0 0 0 0 0 0 0 0 0 0 0 0 0 0 0 0 0 0 0 0 0 0 0 0 0 0 0 0 0 0 0 0 0 0 0 0 0 0 0 0 0 0 0 0 0 0 0 0 0 0 0 0 0 0 0 0 0 0 0 0 0 0 0 0 0 0 0 0 0 0 0 0 0 0 0 0 0 0 0 0 0 0 0 0 0 0 0 0 0 0 0 0 0 0 0 0 0 0 0 0 0 0 0 0 0 0 0 0 0 0 0 0 0 0 0 0 0 0 0 0 0 0 0 0 0 0 0 0 0 0 0 0 0 0 0 0 0 0 0 0 0 0 0 0 0 0 0 0 0 0 0 0 0 0 0 0 0 0 0 0 0 0 0 0 0 0 0 0 0 0 0 0 0 0 0 0 0 0 0 0 0 0 0 0 0 0 0 0 0 0 0 0 0 0 0 0 0 0 0 0 0 0 0 0 0 0 0 0 0 0 0 0 0 0 0 0 0 0 0 0 0 0 0 0 0 0 0 0 0 0 0 0 0 0 0 0 0 0 0 0 0 0 0 0 0 0 0 0 0 0 0 0 0 0 0 0 0 0 0 0 0 0 0 0 0 0 0 0 0 0 0 0 0 0 0 0 0 0 0 0 0 0 0 0 0 0 0 0 0 0 0 0 0 0 0 0 0 0 0 0 0 0 0 0 0 0 0 0 0 0 0 0 0 0 0 0 0 0 0 0 0 0 0 0 0 0 0 0 0 0 0 0 0 0 0 0 0 0 0 0 0 0 0 0 0 0 0 0 0 0 0 0 0 0 0 0 19 99 164 174 167 168 168 170 169 170 170 171 170 170 170 170 170 169 168 168 167 165 163 160 158 157 156 154 152 152 151 150 149 148 147 147 146 146 145 145 146 156 41 0 0 0 0 0 0 0 0 0 0 0 0 0 0 0 0 0 0 0 0 0 0 0 0 0 0 0 0 0 0 0 0 0 0 0 0 0 0 0 0 0 0 0 0 0 0 0 0 0 0 0 0 0 0 0 0 0 0 0 0 0 0 0 0 0 0 0 0 0 0 0 0 0 0 0 0 0 0 0 0 0 0 0 0 0 0 0 0 0 0 0 0 0 0 0 0 0 0 0 0 0 0 0 0 0 0 0 0 0 0 0 0 0 0 0 0 0 0 0 0 0 0 0 0 
0 0 0 0 0 0 0 0 0 0 0 0 0 0 0 0 0 0 0 0 0 0 0 0 0 0 0 0 0 0 0 0 0 0 0 0 0 0 0 0 0 0 0 0 0 0 0 0 0 0 0 0 0 0 0 0 0 0 0 0 0 0 0 0 0 0 0 0 0 0 0 0 0 0 0 0 0 0 0 0 0 0 0 0 0 0 0 0 0 0 0 0 0 0 0 0 0 0 0 0 0 0 0 0 0 0 0 0 0 0 0 0 0 0 0 0 0 0 0 0 0 0 0 0 0 0 0 0 0 0 0 0 0 0 0 0 0 0 0 0 0 0 0 0 0 0 0 0 0 0 0 0 0 0 0 0 0 0 0 0 0 0 0 0 0 0 0 0 0 0 0 0 0 0 0 0 0 0 0 0 0 0 0 0 0 0 0 0 0 0 0 0 0 0 0 0 0 0 0 0 0 0 0 0 0 0 0 0 0 0 0 0 0 0 0 0 0 0 0 0 0 0 0 0 0 0 0 0 0 0 0 0 0 0 0 0 0 0 0 0 0 0 0 0 0 0 0 0 0 0 0 0 0 0 0 0 0 0 0 0 0 0 0 0 0 0 0 0 0 0 0 0 0 0 0 0 0 0 0 0 0 0 0 0 0 0 0 0 0 0 0 0 0 0 0 0 0 0 0 0 0 0 0 0 0 0 0 0 0 0 0 0 0 0 0 0 0 0 0 0 0 0 0 0 0 0 0 0 0 0 0 0 0 0 0 0 0 0 0 0 0 0 0 0 0 0 0 0 0 0 0 0 0 0 0 0 0 0 0 0 0 0 0 0 0 0 0 0 0 0 0 0 0 0 16 99 169 177 170 170 170 170 172 171 170 171 170 170 170 170 169 169 168 167 166 165 163 161 161 160 158 156 156 155 153 152 151 150 150 148 147 146 150 122 0 0 0 0 0 0 0 0 0 0 0 0 0 0 0 0 0 0 0 0 0 0 0 0 0 0 0 0 0 0 0 0 0 0 0 0 0 0 0 0 0 0 0 0 0 0 0 0 0 0 0 0 0 0 0 0 0 0 0 0 0 0 0 0 0 0 0 0 0 0 0 0 0 0 0 0 0 0 0 0 0 0 0 0 0 0 0 0 0 0 0 0 0 0 0 0 0 0 0 0 0 0 0 0 0 0 0 0 0 0 0 0 0 0 0 0 0 0 0 0 0 0 0 0 0 
0 0 0 0 0 0 0 0 0 0 0 0 0 0 0 0 0 0 0 0 0 0 0 0 0 0 0 0 0 0 0 0 0 0 0 0 0 0 0 0 0 0 0 0 0 0 0 0 0 0 0 0 0 0 0 0 0 0 0 0 0 0 0 0 0 0 0 0 0 0 0 0 0 0 0 0 0 0 0 0 0 0 0 0 0 0 0 0 0 0 0 0 0 0 0 0 0 0 0 0 0 0 0 0 0 0 0 0 0 0 0 0 0 0 0 0 0 0 0 0 0 0 0 0 0 0 0 0 0 0 0 0 0 0 0 0 0 0 0 0 0 0 0 0 0 0 0 0 0 0 0 0 0 0 0 0 0 0 0 0 0 0 0 0 0 0 0 0 0 0 0 0 0 0 0 0 0 0 0 0 0 0 0 0 0 0 0 0 0 0 0 0 0 0 0 0 0 0 0 0 0 0 0 0 0 0 0 0 0 0 0 0 0 0 0 0 0 0 0 0 0 0 0 0 0 0 0 0 0 0 0 0 0 0 0 0 0 0 0 0 0 0 0 0 0 0 0 0 0 0 0 0 0 0 0 0 0 0 0 0 0 0 0 0 0 0 0 0 0 0 0 0 0 0 0 0 0 0 0 0 0 0 0 0 0 0 0 0 0 0 0 0 0 0 0 0 0 0 0 0 0 0 0 0 0 0 0 0 0 0 0 0 0 0 0 0 0 0 0 0 0 0 0 0 0 0 0 0 0 0 0 0 0 0 0 0 0 0 0 0 0 0 0 0 0 0 0 0 0 0 0 0 0 0 0 0 0 0 0 0 0 0 0 0 0 0 0 0 0 0 0 0 0 0 0 0 14 97 169 178 170 170 172 170 169 171 171 170 170 170 171 170 169 169 169 167 165 164 165 165 164 161 161 160 158 158 157 154 153 151 151 150 159 46 0 0 0 0 0 0 0 0 0 0 0 0 0 0 0 0 0 0 0 0 0 0 0 0 0 0 0 0 0 0 0 0 0 0 0 0 0 0 0 0 0 0 0 0 0 0 0 0 0 0 0 0 0 0 0 0 0 0 0 0 0 0 0 0 0 0 0 0 0 0 0 0 0 0 0 0 0 0 0 0 0 0 0 0 0 0 0 0 0 0 0 0 0 0 0 0 0 0 0 0 0 0 0 0 0 0 0 0 0 0 0 0 0 0 0 0 0 0 0 0 0 0 0 0 0 
0 0 0 0 0 0 0 0 0 0 0 0 0 0 0 0 0 0 0 0 0 0 0 0 0 0 0 0 0 0 0 0 0 0 0 0 0 0 0 0 0 0 0 0 0 0 0 0 0 0 0 0 0 0 0 0 0 0 0 0 0 0 0 0 0 0 0 0 0 0 0 0 0 0 0 0 0 0 0 0 0 0 0 0 0 0 0 0 0 0 0 0 0 0 0 0 0 0 0 0 0 0 0 0 0 0 0 0 0 0 0 0 0 0 0 0 0 0 0 0 0 0 0 0 0 0 0 0 0 0 0 0 0 0 0 0 0 0 0 0 0 0 0 0 0 0 0 0 0 0 0 0 0 0 0 0 0 0 0 0 0 0 0 0 0 0 0 0 0 0 0 0 0 0 0 0 0 0 0 0 0 0 0 0 0 0 0 0 0 0 0 0 0 0 0 0 0 0 0 0 0 0 0 0 0 0 0 0 0 0 0 0 0 0 0 0 0 0 0 0 0 0 0 0 0 0 0 0 0 0 0 0 0 0 0 0 0 0 0 0 0 0 0 0 0 0 0 0 0 0 0 0 0 0 0 0 0 0 0 0 0 0 0 0 0 0 0 0 0 0 0 0 0 0 0 0 0 0 0 0 0 0 0 0 0 0 0 0 0 0 0 0 0 0 0 0 0 0 0 0 0 0 0 0 0 0 0 0 0 0 0 0 0 0 0 0 0 0 0 0 0 0 0 0 0 0 0 0 0 0 0 0 0 0 0 0 0 0 0 0 0 0 0 0 0 0 0 0 0 0 0 0 0 0 0 0 0 0 0 0 0 0 0 0 0 0 0 0 0 0 0 0 0 0 0 0 0 0 11 92 165 180 170 168 168 170 170 170 169 170 171 170 169 169 170 169 167 167 167 168 166 165 165 165 164 162 161 159 158 156 155 157 130 0 0 0 0 0 0 0 0 0 0 0 0 0 0 0 0 0 0 0 0 0 0 0 0 0 0 0 0 0 0 0 0 0 0 0 0 0 0 0 0 0 0 0 0 0 0 0 0 0 0 0 0 0 0 0 0 0 0 0 0 0 0 0 0 0 0 0 0 0 0 0 0 0 0 0 0 0 0 0 0 0 0 0 0 0 0 0 0 0 0 0 0 0 0 0 0 0 0 0 0 0 0 0 0 0 0 0 0 0 0 0 0 0 0 0 0 0 0 0 0 0 0 0 0 0 0 
0 0 0 0 0 0 0 0 0 0 0 0 0 0 0 0 0 0 0 0 0 0 0 0 0 0 0 0 0 0 0 0 0 0 0 0 0 0 0 0 0 0 0 0 0 0 0 0 0 0 0 0 0 0 0 0 0 0 0 0 0 0 0 0 0 0 0 0 0 0 0 0 0 0 0 0 0 0 0 0 0 0 0 0 0 0 0 0 0 0 0 0 0 0 0 0 0 0 0 0 0 0 0 0 0 0 0 0 0 0 0 0 0 0 0 0 0 0 0 0 0 0 0 0 0 0 0 0 0 0 0 0 0 0 0 0 0 0 0 0 0 0 0 0 0 0 0 0 0 0 0 0 0 0 0 0 0 0 0 0 0 0 0 0 0 0 0 0 0 0 0 0 0 0 0 0 0 0 0 0 0 0 0 0 0 0 0 0 0 0 0 0 0 0 0 0 0 0 0 0 0 0 0 0 0 0 0 0 0 0 0 0 0 0 0 0 0 0 0 0 0 0 0 0 0 0 0 0 0 0 0 0 0 0 0 0 0 0 0 0 0 0 0 0 0 0 0 0 0 0 0 0 0 0 0 0 0 0 0 0 0 0 0 0 0 0 0 0 0 0 0 0 0 0 0 0 0 0 0 0 0 0 0 0 0 0 0 0 0 0 0 0 0 0 0 0 0 0 0 0 0 0 0 0 0 0 0 0 0 0 0 0 0 0 0 0 0 0 0 0 0 0 0 0 0 0 0 0 0 0 0 0 0 0 0 0 0 0 0 0 0 0 0 0 0 0 0 0 0 0 0 0 0 0 0 0 0 0 0 0 0 0 0 0 0 0 0 0 0 0 0 0 0 0 0 0 0 0 0 0 8 88 162 177 168 168 168 168 168 168 169 169 168 169 170 168 168 167 169 169 167 167 168 168 167 166 165 164 164 161 160 169 54 0 0 0 0 0 0 0 0 0 0 0 0 0 0 0 0 0 0 0 0 0 0 0 0 0 0 0 0 0 0 0 0 0 0 0 0 0 0 0 0 0 0 0 0 0 0 0 0 0 0 0 0 0 0 0 0 0 0 0 0 0 0 0 0 0 0 0 0 0 0 0 0 0 0 0 0 0 0 0 0 0 0 0 0 0 0 0 0 0 0 0 0 0 0 0 0 0 0 0 0 0 0 0 0 0 0 0 0 0 0 0 0 0 0 0 0 0 0 0 0 0 0 0 0 0 0 
0 0 0 0 0 0 0 0 0 0 0 0 0 0 0 0 0 0 0 0 0 0 0 0 0 0 0 0 0 0 0 0 0 0 0 0 0 0 0 0 0 0 0 0 0 0 0 0 0 0 0 0 0 0 0 0 0 0 0 0 0 0 0 0 0 0 0 0 0 0 0 0 0 0 0 0 0 0 0 0 0 0 0 0 0 0 0 0 0 0 0 0 0 0 0 0 0 0 0 0 0 0 0 0 0 0 0 0 0 0 0 0 0 0 0 0 0 0 0 0 0 0 0 0 0 0 0 0 0 0 0 0 0 0 0 0 0 0 0 0 0 0 0 0 0 0 0 0 0 0 0 0 0 0 0 0 0 0 0 0 0 0 0 0 0 0 0 0 0 0 0 0 0 0 0 0 0 0 0 0 0 0 0 0 0 0 0 0 0 0 0 0 0 0 0 0 0 0 0 0 0 0 0 0 0 0 0 0 0 0 0 0 0 0 0 0 0 0 0 0 0 0 0 0 0 0 0 0 0 0 0 0 0 0 0 0 0 0 0 0 0 0 0 0 0 0 0 0 0 0 0 0 0 0 0 0 0 0 0 0 0 0 0 0 0 0 0 0 0 0 0 0 0 0 0 0 0 0 0 0 0 0 0 0 0 0 0 0 0 0 0 0 0 0 0 0 0 0 0 0 0 0 0 0 0 0 0 0 0 0 0 0 0 0 0 0 0 0 0 0 0 0 0 0 0 0 0 0 0 0 0 0 0 0 0 0 0 0 0 0 0 0 0 0 0 0 0 0 0 0 0 0 0 0 0 0 0 0 0 0 0 0 0 0 0 0 0 0 0 0 0 0 0 0 0 0 0 0 0 0 0 0 5 82 159 176 166 165 166 167 167 167 167 168 168 168 167 167 168 168 168 169 170 170 169 168 167 168 167 165 167 143 0 0 0 0 0 0 0 0 0 0 0 0 0 0 0 0 0 0 0 0 0 0 0 0 0 0 0 0 0 0 0 0 0 0 0 0 0 0 0 0 0 0 0 0 0 0 0 0 0 0 0 0 0 0 0 0 0 0 0 0 0 0 0 0 0 0 0 0 0 0 0 0 0 0 0 0 0 0 0 0 0 0 0 0 0 0 0 0 0 0 0 0 0 0 0 0 0 0 0 0 0 0 0 0 0 0 0 0 0 0 0 0 0 0 0 0 0 0 0 0 0 0 0 0 0 0 0 
0 0 0 0 0 0 0 0 0 0 0 0 0 0 0 0 0 0 0 0 0 0 0 0 0 0 0 0 0 0 0 0 0 0 0 0 0 0 0 0 0 0 0 0 0 0 0 0 0 0 0 0 0 0 0 0 0 0 0 0 0 0 0 0 0 0 0 0 0 0 0 0 0 0 0 0 0 0 0 0 0 0 0 0 0 0 0 0 0 0 0 0 0 0 0 0 0 0 0 0 0 0 0 0 0 0 0 0 0 0 0 0 0 0 0 0 0 0 0 0 0 0 0 0 0 0 0 0 0 0 0 0 0 0 0 0 0 0 0 0 0 0 0 0 0 0 0 0 0 0 0 0 0 0 0 0 0 0 0 0 0 0 0 0 0 0 0 0 0 0 0 0 0 0 0 0 0 0 0 0 0 0 0 0 0 0 0 0 0 0 0 0 0 0 0 0 0 0 0 0 0 0 0 0 0 0 0 0 0 0 0 0 0 0 0 0 0 0 0 0 0 0 0 0 0 0 0 0 0 0 0 0 0 0 0 0 0 0 0 0 0 0 0 0 0 0 0 0 0 0 0 0 0 0 0 0 0 0 0 0 0 0 0 0 0 0 0 0 0 0 0 0 0 0 0 0 0 0 0 0 0 0 0 0 0 0 0 0 0 0 0 0 0 0 0 0 0 0 0 0 0 0 0 0 0 0 0 0 0 0 0 0 0 0 0 0 0 0 0 0 0 0 0 0 0 0 0 0 0 0 0 0 0 0 0 0 0 0 0 0 0 0 0 0 0 0 0 0 0 0 0 0 0 0 0 0 0 0 0 0 0 0 0 0 0 0 0 0 0 0 0 0 0 0 0 0 0 0 0 0 0 0 0 0 4 75 153 173 166 165 165 164 165 167 167 166 166 167 166 166 166 168 170 170 169 169 170 170 168 168 178 62 0 0 0 0 0 0 0 0 0 0 0 0 0 0 0 0 0 0 0 0 0 0 0 0 0 0 0 0 0 0 0 0 0 0 0 0 0 0 0 0 0 0 0 0 0 0 0 0 0 0 0 0 0 0 0 0 0 0 0 0 0 0 0 0 0 0 0 0 0 0 0 0 0 0 0 0 0 0 0 0 0 0 0 0 0 0 0 0 0 0 0 0 0 0 0 0 0 0 0 0 0 0 0 0 0 0 0 0 0 0 0 0 0 0 0 0 0 0 0 0 0 0 0 0 0 0 0 
0 0 0 0 0 0 0 0 0 0 0 0 0 0 0 0 0 0 0 0 0 0 0 0 0 0 0 0 0 0 0 0 0 0 0 0 0 0 0 0 0 0 0 0 0 0 0 0 0 0 0 0 0 0 0 0 0 0 0 0 0 0 0 0 0 0 0 0 0 0 0 0 0 0 0 0 0 0 0 0 0 0 0 0 0 0 0 0 0 0 0 0 0 0 0 0 0 0 0 0 0 0 0 0 0 0 0 0 0 0 0 0 0 0 0 0 0 0 0 0 0 0 0 0 0 0 0 0 0 0 0 0 0 0 0 0 0 0 0 0 0 0 0 0 0 0 0 0 0 0 0 0 0 0 0 0 0 0 0 0 0 0 0 0 0 0 0 0 0 0 0 0 0 0 0 0 0 0 0 0 0 0 0 0 0 0 0 0 0 0 0 0 0 0 0 0 0 0 0 0 0 0 0 0 0 0 0 0 0 0 0 0 0 0 0 0 0 0 0 0 0 0 0 0 0 0 0 0 0 0 0 0 0 0 0 0 0 0 0 0 0 0 0 0 0 0 0 0 0 0 0 0 0 0 0 0 0 0 0 0 0 0 0 0 0 0 0 0 0 0 0 0 0 0 0 0 0 0 0 0 0 0 0 0 0 0 0 0 0 0 0 0 0 0 0 0 0 0 0 0 0 0 0 0 0 0 0 0 0 0 0 0 0 0 0 0 0 0 0 0 0 0 0 0 0 0 0 0 0 0 0 0 0 0 0 0 0 0 0 0 0 0 0 0 0 0 0 0 0 0 0 0 0 0 0 0 0 0 0 0 0 0 0 0 0 0 0 0 0 0 0 0 0 0 0 0 0 0 0 0 0 0 0 0 0 0 2 69 149 172 162 161 163 164 164 164 164 165 164 164 165 167 168 168 168 169 170 170 169 172 154 0 0 0 0 0 0 0 0 0 0 0 0 0 0 0 0 0 0 0 0 0 0 0 0 0 0 0 0 0 0 0 0 0 0 0 0 0 0 0 0 0 0 0 0 0 0 0 0 0 0 0 0 0 0 0 0 0 0 0 0 0 0 0 0 0 0 0 0 0 0 0 0 0 0 0 0 0 0 0 0 0 0 0 0 0 0 0 0 0 0 0 0 0 0 0 0 0 0 0 0 0 0 0 0 0 0 0 0 0 0 0 0 0 0 0 0 0 0 0 0 0 0 0 0 0 0 0 0 
0 0 0 0 0 0 0 0 0 0 0 0 0 0 0 0 0 0 0 0 0 0 0 0 0 0 0 0 0 0 0 0 0 0 0 0 0 0 0 0 0 0 0 0 0 0 0 0 0 0 0 0 0 0 0 0 0 0 0 0 0 0 0 0 0 0 0 0 0 0 0 0 0 0 0 0 0 0 0 0 0 0 0 0 0 0 0 0 0 0 0 0 0 0 0 0 0 0 0 0 0 0 0 0 0 0 0 0 0 0 0 0 0 0 0 0 0 0 0 0 0 0 0 0 0 0 0 0 0 0 0 0 0 0 0 0 0 0 0 0 0 0 0 0 0 0 0 0 0 0 0 0 0 0 0 0 0 0 0 0 0 0 0 0 0 0 0 0 0 0 0 0 0 0 0 0 0 0 0 0 0 0 0 0 0 0 0 0 0 0 0 0 0 0 0 0 0 0 0 0 0 0 0 0 0 0 0 0 0 0 0 0 0 0 0 0 0 0 0 0 0 0 0 0 0 0 0 0 0 0 0 0 0 0 0 0 0 0 0 0 0 0 0 0 0 0 0 0 0 0 0 0 0 0 0 0 0 0 0 0 0 0 0 0 0 0 0 0 0 0 0 0 0 0 0 0 0 0 0 0 0 0 0 0 0 0 0 0 0 0 0 0 0 0 0 0 0 0 0 0 0 0 0 0 0 0 0 0 0 0 0 0 0 0 0 0 0 0 0 0 0 0 0 0 0 0 0 0 0 0 0 0 0 0 0 0 0 0 0 0 0 0 0 0 0 0 0 0 0 0 0 0 0 0 0 0 0 0 0 0 0 0 0 0 0 0 0 0 0 0 0 0 0 0 0 0 0 0 0 0 0 0 0 0 0 0 0 0 0 64 143 167 161 160 160 160 161 163 162 161 162 164 165 165 166 167 168 168 169 182 67 0 0 0 0 0 0 0 0 0 0 0 0 0 0 0 0 0 0 0 0 0 0 0 0 0 0 0 0 0 0 0 0 0 0 0 0 0 0 0 0 0 0 0 0 0 0 0 0 0 0 0 0 0 0 0 0 0 0 0 0 0 0 0 0 0 0 0 0 0 0 0 0 0 0 0 0 0 0 0 0 0 0 0 0 0 0 0 0 0 0 0 0 0 0 0 0 0 0 0 0 0 0 0 0 0 0 0 0 0 0 0 0 0 0 0 0 0 0 0 0 0 0 0 0 0 0 0 0 
0 0 0 0 0 0 0 0 0 0 0 0 0 0 0 0 0 0 0 0 0 0 0 0 0 0 0 0 0 0 0 0 0 0 0 0 0 0 0 0 0 0 0 0 0 0 0 0 0 0 0 0 0 0 0 0 0 0 0 0 0 0 0 0 0 0 0 0 0 0 0 0 0 0 0 0 0 0 0 0 0 0 0 0 0 0 0 0 0 0 0 0 0 0 0 0 0 0 0 0 0 0 0 0 0 0 0 0 0 0 0 0 0 0 0 0 0 0 0 0 0 0 0 0 0 0 0 0 0 0 0 0 0 0 0 0 0 0 0 0 0 0 0 0 0 0 0 0 0 0 0 0 0 0 0 0 0 0 0 0 0 0 0 0 0 0 0 0 0 0 0 0 0 0 0 0 0 0 0 0 0 0 0 0 0 0 0 0 0 0 0 0 0 0 0 0 0 0 0 0 0 0 0 0 0 0 0 0 0 0 0 0 0 0 0 0 0 0 0 0 0 0 0 0 0 0 0 0 0 0 0 0 0 0 0 0 0 0 0 0 0 0 0 0 0 0 0 0 0 0 0 0 0 0 0 0 0 0 0 0 0 0 0 0 0 0 0 0 0 0 0 0 0 0 0 0 0 0 0 0 0 0 0 0 0 0 0 0 0 0 0 0 0 0 0 0 0 0 0 0 0 0 0 0 0 0 0 0 0 0 0 0 0 0 0 0 0 0 0 0 0 0 0 0 0 0 0 0 0 0 0 0 0 0 0 0 0 0 0 0 0 0 0 0 0 0 0 0 0 0 0 0 0 0 0 0 0 0 0 0 0 0 0 0 0 0 0 0 0 0 0 0 0 0 0 0 0 0 0 0 0 0 0 0 0 0 0 0 0 0 0 60 138 166 159 156 158 159 159 159 159 160 161 163 165 165 166 167 169 154 0 0 0 0 0 0 0 0 0 0 0 0 0 0 0 0 0 0 0 0 0 0 0 0 0 0 0 0 0 0 0 0 0 0 0 0 0 0 0 0 0 0 0 0 0 0 0 0 0 0 0 0 0 0 0 0 0 0 0 0 0 0 0 0 0 0 0 0 0 0 0 0 0 0 0 0 0 0 0 0 0 0 0 0 0 0 0 0 0 0 0 0 0 0 0 0 0 0 0 0 0 0 0 0 0 0 0 0 0 0 0 0 0 0 0 0 0 0 0 0 0 0 0 0 0 0 0 0 0 
0 0 0 0 0 0 0 0 0 0 0 0 0 0 0 0 0 0 0 0 0 0 0 0 0 0 0 0 0 0 0 0 0 0 0 0 0 0 0 0 0 0 0 0 0 0 0 0 0 0 0 0 0 0 0 0 0 0 0 0 0 0 0 0 0 0 0 0 0 0 0 0 0 0 0 0 0 0 0 0 0 0 0 0 0 0 0 0 0 0 0 0 0 0 0 0 0 0 0 0 0 0 0 0 0 0 0 0 0 0 0 0 0 0 0 0 0 0 0 0 0 0 0 0 0 0 0 0 0 0 0 0 0 0 0 0 0 0 0 0 0 0 0 0 0 0 0 0 0 0 0 0 0 0 0 0 0 0 0 0 0 0 0 0 0 0 0 0 0 0 0 0 0 0 0 0 0 0 0 0 0 0 0 0 0 0 0 0 0 0 0 0 0 0 0 0 0 0 0 0 0 0 0 0 0 0 0 0 0 0 0 0 0 0 0 0 0 0 0 0 0 0 0 0 0 0 0 0 0 0 0 0 0 0 0 0 0 0 0 0 0 0 0 0 0 0 0 0 0 0 0 0 0 0 0 0 0 0 0 0 0 0 0 0 0 0 0 0 0 0 0 0 0 0 0 0 0 0 0 0 0 0 0 0 0 0 0 0 0 0 0 0 0 0 0 0 0 0 0 0 0 0 0 0 0 0 0 0 0 0 0 0 0 0 0 0 0 0 0 0 0 0 0 0 0 0 0 0 0 0 0 0 0 0 0 0 0 0 0 0 0 0 0 0 0 0 0 0 0 0 0 0 0 0 0 0 0 0 0 0 0 0 0 0 0 0 0 0 0 0 0 0 0 0 0 0 0 0 0 0 0 0 0 0 0 0 0 0 0 0 0 0 0 55 132 163 157 154 155 155 156 157 158 159 162 162 164 164 176 70 0 0 0 0 0 0 0 0 0 0 0 0 0 0 0 0 0 0 0 0 0 0 0 0 0 0 0 0 0 0 0 0 0 0 0 0 0 0 0 0 0 0 0 0 0 0 0 0 0 0 0 0 0 0 0 0 0 0 0 0 0 0 0 0 0 0 0 0 0 0 0 0 0 0 0 0 0 0 0 0 0 0 0 0 0 0 0 0 0 0 0 0 0 0 0 0 0 0 0 0 0 0 0 0 0 0 0 0 0 0 0 0 0 0 0 0 0 0 0 0 0 0 0 0 0 0 0 0 0 
0 0 0 0 0 0 0 0 0 0 0 0 0 0 0 0 0 0 0 0 0 0 0 0 0 0 0 0 0 0 0 0 0 0 0 0 0 0 0 0 0 0 0 0 0 0 0 0 0 0 0 0 0 0 0 0 0 0 0 0 0 0 0 0 0 0 0 0 0 0 0 0 0 0 0 0 0 0 0 0 0 0 0 0 0 0 0 0 0 0 0 0 0 0 0 0 0 0 0 0 0 0 0 0 0 0 0 0 0 0 0 0 0 0 0 0 0 0 0 0 0 0 0 0 0 0 0 0 0 0 0 0 0 0 0 0 0 0 0 0 0 0 0 0 0 0 0 0 0 0 0 0 0 0 0 0 0 0 0 0 0 0 0 0 0 0 0 0 0 0 0 0 0 0 0 0 0 0 0 0 0 0 0 0 0 0 0 0 0 0 0 0 0 0 0 0 0 0 0 0 0 0 0 0 0 0 0 0 0 0 0 0 0 0 0 0 0 0 0 0 0 0 0 0 0 0 0 0 0 0 0 0 0 0 0 0 0 0 0 0 0 0 0 0 0 0 0 0 0 0 0 0 0 0 0 0 0 0 0 0 0 0 0 0 0 0 0 0 0 0 0 0 0 0 0 0 0 0 0 0 0 0 0 0 0 0 0 0 0 0 0 0 0 0 0 0 0 0 0 0 0 0 0 0 0 0 0 0 0 0 0 0 0 0 0 0 0 0 0 0 0 0 0 0 0 0 0 0 0 0 0 0 0 0 0 0 0 0 0 0 0 0 0 0 0 0 0 0 0 0 0 0 0 0 0 0 0 0 0 0 0 0 0 0 0 0 0 0 0 0 0 0 0 0 0 0 0 0 0 0 0 0 0 0 0 0 0 0 0 0 0 0 0 0 0 48 127 159 154 151 152 152 154 156 158 159 160 163 153 2 0 0 0 0 0 0 0 0 0 0 0 0 0 0 0 0 0 0 0 0 0 0 0 0 0 0 0 0 0 0 0 0 0 0 0 0 0 0 0 0 0 0 0 0 0 0 0 0 0 0 0 0 0 0 0 0 0 0 0 0 0 0 0 0 0 0 0 0 0 0 0 0 0 0 0 0 0 0 0 0 0 0 0 0 0 0 0 0 0 0 0 0 0 0 0 0 0 0 0 0 0 0 0 0 0 0 0 0 0 0 0 0 0 0 0 0 0 0 0 0 0 0 0 0 0 0 0 0 0 
0 0 0 0 0 0 0 0 0 0 0 0 0 0 0 0 0 0 0 0 0 0 0 0 0 0 0 0 0 0 0 0 0 0 0 0 0 0 0 0 0 0 0 0 0 0 0 0 0 0 0 0 0 0 0 0 0 0 0 0 0 0 0 0 0 0 0 0 0 0 0 0 0 0 0 0 0 0 0 0 0 0 0 0 0 0 0 0 0 0 0 0 0 0 0 0 0 0 0 0 0 0 0 0 0 0 0 0 0 0 0 0 0 0 0 0 0 0 0 0 0 0 0 0 0 0 0 0 0 0 0 0 0 0 0 0 0 0 0 0 0 0 0 0 0 0 0 0 0 0 0 0 0 0 0 0 0 0 0 0 0 0 0 0 0 0 0 0 0 0 0 0 0 0 0 0 0 0 0 0 0 0 0 0 0 0 0 0 0 0 0 0 0 0 0 0 0 0 0 0 0 0 0 0 0 0 0 0 0 0 0 0 0 0 0 0 0 0 0 0 0 0 0 0 0 0 0 0 0 0 0 0 0 0 0 0 0 0 0 0 0 0 0 0 0 0 0 0 0 0 0 0 0 0 0 0 0 0 0 0 0 0 0 0 0 0 0 0 0 0 0 0 0 0 0 0 0 0 0 0 0 0 0 0 0 0 0 0 0 0 0 0 0 0 0 0 0 0 0 0 0 0 0 0 0 0 0 0 0 0 0 0 0 0 0 0 0 0 0 0 0 0 0 0 0 0 0 0 0 0 0 0 0 0 0 0 0 0 0 0 0 0 0 0 0 0 0 0 0 0 0 0 0 0 0 0 0 0 0 0 0 0 0 0 0 0 0 0 0 0 0 0 0 0 0 0 0 0 0 0 0 0 0 0 0 0 0 0 0 0 0 0 0 0 0 0 0 43 122 154 151 148 150 151 153 155 156 168 73 0 0 0 0 0 0 0 0 0 0 0 0 0 0 0 0 0 0 0 0 0 0 0 0 0 0 0 0 0 0 0 0 0 0 0 0 0 0 0 0 0 0 0 0 0 0 0 0 0 0 0 0 0 0 0 0 0 0 0 0 0 0 0 0 0 0 0 0 0 0 0 0 0 0 0 0 0 0 0 0 0 0 0 0 0 0 0 0 0 0 0 0 0 0 0 0 0 0 0 0 0 0 0 0 0 0 0 0 0 0 0 0 0 0 0 0 0 0 0 0 0 0 0 0 0 0 0 0 0 0 
0 0 0 0 0 0 0 0 0 0 0 0 0 0 0 0 0 0 0 0 0 0 0 0 0 0 0 0 0 0 0 0 0 0 0 0 0 0 0 0 0 0 0 0 0 0 0 0 0 0 0 0 0 0 0 0 0 0 0 0 0 0 0 0 0 0 0 0 0 0 0 0 0 0 0 0 0 0 0 0 0 0 0 0 0 0 0 0 0 0 0 0 0 0 0 0 0 0 0 0 0 0 0 0 0 0 0 0 0 0 0 0 0 0 0 0 0 0 0 0 0 0 0 0 0 0 0 0 0 0 0 0 0 0 0 0 0 0 0 0 0 0 0 0 0 0 0 0 0 0 0 0 0 0 0 0 0 0 0 0 0 0 0 0 0 0 0 0 0 0 0 0 0 0 0 0 0 0 0 0 0 0 0 0 0 0 0 0 0 0 0 0 0 0 0 0 0 0 0 0 0 0 0 0 0 0 0 0 0 0 0 0 0 0 0 0 0 0 0 0 0 0 0 0 0 0 0 0 0 0 0 0 0 0 0 0 0 0 0 0 0 0 0 0 0 0 0 0 0 0 0 0 0 0 0 0 0 0 0 0 0 0 0 0 0 0 0 0 0 0 0 0 0 0 0 0 0 0 0 0 0 0 0 0 0 0 0 0 0 0 0 0 0 0 0 0 0 0 0 0 0 0 0 0 0 0 0 0 0 0 0 0 0 0 0 0 0 0 0 0 0 0 0 0 0 0 0 0 0 0 0 0 0 0 0 0 0 0 0 0 0 0 0 0 0 0 0 0 0 0 0 0 0 0 0 0 0 0 0 0 0 0 0 0 0 0 0 0 0 0 0 0 0 0 0 0 0 0 0 0 0 0 0 0 0 0 0 0 0 0 0 0 0 0 0 0 0 0 0 41 113 149 149 147 149 151 154 146 3 0 0 0 0 0 0 0 0 0 0 0 0 0 0 0 0 0 0 0 0 0 0 0 0 0 0 0 0 0 0 0 0 0 0 0 0 0 0 0 0 0 0 0 0 0 0 0 0 0 0 0 0 0 0 0 0 0 0 0 0 0 0 0 0 0 0 0 0 0 0 0 0 0 0 0 0 0 0 0 0 0 0 0 0 0 0 0 0 0 0 0 0 0 0 0 0 0 0 0 0 0 0 0 0 0 0 0 0 0 0 0 0 0 0 0 0 0 0 0 0 0 0 0 0 0 0 0 0 0 0 
0 0 0 0 0 0 0 0 0 0 0 0 0 0 0 0 0 0 0 0 0 0 0 0 0 0 0 0 0 0 0 0 0 0 0 0 0 0 0 0 0 0 0 0 0 0 0 0 0 0 0 0 0 0 0 0 0 0 0 0 0 0 0 0 0 0 0 0 0 0 0 0 0 0 0 0 0 0 0 0 0 0 0 0 0 0 0 0 0 0 0 0 0 0 0 0 0 0 0 0 0 0 0 0 0 0 0 0 0 0 0 0 0 0 0 0 0 0 0 0 0 0 0 0 0 0 0 0 0 0 0 0 0 0 0 0 0 0 0 0 0 0 0 0 0 0 0 0 0 0 0 0 0 0 0 0 0 0 0 0 0 0 0 0 0 0 0 0 0 0 0 0 0 0 0 0 0 0 0 0 0 0 0 0 0 0 0 0 0 0 0 0 0 0 0 0 0 0 0 0 0 0 0 0 0 0 0 0 0 0 0 0 0 0 0 0 0 0 0 0 0 0 0 0 0 0 0 0 0 0 0 0 0 0 0 0 0 0 0 0 0 0 0 0 0 0 0 0 0 0 0 0 0 0 0 0 0 0 0 0 0 0 0 0 0 0 0 0 0 0 0 0 0 0 0 0 0 0 0 0 0 0 0 0 0 0 0 0 0 0 0 0 0 0 0 0 0 0 0 0 0 0 0 0 0 0 0 0 0 0 0 0 0 0 0 0 0 0 0 0 0 0 0 0 0 0 0 0 0 0 0 0 0 0 0 0 0 0 0 0 0 0 0 0 0 0 0 0 0 0 0 0 0 0 0 0 0 0 0 0 0 0 0 0 0 0 0 0 0 0 0 0 0 0 0 0 0 0 0 0 0 0 0 0 0 0 0 0 0 0 0 0 0 0 0 0 0 0 0 0 0 36 108 150 149 146 159 73 0 0 0 0 0 0 0 0 0 0 0 0 0 0 0 0 0 0 0 0 0 0 0 0 0 0 0 0 0 0 0 0 0 0 0 0 0 0 0 0 0 0 0 0 0 0 0 0 0 0 0 0 0 0 0 0 0 0 0 0 0 0 0 0 0 0 0 0 0 0 0 0 0 0 0 0 0 0 0 0 0 0 0 0 0 0 0 0 0 0 0 0 0 0 0 0 0 0 0 0 0 0 0 0 0 0 0 0 0 0 0 0 0 0 0 0 0 0 0 0 0 0 0 0 0 0 0 0 0 0 0 
0 0 0 0 0 0 0 0 0 0 0 0 0 0 0 0 0 0 0 0 0 0 0 0 0 0 0 0 0 0 0 0 0 0 0 0 0 0 0 0 0 0 0 0 0 0 0 0 0 0 0 0 0 0 0 0 0 0 0 0 0 0 0 0 0 0 0 0 0 0 0 0 0 0 0 0 0 0 0 0 0 0 0 0 0 0 0 0 0 0 0 0 0 0 0 0 0 0 0 0 0 0 0 0 0 0 0 0 0 0 0 0 0 0 0 0 0 0 0 0 0 0 0 0 0 0 0 0 0 0 0 0 0 0 0 0 0 0 0 0 0 0 0 0 0 0 0 0 0 0 0 0 0 0 0 0 0 0 0 0 0 0 0 0 0 0 0 0 0 0 0 0 0 0 0 0 0 0 0 0 0 0 0 0 0 0 0 0 0 0 0 0 0 0 0 0 0 0 0 0 0 0 0 0 0 0 0 0 0 0 0 0 0 0 0 0 0 0 0 0 0 0 0 0 0 0 0 0 0 0 0 0 0 0 0 0 0 0 0 0 0 0 0 0 0 0 0 0 0 0 0 0 0 0 0 0 0 0 0 0 0 0 0 0 0 0 0 0 0 0 0 0 0 0 0 0 0 0 0 0 0 0 0 0 0 0 0 0 0 0 0 0 0 0 0 0 0 0 0 0 0 0 0 0 0 0 0 0 0 0 0 0 0 0 0 0 0 0 0 0 0 0 0 0 0 0 0 0 0 0 0 0 0 0 0 0 0 0 0 0 0 0 0 0 0 0 0 0 0 0 0 0 0 0 0 0 0 0 0 0 0 0 0 0 0 0 0 0 0 0 0 0 0 0 0 0 0 0 0 0 0 0 0 0 0 0 0 0 0 0 0 0 0 0 0 0 0 0 0 0 0 0 0 31 106 150 143 4 0 0 0 0 0 0 0 0 0 0 0 0 0 0 0 0 0 0 0 0 0 0 0 0 0 0 0 0 0 0 0 0 0 0 0 0 0 0 0 0 0 0 0 0 0 0 0 0 0 0 0 0 0 0 0 0 0 0 0 0 0 0 0 0 0 0 0 0 0 0 0 0 0 0 0 0 0 0 0 0 0 0 0 0 0 0 0 0 0 0 0 0 0 0 0 0 0 0 0 0 0 0 0 0 0 0 0 0 0 0 0 0 0 0 0 0 0 0 0 0 0 0 0 0 0 0 0 0 0 0 0 
0 0 0 0 0 0 0 0 0 0 0 0 0 0 0 0 0 0 0 0 0 0 0 0 0 0 0 0 0 0 0 0 0 0 0 0 0 0 0 0 0 0 0 0 0 0 0 0 0 0 0 0 0 0 0 0 0 0 0 0 0 0 0 0 0 0 0 0 0 0 0 0 0 0 0 0 0 0 0 0 0 0 0 0 0 0 0 0 0 0 0 0 0 0 0 0 0 0 0 0 0 0 0 0 0 0 0 0 0 0 0 0 0 0 0 0 0 0 0 0 0 0 0 0 0 0 0 0 0 0 0 0 0 0 0 0 0 0 0 0 0 0 0 0 0 0 0 0 0 0 0 0 0 0 0 0 0 0 0 0 0 0 0 0 0 0 0 0 0 0 0 0 0 0 0 0 0 0 0 0 0 0 0 0 0 0 0 0 0 0 0 0 0 0 0 0 0 0 0 0 0 0 0 0 0 0 0 0 0 0 0 0 0 0 0 0 0 0 0 0 0 0 0 0 0 0 0 0 0 0 0 0 0 0 0 0 0 0 0 0 0 0 0 0 0 0 0 0 0 0 0 0 0 0 0 0 0 0 0 0 0 0 0 0 0 0 0 0 0 0 0 0 0 0 0 0 0 0 0 0 0 0 0 0 0 0 0 0 0 0 0 0 0 0 0 0 0 0 0 0 0 0 0 0 0 0 0 0 0 0 0 0 0 0 0 0 0 0 0 0 0 0 0 0 0 0 0 0 0 0 0 0 0 0 0 0 0 0 0 0 0 0 0 0 0 0 0 0 0 0 0 0 0 0 0 0 0 0 0 0 0 0 0 0 0 0 0 0 0 0 0 0 0 0 0 0 0 0 0 0 0 0 0 0 0 0 0 0 0 0 0 0 0 0 0 0 0 0 0 0 0 0 0 0 0 31 53 0 0 0 0 0 0 0 0 0 0 0 0 0 0 0 0 0 0 0 0 0 0 0 0 0 0 0 0 0 0 0 0 0 0 0 0 0 0 0 0 0 0 0 0 0 0 0 0 0 0 0 0 0 0 0 0 0 0 0 0 0 0 0 0 0 0 0 0 0 0 0 0 0 0 0 0 0 0 0 0 0 0 0 0 0 0 0 0 0 0 0 0 0 0 0 0 0 0 0 0 0 0 0 0 0 0 0 0 0 0 0 0 0 0 0 0 0 0 0 0 0 0 0 0 0 0 0 0 0 0 0 0 
0 0 0 0 0 0 0 0 0 0 0 0 0 0 0 0 0 0 0 0 0 0 0 0 0 0 0 0 0 0 0 0 0 0 0 0 0 0 0 0 0 0 0 0 0 0 0 0 0 0 0 0 0 0 0 0 0 0 0 0 0 0 0 0 0 0 0 0 0 0 0 0 0 0 0 0 0 0 0 0 0 0 0 0 0 0 0 0 0 0 0 0 0 0 0 0 0 0 0 0 0 0 0 0 0 0 0 0 0 0 0 0 0 0 0 0 0 0 0 0 0 0 0 0 0 0 0 0 0 0 0 0 0 0 0 0 0 0 0 0 0 0 0 0 0 0 0 0 0 0 0 0 0 0 0 0 0 0 0 0 0 0 0 0 0 0 0 0 0 0 0 0 0 0 0 0 0 0 0 0 0 0 0 0 0 0 0 0 0 0 0 0 0 0 0 0 0 0 0 0 0 0 0 0 0 0 0 0 0 0 0 0 0 0 0 0 0 0 0 0 0 0 0 0 0 0 0 0 0 0 0 0 0 0 0 0 0 0 0 0 0 0 0 0 0 0 0 0 0 0 0 0 0 0 0 0 0 0 0 0 0 0 0 0 0 0 0 0 0 0 0 0 0 0 0 0 0 0 0 0 0 0 0 0 0 0 0 0 0 0 0 0 0 0 0 0 0 0 0 0 0 0 0 0 0 0 0 0 0 0 0 0 0 0 0 0 0 0 0 0 0 0 0 0 0 0 0 0 0 0 0 0 0 0 0 0 0 0 0 0 0 0 0 0 0 0 0 0 0 0 0 0 0 0 0 0 0 0 0 0 0 0 0 0 0 0 0 0 0 0 0 0 0 0 0 0 0 0 0 0 0 0 0 0 0 0 0 0 0 0 0 0 0 0 0 0 0 0 0 0 0 0 0 0 0 0 0 0 0 0 0 0 0 0 0 0 0 0 0 0 0 0 0 0 0 0 0 0 0 0 0 0 0 0 0 0 0 0 0 0 0 0 0 0 0 0 0 0 0 0 0 0 0 0 0 0 0 0 0 0 0 0 0 0 0 0 0 0 0 0 0 0 0 0 0 0 0 0 0 0 0 0 0 0 0 0 0 0 0 0 0 0 0 0 0 0 0 0 0 0 0 0 0 0 0 0 0 0 0 0 0 0 0 0 0 0 0 0 0 0 0 0 0 0 0 0 0 0 0 0 0 0 0 0 0 0 0 0 0 
